           1   0.0000000000000000        0.0000000000000000        0.0000000000000000     
           2  0.35750054364578421       0.35924012281691114       0.35922806473322588     
           3  0.67918393301498825       0.68449470953057634       0.68444640776831389     
           4  0.85233751353899778       0.86052224401287147       0.86043398592928044     
           5   1.0381205866515593        1.0498602621359008        1.0497171278345618     
           6   1.1526843162748743        1.1670327828214004        1.1668427070197898     
           7   1.2633244564851931        1.2804704661340784        1.2802253867125184     
           8   1.3634159654132618        1.3832961950323983        1.3829931423137820     
           9   1.4485059259505153        1.4708674755984892        1.4705087038257423     
          10   1.5237784244015422        1.5484442367262681        1.5480317903206438     
          11   1.5945968469574157        1.6215671289095852        1.6210973791044483     
          12   1.6550522846861997        1.6840877468736080        1.6835642851904746     
          13   1.7145538008350432        1.7456602791611118        1.7450823810443408     
          14   1.7683860248242722        1.8014133194474722        1.8007837778670919     
          15   1.8248794904082422        1.8600461126737726        1.8593554999612980     
          16   1.8731074185848471        1.9101469130586581        1.9094015702392952     
          17   1.9210360186640456        1.9599647476228996        1.9591636621663011     
          18   1.9634789699122208        2.0041277427264883        2.0032743608038404     
          19   2.0069125266562047        2.0493479199392306        2.0484397140697199     
          20   2.0456413684719092        2.0897115815557776        2.0887518303892945     
          21   2.0821843209602626        2.1278159898678273        2.1268065788436186     
          22   2.1155966181018759        2.1627076300190149        2.1616495214207698     
          23   2.1512081194458048        2.1999229350083183        2.1988110781410124     
          24   2.1838757430573241        2.2340604090670713        2.2328995660180673     
          25   2.2145546673505767        2.2661530436108674        2.2649439449350250     
          26   2.2458601745842488        2.2989135283631454        2.2976545648533495     
          27   2.2785938939283237        2.3332073204962152        2.3318933620689295     
          28   2.3061388776976952        2.3620758890731621        2.3607149681460058     
          29   2.3329231363046192        2.3901662014513141        2.3887581205870880     
          30   2.3612039671189899        2.4198311394604111        2.4183731546542835     
          31   2.3861780550853147        2.4460597345452837        2.4445553112152032     
          32   2.4127148320622132        2.4739342704761311        2.4723801841356612     
          33   2.4398160689106279        2.5024258781759836        2.5008193998962303     
          34   2.4634668086979370        2.5272890030332609        2.5256368651051599     
          35   2.4878458779866852        2.5529317725893264        2.5512315009278157     
          36   2.5112588703682555        2.5775853010002314        2.5758367375855857     
          37   2.5329931926539242        2.6004587420909058        2.5986663638428511     
          38   2.5548430308134700        2.6234848085110931        2.6216459184406635     
          39   2.5774376481835310        2.6472926493369453        2.6454060451551138     
          40   2.5990924292742128        2.6701220170068507        2.6681887717285866     
          41   2.6196140842613742        2.6917812997647212        2.6898018231888559     
          42   2.6384725237691731        2.7116937115763546        2.7096710707545837     
          43   2.6582982452391710        2.7326361552816900        2.7305675403603384     
          44   2.6773811282753663        2.7527976734808437        2.7506845074429682     
          45   2.6962307466431819        2.7727188149372255        2.7705610865225285     
          46   2.7138005152224123        2.7912913916424640        2.7890919365628850     
          47   2.7323618347461971        2.8109294951788315        2.8086844452111754     
          48   2.7498119796803686        2.8293922369609836        2.8271043616743428     
          49   2.7663811338034958        2.8469291113979760        2.8446000468715198     
          50   2.7833642057798409        2.8649082200343337        2.8625365846807500     
          51   2.7996426333144853        2.8821428720822242        2.8797303730840489     
          52   2.8163092450278460        2.8997968617649201        2.8973418147601206     
          53   2.8323906255176725        2.9168338575478043        2.9143374619237314     
          54   2.8480221348517940        2.9334074216263746        2.9308697260190053     
          55   2.8634485097916103        2.9497668057582778        2.9471880589869430     
          56   2.8787948227355216        2.9660531521318534        2.9634324571022659     
          57   2.8929836307525578        2.9811212558082207        2.9784609079156921     
          58   2.9073143970580824        2.9963293619099134        2.9936300235708195     
          59   2.9221010304613184        3.0120291995366220        3.0092889772709759     
          60   2.9375898143003254        3.0284800232705940        3.0256965050296420     
          61   2.9521919267691410        3.0440040383302649        3.0411782422074460     
          62   2.9676218720943233        3.0604077925676716        3.0575373312352685     
          63   2.9827815250001866        3.0765320035502821        3.0736170902374838     
          64   2.9966525247656497        3.0912817078306256        3.0883264138562372     
          65   3.0098539714871309        3.1053287645892436        3.1023342566919720     
          66   3.0228668125951486        3.1191715252048722        3.1161386880546535     
          67   3.0361748658297611        3.1333350984450523        3.1302624306397826     
          68   3.0503481128253904        3.1484324115929350        3.1453161199101936     
          69   3.0619565966874838        3.1607959674258317        3.1576441414581935     
          70   3.0746655759734138        3.1743309472879853        3.1711402175257670     
          71   3.0881257767202599        3.1886720017178556        3.1854395925857117     
          72   3.0997804082815610        3.2010965627589929        3.1978273531637580     
          73   3.1125499873730345        3.2147209014161873        3.2114103341742615     
          74   3.1245161477878263        3.2274854034128166        3.2241362023944808     
          75   3.1368419890420514        3.2406358549776200        3.2372467660447786     
          76   3.1475387332801761        3.2520487435388570        3.2486250298153800     
          77   3.1595864114015262        3.2649018217534933        3.2614392696239110     
          78   3.1711142054620769        3.2772103286630596        3.2737095961803822     
          79   3.1834776218105740        3.2904077964504883        3.2868665049630814     
          80   3.1944696570752376        3.3021548752600349        3.2985761776392915     
          81   3.2065614640998330        3.3150747929804623        3.3114552009122811     
          82   3.2170531773515960        3.3262918228143459        3.3226360629541367     
          83   3.2281669782342766        3.3381700648535761        3.3344763732109026     
          84   3.2386659754605711        3.3494001039197654        3.3456697139311742     
          85   3.2497815643788166        3.3612879714698689        3.3575189684601834     
          86   3.2610558891028281        3.3733472014432593        3.3695387862297443     
          87   3.2713544797370795        3.3843570736156883        3.3805132861138425     
          88   3.2824581509004047        3.3962427360688547        3.3923592512941476     
          89   3.2930030404613948        3.4075290490958081        3.4036080141904148     
          90   3.3036361183288125        3.4189114681027633        3.4149524745617241     
          91   3.3142704734379671        3.4302992436489101        3.4263017980337835     
          92   3.3242680504067037        3.4410057442912301        3.4369721690882202     
          93   3.3337434429865991        3.4511553555363350        3.4470873176240540     
          94   3.3430615505060040        3.4611386596891744        3.4570364950648762     
          95   3.3531933730766523        3.4720005311277116        3.4678605084000567     
          96   3.3628971155044467        3.4824025891051038        3.4782264469674531     
          97   3.3724538558471324        3.4926494713709602        3.4884374996735370     
          98   3.3826438566735266        3.5035782456726881        3.4993278180583296     
          99   3.3914427612807194        3.5130158057875547        3.5087320681333045     
         100   3.4001612830103656        3.5223689485406200        3.5180520467911416     
         101   3.4087883777669474        3.5316244185601815        3.5272746381745561     
         102   3.4179159040312310        3.5414233220397069        3.5370380901171417     
         103   3.4275539339176806        3.5517683991406908        3.5473459390169255     
         104   3.4362968818848949        3.5611523848780622        3.5566962236434763     
         105   3.4456068459360689        3.5711509271092940        3.5666582394947426     
         106   3.4541148310303083        3.5802918582112460        3.5757654328569122     
         107   3.4630259710575095        3.5898673447239742        3.5853054042197203     
         108   3.4711985653644324        3.5986505593944051        3.5940559259686840     
         109   3.4806138892794007        3.6087681322160745        3.6041359783383760     
         110   3.4886636871955661        3.6174192607548594        3.6127549508619774     
         111   3.4972815628575957        3.6266866677834257        3.6219872695348085     
         112   3.5066649827436609        3.6367740074185555        3.6320367483762124     
         113   3.5155983778808841        3.6463824625345937        3.6416086182931728     
         114   3.5236829384878745        3.6550736299545434        3.6502672288333278     
         115   3.5327519788255444        3.6648335098415492        3.6599894280505900     
         116   3.5404180532539478        3.6730839316350186        3.6682079964478613     
         117   3.5479441867270078        3.6811855507043516        3.6762781156306801     
         118   3.5559065806279135        3.6897559932166839        3.6848153181781980     
         119   3.5637817824362630        3.6982348503047171        3.6932610973266766     
         120   3.5715831331822714        3.7066353581587381        3.7016286854827376     
         121   3.5797835081681377        3.7154668657493581        3.7104254663151592     
         122   3.5875421464086519        3.7238241137552874        3.7187496959324515     
         123   3.5955064137809609        3.7324079296293862        3.7272990449417227     
         124   3.6029382937235712        3.7404150488440986        3.7352743206791228     
         125   3.6109617128859246        3.7490651476286989        3.7438894167058794     
         126   3.6188568523849667        3.7575741712604924        3.7523643284068569     
         127   3.6270033380514657        3.7663523880220100        3.7611075541486549     
         128   3.6345441948164079        3.7744839447265819        3.7692060047187708     
         129   3.6421130983980912        3.7826467180858714        3.7773355432023776     
         130   3.6500148787891296        3.7911681994233497        3.7858223152931498     
         131   3.6579289634460417        3.7997009893391605        3.7943205948359706     
         132   3.6653386702060828        3.8076953098106512        3.8022819939603480     
         133   3.6728234802784909        3.8157713768377359        3.8103247404977529     
         134   3.6804873497839430        3.8240479413676436        3.8185663157253900     
         135   3.6876654287017510        3.8317950783686814        3.8262812424679780     
         136   3.6952569051024478        3.8399915693181845        3.8344433784248144     
         137   3.7022347036698511        3.8475250796574341        3.8419452996877386     
         138   3.7094346667838192        3.8553017269368803        3.8496890011225759     
         139   3.7168388810418604        3.8633013149544486        3.8576544330256737     
         140   3.7236197537765237        3.8706263631581130        3.8649483468353316     
         141   3.7308188679379453        3.8784055466989975        3.8726942286995714     
         142   3.7378851027151074        3.8860418185943981        3.8802977244673427     
         143   3.7443970072395505        3.8930775608940675        3.8873034565994700     
         144   3.7511324550091150        3.9003578284061686        3.8945523165713998     
         145   3.7581214999808563        3.9079117858143007        3.9020737392458931     
         146   3.7653429314550606        3.9157220682592739        3.9098498350823037     
         147   3.7723143055567205        3.9232610218218138        3.9173558754663169     
         148   3.7790329549403983        3.9305308968856010        3.9245935082823782     
         149   3.7859219987520571        3.9379895363614628        3.9320185409315793     
         150   3.7924984757144768        3.9451062124396361        3.9391036362351626     
         151   3.7992982908153974        3.9524648693288551        3.9464296136156967     
         152   3.8058302252327878        3.9595327077216798        3.9534661733286658     
         153   3.8121454767024141        3.9663713769043305        3.9602739484032328     
         154   3.8185405990268455        3.9732963902824165        3.9671676817970036     
         155   3.8250538623275734        3.9803487064062599        3.9741882393740995     
         156   3.8316326823016160        3.9874727222634720        3.9812801076298912     
         157   3.8381008387244604        3.9944797330631139        3.9882551995642106     
         158   3.8442601954440851        4.0011482897858510        3.9948938454284324     
         159   3.8508249975838691        4.0082579475485707        4.0019713798989782     
         160   3.8572238426090228        4.0151905250732653        4.0088723255013132     
         161   3.8632380855299071        4.0217045512188658        4.0153568356303238     
         162   3.8691855267720765        4.0281506271968208        4.0217731998079040     
         163   3.8758952457365523        4.0354248377876569        4.0290136402481433     
         164   3.8817941272015677        4.0418224744794404        4.0353813003988455     
         165   3.8881938118147814        4.0487636384529333        4.0422899455141836     
         166   3.8942998450005559        4.0553819464804404        4.0488777358144636     
         167   3.9003965563734830        4.0619945454299033        4.0554593032930306     
         168   3.9066811503320418        4.0688106517423250        4.0622435228889433     
         169   3.9125957165941347        4.0752290196134417        4.0686314459830006     
         170   3.9185594813402775        4.0817030373334209        4.0750744551790383     
         171   3.9244765035561175        4.0881227927087043        4.0814639058613986     
         172   3.9304827047969444        4.0946403367124651        4.0879505429037737     
         173   3.9367614161929496        4.1014523823445579        4.0947304411040539     
         174   3.9424815256263699        4.1076630103949494        4.1009112309351412     
         175   3.9487490007946393        4.1144656159981965        4.1076814049103678     
         176   3.9547568915601370        4.1209893115639282        4.1141736982790968     
         177   3.9609378624454634        4.1277000526517238        4.1208521944088208     
         178   3.9664462813554571        4.1336832496446769        4.1268063497696037     
         179   3.9714273696133136        4.1390927625534939        4.1321897465585735     
         180   3.9769692021060901        4.1451123277801480        4.1381801066509629     
         181   3.9828351329790821        4.1514853888564343        4.1445220979871760     
         182   3.9890258129996932        4.1582118653382851        4.1512157385306274     
         183   3.9947593748617969        4.1644455361936581        4.1574184550977167     
         184   4.0003388424752222        4.1705110716224540        4.1634539986687553     
         185   4.0056736639982162        4.1763116443518022        4.1692257786840603     
         186   4.0111631071473788        4.1822814857523234        4.1751658342902278     
         187   4.0169435127440849        4.1885670102001011        4.1814200980770089     
         188   4.0228272910190288        4.1949641994190907        4.1877855310097534     
         189   4.0285693794798449        4.2012086951046408        4.1939988957390302     
         190   4.0342445704974246        4.2073806761741155        4.2001400649261953     
         191   4.0393586008336699        4.2129425140062411        4.2056741375522444     
         192   4.0448905592122966        4.2189582846352538        4.2116599679129543     
         193   4.0502383801508630        4.2247752349781669        4.2174477854090364     
         194   4.0558854451583146        4.2309191614137465        4.2235607435261437     
         195   4.0614152285325567        4.2369399562717538        4.2295506470496029     
         196   4.0664751997975799        4.2424505812663185        4.2350328671244561     
         197   4.0719195537455217        4.2483779819168479        4.2409299007460781     
         198   4.0771373238455659        4.2540568251278374        4.2465799272795088     
         199   4.0822721914401274        4.2596464738272397        4.2521410830425781     
         200   4.0874010136990844        4.2652341292899854        4.2576996973922965     
         201   4.0926169349865296        4.2709174695734280        4.2633534071419046     
         202   4.0979777280789165        4.2767576542383585        4.2691632838450193     
         203   4.1032334021568238        4.2824830191868033        4.2748589619700939     
         204   4.1085019642612082        4.2882193984285619        4.2805659627226627     
         205   4.1134046270515459        4.2935624757691873        4.2858810276938568     
         206   4.1185861907721799        4.2992098946539681        4.2914988471690227     
         207   4.1234753598166982        4.3045389674568844        4.2967999461609399     
         208   4.1287127072192034        4.3102465144845938        4.3024776617187914     
         209   4.1341139123440698        4.3161330876226174        4.3083334041970565     
         210   4.1393190089137457        4.3218075515349081        4.3139779365325328     
         211   4.1444088313747960        4.3273589254933560        4.3194997346784731     
         212   4.1493146460931802        4.3327093469487146        4.3248216964635251     
         213   4.1545122679533968        4.3383781680038034        4.3304603102003751     
         214   4.1596479285463364        4.3439820996223313        4.3360340681870140     
         215   4.1648328925904838        4.3496358399296540        4.3416578922025009     
         216   4.1697866820513445        4.3550390682467075        4.3470323094323966     
         217   4.1749421332767707        4.3606638818333732        4.3526269749740241     
         218   4.1800566943240218        4.3662421780550575        4.3581755813674299     
         219   4.1848314488162597        4.3714590034957430        4.3633634893205775     
         220   4.1899255943522009        4.3770176866313006        4.3688922532722261     
         221   4.1949661869590278        4.3825205044553917        4.3743651508675612     
         222   4.1998681787619816        4.3878747643786964        4.3796899568543699     
         223   4.2049473796453878        4.3934189361063156        4.3852040971299546     
         224   4.2096011427890154        4.3984994550097811        4.3902570115992132     
         225   4.2141682449287856        4.4034877077012711        4.3952178876511434     
         226   4.2192963511414936        4.4090882084371694        4.4007877007017759     
         227   4.2244277524422635        4.4146929083357733        4.4063615972702852     
         228   4.2293750563564361        4.4200974021330950        4.4117362939422096     
         229   4.2342809094824077        4.4254575116281227        4.4170667336107732     
         230   4.2387233223360044        4.4303110233678220        4.4218934413633253     
         231   4.2434498811380212        4.4354751535278210        4.4270290177773841     
         232   4.2479302342339773        4.4403713172888786        4.4318979884517082     
         233   4.2527167984497920        4.4456021363575120        4.4370997454693342     
         234   4.2574490956367779        4.4507748883608453        4.4422436132009953     
         235   4.2621096950171244        4.4558715361402603        4.4473114962831302     
         236   4.2669519058347989        4.4611634591719387        4.4525739947263725     
         237   4.2716215737921495        4.4662701214863780        4.4576518393610591     
         238   4.2764553747200171        4.4715551389817838        4.4629071901563373     
         239   4.2812507171693976        4.4767978187666602        4.4681204631640936     
         240   4.2861688220461476        4.4821781168970478        4.4734701482631598     
         241   4.2906141833813223        4.4870404069729517        4.4783048905969398     
         242   4.2949174005292052        4.4917487880541094        4.4829864232402663     
         243   4.2997307404865515        4.4970153915105344        4.4882229718062696     
         244   4.3042177515042024        4.5019242561894455        4.4931039235863546     
         245   4.3085404714073992        4.5066554963066645        4.4978079615971920     
         246   4.3133354775845536        4.5118998972012836        4.5030227138576340     
         247   4.3178702782837020        4.5168627230853469        4.5079571120091142     
         248   4.3223194356486001        4.5217345560186848        4.5128006656488520     
         249   4.3270608881799193        4.5269223054322509        4.5179588257428982     
         250   4.3314172019385095        4.5316898765341342        4.5226990870034802     
         251   4.3358166449742566        4.5365065977840278        4.5274879778967358     
         252   4.3401443106522768        4.5412453772088330        4.5321992667228344     
         253   4.3446323764372732        4.5461582365934188        4.5370838307220893     
         254   4.3492335025577527        4.5511956141476206        4.5420920989160640     
         255   4.3538952793752870        4.5563045229127308        4.5471708092596694     
         256   4.3582157286207073        4.5610368547421931        4.5518755356164746     
         257   4.3622796560457129        4.5654898128619790        4.5563023299561234     
         258   4.3663037436576388        4.5698977127676050        4.5606844946809098     
         259   4.3710061787096190        4.5750504980165321        4.5658068998057830     
         260   4.3749993798037305        4.5794268228001132        4.5701574082767378     
         261   4.3792972536896562        4.5841358580585636        4.5748387894587168     
         262   4.3835303163420072        4.5887793434868165        4.5794542552666959     
         263   4.3877963940290732        4.5934543320879815        4.5841017002522211     
         264   4.3921118631917988        4.5981868434685031        4.5888058613968479     
         265   4.3962259555113992        4.6026948065204207        4.5932873198156150     
         266   4.4002721052604556        4.6071298049965419        4.5976960651223999     
         267   4.4044952479970210        4.6117617199661929        4.6023001699042885     
         268   4.4086521214679557        4.6163218541796427        4.6068327915796301     
         269   4.4127862771464965        4.6208546845332856        4.6113386050336853     
         270   4.4168281837590140        4.6252878130203161        4.6157451481845335     
         271   4.4211016716719431        4.6299751660394470        4.6204043629527343     
         272   4.4253720224291175        4.6346592587090623        4.6250603046148075     
         273   4.4292537938995338        4.6389214347455576        4.6292963181900548     
         274   4.4332841997068559        4.6433435990612102        4.6336917517426848     
         275   4.4374687513325135        4.6479342420266825        4.6382547315375717     
         276   4.4413155661598456        4.6521526025686919        4.6424479060334685     
         277   4.4450247611851790        4.6562237688512562        4.6464942811815968     
         278   4.4490821128113236        4.6606780967325028        4.6509213392972351     
         279   4.4530883749723440        4.6650722187374818        4.6552890993564668     
         280   4.4573270107655798        4.6697250400254724        4.6599135168012946     
         281   4.4614105271244355        4.6742092369188013        4.6643701005909746     
         282   4.4653873822911949        4.6785803124725156        4.6687137575549631     
         283   4.4697077245658994        4.6833245238980883        4.6734287897148326     
         284   4.4737035407143786        4.6877121055526629        4.6777894154887578     
         285   4.4774340853744992        4.6918092523883619        4.6818612991128115     
         286   4.4809534572144001        4.6956753973655099        4.6857034931384138     
         287   4.4850052171484487        4.7001275931659432        4.6901278941318978     
         288   4.4890443605116177        4.7045652424813591        4.6945379562630656     
         289   4.4929653563617480        4.7088725400120151        4.6988185643891649     
         290   4.4971494423494240        4.7134690833677979        4.7033865825398298     
         291   4.5010596107107874        4.7177673677065997        4.7076578504515476     
         292   4.5048119762706165        4.7218913380824850        4.7117560288025055     
         293   4.5087953869877087        4.7262699464602171        4.7161071389161391     
         294   4.5127721300390533        4.7306384457313841        4.7204485817592365     
         295   4.5168762087158347        4.7351492327437636        4.7249311180847631     
         296   4.5205155563579833        4.7391484516255264        4.7289054049797645     
         297   4.5242426624762935        4.7432467635660895        4.7329778035892272     
         298   4.5283270862166365        4.7477383473477399        4.7374409216121780     
         299   4.5322236784592516        4.7520229905581965        4.7416984810716691     
         300   4.5364726364300330        4.7566948390555925        4.7463408176006832     
         301   4.5401364843406942        4.7607248835397415        4.7503452133905428     
         302   4.5439174699003155        4.7648824057031707        4.7544764698237190     
         303   4.5478143361679662        4.7691695305010118        4.7587362231681780     
         304   4.5516274461481494        4.7733651150356149        4.7629049415434581     
         305   4.5555116454658524        4.7776388834233501        4.7671513335832154     
         306   4.5593479631336722        4.7818607741424808        4.7713460691501393     
         307   4.5630337518138973        4.7859184088930506        4.7753774186058795     
         308   4.5667872439742174        4.7900497523758769        4.7794821126486271     
         309   4.5705355982063125        4.7941736595654492        4.7835796776901436     
         310   4.5743641447672205        4.7983897152473949        4.7877682505968524     
         311   4.5779567174789957        4.8023442090286022        4.7916972228302477     
         312   4.5813568968441540        4.8060862171388017        4.7954152033727340     
         313   4.5849256847676383        4.8100137477902960        4.7993174971382286     
         314   4.5884142619027193        4.8138541280940359        4.8031330767243849     
         315   4.5920525158204315        4.8178613961054877        4.8071141696082300     
         316   4.5955072268830097        4.8216658675559287        4.8108938733585287     
         317   4.5991803278294610        4.8257095469335116        4.8149113758568163     
         318   4.6028524035767608        4.8297514767352139        4.8189272423006635     
         319   4.6065343338511813        4.8338066870819159        4.8229559900275003     
         320   4.6103682431220561        4.8380297674896600        4.8271514161651172     
         321   4.6142080043483071        4.8422595185553279        4.8313534634064936     
         322   4.6179741994655714        4.8464091043817543        4.8354757394040480     
         323   4.6216609600031173        4.8504701587879229        4.8395101887179175     
         324   4.6251914122160267        4.8543595337235468        4.8433740392231668     
         325   4.6287472112906221        4.8582810497362798        4.8472692293525164     
         326   4.6322128390679547        4.8621008881115637        4.8510637522005275     
         327   4.6358750345926145        4.8661386527230395        4.8550745791940377     
         328   4.6397468004902382        4.8704050840746280        4.8593128756602733     
         329   4.6432056769371410        4.8742191040657419        4.8631013790970421     
         330   4.6465107083033592        4.8778618860731253        4.8667200576373855     
         331   4.6502327320496581        4.8819655515703362        4.8707963792345383     
         332   4.6538426380785065        4.8859445688181093        4.8747490146082635     
         333   4.6572296059434892        4.8896799942172047        4.8784593932939941     
         334   4.6609131854050441        4.8937416398025579        4.8824939195699040     
         335   4.6646467334012289        4.8978589037879585        4.8865836020225899     
         336   4.6682007817854814        4.9017784809466649        4.8904768916896559     
         337   4.6720139605671402        4.9059865345050415        4.8946563420235991     
         338   4.6756206483011491        4.9099650699592319        4.8986080924852411     
         339   4.6790901224082457        4.9137927997328665        4.9024099738387301     
         340   4.6825445585912382        4.9176034782142448        4.9061950109695722     
         341   4.6857705350782810        4.9211626884818225        4.9097301888732590     
         342   4.6890885793000061        4.9248219715705472        4.9133649747424890     
         343   4.6927411691972996        4.9288524505577893        4.9173681392919608     
         344   4.6961262116336924        4.9325896882319711        4.9210797846519183     
         345   4.6995319391070307        4.9363490584619036        4.9248135051569406     
         346   4.7030663483681536        4.9402512114193913        4.9286889271331509     
         347   4.7066803053008881        4.9442424029186540        4.9326526154538000     
         348   4.7100505623419933        4.9479623488621085        4.9363472469469283     
         349   4.7135933985054566        4.9518734534553781        4.9402316308880456     
         350   4.7169807939395643        4.9556142646940717        4.9439467091044982     
         351   4.7204144631527445        4.9594056253066956        4.9477120470303344     
         352   4.7238110711505490        4.9631561709165064        4.9514368232354666     
         353   4.7271840576801747        4.9668822235476195        4.9551370641744947     
         354   4.7305394504919285        4.9705878856933108        4.9588172108402597     
         355   4.7339242723403574        4.9743268648079662        4.9625303207580318     
         356   4.7374988770564173        4.9782753491020735        4.9664514940552795     
         357   4.7406121161334696        4.9817143905625452        4.9698667435495389     
         358   4.7440633242184651        4.9855283293335715        4.9736540681764669     
         359   4.7473356949950141        4.9891435721248749        4.9772442449023995     
         360   4.7506574464846896        4.9928147475706437        4.9808897731051216     
         361   4.7539690436616473        4.9964746397351822        4.9845241121641175     
         362   4.7573844637579121        5.0002488467169339        4.9882720264450935     
         363   4.7608805073721996        5.0041136467201346        4.9921096757614736     
         364   4.7640540302276930        5.0076201994530356        4.9955918701347910     
         365   4.7671960125292099        5.0110941943325251        4.9990413957711812     
         366   4.7706160053171347        5.0148773451891717        5.0027976388756343     
         367   4.7740497088303488        5.0186737370161278        5.0065673209519117     
         368   4.7773812106931777        5.0223565876677663        5.0102243491983218     
         369   4.7808145207039772        5.0261504075343453        5.0139917620859515     
         370   4.7840218518872462        5.0296984725190086        5.0175145851882190     
         371   4.7872793579404203        5.0333012816190816        5.0210918778857376     
         372   4.7907040262860985        5.0370890100401269        5.0248527789120487     
         373   4.7938692932474627        5.0405903820278448        5.0283292830834325     
         374   4.7971393101189301        5.0442060169408123        5.0319194764917770     
         375   4.8002419551386781        5.0476387843696777        5.0353277824847948     
         376   4.8036884115770828        5.0514516740892814        5.0391134952394694     
         377   4.8069815441765877        5.0550947671204050        5.0427306693805276     
         378   4.8103775066924790        5.0588547931465708        5.0464634862201940     
         379   4.8136085714496764        5.0624299011832194        5.0500130535308996     
         380   4.8170421023794896        5.0662292487335137        5.0537852519484430     
         381   4.8204249071792553        5.0699738067809079        5.0575028578899763     
         382   4.8235394981332647        5.0734215045792412        5.0609257599735109     
         383   4.8267051610634759        5.0769242325429227        5.0644035033987720     
         384   4.8296269794522475        5.0801579691989343        5.0676140667339853     
         385   4.8326413633908007        5.0834968970850039        5.0709286545513024     
         386   4.8357939175105553        5.0869858782339055        5.0743926428798911     
         387   4.8390188927206434        5.0905539649057925        5.0779352930120440     
         388   4.8422315968364869        5.0941105172018979        5.0814662284915917     
         389   4.8455160522645171        5.0977467208565628        5.0850761986889808     
         390   4.8488148796358583        5.1014003230296749        5.0887032317167868     
         391   4.8519173971552894        5.1048340798635863        5.0921123744794992     
         392   4.8550820835582309        5.1083388850482780        5.0955917143352529     
         393   4.8583435659675827        5.1119533400426826        5.0991795580138826     
         394   4.8614895880268767        5.1154366276793750        5.1026376733930956     
         395   4.8645393675848432        5.1188133391981703        5.1059900019252602     
         396   4.8675430248491169        5.1221401631471384        5.1092926248914097     
         397   4.8702716530817245        5.1251628104298472        5.1122932433697148     
         398   4.8732550950641347        5.1284687101966133        5.1155748839937223     
         399   4.8765873358574066        5.1321622986696163        5.1192411833618001     
         400   4.8798202133379540        5.1357447449053035        5.1227973257494872     
         401   4.8829452111168061        5.1392084782167871        5.1262355099088373     
         402   4.8861681682138105        5.1427817397392666        5.1297822727427391     
         403   4.8893401398614218        5.1462978596148634        5.1332724179375555     
         404   4.8923963353615223        5.1496838609682092        5.1366336593101307     
         405   4.8954727090461487        5.1530949760515083        5.1400194289628605     
         406   4.8986590726984423        5.1566290060244180        5.1435270674645590     
         407   4.9015683293734540        5.1598533567127420        5.1467276984689798     
         408   4.9046826787481779        5.1633079361623322        5.1501564353752451     
         409   4.9077288915322379        5.1666847550842618        5.1535083061414966     
         410   4.9105806376015391        5.1698460302622475        5.1566462305304297     
         411   4.9136411163890390        5.1732403092315806        5.1600151983210383     
         412   4.9166684830603202        5.1765986929518943        5.1633484081411920     
         413   4.9197225289814641        5.1799859466558669        5.1667103913825052     
         414   4.9229086459949327        5.1835204691055043        5.1702184315602207     
         415   4.9258997374626361        5.1868389512078359        5.1735119823001261     
         416   4.9287820877576243        5.1900360881637440        5.1766852308255773     
         417   4.9319064286561538        5.1935024244268710        5.1801255477189887     
         418   4.9350196020826722        5.1969564489933884        5.1835536473196893     
         419   4.9382105076757528        5.2004954698853201        5.1870662570447132     
         420   4.9412278048294729        5.2038439878413412        5.1903895202047954     
         421   4.9442189629509468        5.2071635114367236        5.1936839900163259     
         422   4.9470611769570763        5.2103173808909302        5.1968141262022938     
         423   4.9499908124920253        5.2135700437354489        5.2000420550796287     
         424   4.9528866378293177        5.2167857517441467        5.2032332035204893     
         425   4.9558265179945860        5.2200479552099921        5.2064708638724086     
         426   4.9586744672273868        5.2232084436982049        5.2096075388336169     
         427   4.9618378926895010        5.2267208303845303        5.2130931619281302     
         428   4.9647821421892475        5.2299889332020850        5.2163365271509949     
         429   4.9678019848499471        5.2333405606585357        5.2196628411723607     
         430   4.9706105360195441        5.2364598869874008        5.2227582895260047     
         431   4.9737142028218777        5.2399065819871780        5.2261786601646500     
         432   4.9765510063694540        5.2430572643882636        5.2293052198871530     
         433   4.9794621712619991        5.2462905372280204        5.2325137450928372     
         434   4.9822747378206946        5.2494145231729288        5.2356137952596944     
         435   4.9851185961606772        5.2525715724090771        5.2387469025150883     
         436   4.9882001482067491        5.2559943428477345        5.2421434414423054     
         437   4.9909866615332232        5.2590902740175842        5.2452155313496176     
         438   4.9936430766706810        5.2620423957459348        5.2481448100409587     
         439   4.9966255299573508        5.2653556260700345        5.2514325640401527     
         440   4.9993637289852657        5.2683986313143247        5.2544520183186103     
         441   5.0021439305692352        5.2714876703834435        5.2575172496717180     
         442   5.0050414700877583        5.2747090897856985        5.2607135506953826     
         443   5.0079897002748277        5.2779854247669062        5.2639645446588252     
         444   5.0106981752657420        5.2809953428364276        5.2669511834618570     
         445   5.0134953913912748        5.2841030409844976        5.2700349696879920     
         446   5.0165376429392232        5.2874859179349940        5.2733913920870084     
         447   5.0194500401558217        5.2907240832197431        5.2766042797213526     
         448   5.0225887105231957        5.2942138624851935        5.2800668003846134     
         449   5.0254135715009802        5.2973552901662115        5.2831836269869319     
         450   5.0281170874766259        5.3003613935765603        5.2861662492156745     
         451   5.0309369105668544        5.3034957813854469        5.2892762996077938     
         452   5.0337445316015215        5.3066176037492285        5.2923737400047797     
         453   5.0364051836441224        5.3095761515368487        5.2953091711829510     
         454   5.0389861144597736        5.3124472078132747        5.2981576199993148     
         455   5.0419063168282019        5.3156956207574089        5.3013804505857030     
         456   5.0448467706038755        5.3189667910557983        5.3046258076704547     
         457   5.0477437696516905        5.3221894867047057        5.3078231168048324     
         458   5.0505456994111730        5.3253068385533782        5.3109158410782031     
         459   5.0535198993707944        5.3286149981319006        5.3141979853908961     
         460   5.0561537989507608        5.3315449175996799        5.3171048623850572     
         461   5.0587148376930724        5.3343939747975364        5.3199314761152463     
         462   5.0613583174959293        5.3373347344199606        5.3228490623800093     
         463   5.0640783737200463        5.3403593825893498        5.3258500706356404     
         464   5.0666602123528204        5.3432316692270936        5.3286997205400697     
         465   5.0692825460623085        5.3461501789780943        5.3315950575774744     
         466   5.0721545116419557        5.3493463965118577        5.3347658946085286     
         467   5.0750701056627552        5.3525925647781989        5.3379860700284425     
         468   5.0776370180409156        5.3554484237333080        5.3408193994374846     
         469   5.0804474389452396        5.3585759752817372        5.3439221526863374     
         470   5.0831673309485232        5.3616040555793791        5.3469260279513895     
         471   5.0857829187453447        5.3645156716181361        5.3498144371395808     
         472   5.0884967566904757        5.3675353236022021        5.3528102227143890     
         473   5.0911159748411050        5.3704511357857427        5.3557027855223147     
         474   5.0937431329583998        5.3733768190625222        5.3586049719164572     
         475   5.0964247788567967        5.3763629141247931        5.3615671355958128     
         476   5.0989621812820127        5.3791889505996417        5.3643704403521451     
         477   5.1016756188682519        5.3822098803705369        5.3673672447131873     
         478   5.1044829053708067        5.3853371292594812        5.3704692392313742     
         479   5.1072772139076799        5.3884484317262817        5.3735556251019831     
         480   5.1100278855292300        5.3915116232809028        5.3765942322624349     
         481   5.1129086527333607        5.3947198049451890        5.3797766166829080     
         482   5.1155336016283002        5.3976438823965083        5.3826770709152720     
         483   5.1181068761250668        5.4005104692249777        5.3855205134592543     
         484   5.1207871764346704        5.4034956896985200        5.3884817205536741     
         485   5.1234436484063162        5.4064553412943903        5.3914174333378178     
         486   5.1260998104952922        5.4094161703499850        5.3943540669174208     
         487   5.1288629006760411        5.4124955243543829        5.3974083544299107     
         488   5.1315441400689146        5.4154836712749397        5.4003721803307574     
         489   5.1343823094037111        5.4186472136588142        5.4035098843189928     
         490   5.1369210633978488        5.4214769345435592        5.4063165386467791     
         491   5.1394577903693177        5.4243053080680959        5.4091216926654884     
         492   5.1422298099433403        5.4273943543271272        5.4121856389026952     
         493   5.1449413679297038        5.4304170152625852        5.4151835976504996     
         494   5.1474814944981127        5.4332479591557377        5.4179915190466161     
         495   5.1500812037443335        5.4361452610559953        5.4208652538680164     
         496   5.1525300920977699        5.4388753909815968        5.4235730423057715     
         497   5.1551657809613438        5.4418142317160507        5.4264877511833589     
         498   5.1579003779488541        5.4448633359111129        5.4295118296457909     
         499   5.1606446414303679        5.4479236063968557        5.4325469249014287     
         500   5.1636674064425172        5.4512938854943913        5.4358895397417868     
         501   5.1662741369043967        5.4542009399063760        5.4387726702020434     
         502   5.1689656102152366        5.4572030876776978        5.4417500178147939     
         503   5.1716284188790063        5.4601726316345447        5.4446950928641717     
         504   5.1741884318840068        5.4630285821632727        5.4475273950250029     
         505   5.1765460325399735        5.4656567471227371        5.4501340909513223     
         506   5.1790331451898384        5.4684307089709687        5.4528851855626526     
         507   5.1816416365106486        5.4713409440682321        5.4557712952365947     
         508   5.1841971959579114        5.4741916085380522        5.4585983862937555     
         509   5.1869074681679912        5.4772155930034163        5.4615972637624228     
         510   5.1895379635066439        5.4801498329621090        5.4645072486913620     
         511   5.1920674131245610        5.4829725597860843        5.4673064671307481     
         512   5.1946736221946956        5.4858823046920673        5.4701917861566249     
         513   5.1974009836393895        5.4889257367931723        5.4732098794067676     
         514   5.1999211032407153        5.4917386128346140        5.4759992617952955     
         515   5.2026279253426990        5.4947610149172190        5.4789962285214440     
         516   5.2050782724930427        5.4974974796385521        5.4817096104528718     
         517   5.2076777415054591        5.5003990235629399        5.4845868963595228     
         518   5.2099673624676033        5.5029535893874026        5.4871202934835734     
         519   5.2125797406537213        5.5058699829891511        5.4900122213264417     
         520   5.2151405284274759        5.5087294213736522        5.4928475829590537     
         521   5.2177054055671928        5.5115936882688858        5.4956877088250824     
         522   5.2200838042959727        5.5142489104017178        5.4983206833616487     
         523   5.2225798011645912        5.5170355272420499        5.5010839361422681     
         524   5.2251829075908942        5.5199429527996040        5.5039667801469720     
         525   5.2276714945355245        5.5227205769127217        5.5067212083856232     
         526   5.2304121200876867        5.5257818880355911        5.5097565879409638     
         527   5.2328116619098530        5.5284617649893280        5.5124138445575435     
         528   5.2351762260668400        5.5311024228539782        5.5150322547365018     
         529   5.2375860635937208        5.5337948130081980        5.5177017677802684     
         530   5.2400685843329127        5.5365669385986971        5.5204505685647520     
         531   5.2427820090858459        5.5395969414563497        5.5234550561039120     
         532   5.2453468612525249        5.5424622693537424        5.5262960791788771     
         533   5.2478375745523254        5.5452457205171051        5.5290557627838632     
         534   5.2502472008515459        5.5479375351391038        5.5317247835933347     
         535   5.2527555707167970        5.5507406126675551        5.5345039568874377     
         536   5.2550618357347014        5.5533174007672113        5.5370588613317580     
         537   5.2574292412129475        5.5559623576442476        5.5396813672481020     
         538   5.2599208942126916        5.5587463813108489        5.5424417095667806     
         539   5.2623127103903391        5.5614211674222478        5.5450933901534603     
         540   5.2650012068646408        5.5644262019775219        5.5480726696161371     
         541   5.2674830224605422        5.5672012567364062        5.5508237913753060     
         542   5.2698915637503356        5.5698927598844561        5.5534923566431695     
         543   5.2725442063312737        5.5728580818258653        5.5564322102765127     
         544   5.2749212145836086        5.5755159556882719        5.5590671975805446     
         545   5.2773068073760347        5.5781847966289160        5.5617128382368879     
         546   5.2798178572976990        5.5809914257165314        5.5644954733683099     
         547   5.2820947940894962        5.5835368526506501        5.5670190557724544     
         548   5.2843048138687818        5.5860095568793975        5.5694702191178447     
         549   5.2866298096740767        5.5886102184256501        5.5720483367903162     
         550   5.2891610996677851        5.5914397932532856        5.5748536507159381     
         551   5.2915197570221597        5.5940773570239717        5.5774684730574560     
         552   5.2937814205814950        5.5966068063371859        5.5799760681204669     
         553   5.2961471488390393        5.5992536682082390        5.5825998889886117     
         554   5.2987532991558117        5.6021697222530911        5.5854905110201498     
         555   5.3011451489928039        5.6048448969650204        5.5881425393984632     
         556   5.3037940327145394        5.6078079065583646        5.5910798384599003     
         557   5.3060742690380991        5.6103576054872368        5.5936075908277276     
         558   5.3086055488891581        5.6131898366683730        5.5964151384161855     
         559   5.3111134690919792        5.6159964419771375        5.5991972104054613     
         560   5.3133204471696214        5.6184664994093945        5.6016456602417257     
         561   5.3156831408871730        5.6211095977992045        5.6042658136428285     
         562   5.3182203565691033        5.6239499647400697        5.6070811945122738     
         563   5.3207223122241079        5.6267485139806404        5.6098554875814708     
         564   5.3229560264497993        5.6292486974010130        5.6123337611237867     
         565   5.3252551835682453        5.6318214555542516        5.6148840779948568     
         566   5.3275201310160423        5.6343566407118244        5.6173970499782913     
         567   5.3299343166004975        5.6370580452720151        5.6200748988185065     
         568   5.3323054633319966        5.6397121144724940        5.6227056996332365     
         569   5.3347892608089511        5.6424927610531883        5.6254619029237789     
         570   5.3370955082115472        5.6450735044599289        5.6280201289606868     
         571   5.3395254491169286        5.6477934855059067        5.6307162532763124     
         572   5.3419589814986335        5.6505178729990124        5.6334166769680047     
         573   5.3444280823243444        5.6532828082383082        5.6361571780133515     
         574   5.3467120933884882        5.6558405314213545        5.6386923003305158     
         575   5.3490550900131701        5.6584624127412040        5.6412913124107309     
         576   5.3514029362876441        5.6610911311048344        5.6438968805712095     
         577   5.3538249303289422        5.6638032742830280        5.6465850747060280     
         578   5.3561018714142907        5.6663528592056194        5.6491121798181201     
         579   5.3584833066177451        5.6690188384186824        5.6517547290099808     
         580   5.3607136310767327        5.6715169109309036        5.6542306764476411     
         581   5.3628809145387812        5.6739439825394351        5.6566363123305043     
         582   5.3652309763322394        5.6765751370631090        5.6592443033661315     
         583   5.3677076436712818        5.6793495418661957        5.6619940324821085     
         584   5.3699582383067224        5.6818707489636111        5.6644928459430055     
         585   5.3721776789246167        5.6843595116685153        5.6669591191286974     
         586   5.3743607707151035        5.6868064789367683        5.6693841498167066     
         587   5.3768869539778068        5.6896360075871488        5.6721885699876511     
         588   5.3792661765031653        5.6923030740940410        5.6748316503226626     
         589   5.3816923943749648        5.6950229204334430        5.6775270205780286     
         590   5.3839092494004328        5.6975069956500546        5.6799889108115025     
         591   5.3862884695205206        5.7001741322891979        5.6826320380447752     
         592   5.3886695081352016        5.7028419695439343        5.6852760805774105     
         593   5.3910556099483582        5.7055169986627501        5.6879270175588683     
         594   5.3933327705330427        5.7080685652156813        5.6904558218303931     
         595   5.3955079570162798        5.7105066238380262        5.6928720244383513     
         596   5.3979290932616957        5.7132218304913378        5.6955626157194414     
         597   5.4002559949456970        5.7158318722568797        5.6981489373739702     
         598   5.4024877312585584        5.7183335656112240        5.7006281636147582     
         599   5.4048594748634589        5.7209932571404778        5.7032638002261500     
         600   5.4070985089642489        5.7235039309645783        5.7057518061561350     
         601   5.4093889443920933        5.7260718500153285        5.7082965836119248     
         602   5.4116923857434509        5.7286548478019741        5.7108562194785550     
         603   5.4138074036645980        5.7310280529465345        5.7132077422585033     
         604   5.4160194877519814        5.7335099167549473        5.7156669703668390     
         605   5.4183692805265258        5.7361450104405902        5.7182782180359153     
         606   5.4205269178136604        5.7385652166621428        5.7206764512891892     
         607   5.4228856174607865        5.7412103146762270        5.7232976198440273     
         608   5.4250834437979956        5.7436759529225538        5.7257408008090520     
         609   5.4274356234344108        5.7463131028445895        5.7283542013886057     
         610   5.4297487600484571        5.7489084996085600        5.7309259019920145     
         611   5.4320007335188727        5.7514349932298963        5.7334293720373806     
         612   5.4343191480094486        5.7540382439575817        5.7360085486839107     
         613   5.4365672673996475        5.7565606998883174        5.7385079603215328     
         614   5.4386585348052208        5.7589066058129248        5.7408325408218941     
         615   5.4408493278589019        5.7613645000967084        5.7432680362960333     
         616   5.4431461092798061        5.7639421252337772        5.7458220547566272     
         617   5.4453961978461054        5.7664670257265609        5.7483238571457100     
         618   5.4474322396923007        5.7687503931305066        5.7505865932792997     
         619   5.4497443013006910        5.7713449996534445        5.7531574491783726     
         620   5.4519167386407377        5.7737841993649814        5.7555741358793959     
         621   5.4539130568971981        5.7760248974610384        5.7577942746575665     
         622   5.4562329059152956        5.7786288789773161        5.7603743255057163     
         623   5.4583732878974240        5.7810316189695676        5.7627549494856556     
         624   5.4604795738350216        5.7833971524271597        5.7650985236962038     
         625   5.4627631120161508        5.7859603387039202        5.7676381669011203     
         626   5.4649013823753130        5.7883615009119458        5.7700171232018498     
         627   5.4670357556577551        5.7907578532123809        5.7723913821438044     
         628   5.4691473122516410        5.7931296662378182        5.7747411371384434     
         629   5.4711917662148384        5.7954246640750195        5.7770150473857145     
         630   5.4733787674616927        5.7978805339613189        5.7794481959128783     
         631   5.4755132516102289        5.8002776808909120        5.7818231358514414     
         632   5.4776970906211213        5.8027303465521554        5.7842530797379057     
         633   5.4799735940765721        5.8052863728080615        5.7867855105281327     
         634   5.4821924349769393        5.8077781524657288        5.7892542174894945     
         635   5.4844603329387933        5.8103269586131026        5.7917791146824866     
         636   5.4867613247760358        5.8129115851050068        5.7943397047080287     
         637   5.4888094588398362        5.8152125051880059        5.7966192053999359     
         638   5.4910295411318142        5.8177065903011957        5.7990900423479266     
         639   5.4931993371377139        5.8201446322513908        5.8015053113006827     
         640   5.4952711372363092        5.8224729066164818        5.8038117693063578     
         641   5.4973569607287356        5.8248160350676192        5.8061331125086459     
         642   5.4996756355824719        5.8274217382491686        5.8087143905193646     
         643   5.5018670300822228        5.8298843262285152        5.8111539253752573     
         644   5.5040143964224413        5.8322976363002610        5.8135446296812212     
         645   5.5062583316395886        5.8348192562855292        5.8160426549517048     
         646   5.5083236436530010        5.8371410224513784        5.8183425660959953     
         647   5.5104796341799105        5.8395641214607128        5.8207429513990956     
         648   5.5127925108736662        5.8421637276250449        5.8233181443793152     
         649   5.5149060466972220        5.8445392367532696        5.8256713767276551     
         650   5.5172250956409412        5.8471458336438911        5.8282534821185452     
         651   5.5192232935126748        5.8493918862228629        5.8304784390976172     
         652   5.5213111589428943        5.8517384994673716        5.8328030434341027     
         653   5.5234031072131833        5.8540910467553280        5.8351333039782309     
         654   5.5253007937711018        5.8562245127052064        5.8372466787431643     
         655   5.5274641699971001        5.8586562774820115        5.8396555852232055     
         656   5.5295554018677233        5.8610080316127355        5.8419850625958212     
         657   5.5317707741782005        5.8634992708985880        5.8444527098883272     
         658   5.5339536648126186        5.8659541223267322        5.8468842970790691     
         659   5.5360640476249383        5.8683270825839200        5.8492348376962546     
         660   5.5380885847647559        5.8706025680202147        5.8514889840291069     
         661   5.5403426872944177        5.8731382058355566        5.8540004714985798     
         662   5.5425838300252543        5.8756587872808108        5.8564971391925003     
         663   5.5448102883343271        5.8781634921121784        5.8589779771549670     
         664   5.5469232701052436        5.8805399239330169        5.8613318768237912     
         665   5.5490885271029846        5.8829741987864805        5.8637432061451760     
         666   5.5511860407893820        5.8853336474967524        5.8660802200110789     
         667   5.5532089063713732        5.8876103685803169        5.8683350939972287     
         668   5.5551965084836521        5.8898470669819334        5.8705503795418874     
         669   5.5572796011939865        5.8921914324533651        5.8728722723621640     
         670   5.5592245028495961        5.8943795730374999        5.8750395439412175     
         671   5.5611261836947445        5.8965186052088994        5.8771582712277084     
         672   5.5631260700502576        5.8987680265768532        5.8793863389261336     
         673   5.5652603303361019        5.9011691419210637        5.8817645565087338     
         674   5.5671304607837921        5.9032730273786065        5.8838484221425436     
         675   5.5691512019505991        5.9055474705052600        5.8861010282523836     
         676   5.5712778618121419        5.9079415691703145        5.8884720598805425     
         677   5.5734972286004245        5.9104389288564958        5.8909455349400730     
         678   5.5756685496349618        5.9128831149480403        5.8933661780351922     
         679   5.5776374282023156        5.9150987800904451        5.8955606350873451     
         680   5.5796837599402531        5.9174027968590703        5.8978424038727271     
         681   5.5818095209411709        5.9197958392976151        5.9002124011244703     
         682   5.5839536652982673        5.9222098782887125        5.9026031423951526     
         683   5.5859600823712494        5.9244690284026884        5.9048404586332701     
         684   5.5879638575909389        5.9267248119094367        5.9070745102524533     
         685   5.5899884355417360        5.9290047692586976        5.9093323985787229     
         686   5.5920601077549144        5.9313376242328797        5.9116426825428867     
         687   5.5942869274450633        5.9338470943534549        5.9141275397838529     
         688   5.5964324961097489        5.9362623486426989        5.9165195397277612     
         689   5.5984140983363533        5.9384933927502210        5.9187290592318416     
         690   5.6003264108839348        5.9406466445133557        5.9208615255072772     
         691   5.6023958374795653        5.9429770106356408        5.9231693413501825     
         692   5.6045345186490607        5.9453857769212304        5.9255547226669476     
         693   5.6066379184737327        5.9477544154680775        5.9279004407163427     
         694   5.6087469180504916        5.9501301225994112        5.9302530284983108     
         695   5.6107133721144846        5.9523455139559438        5.9324468297705151     
         696   5.6128597494274910        5.9547632913076818        5.9348410794697637     
         697   5.6148305943978203        5.9569845169020352        5.9370405084848095     
         698   5.6168069068423536        5.9592114142225068        5.9392456560041778     
         699   5.6189364996317348        5.9616111780483916        5.9416219349703674     
         700   5.6209831624151310        5.9639166964950867        5.9439050111731309     
         701   5.6230667914590473        5.9662648587271612        5.9462301599841307     
         702   5.6251704110563923        5.9686357103188890        5.9485777576740784     
         703   5.6271604396037631        5.9708775210704736        5.9507977376267389     
         704   5.6291234058036208        5.9730890771074048        5.9529877219809437     
         705   5.6311396044648037        5.9753603100251116        5.9552368614219704     
         706   5.6331858632451794        5.9776659753074775        5.9575200046847385     
         707   5.6352555732947520        5.9799980097136185        5.9598292602130867     
         708   5.6371630155394294        5.9821486542705253        5.9619586746522666     
         709   5.6391235551164209        5.9843588577629596        5.9641471095006526     
         710   5.6411205284537633        5.9866090913663985        5.9663753518787823     
         711   5.6432668935944559        5.9890286396521111        5.9687710713905480     
         712   5.6452441393028954        5.9912570705898265        5.9709776494663087     
         713   5.6473795574592920        5.9936655829584069        5.9733622438837140     
         714   5.6494870285243506        5.9960400900106015        5.9757135741938914     
         715   5.6515485311238001        5.9983657768491687        5.9780160641546187     
         716   5.6534919998391526        6.0005570168940787        5.9801856777083966     
         717   5.6553608619619062        6.0026638881413135        5.9822718134756041     
         718   5.6574213624286518        6.0049870378466537        5.9845720425017541     
         719   5.6594005634221105        6.0072190443301832        5.9867819488257350     
         720   5.6613964896728000        6.0094692157597098        5.9890099477393877     
         721   5.6635102612928723        6.0118528041333708        5.9913699482357163     
         722   5.6655831844804441        6.0141899167977897        5.9936840093401065     
         723   5.6675431630884372        6.0164007553291228        5.9958728705222741     
         724   5.6694713327323409        6.0185751594042962        5.9980257614851462     
         725   5.6713263309319100        6.0206668405166441        6.0000967794444087     
         726   5.6732439432299433        6.0228304360408629        6.0022387871882090     
         727   5.6750555033724313        6.0248744443092237        6.0042623891796065     
         728   5.6770606239831780        6.0271349343274929        6.0065006200237834     
         729   5.6791023554116427        6.0294380068996150        6.0087807927768120     
         730   5.6809952287478733        6.0315734553857103        6.0108949681355712     
         731   5.6831460618618630        6.0339999218897544        6.0132972569584959     
         732   5.6852287362717400        6.0363493670337425        6.0156233161020873     
         733   5.6872100072936398        6.0385844481814539        6.0178361499955662     
         734   5.6892032293686103        6.0408339116697016        6.0200630682860332     
         735   5.6911291190634810        6.0430068667777075        6.0222143373503974     
         736   5.6930430731674013        6.0451667722792628        6.0243526160120702     
         737   5.6949829869590367        6.0473557116064010        6.0265196944550405     
         738   5.6969266103170009        6.0495490919607828        6.0286911191260044     
         739   5.6987781974999629        6.0516399936618663        6.0307608743208423     
         740   5.7006436700134033        6.0537460058666772        6.0328456772320100     
         741   5.7025756566505432        6.0559262606586390        6.0350041044637317     
         742   5.7045443811727061        6.0581491973850090        6.0372045790215019     
         743   5.7064218963113547        6.0602677751924920        6.0393019880927037     
         744   5.7084431964574343        6.0625495402628866        6.0415607986375539     
         745   5.7104029405575325        6.0647601260759876        6.0437494306950770     
         746   5.7122961539890591        6.0668975432154273        6.0458653009461196     
         747   5.7142128878537992        6.0690621201098622        6.0480079519174934     
         748   5.7161165873568223        6.0712119477891857        6.0501360257475429     
         749   5.7181057460427844        6.0734574126271523        6.0523589058629401     
         750   5.7200562174721652        6.0756596172302162        6.0545389048306149     
         751   5.7221040641494580        6.0779724729973061        6.0568283205511548     
         752   5.7240792011275028        6.0802040014093013        6.0590371066477502     
         753   5.7260885324200039        6.0824727650013282        6.0612829522844800     
         754   5.7281284124466003        6.0847770234250858        6.0635637812965255     
         755   5.7301829734449115        6.0870972789150013        6.0658605272459161     
         756   5.7319716309526560        6.0891172534429634        6.0678600644452834     
         757   5.7339661339006582        6.0913695276063526        6.0700895636344514     
         758   5.7359079794222438        6.0935621925111105        6.0722600843235677     
         759   5.7376904515160998        6.0955749183313319        6.0742525025063001     
         760   5.7395684622578500        6.0976967776292286        6.0763527345560773     
         761   5.7415576118082923        6.0999433757706472        6.0785765580890034     
         762   5.7435078736960472        6.1021471996470273        6.0807578631382713     
         763   5.7455023130771368        6.1044013972631976        6.0829889223637741     
         764   5.7473152713873263        6.1064495893853277        6.0850162600764364     
         765   5.7493108718873218        6.1087046085506449        6.0872482241470083     
         766   5.7511364237776297        6.1107665783321803        6.0892892859290306     
         767   5.7529968764185195        6.1128686662582501        6.0913699326170825     
         768   5.7548247249643403        6.1149347407287715        6.0934148120691400     
         769   5.7566767716315974        6.1170276982158924        6.0954863768942307     
         770   5.7584516089108373        6.1190339358488046        6.0974720314759079     
         771   5.7603077448561981        6.1211312134805889        6.0995479162639787     
         772   5.7622100206562603        6.1232817982687813        6.1016763667570659     
         773   5.7642093743808847        6.1255416593802234        6.1039130182805419     
         774   5.7660857754357746        6.1276620712273084        6.1060117558343663     
         775   5.7680451339195127        6.1298764498467007        6.1082034596200154     
         776   5.7698833902191815        6.1319550171238166        6.1102605832666566     
         777   5.7717692972933294        6.1340873210547606        6.1123709067825631     
         778   5.7737416388996712        6.1363171094767930        6.1145777396946031     
         779   5.7756887825184045        6.1385204365842965        6.1167580369244465     
         780   5.7776510844669771        6.1407391742379316        6.1189538682084494     
         781   5.7796224156658633        6.1429664773003987        6.1211584646834529     
         782   5.7814000178220324        6.1449760141585656        6.1231473480585814     
         783   5.7832485724528500        6.1470663639675438        6.1252161085240537     
         784   5.7851492883875970        6.1492151051069275        6.1273427399368066     
         785   5.7870757976391483        6.1513939842212064        6.1294990358997481     
         786   5.7889187306166319        6.1534788647721426        6.1315622298726842     
         787   5.7905601653989986        6.1553352354257198        6.1333994103060014     
         788   5.7924576659454434        6.1574806733759431        6.1355227198608180     
         789   5.7942254729876170        6.1594812686770002        6.1375023792335890     
         790   5.7960954197241001        6.1615959511907912        6.1395951971931240     
         791   5.7979068224068344        6.1636458102708200        6.1416236319632818     
         792   5.7997227957097390        6.1657016256858670        6.1436578329483060     
         793   5.8014385588005899        6.1676431430132208        6.1455790893667777     
         794   5.8033091285651111        6.1697593492306906        6.1476732680014496     
         795   5.8051261248307906        6.1718145766157937        6.1497071801214034     
         796   5.8069324962866071        6.1738573949633695        6.1517288729270376     
         797   5.8087878191158637        6.1759561158859926        6.1538057883500663     
         798   5.8105390361476044        6.1779368511794175        6.1557660130922347     
         799   5.8123594545364359        6.1799957955433920        6.1578036174716075     
         800   5.8141246439800875        6.1819941381684105        6.1597809393827232     
         801   5.8158813628074268        6.1839823670454575        6.1617483614318287     
         802   5.8176754001364204        6.1860119334481301        6.1637568272137706     
         803   5.8194437608527974        6.1880137369597321        6.1657376092146272     
         804   5.8212742233177668        6.1900854569622457        6.1677876333918658     
         805   5.8231385880972741        6.1921959184371680        6.1698759191100603     
         806   5.8249697596110099        6.1942682016050394        6.1719265517624198     
         807   5.8268551616369635        6.1964023904933416        6.1740383302546489     
         808   5.8285565904286569        6.1983304129374472        6.1759457708595109     
         809   5.8303613512374985        6.2003740961391607        6.1779678745766731     
         810   5.8320807802559225        6.2023208453010730        6.1798941428554075     
         811   5.8339083089327808        6.2043888865554582        6.1819405901143352     
         812   5.8357077653098210        6.2064259034076406        6.1839562094475173     
         813   5.8374093149502082        6.2083521199526031        6.1858621985056743     
         814   5.8391097505298637        6.2102783127299164        6.1877679444998979     
         815   5.8408823260207461        6.2122850799617391        6.1897536229808603     
         816   5.8426602903099498        6.2142986407636762        6.1917458965097083     
         817   5.8443896654528773        6.2162573147479563        6.1936838632865179     
         818   5.8461341891242515        6.2182328789814836        6.1956385743547706     
         819   5.8479611526718234        6.2203022261058871        6.1976859869629282     
         820   5.8497789031500478        6.2223607652912127        6.1997227646761246     
         821   5.8516314548639210        6.2244586300136318        6.2017984925457741     
         822   5.8534725529334652        6.2265439396846904        6.2038617260307163     
         823   5.8553633219230097        6.2286851472591200        6.2059803244703797     
         824   5.8571772411941065        6.2307402809676349        6.2080135676452253     
         825   5.8589499867930037        6.2327490087306039        6.2100008692606261     
         826   5.8607016867342949        6.2347333264173681        6.2119641184543388     
         827   5.8626192903503664        6.2369052265923521        6.2141130241665685     
         828   5.8645217685981734        6.2390603157290476        6.2162452390211209     
         829   5.8664145124557594        6.2412039649103361        6.2183662044463315     
         830   5.8681533894725071        6.2431731313076622        6.2203145890877014     
         831   5.8698983438537953        6.2451505147669204        6.2222708869518470     
         832   5.8716947786112685        6.2471861890150455        6.2242848228376682     
         833   5.8733938409397268        6.2491106620614127        6.2261889337994045     
         834   5.8752421166287014        6.2512046532622820        6.2282606391770008     
         835   5.8771569962159669        6.2533749535560217        6.2304077142768177     
         836   5.8790183481906526        6.2554848046901474        6.2324949476245806     
         837   5.8807325435407920        6.2574279217669275        6.2344172500428314     
         838   5.8824970173423878        6.2594270156723768        6.2363950969349711     
         839   5.8843239068380013        6.2614968978699128        6.2384429462711326     
         840   5.8861262267136798        6.2635386012290812        6.2404629821191469     
         841   5.8880117471416691        6.2656771077614124        6.2425783642469312     
         842   5.8898569389750914        6.2677693383158104        6.2446480521522583     
         843   5.8915956182093190        6.2697408798271441        6.2465983610989060     
         844   5.8933331686986561        6.2717102099294877        6.2485466377648038     
         845   5.8952239920542784        6.2738541160083852        6.2506674513014069     
         846   5.8970119441044204        6.2758818058952208        6.2526732407850689     
         847   5.8987447097590220        6.2778457747219436        6.2546162021301805     
         848   5.9004047503752890        6.2797283488922826        6.2564784630959371     
         849   5.9021407207662380        6.2816966683719482        6.2584255972421223     
         850   5.9038502621313311        6.2836348901137482        6.2603429865055649     
         851   5.9055878925459826        6.2856043546024951        6.2622913767798334     
         852   5.9073076948934835        6.2875544213439118        6.2642204610250882     
         853   5.9090656250128522        6.2895493720542168        6.2661936372002645     
         854   5.9108852170721109        6.2916125079947767        6.2682345692615531     
         855   5.9126529194979724        6.2936174067326549        6.2702177919083333     
         856   5.9145034133791601        6.2957161178639938        6.2722938272562452     
         857   5.9162426248265003        6.2976887540774982        6.2742451407800885     
         858   5.9179339032927789        6.2996067270109410        6.2761424289188517     
         859   5.9198851471473182        6.3018196583376653        6.2783314408498994     
         860   5.9216605502962008        6.3038332602813494        6.2803232809403458     
         861   5.9235420363955749        6.3059681862871786        6.2824349562071395     
         862   5.9253622522435618        6.3080337511093472        6.2844779921986875     
         863   5.9270138639810810        6.3099066091545319        6.2863306880142789     
         864   5.9287612333922421        6.3118896911227509        6.2882921282320403     
         865   5.9305070610161854        6.3138698209599067        6.2902508524431386     
         866   5.9323445297408526        6.3159559412393982        6.2923140492246175     
         867   5.9339670837195237        6.3177971611695334        6.2941352142871994     
         868   5.9356698128414180        6.3197290563767909        6.2960461206586320     
         869   5.9373338394966124        6.3216162863037715        6.2979129807755436     
         870   5.9391139894164100        6.3236361497973768        6.2999108728321227     
         871   5.9408160664586926        6.3255675368358046        6.3018212460264653     
         872   5.9425940007117530        6.3275837924443916        6.3038157584619201     
         873   5.9442590882280637        6.3294739533950928        6.3056852208508900     
         874   5.9458395954427568        6.3312673557294143        6.3074591259141988     
         875   5.9474214461501358        6.3330622195541499        6.3092344910444504     
         876   5.9492418040073547        6.3351278345726678        6.3112776153317967     
         877   5.9509521762215529        6.3370700941834777        6.3131984787642281     
         878   5.9526490840410382        6.3389964889646082        6.3151037605405174     
         879   5.9542983324431979        6.3408685136223344        6.3169553243488759     
         880   5.9560472141559959        6.3428546399985146        6.3189195643146663     
         881   5.9577868279502910        6.3448294779115368        6.3208727426095912     
         882   5.9595596478948423        6.3468410509486866        6.3228624358968517     
         883   5.9612764876780249        6.3487905321242417        6.3247904749599080     
         884   5.9630392180320584        6.3507922260004044        6.3267701377689720     
         885   5.9646844603537286        6.3526606933931937        6.3286180023942560     
         886   5.9663811471000301        6.3545876495348823        6.3305237133921386     
         887   5.9679566667378463        6.3563773347537094        6.3322936062756447     
         888   5.9697004667077405        6.3583579429749086        6.3342523375651441     
         889   5.9714465052206904        6.3603420728512692        6.3362143783921345     
         890   5.9732039069230565        6.3623373161884551        6.3381877218039309     
         891   5.9749115328363009        6.3642780459686508        6.3401068194253432     
         892   5.9766110685294978        6.3662079794536295        6.3420155082788501     
         893   5.9782977530291515        6.3681235760880517        6.3439099797810226     
         894   5.9798920142545429        6.3699346231021954        6.3457010003761853     
         895   5.9816097544666524        6.3718860333538325        6.3476308046626757     
         896   5.9833541599453755        6.3738666855793396        6.3495896860975396     
         897   5.9849627809406751        6.3756942201971363        6.3513969700526687     
         898   5.9865969413955176        6.3775504360632986        6.3532326823831351     
         899   5.9883007359455380        6.3794862004374506        6.3551469764535407     
         900   5.9899480678330814        6.3813567013621393        6.3569969320369273     
         901   5.9915365837259236        6.3831623296470665        6.3587824057284692     
         902   5.9930055045045076        6.3848316358353774        6.3604331533767589     
         903   5.9946518844743029        6.3867022560472799        6.3622830169015376     
         904   5.9963472421188335        6.3886284051675091        6.3641878087915131     
         905   5.9980870362743071        6.3906063303078815        6.3661435720255666     
         906   5.9996404722835015        6.3923717810547851        6.3678893688591858     
         907   6.0013442847277068        6.3943083777635588        6.3698043463113763     
         908   6.0031480509630351        6.3963597299960542        6.3718325950201402     
         909   6.0048877517045200        6.3983366845015368        6.3737875507641082     
         910   6.0066570476580559        6.4003477250636882        6.3757761483620872     
         911   6.0082731678910193        6.4021843865326522        6.3775923672473489     
         912   6.0098653550899463        6.4039938274773034        6.3793816601751212     
         913   6.0115185103394415        6.4058730020590167        6.3812398375080255     
         914   6.0131642517534525        6.4077432982509475        6.3830893118661889     
         915   6.0148560156012492        6.4096649169514794        6.3849897038294561     
         916   6.0166961151903040        6.4117562433064510        6.3870577094508256     
         917   6.0182888474765663        6.4135674163505936        6.3888485381002864     
         918   6.0199232921425585        6.4154260642210517        6.3906862947393597     
         919   6.0215625609339991        6.4172891712369609        6.3925286355326936     
         920   6.0232036641977533        6.4191559273305776        6.3943743216623821     
         921   6.0248925413553360        6.4210761878672775        6.3962730374578634     
         922   6.0265566302308935        6.4229674323623049        6.3981431972646208     
         923   6.0281474341783650        6.4247763350307823        6.3999318042368056     
         924   6.0297845398225522        6.4266383516138772        6.4017728245380985     
         925   6.0315231455994542        6.4286155473252915        6.4037277746322134     
         926   6.0332209980836238        6.4305464715366725        6.4056369604863272     
         927   6.0348890016206029        6.4324437600581241        6.4075128488130524     
         928   6.0365144178444661        6.4342930767032511        6.4093412273782517     
         929   6.0382844335187507        6.4363065122913801        6.4113319219069620     
         930   6.0399906558416276        6.4382458712343160        6.4132496351098505     
         931   6.0417013744502484        6.4401906939096385        6.4151726881094113     
         932   6.0433284954509565        6.4420413436038269        6.4170024881759691     
         933   6.0450394493582262        6.4439875726474076        6.4189267326853701     
         934   6.0467922252879136        6.4459815480702813        6.4208981544449051     
         935   6.0485101570887085        6.4479366747720768        6.4228310348479285     
         936   6.0501893674355278        6.4498469551911564        6.4247197243914469     
         937   6.0518736865681158        6.4517630631488503        6.4266141792419216     
         938   6.0534795021039285        6.4535907137987358        6.4284210301514788     
         939   6.0550398617282131        6.4553660314815051        6.4301762607450819     
         940   6.0566437352610460        6.4571907679877789        6.4319803540468747     
         941   6.0583355633854934        6.4591155741003154        6.4338833758656993     
         942   6.0599641841550866        6.4609683437106096        6.4357151912584349     
         943   6.0616857531835961        6.4629281862655690        6.4376526385419837     
         944   6.0632369060377131        6.4646931771207807        6.4393976205567531     
         945   6.0649299423812879        6.4666194256740903        6.4413020491327559     
         946   6.0665421600572342        6.4684553538808212        6.4431169185780979     
         947   6.0681507405610002        6.4702863192474895        6.4449270244433734     
         948   6.0696784294149104        6.4720246481914456        6.4466456546494255     
         949   6.0713117104497769        6.4738834079331093        6.4484832884536081     
         950   6.0729855024902424        6.4757880624982684        6.4503663189378928     
         951   6.0745137097508790        6.4775275535858192        6.4520859985184629     
         952   6.0760625315669534        6.4792902511090285        6.4538286634751847     
         953   6.0776755525604971        6.4811267535130463        6.4556441562865512     
         954   6.0792625111385021        6.4829335988773833        6.4574303338148047     
         955   6.0808466624957918        6.4847361511301314        6.4592124434008120     
         956   6.0823888225964220        6.4864917395989945        6.4609480008865683     
         957   6.0840690841427101        6.4884053417747563        6.4628396052031754     
         958   6.0856706203118742        6.4902290795450295        6.4646424236602833     
         959   6.0873377906448134        6.4921262579205674        6.4665180594703635     
         960   6.0889337481858918        6.4939427040775195        6.4683138342475397     
         961   6.0904998178640000        6.4957265210134763        6.4700771118926337     
         962   6.0921230504705601        6.4975748200841608        6.4719042379202607     
         963   6.0937240076925070        6.4993991222786835        6.4737074054845429     
         964   6.0953630240840253        6.5012657142830212        6.4755525546784192     
         965   6.0969936921253405        6.5031232213005508        6.4773886465451485     
         966   6.0985665856536482        6.5049146232445949        6.4791594670534431     
         967   6.1002546080433380        6.5068369331594722        6.4810597154758200     
         968   6.1018693922267033        6.5086764943997411        6.4828780650092748     
         969   6.1034337692991514        6.5104592482401076        6.4846401641003828     
         970   6.1051204713701894        6.5123801318683769        6.4865389819702033     
         971   6.1065556011885711        6.5140158437287941        6.4881556978640154     
         972   6.1080188325790141        6.5156821869805768        6.4898029417915239     
         973   6.1096649636090614        6.5175569471328663        6.4916561677106506     
         974   6.1112114200625944        6.5193178234436138        6.4933968948672796     
         975   6.1128310465411024        6.5211624979707734        6.4952203546468672     
         976   6.1145556705047701        6.5231271362191601        6.4971623320417242     
         977   6.1161980022907780        6.5249984159151042        6.4990119666930788     
         978   6.1177765928606735        6.5267976511744408        6.5007902993759021     
         979   6.1193747642024903        6.5286181926962756        6.5025898527127257     
         980   6.1209503292247724        6.5304129374009960        6.5043639278103562     
         981   6.1224974051214813        6.5321763754410265        6.5061068641507243     
         982   6.1240655603757226        6.5339651992575929        6.5078746434537464     
         983   6.1256029377221486        6.5357171974360604        6.5096063386121132     
         984   6.1272198489547725        6.5375585778551111        6.5114265805657654     
         985   6.1287457061691279        6.5392986206340558        6.5131462515025360     
         986   6.1303092565300226        6.5410805879886249        6.5149075377214283     
         987   6.1318624372563111        6.5428506961238178        6.5166571190691061     
         988   6.1332331269936242        6.5444120884731829        6.5182005519581816     
         989   6.1348335117266171        6.5462375588695743        6.5200045529060144     
         990   6.1363378265628716        6.5479521723541927        6.5216992596055938     
         991   6.1378370451401185        6.5496605459013617        6.5233878758926576     
         992   6.1394239238464028        6.5514696814176441        6.5251759230912487     
         993   6.1410895340288008        6.5533692056824036        6.5270531758099226     
         994   6.1426708306509781        6.5551724604766353        6.5288353116224327     
         995   6.1442622438481811        6.5569869029461332        6.5306285575777165     
         996   6.1457295532881560        6.5586605797966469        6.5322825857185780     
         997   6.1473419563019753        6.5604993206933813        6.5340997920909478     
         998   6.1488091834997602        6.5621724046815322        6.5357533188937191     
         999   6.1503843400969487        6.5639679560589608        6.5375279716582355     
        1000   6.1519746738392973        6.5657818524591498        6.5393205608421558     
        1001   6.1537133204714305        6.5677649181961728        6.5412803122065402     
        1002   6.1553639613036264        6.5696468670035779        6.5431402895007933     
        1003   6.1570091486254350        6.5715225469644567        6.5449940840809830     
        1004   6.1585979361726846        6.5733348831563632        6.5467851060936475     
        1005   6.1601422064899527        6.5750966726824558        6.5485261454990580     
        1006   6.1616761110670417        6.5768455535899690        6.5502546204367267     
        1007   6.1632957178974683        6.5786929985832385        6.5520803497016473     
        1008   6.1648293277724253        6.5804417469609975        6.5538086620049469     
        1009   6.1662881425124301        6.5821061048065452        6.5554534405988036     
        1010   6.1678373941771829        6.5838740359242420        6.5572004617474287     
        1011   6.1693527651676714        6.5856035968702304        6.5589095214522803     
        1012   6.1709750478559684        6.5874541644083218        6.5607383106915478     
        1013   6.1725206072530696        6.5892176350815257        6.5624809793358407     
        1014   6.1741306691317277        6.5910546762519084        6.5642963476364207     
        1015   6.1757407232649326        6.5928923488346101        6.5661122236290232     
        1016   6.1772784790084687        6.5946471233876895        6.5678462644063949     
        1017   6.1787630796182613        6.5963410124761008        6.5695201801502412     
        1018   6.1803544270147031        6.5981573830265754        6.5713150031202794     
        1019   6.1818708166286367        6.5998873013184740        6.5730245510709544     
        1020   6.1834820949945195        6.6017262672270522        6.5748417168182183     
        1021   6.1851063446543186        6.6035822197560714        6.5766752618848043     
        1022   6.1866318438468850        6.6053217309641639        6.5783944404472221     
        1023   6.1881749461620084        6.6070824376776285        6.5801343796675864     
        1024   6.1897577741893626        6.6088887400046730        6.5819193087870236     
        1025   6.1911663471642244        6.6104961848322832        6.5835077527784440     
        1026   6.1926128738830624        6.6121468944454538        6.5851389697256391     
        1027   6.1940752281651639        6.6138156979353218        6.5867880494231903     
        1028   6.1956586574138948        6.6156227899005824        6.5885737448358812     
        1029   6.1972819896792757        6.6174751780252610        6.5904042450553657     
        1030   6.1988607201910710        6.6192775733865101        6.5921851961046460     
        1031   6.2003703962312144        6.6210007113099270        6.5938879077222508     
        1032   6.2020149873416326        6.6228781169840722        6.5957429962636356     
        1033   6.2034963861179460        6.6245692129184262        6.5974140085727573     
        1034   6.2049896379835836        6.6262735864284608        6.5990981809597695     
        1035   6.2064143364195763        6.6278997363484065        6.6007050673664471     
        1036   6.2078943779642328        6.6295894544694827        6.6023746960009113     
        1037   6.2094198692312226        6.6313312468925707        6.6040957197554837     
        1038   6.2109303337320938        6.6330562028963742        6.6058000734120030     
        1039   6.2124907804895022        6.6348390255124645        6.6075614508799010     
        1040   6.2140572655911592        6.6366279328408888        6.6093289898327265     
        1041   6.2155716755453723        6.6383572247266187        6.6110376502274857     
        1042   6.2171686064446847        6.6401807629936442        6.6128394231197118     
        1043   6.2186472238372730        6.6418695420985925        6.6145079940189344     
        1044   6.2201790413094642        6.6436204184461483        6.6162376698859129     
        1045   6.2216906830389886        6.6453467592053510        6.6179433812228714     
        1046   6.2233368993179035        6.6472262564308107        6.6198005009838834     
        1047   6.2247721454044074        6.6488649904278390        6.6214197280886449     
        1048   6.2262336887219103        6.6505346561336873        6.6230693556152840     
        1049   6.2276163934172279        6.6521146484411755        6.6246303329158582     
        1050   6.2290612291375913        6.6537648803336529        6.6262608196106818     
        1051   6.2305949248943957        6.6555175498336663        6.6279923409650072     
        1052   6.2320813964303605        6.6572158671696879        6.6296702277498119     
        1053   6.2336087847581600        6.6589613201050755        6.6313946185924939     
        1054   6.2351254862010794        6.6606949107299167        6.6331072426213700     
        1055   6.2367755183930766        6.6625807626081519        6.6349702693053967     
        1056   6.2383740586924912        6.6644078351141847        6.6367752440679473     
        1057   6.2399560072371072        6.6662151252768220        6.6385608106644085     
        1058   6.2415607475673900        6.6680482595772919        6.6403719551670077     
        1059   6.2429577385210253        6.6696455691644942        6.6419498424207140     
        1060   6.2444550747016452        6.6713574162086768        6.6436409052248857     
        1061   6.2459264546963889        6.6730384350623462        6.6453017331053204     
        1062   6.2474222265626578        6.6747480090717550        6.6469906493622144     
        1063   6.2489486963105598        6.6764913558109882        6.6487131450903787     
        1064   6.2505143726068582        6.6782796140984404        6.6504800000913544     
        1065   6.2519728433828385        6.6799472442478276        6.6521273465266759     
        1066   6.2534177305092644        6.6815981961429323        6.6537584390525817     
        1067   6.2549657618187116        6.6833674391731286        6.6555063051334384     
        1068   6.2565056217089561        6.6851273606485462        6.6572449565079168     
        1069   6.2579794653127152        6.6868116477896145        6.6589089369855730     
        1070   6.2594504811219105        6.6884936046135088        6.6605704505307015     
        1071   6.2608857615330109        6.6901349360373183        6.6621917959225971     
        1072   6.2624672373199335        6.6919425621570419        6.6639775495515936     
        1073   6.2639225960970935        6.6936064923188576        6.6656212776867720     
        1074   6.2653127253123460        6.6951958372440519        6.6671913392061475     
        1075   6.2667535400196863        6.6968429079860368        6.6688184585228418     
        1076   6.2682301859247707        6.6985318492394645        6.6704867780468895     
        1077   6.2697909112793377        6.7003168850355221        6.6722500098042143     
        1078   6.2713346688381586        6.7020827914807510        6.6739943021594375     
        1079   6.2728785555416033        6.7038485012076778        6.6757384518805027     
        1080   6.2743969101120403        6.7055854856417678        6.6774541594386303     
        1081   6.2758275889382160        6.7072213423209304        6.6790701401123513     
        1082   6.2772975879613009        6.7089028031018660        6.6807310309397829     
        1083   6.2787650463776687        6.7105811094778058        6.6823888638903659     
        1084   6.2800852895727370        6.7120912077761385        6.6838805330815179     
        1085   6.2815052185648730        6.7137153242988754        6.6854848123997979     
        1086   6.2829983066863617        6.7154232771806406        6.6871718625255063     
        1087   6.2845094651662032        6.7171525438939925        6.6888798521899329     
        1088   6.2859634946975156        6.7188153383400468        6.6905224006112958     
        1089   6.2873237705455738        6.7203704689269959        6.6920586819777830     
        1090   6.2887621093625263        6.7220149610295721        6.6936832262440493     
        1091   6.2902528055848945        6.7237199457645849        6.6953673887507028     
        1092   6.2917028554740453        6.7253791675532639        6.6970062264309060     
        1093   6.2931203174837966        6.7270010281702159        6.6986081815540270     
        1094   6.2946661851513062        6.7287689934318511        6.7003545745991380     
        1095   6.2961900494741041        6.7305133260780226        6.7020773596562417     
        1096   6.2975148600054132        6.7320291193502708        6.7035745852293456     
        1097   6.2989375022362983        6.7336561891372586        6.7051818184053369     
        1098   6.3003876746151057        6.7353155965151288        6.7068208348940077     
        1099   6.3017362343727417        6.7368584688940505        6.7083448196174507     
        1100   6.3031792945127014        6.7385099654759051        6.7099759904630085     
        1101   6.3046491892265886        6.7401923988661094        6.7116376636711399     
        1102   6.3061097137967206        6.7418645886985038        6.7132891352661801     
        1103   6.3074941653053971        6.7434489921947813        6.7148540542948334     
        1104   6.3091146598759469        6.7453034411075681        6.7166856757300959     
        1105   6.3104690513355477        6.7468532722722800        6.7182164855792790     
        1106   6.3119536948761574        6.7485525010978034        6.7198947609527080     
        1107   6.3132960298752492        6.7500885778014146        6.7214119694365078     
        1108   6.3146191053703529        6.7516029706389302        6.7229077043513872     
        1109   6.3159330392978781        6.7531071432526293        6.7243932929329855     
        1110   6.3174197528353186        6.7548088924930871        6.7260740386378393     
        1111   6.3189433238220332        6.7565530846709336        6.7277966611149100     
        1112   6.3203366247898334        6.7581463786258711        6.7293705698234803     
        1113   6.3217390439925909        6.7597524637676791        6.7309566959872154     
        1114   6.3231819789197559        6.7614045547004329        6.7325883256028503     
        1115   6.3246093045646061        6.7630388074205410        6.7342023214240756     
        1116   6.3260625598989115        6.7647024885730014        6.7358454324101151     
        1117   6.3275201772900393        6.7663709120772868        6.7374932655252806     
        1118   6.3289962301293787        6.7680611928817687        6.7391625525055980     
        1119   6.3304858998782878        6.7697671832199555        6.7408473370016244     
        1120   6.3318977889974253        6.7713829633337532        6.7424432436736854     
        1121   6.3333033989940812        6.7729923950008493        6.7440327407208844     
        1122   6.3346999445081886        6.7745916842005318        6.7456121741665989     
        1123   6.3360941175316672        6.7761882066409065        6.7471888777356872     
        1124   6.3374831804492358        6.7777786969193823        6.7487596697359020     
        1125   6.3389567126622035        6.7794667583687005        6.7504266438863247     
        1126   6.3403870822084469        6.7811042676688160        6.7520439123411116     
        1127   6.3418875262940082        6.7828215658064899        6.7537400522914588     
        1128   6.3434463165964541        6.7846074300220245        6.7555035872110638     
        1129   6.3449433666046371        6.7863214126183378        6.7571963448683956     
        1130   6.3463892515037905        6.7879772824636593        6.7588316248691438     
        1131   6.3478020413712750        6.7895951216801533        6.7604293974360790     
        1132   6.3492771638058114        6.7912849963674029        6.7620981704705905     
        1133   6.3506853620790400        6.7928972910545902        6.7636905105681411     
        1134   6.3520218308365122        6.7944289464506937        6.7652029593044691     
        1135   6.3535030500413123        6.7961256982298970        6.7668785479243709     
        1136   6.3548826454765566        6.7977062144276141        6.7684393275927883     
        1137   6.3562837749834094        6.7993118333168576        6.7700248125618900     
        1138   6.3576692303747269        6.8008995709219322        6.7715926271028595     
        1139   6.3590297672874057        6.8024588200568070        6.7731323100681955     
        1140   6.3604557549215457        6.8040927237397755        6.7747457541499188     
        1141   6.3618449994908861        6.8056851488771191        6.7763181364270926     
        1142   6.3633458469219599        6.8074050149277374        6.7780164257260260     
        1143   6.3647629374221006        6.8090283714017072        6.7796195278849449     
        1144   6.3661681983840097        6.8106395901722623        6.7812104015743504     
        1145   6.3675448512716741        6.8122174569703091        6.7827684420506040     
        1146   6.3690674848780011        6.8139625248985034        6.7844915682987015     
        1147   6.3704175187510454        6.8155092676168678        6.7860189978415404     
        1148   6.3718295764493371        6.8171277769592917        6.7876171560769762     
        1149   6.3732981098424846        6.8188104448716977        6.7892787735983839     
        1150   6.3746315246767153        6.8203387643155509        6.7907878976803948     
        1151   6.3760510563906596        6.8219657051693723        6.7923943933934350     
        1152   6.3774032269475347        6.8235166986830489        6.7939256872792217     
        1153   6.3787258224940810        6.8250333580900602        6.7954231554243858     
        1154   6.3801528564422156        6.8266690251458604        6.7970382372038731     
        1155   6.3815058344412003        6.8282204634434231        6.7985700609058020     
        1156   6.3828894404733623        6.8298066301725742        6.8001362424307183     
        1157   6.3842577159509757        6.8313748153888643        6.8016847454512517     
        1158   6.3857384488321687        6.8330722705935516        6.8033607968131067     
        1159   6.3873159952632506        6.8348812536512460        6.8051468671960818     
        1160   6.3887066705259681        6.8364756137863099        6.8067211269081236     
        1161   6.3900427692271409        6.8380071317953686        6.8082333743689407     
        1162   6.3913894760837717        6.8395512371529819        6.8097579821788887     
        1163   6.3927854497604697        6.8411522240774376        6.8113386815349983     
        1164   6.3941926599970582        6.8427654258505255        6.8129315503960237     
        1165   6.3956198003178635        6.8444012410918589        6.8145467877183448     
        1166   6.3971104408973671        6.8461102625995345        6.8162342299449801     
        1167   6.3984863655730733        6.8476880545317416        6.8177920564502639     
        1168   6.3999937206183573        6.8494164421467607        6.8194985860581063     
        1169   6.4014433255810390        6.8510792600419155        6.8211402751179042     
        1170   6.4027506528916387        6.8525785654083418        6.8226205984155994     
        1171   6.4041958661718663        6.8542349829641314        6.8242562100284001     
        1172   6.4055034683357466        6.8557351136928180        6.8257372597955461     
        1173   6.4068686141943818        6.8573008553039863        6.8272831430436316     
        1174   6.4083324163347335        6.8589803298339458        6.8289411918248009     
        1175   6.4097731156904931        6.8606333857845092        6.8305731582537952     
        1176   6.4111378207470855        6.8621985957241405        6.8321185223936771     
        1177   6.4123909980196157        6.8636357181501237        6.8335374765386669     
        1178   6.4137497325816843        6.8651953296330710        6.8350770983305935     
        1179   6.4151601983706330        6.8668143205882588        6.8366753005898770     
        1180   6.4165903366373405        6.8684552963449308        6.8382953270963434     
        1181   6.4179516911590122        6.8700164738076763        6.8398367452978936     
        1182   6.4193773699565719        6.8716527320529570        6.8414520459215895     
        1183   6.4207697254481193        6.8732500555072855        6.8430290458529255     
        1184   6.4220426069697512        6.8747103059291046        6.8444707339729085     
        1185   6.4234624532492779        6.8763389837275417        6.8460787041040767     
        1186   6.4247536200607103        6.8778207151989150        6.8475415175328411     
        1187   6.4261306538799401        6.8794013836552823        6.8491019006528893     
        1188   6.4275059324124220        6.8809798375787548        6.8506601397915938     
        1189   6.4288981670752330        6.8825774961558768        6.8522373799698313     
        1190   6.4302327783273574        6.8841093128238873        6.8537495838929487     
        1191   6.4314923373177049        6.8855545790195904        6.8551764376086846     
        1192   6.4328424752778925        6.8871037162777204        6.8567058231776112     
        1193   6.4342534025758802        6.8887226831133921        6.8583041374647618     
        1194   6.4355488809541130        6.8902092599761255        6.8597717443852471     
        1195   6.4369388820871407        6.8918047949678547        6.8613468043952190     
        1196   6.4383013254764352        6.8933685265798301        6.8628905114319601     
        1197   6.4396672608467176        6.8949359445439189        6.8644379135356424     
        1198   6.4410620684080442        6.8965366348908637        6.8660181347503553     
        1199   6.4424846583152835        6.8981695783571366        6.8676301248655784     
        1200   6.4438695475147512        6.8997602989150435        6.8692002305363173     
        1201   6.4452744155020616        6.9013728703002313        6.8707921251397250     
        1202   6.4466421311213695        6.9029421593623690        6.8723414184188574     
        1203   6.4479015602229284        6.9043885770089011        6.8737691725329668     
        1204   6.4492428941796591        6.9059288989495169        6.8752896155192369     
        1205   6.4506098584550040        6.9074980753349644        6.8768386507897814     
        1206   6.4521401572569310        6.9092545770415645        6.8785726128680738     
        1207   6.4535287214068218        6.9108493295557176        6.8801467566205048     
        1208   6.4549918855533672        6.9125299293510025        6.8818055833095242     
        1209   6.4564190912705071        6.9141677920786178        6.8834224963699473     
        1210   6.4577479055891684        6.9156940817760377        6.8849290443898319     
        1211   6.4590774188170617        6.9172206787757027        6.8864359791767509     
        1212   6.4606280331241850        6.9190012267022007        6.8881935557627827     
        1213   6.4619365127317483        6.9205036932555100        6.8896766825913103     
        1214   6.4633436350956117        6.9221195784482328        6.8912717150263427     
        1215   6.4645911872725268        6.9235534524137234        6.8926868930630842     
        1216   6.4658480423182363        6.9249965464924834        6.8941114134034187     
        1217   6.4671226129605222        6.9264607945132939        6.8955566658059473     
        1218   6.4685270126120589        6.9280736846866908        6.8971487201313311     
        1219   6.4698997789098041        6.9296501621243367        6.8987048519837293     
        1220   6.4712669173485260        6.9312203511804826        6.9002547508485543     
        1221   6.4724979906331370        6.9326345556185140        6.9016506394011268     
        1222   6.4738927935425972        6.9342370938403102        6.9032323682717136     
        1223   6.4751095665396612        6.9356339184514209        6.9046112814712686     
        1224   6.4764733780134573        6.9372010068677987        6.9061579760624756     
        1225   6.4778903489946638        6.9388281554885083        6.9077641420600724     
        1226   6.4792647131075682        6.9404076778737256        6.9093230512664610     
        1227   6.4805729183741736        6.9419111247134691        6.9108068948835344     
        1228   6.4818110064205019        6.9433338279993011        6.9122110882159902     
        1229   6.4831388672567556        6.9448592876540758        6.9137167891727778     
        1230   6.4845525737942395        6.9464845311211487        6.9153207194556483     
        1231   6.4858347084356689        6.9479573681945848        6.9167744870190813     
        1232   6.4871831763018113        6.9495072092345946        6.9183040918912102     
        1233   6.4885739070764705        6.9511050135079513        6.9198811507038904     
        1234   6.4899186826802469        6.9526503759924250        6.9214063822272545     
        1235   6.4912739381262634        6.9542076144538640        6.9229433618751202     
        1236   6.4925888520645065        6.9557183203399848        6.9244344564486546     
        1237   6.4939825205360027        6.9573192284827297        6.9260146187732445     
        1238   6.4954120871720891        6.9589630626783094        6.9276368339236711     
        1239   6.4967316559671300        6.9604801192787438        6.9291340307793403     
        1240   6.4981623145986811        6.9621244667352515        6.9307568975393536     
        1241   6.4995198358405561        6.9636850148071030        6.9322970296230482     
        1242   6.5008023417338308        6.9651585846200730        6.9337514629361783     
        1243   6.5021273376803901        6.9666808496441401        6.9352539776847921     
        1244   6.5035705955423868        6.9683398678459865        6.9368912857484260     
        1245   6.5049490135416903        6.9699240276209302        6.9384547966391370     
        1246   6.5063509492310194        6.9715355566577824        6.9400452346602481     
        1247   6.5077028910311503        6.9730891251877001        6.9415785817891358     
        1248   6.5091425760375072        6.9747448789070186        6.9432125151456008     
        1249   6.5105017670962049        6.9763075890665878        6.9447547300139947     
        1250   6.5117705490016444        6.9777659496235591        6.9461940493248733     
        1251   6.5131960130080362        6.9794044649535785        6.9478111473390731     
        1252   6.5146286706976015        6.9810522253897798        6.9494371790068454     
        1253   6.5160768880775066        6.9827171576685938        6.9510802834963465     
        1254   6.5173725588219744        6.9842068934448172        6.9525504925515191     
        1255   6.5187349103871579        6.9857735972377979        6.9540965824449366     
        1256   6.5201087323074889        6.9873529321512677        6.9556552372210936     
        1257   6.5212877533098474        6.9887087735948334        6.9569932733196493     
        1258   6.5225374853706839        6.9901456372937281        6.9584113032241852     
        1259   6.5238336332761211        6.9916367825281078        6.9598827396148035     
        1260   6.5251949135415845        6.9932027870675864        6.9614280398335948     
        1261   6.5265887907803100        6.9948070511066840        6.9630109568407290     
        1262   6.5279518497707381        6.9963752140097739        6.9645583768500341     
        1263   6.5292609638288406        6.9978813922288605        6.9660446212426343     
        1264   6.5305599849625979        6.9993756631761253        6.9675191681437045     
        1265   6.5318409035526299        7.0008487770514813        6.9689729038894415     
        1266   6.5332005542094365        7.0024131401930676        6.9705165442119865     
        1267   6.5345787239395063        7.0039987712322258        6.9720811815212054     
        1268   6.5358861347679698        7.0055026153845734        6.9735652031961850     
        1269   6.5373068310585021        7.0071371547810140        6.9751781079054549     
        1270   6.5385720711567945        7.0085922894455868        6.9766140975071398     
        1271   6.5398995173786991        7.0101193579535082        6.9781209900203462     
        1272   6.5412264812325072        7.0116448667432207        6.9796265309936052     
        1273   6.5426008789108145        7.0132259986026062        6.9811867640510199     
        1274   6.5439704783451225        7.0148019602924574        6.9827418301531692     
        1275   6.5452566875105846        7.0162818172846571        6.9842020982785193     
        1276   6.5465700675631799        7.0177937852443382        6.9856938926155792     
        1277   6.5478244991322114        7.0192382209064030        6.9871190083755446     
        1278   6.5491714575206732        7.0207880225690662        6.9886482798923701     
        1279   6.5505046282823294        7.0223221510464455        6.9901620625827530     
        1280   6.5518033276027223        7.0238174246849061        6.9916373335437321     
        1281   6.5530942928817257        7.0253036680008361        6.9931037336726183     
        1282   6.5544541859289938        7.0268681918569609        6.9946475737844711     
        1283   6.5556721920112260        7.0282697952499298        6.9960305984729985     
        1284   6.5569947663293924        7.0297919277441432        6.9975325123338497     
        1285   6.5582219600802869        7.0312047314130766        6.9989264689237807     
        1286   6.5594356457472420        7.0326023343002726        7.0003053742908001     
        1287   6.5608199362191382        7.0341948800388563        7.0018768578886297     
        1288   6.5620699816811960        7.0356336661483549        7.0032965185336753     
        1289   6.5634569652389949        7.0372298941713316        7.0048715332376688     
        1290   6.5648004232430797        7.0387761045818751        7.0063971760247883     
        1291   6.5660249414420351        7.0401863868771368        7.0077885340728328     
        1292   6.5673649550588049        7.0417288275981269        7.0093104306008351     
        1293   6.5686045976132581        7.0431559804901029        7.0107185501978027     
        1294   6.5699304976316313        7.0446829281739110        7.0122250156684274     
        1295   6.5711727430450875        7.0461132054071509        7.0136361964536711     
        1296   6.5724533430349394        7.0475884031861948        7.0150915350996250     
        1297   6.5737288754775269        7.0490566597511286        7.0165402437718241     
        1298   6.5750945519490740        7.0506293362821042        7.0180918391391831     
        1299   6.5763204896879479        7.0520414881916542        7.0194850011094623     
        1300   6.5776687402438334        7.0535940492515046        7.0210167778490202     
        1301   6.5788929242539567        7.0550038714251162        7.0224077086627581     
        1302   6.5803767244186071        7.0567120257530034        7.0240930568075512     
        1303   6.5816903404838083        7.0582250291188204        7.0255857446342773     
        1304   6.5829007840790847        7.0596196282857067        7.0269615542276584     
        1305   6.5842220715131781        7.0611410725918491        7.0284626385014057     
        1306   6.5854899040217783        7.0626005897390280        7.0299027041615245     
        1307   6.5868337554822309        7.0641492576021063        7.0314303979336970     
        1308   6.5880266675875543        7.0655234720249771        7.0327861377706915     
        1309   6.5892982250119214        7.0669891591258098        7.0342319298984233     
        1310   6.5904533161797927        7.0683193915698013        7.0355443579428067     
        1311   6.5918111595128597        7.0698828892690742        7.0370869309035955     
        1312   6.5929820316877707        7.0712310842749435        7.0384171143015823     
        1313   6.5943132379375378        7.0727648531344327        7.0399301949057698     
        1314   6.5955712419317152        7.0742141006173451        7.0413599384136836     
        1315   6.5969105679997195        7.0757569227083721        7.0428820046671330     
        1316   6.5982791504922051        7.0773353661687475        7.0444388341270594     
        1317   6.5995815669659779        7.0788362026997165        7.0459193936013333     
        1318   6.6008729173894514        7.0803237784088768        7.0473869595567482     
        1319   6.6021571023918328        7.0818040420591455        7.0488471470952874     
        1320   6.6033223422869227        7.0831460448417012        7.0501711788206602     
        1321   6.6045847993005644        7.0846006065522333        7.0516061223220756     
        1322   6.6058781630507131        7.0860905632707123        7.0530760149786644     
        1323   6.6072155141081161        7.0876316293140489        7.0545962517522538     
        1324   6.6084402080819720        7.0890427964453391        7.0559883686869229     
        1325   6.6097010412984920        7.0904950988249444        7.0574211652842580     
        1326   6.6108986528239191        7.0918752528636082        7.0587826630869897     
        1327   6.6121220424859111        7.0932846640667089        7.0601731074068947     
        1328   6.6134147312239060        7.0947747028370713        7.0616429362770488     
        1329   6.6146993913330219        7.0962555929052860        7.0631037184002183     
        1330   6.6160173671579914        7.0977745208973317        7.0646020914568393     
        1331   6.6172341295567474        7.0991769801414506        7.0659855519842694     
        1332   6.6185110919045016        7.1006491401104315        7.0674376775037775     
        1333   6.6197098394499658        7.1020310080165601        7.0688007882628181     
        1334   6.6210362401936695        7.1035593553961069        7.0703084966301679     
        1335   6.6222662433062913        7.1049765561681895        7.0717065928355503     
        1336   6.6234797338582778        7.1063753734166903        7.0730864397884181     
        1337   6.6247510837033081        7.1078411666997958        7.0745322838017692     
        1338   6.6260258950007493        7.1093101384429094        7.0759814215810772     
        1339   6.6272275799201159        7.1106954409029761        7.0773479244808897     
        1340   6.6286034465029031        7.1122816430279876        7.0789125341076717     
        1341   6.6298691824912028        7.1137403718760615        7.0803515274264957     
        1342   6.6311493766994216        7.1152155704337856        7.0818068067365667     
        1343   6.6324329535305822        7.1166951643111300        7.0832663292988860     
        1344   6.6337488314068693        7.1182130875985123        7.0847634466101512     
        1345   6.6350073544635340        7.1196643026506994        7.0861948844535849     
        1346   6.6363225974283484        7.1211807665896787        7.0876906882012261     
        1347   6.6375207057074190        7.1225620568098424        7.0890532139937070     
        1348   6.6388274680248687        7.1240687432182890        7.0905393713680365     
        1349   6.6401220036812987        7.1255613068554355        7.0920116082468514     
        1350   6.6413099880726483        7.1269308621575229        7.0933625730737129     
        1351   6.6426304603982631        7.1284538263706843        7.0948646971700864     
        1352   6.6438168097878574        7.1298214124409087        7.0962137356254260     
        1353   6.6450373549052717        7.1312281521034198        7.0976014258983877     
        1354   6.6462299708083510        7.1326036729713582        7.0989581572587737     
        1355   6.6474597373354571        7.1340212500162075        7.1003565070948085     
        1356   6.6486332717697563        7.1353745654591041        7.1016913811147813     
        1357   6.6498276721793648        7.1367525277285919        7.1030504455619319     
        1358   6.6510670024372445        7.1381827365816388        7.1044609567409269     
        1359   6.6523218088067120        7.1396302484681948        7.1058886284592049     
        1360   6.6535520620829498        7.1410495286443361        7.1072884350738228     
        1361   6.6548857149147116        7.1425882818333166        7.1088060333115424     
        1362   6.6561256391267687        7.1440188545122494        7.1102169680207865     
        1363   6.6573706717807974        7.1454554135080466        7.1116337747686895     
        1364   6.6587037577047488        7.1469930545434144        7.1131503661445610     
        1365   6.6599511495907207        7.1484331033220236        7.1145704732470394     
        1366   6.6611065796222642        7.1497661361939713        7.1158852223853311     
        1367   6.6623076115934134        7.1511517576981802        7.1172518377414864     
        1368   6.6635613835643523        7.1525985505611436        7.1186787075198037     
        1369   6.6648715821223226        7.1541102838719013        7.1201696541376736     
        1370   6.6660637823190232        7.1554859773890680        7.1215264328776282     
        1371   6.6673558236807917        7.1569775082326785        7.1229973261240236     
        1372   6.6685906675115927        7.1584023205830780        7.1244025584079118     
        1373   6.6699383473635416        7.1599573964861589        7.1259362274179265     
        1374   6.6710615970416276        7.1612536066594625        7.1272146125864504     
        1375   6.6723736148724342        7.1627676800625011        7.1287078273401692     
        1376   6.6736604346403894        7.1642525939538633        7.1301722998513508     
        1377   6.6748531300584828        7.1656293296408116        7.1315300234888461     
        1378   6.6762166459678971        7.1672028495244806        7.1330818466895396     
        1379   6.6774101532905421        7.1685805789887631        7.1344405309999281     
        1380   6.6786245229543590        7.1699821686296881        7.1358227944275976     
        1381   6.6798714177338168        7.1714205996927802        7.1372415149130859     
        1382   6.6811428642733084        7.1728872380326507        7.1386880634454695     
        1383   6.6823864161222053        7.1743224862374895        7.1401035161789181     
        1384   6.6836255152423663        7.1757530517121397        7.1415142693797620     
        1385   6.6848058028631412        7.1771156270525234        7.1428580043368335     
        1386   6.6859933039370469        7.1784857162627196        7.1442092956491150     
        1387   6.6872223761667566        7.1799044481356660        7.1456084305399568     
        1388   6.6884430701721209        7.1813135150683980        7.1469980293034929     
        1389   6.6896555473973267        7.1827131741343102        7.1483783273409651     
        1390   6.6909210902534735        7.1841734489004248        7.1498185237153615     
        1391   6.6921701983801158        7.1856163162053672        7.1512412688318161     
        1392   6.6934363747284120        7.1870779559668181        7.1526826939915242     
        1393   6.6946748429300351        7.1885081792741587        7.1540930324194747     
        1394   6.6958884226459388        7.1899093196219077        7.1554747626476116     
        1395   6.6970840874297366        7.1912891832268437        7.1568356296435693     
        1396   6.6982993015260570        7.1926920239210892        7.1582190679507951     
        1397   6.6995499269242051        7.1941358572708216        7.1596429154931434     
        1398   6.7007349211962506        7.1955036975963012        7.1609918575756542     
        1399   6.7020781231968778        7.1970546108519926        7.1625212360240145     
        1400   6.7032370565256603        7.1983921489128013        7.1638403640008645     
        1401   6.7044866573784825        7.1998352263909418        7.1652633760180500     
        1402   6.7057257044215293        7.2012664249767555        7.1666746125985261     
        1403   6.7069662723689465        7.2026987715993798        7.1680871172507192     
        1404   6.7081859589402937        7.2041074859400149        7.1694762216085026     
        1405   6.7094648913532424        7.2055842431094117        7.1709324676172734     
        1406   6.7105796022739312        7.2068718858792487        7.1722021677996057     
        1407   6.7118196712184206        7.2083044594609893        7.1736147397375989     
        1408   6.7131377407475625        7.2098270188036544        7.1751160465266555     
        1409   6.7142838683935002        7.2111504607480548        7.1764211391401425     
        1410   6.7154715741549822        7.2125227921862392        7.1777742683809880     
        1411   6.7166566882602723        7.2138925026630050        7.1791247434164918     
        1412   6.7179064676783726        7.2153358108555041        7.1805479781812567     
        1413   6.7190979855076849        7.2167116822417299        7.1819047528888449     
        1414   6.7204340289239877        7.2182552183624988        7.1834266963814102     
        1415   6.7216572521092068        7.2196685205731059        7.1848202243496644     
        1416   6.7228546473052182        7.2210520121503521        7.1861843540655812     
        1417   6.7240262830094055        7.2224058930266004        7.1875192665903631     
        1418   6.7253140361461394        7.2238934810827979        7.1889860882353585     
        1419   6.7264870755734831        7.2252490943697989        7.1903226980465540     
        1420   6.7277602669380139        7.2267207861556324        7.1917736778874142     
        1421   6.7288974791650453        7.2280349962098276        7.1930694619408753     
        1422   6.7301051608752589        7.2294307364973465        7.1944456102727656     
        1423   6.7312978239441890        7.2308092682832319        7.1958047604484081     
        1424   6.7325669872129046        7.2322761787319960        7.1972510364428164     
        1425   6.7337076729647052        7.2335953029472559        7.1985514961411692     
        1426   6.7348623034648387        7.2349295071282222        7.1998670246685590     
        1427   6.7359774147788949        7.2362184285367182        7.2011378371811796     
        1428   6.7372212423982898        7.2376573428401771        7.2025562746325447     
        1429   6.7383856317890958        7.2390032200595229        7.2038832426326245     
        1430   6.7395509966793803        7.2403509079117239        7.2052118599127200     
        1431   6.7407527897378641        7.2417395064588881        7.2065810242437340     
        1432   6.7418811699406600        7.2430436518200114        7.2078668763017442     
        1433   6.7431136020188998        7.2444683276714397        7.2092714788680663     
        1434   6.7444403910024446        7.2460021023302899        7.2107836192494927     
        1435   6.7456769459765082        7.2474316932852894        7.2121930515549924     
        1436   6.7468957439167969        7.2488404015008818        7.2135819573660180     
        1437   6.7481240519468395        7.2502602048684599        7.2149817939518144     
        1438   6.7492955430523738        7.2516138905111660        7.2163165210010165     
        1439   6.7504661122285734        7.2529672026031049        7.2176507549445033     
        1440   6.7516567295432077        7.2543436772861751        7.2190078214447224     
        1441   6.7527731666407682        7.2556347833495929        7.2202806570717089     
        1442   6.7538585029749569        7.2568899461298866        7.2215180774115506     
        1443   6.7550817781133903        7.2583042524905270        7.2229124195394458     
        1444   6.7562811230673709        7.2596912778296518        7.2242798033001918     
        1445   6.7574773422085119        7.2610739059681473        7.2256430059385321     
        1446   6.7586799538772393        7.2624647289748028        7.2270141276297020     
        1447   6.7597886111681493        7.2637465864696908        7.2282779011437750     
        1448   6.7610592831593888        7.2652158026358711        7.2297263575503345     
        1449   6.7621947524253478        7.2665284829865922        7.2310205495497124     
        1450   6.7633778673953433        7.2678973076770550        7.2323698974615578     
        1451   6.7646224022379045        7.2693360985926443        7.2337884033598208     
        1452   6.7657563141867341        7.2706480999914262        7.2350817243053838     
        1453   6.7668217705818119        7.2718798455401812        7.2362961380744011     
        1454   6.7680563329928729        7.2733077185021031        7.2377037581963410     
        1455   6.7692417649029180        7.2746783110946360        7.2390550206967808     
        1456   6.7704757783698382        7.2761051280595854        7.2404616843465703     
        1457   6.7716140804403517        7.2774221328234043        7.2417599428979331     
        1458   6.7728378220906027        7.2788376589722352        7.2431553624622635     
        1459   6.7739666156888036        7.2801437040952228        7.2444428220185895     
        1460   6.7751615196836594        7.2815261896760353        7.2458056194514260     
        1461   6.7763508785760607        7.2829017795846900        7.2471617108543187     
        1462   6.7776194193910460        7.2843699735834262        7.2486088736496699     
        1463   6.7788119584712589        7.2857500799046200        7.2499692556829531     
        1464   6.7799669656792831        7.2870859828575485        7.2512862162804241     
        1465   6.7812305066129444        7.2885483458290024        7.2527276304223962     
        1466   6.7824008718455637        7.2899019550384789        7.2540620649844518     
        1467   6.7834806344001493        7.2911503259432004        7.2552928468075546     
        1468   6.7846912183111527        7.2925511642073220        7.2566736884517393     
        1469   6.7859471212779585        7.2940048143587353        7.2581065165221181     
        1470   6.7870811497411605        7.2953177220394112        7.2594005758266960     
        1471   6.7882473461171848        7.2966677949463143        7.2607312750082862     
        1472   6.7894593547202664        7.2980703297250296        7.2621137814058700     
        1473   6.7906964442216262        7.2995019987964405        7.2635249776914854     
        1474   6.7919553111206312        7.3009586465919973        7.2649608523642044     
        1475   6.7930686141714007        7.3022471459324985        7.2662309352767132     
        1476   6.7942827425145271        7.3036519798947221        7.2676157410442457     
        1477   6.7954219915713390        7.3049711594326778        7.2689159399257024     
        1478   6.7965924625547451        7.3063259104134373        7.2702513112091953     
        1479   6.7977709601246907        7.3076897263730309        7.2715956618081128     
        1480   6.7989255552770373        7.3090256926038277        7.2729125896072810     
        1481   6.8001218205805065        7.3104105687074163        7.2742775935609458     
        1482   6.8013038112019970        7.3117781992157269        7.2756257480506745     
        1483   6.8023908980290146        7.3130359047928781        7.2768655800621795     
        1484   6.8035696615255903        7.3144008437499162        7.2782108806018337     
        1485   6.8047107036366077        7.3157213363522491        7.2795125249755435     
        1486   6.8059183806170651        7.3171195694678142        7.2808906592236919     
        1487   6.8069979172831010        7.3183689263109857        7.2821221810155787     
        1488   6.8081597922933366        7.3197145332605942        7.2834483802093573     
        1489   6.8093935983115177        7.3211430070312886        7.2848563233357471     
        1490   6.8105632658404094        7.3224975245044464        7.2861913199816604     
        1491   6.8117276199078285        7.3238459080491882        7.2875202762805262     
        1492   6.8129646396848234        7.3252776140029034        7.2889315109482729     
        1493   6.8140689008465900        7.3265560346836125        7.2901916024295641     
        1494   6.8152316177549448        7.3279021955297550        7.2915184316461543     
        1495   6.8163753578481456        7.3292264796038591        7.2928236924246166     
        1496   6.8176256231793735        7.3306739795936950        7.2942503871361453     
        1497   6.8189293489949971        7.3321838271653874        7.2957384340301887     
        1498   6.8200426513156307        7.3334721736835693        7.2970084069897263     
        1499   6.8212171238229065        7.3348334453504913        7.2983498245080369     
        1500   6.8223873503189072        7.3361882919261179        7.2996852121419913     
        1501   6.8235182314706373        7.3374975833275800        7.3009757050950190     
        1502   6.8247014045536316        7.3388675559045007        7.3023259663419076     
        1503   6.8258788669352590        7.3402311307910093        7.3036698933602899     
        1504   6.8270196832305361        7.3415525411312759        7.3049722136373489     
        1505   6.8282104965823667        7.3429321100447407        7.3063318016725773     
        1506   6.8293881261927165        7.3442957915743508        7.3076758448178252     
        1507   6.8305600693454185        7.3456528143548017        7.3090133463745488     
        1508   6.8316884146982977        7.3469597983471777        7.3103014510752526     
        1509   6.8328832721021353        7.3483436951639725        7.3116653672115799     
        1510   6.8340025855472621        7.3496398864770764        7.3129429033441911     
        1511   6.8351189206509311        7.3509328197496995        7.3142171929891315     
        1512   6.8362861655165794        7.3522850311622827        7.3155498282939009     
        1513   6.8373778592046719        7.3535492046070408        7.3167958304211620     
        1514   6.8384873277150033        7.3548351455553487        7.3180630423721915     
        1515   6.8395861840167154        7.3561084347565231        7.3193178531441907     
        1516   6.8407684123553301        7.3574782833611101        7.3206678184808389     
        1517   6.8419174175203805        7.3588097331780480        7.3219799378389352     
        1518   6.8429596189354687        7.3600176766885728        7.3231703184590682     
        1519   6.8440312111853379        7.3612593350152631        7.3243939813925980     
        1520   6.8452221923719572        7.3626391428475468        7.3257537978843557     
        1521   6.8464472272160961        7.3640587738286261        7.3271527732730268     
        1522   6.8476298108118696        7.3654286756579666        7.3285028616869079     
        1523   6.8487478484514988        7.3667238928411392        7.3297793475993043     
        1524   6.8499512291045992        7.3681181021275233        7.3311533469698640     
        1525   6.8511823343430311        7.3695448288759886        7.3325593034464758     
        1526   6.8523577766047925        7.3709070015118350        7.3339016757125037     
        1527   6.8534919193399171        7.3722206812302042        7.3351963860616207     
        1528   6.8546001713077507        7.3735050200757000        7.3364620512617504     
        1529   6.8557246402002345        7.3748074275143516        7.3377456656265725     
        1530   6.8568996983881254        7.3761697137747273        7.3390880388788124     
        1531   6.8580298628718186        7.3774794406475426        7.3403787371837925     
        1532   6.8591952648452477        7.3788301366577942        7.3417097705704180     
        1533   6.8604181535330779        7.3802477263675934        7.3431066630439208     
        1534   6.8616437990497534        7.3816686434908485        7.3445068049502344     
        1535   6.8628634486171389        7.3830818451502465        7.3458995018607087     
        1536   6.8640032517815417        7.3844033675822507        7.3472016873334569     
        1537   6.8651684818943588        7.3857544482111264        7.3485329735559288     
        1538   6.8662318321344475        7.3869877190200137        7.3497481353058864     
        1539   6.8674622830030065        7.3884134062453564        7.3511531328074877     
        1540   6.8685242593487876        7.3896438546085319        7.3523657672660265     
        1541   6.8696268217128873        7.3909215112746889        7.3536248834137226     
        1542   6.8707404839779684        7.3922121351960239        7.3548967566939663     
        1543   6.8719086320825360        7.3935668812446416        7.3562316069723277     
        1544   6.8729726800612667        7.3948009531220427        7.3574475573665943     
        1545   6.8742030031308516        7.3962273394174565        7.3588530810855737     
        1546   6.8753734245423237        7.3975848131284989        7.3601906027500119     
        1547   6.8765353776633935        7.3989321873126688        7.3615182408154096     
        1548   6.8777906094783674        7.4003876070063130        7.3629523354621371     
        1549   6.8789751451132979        7.4017605732999092        7.3643052935737314     
        1550   6.8801256333330940        7.4030942054582773        7.3656194652279678     
        1551   6.8813103189561078        7.4044676296652172        7.3669728220353328     
        1552   6.8824071232803519        7.4057397595808983        7.3682262584201865     
        1553   6.8835271006692720        7.4070387949389289        7.3695062055459921     
        1554   6.8846199858204438        7.4083067822989248        7.3707554883221462     
        1555   6.8857806035427975        7.4096520660787961        7.3720811697926214     
        1556   6.8868758561738010        7.4109220132907181        7.3733325388897191     
        1557   6.8879851763537090        7.4122082009526107        7.3745999325646379     
        1558   6.8890747892923416        7.4134720555278264        7.3758452070546188     
        1559   6.8901764181369654        7.4147500365521104        7.3771043692813913     
        1560   6.8912821081387703        7.4160335138297881        7.3783687921033740     
        1561   6.8925387597490682        7.4174907056239405        7.3798046222382805     
        1562   6.8936241059854435        7.4187492406266120        7.3810447473302627     
        1563   6.8947435711418228        7.4200487255133663        7.3823249369356230     
        1564   6.8959069681255558        7.4213982915804335        7.3836546351655619     
        1565   6.8970474891829703        7.4227216224806831        7.3849584256189580     
        1566   6.8981233648064890        7.4239694925543622        7.3861879786865137     
        1567   6.8992545667200860        7.4252818139408348        7.3874809682281946     
        1568   6.9002895515809186        7.4264822928889398        7.3886638206700281     
        1569   6.9013765177254802        7.4277427770861904        7.3899058426211797     
        1570   6.9025492603141130        7.4291043523994089        7.3912471343916941     
        1571   6.9037078655824047        7.4304487832152928        7.3925716899608709     
        1572   6.9048210654766811        7.4317403313006531        7.3938441897487461     
        1573   6.9059802243104267        7.4330845971228428        7.3951687368971886     
        1574   6.9072403751061282        7.4345468551688425        7.3966093619811915     
        1575   6.9083026669261773        7.4357788742021036        7.3978233128849258     
        1576   6.9093479650866607        7.4369913730353785        7.3990180052698653     
        1577   6.9104909383831670        7.4383181651590924        7.4003250938409773     
        1578   6.9116576160859360        7.4396722560315336        7.4016591036796688     
        1579   6.9128414074281048        7.4410462529625869        7.4030127151130216     
        1580   6.9139533099581030        7.4423368501411042        7.4042841697986388     
        1581   6.9149709690417227        7.4435177921275919        7.4054476748956963     
        1582   6.9161262817686779        7.4448588600246994        7.4067688227762165     
        1583   6.9171964174534226        7.4461014001828261        7.4079928623879274     
        1584   6.9182419463777238        7.4473140736055665        7.4091877398176944     
        1585   6.9193627323338527        7.4486146019298802        7.4104690622760030     
        1586   6.9205618928336854        7.4500066188105958        7.4118403956870980     
        1587   6.9217136533387178        7.4513438170822068        7.4131576852079144     
        1588   6.9228612177404800        7.4526764640148668        7.4144704144764679     
        1589   6.9239409475447866        7.4539301123302311        7.4157053848436085     
        1590   6.9249845901436711        7.4551411717367575        7.4168985632972779     
        1591   6.9261256499815094        7.4564651621570226        7.4182030136977941     
        1592   6.9272408500194409        7.4577592719781221        7.4194779976708549     
        1593   6.9283751251836065        7.4590754739977019        7.4207747596342131     
        1594   6.9294694330790545        7.4603462607678717        7.4220265868671591     
        1595   6.9305115890318811        7.4615561880766208        7.4232185186958919     
        1596   6.9316091475493646        7.4628310222066609        7.4244742777248893     
        1597   6.9326574720026723        7.4640486246184823        7.4256736752545693     
        1598   6.9337607644039272        7.4653302181302816        7.4269360691726760     
        1599   6.9348753499562426        7.4666240045310914        7.4282106565410304     
        1600   6.9360398859730354        7.4679761234359816        7.4295426222261556     
        1601   6.9371491398086711        7.4692645238540836        7.4308117428435319     
        1602   6.9382504049256086        7.4705430731318474        7.4320712745512871     
        1603   6.9393658429115357        7.4718386093873539        7.4333474322853235     
        1604   6.9404377645551723        7.4730827740099581        7.4345731623468447     
        1605   6.9415109137709115        7.4743288864477826        7.4358007193908193     
        1606   6.9426453425865366        7.4756459113542801        7.4370981416306918     
        1607   6.9437390374873385        7.4769150735990451        7.4383485423752953     
        1608   6.9447947271089570        7.4781414177052099        7.4395565243548338     
        1609   6.9459727344984294        7.4795093592654496        7.4409040561207664     
        1610   6.9470104067889604        7.4807140436828865        7.4420908548532552     
        1611   6.9480218147618071        7.4818888962363097        7.4432481500889418     
        1612   6.9490967010584832        7.4831376032290811        7.4444781481889182     
        1613   6.9501586110584590        7.4843706625495914        7.4456928482954980     
        1614   6.9511683948719636        7.4855435730821096        7.4468482265898945     
        1615   6.9523158238704479        7.4868761516991800        7.4481609019298665     
        1616   6.9535254452599018        7.4882810172980934        7.4495447501369441     
        1617   6.9547323265315315        7.4896826790349715        7.4509254642382574     
        1618   6.9558389345209690        7.4909677456004804        7.4521913605411427     
        1619   6.9569552191250654        7.4922638152639616        7.4534681409164616     
        1620   6.9580369159107232        7.4935207012225069        7.4547061454642627     
        1621   6.9592128502873596        7.4948869829832159        7.4560518857291482     
        1622   6.9603379033822863        7.4961943501099739        7.4573395828486140     
        1623   6.9614111650830885        7.4974410194521939        7.4585676014730904     
        1624   6.9625548569425133        7.4987702254278608        7.4598767712666403     
        1625   6.9636864974710448        7.5000852917244085        7.4611720330349485     
        1626   6.9647751475305011        7.5013499570681690        7.4624177434446795     
        1627   6.9659094349339101        7.5026679923292514        7.4637159615090329     
        1628   6.9670059365801382        7.5039421101392954        7.4649709218165476     
        1629   6.9681091849670853        7.5052240965590293        7.4662336281973785     
        1630   6.9692727819985736        7.5065768210142458        7.4675658807185421     
        1631   6.9704244877687742        7.5079151853867483        7.4688840815482793     
        1632   6.9715575931775851        7.5092319285723681        7.4701809902841267     
        1633   6.9726428132080285        7.5104927957114471        7.4714229372615959     
        1634   6.9737484210969143        7.5117778220958789        7.4726885783775643     
        1635   6.9748885461391890        7.5131023880456969        7.4739932656202246     
        1636   6.9760323118921548        7.5144315557485264        7.4753024019990031     
        1637   6.9771126819139120        7.5156867917135974        7.4765388073944576     
        1638   6.9782535745571730        7.5170133825586083        7.4778452680279610     
        1639   6.9793263612651701        7.5182597923943328        7.4790729888152336     
        1640   6.9804917272971911        7.5196142683777287        7.4804070205355959     
        1641   6.9816402550312313        7.5209485934161551        7.4817213218436960     
        1642   6.9826368250476802        7.5221071289012285        7.4828623574058719     
        1643   6.9838246613401465        7.5234883613190151        7.4842226115774917     
        1644   6.9849086511824137        7.5247486384054225        7.4854638104478957     
        1645   6.9859905838988752        7.5260064048867807        7.4867025605974087     
        1646   6.9870492300279858        7.5272371582953612        7.4879146906406495     
        1647   6.9881319214459907        7.5284962277832355        7.4891546316726787     
        1648   6.9892252716922130        7.5297669341212572        7.4904061907488577     
        1649   6.9903372897536808        7.5310597135715600        7.4916794093761183     
        1650   6.9913745873284343        7.5322658131461306        7.4928672450765319     
        1651   6.9924719940112858        7.5335420873103667        7.4941241096750453     
        1652   6.9936408390570941        7.5349007405662549        7.4954622487619922     
        1653   6.9947109788950437        7.5361444547641181        7.4966872332853720     
        1654   6.9958172109999603        7.5374308898848286        7.4979541268568672     
        1655   6.9968419218898061        7.5386225394012474        7.4991276866344867     
        1656   6.9978826418513647        7.5398326335416961        7.5003194499240458     
        1657   6.9990143871182902        7.5411483041950964        7.5016152185523541     
        1658   7.0000687924923035        7.5423743105747221        7.5028226461881875     
        1659   7.0011560440528040        7.5436387713773971        7.5040678784657953     
        1660   7.0022075804894639        7.5448612433705673        7.5052718679799533     
        1661   7.0032841603930027        7.5461130799669043        7.5065047190911383     
        1662   7.0043820609330947        7.5473903751526832        7.5077625182623873     
        1663   7.0055297721581837        7.5487253625922826        7.5090771614105378     
        1664   7.0065748851000409        7.5499418326288010        7.5102749514607972     
        1665   7.0076712409315798        7.5512167702615693        7.5115305311736345     
        1666   7.0087793581364988        7.5525051137670856        7.5127993653582275     
        1667   7.0098365052948628        7.5537343123445941        7.5140099462029122     
        1668   7.0109957287682798        7.5550822222069511        7.5153374050287916     
        1669   7.0121213700185470        7.5563915238212802        7.5166267593837022     
        1670   7.0131699527249092        7.5576118378540347        7.5178283787200595     
        1671   7.0142603261100254        7.5588804491216006        7.5190776154109376     
        1672   7.0153295606785937        7.5601240670466936        7.5203023159524038     
        1673   7.0164726654938487        7.5614551181613434        7.5216128227021315     
        1674   7.0174483951603808        7.5625902323227203        7.5227306476699534     
        1675   7.0184884722784284        7.5638005554871466        7.5239224466042662     
        1676   7.0195419708807920        7.5650264106820879        7.5251295483893026     
        1677   7.0205462837437684        7.5661945590519375        7.5262799488347589     
        1678   7.0216513030080261        7.5674802611043344        7.5275459920178163     
        1679   7.0227347278265180        7.5687408133296392        7.5287872819321207     
        1680   7.0239141116289030        7.5701129356662307        7.5301384334069565     
        1681   7.0250073049191029        7.5713847173222515        7.5313908118304269     
        1682   7.0261071749968229        7.5726644094702893        7.5326509496751708     
        1683   7.0271203066885590        7.5738430729009103        7.5338116495692899     
        1684   7.0282169531793963        7.5751193859311554        7.5350683788520447     
        1685   7.0293190110799104        7.5764010873379135        7.5363306025693344     
        1686   7.0304122267142724        7.5776741559857950        7.5375839983584862     
        1687   7.0314418056955574        7.5788725904548659        7.5387640252751256     
        1688   7.0325120140768078        7.5801182562787996        7.5399905692732485     
        1689   7.0335514777424510        7.5813279887307221        7.5411817652952307     
        1690   7.0345940214520200        7.5825411785839041        7.5423764001882088     
        1691   7.0357013018386851        7.5838299601331451        7.5436453992545971     
        1692   7.0368434857795830        7.5851594799394659        7.5449544621853173     
        1693   7.0379363858191688        7.5864306895706903        7.5462063187324517     
        1694   7.0390250590009709        7.5876980383643291        7.5474541632029730     
        1695   7.0401516901686145        7.5890087515353324        7.5487448719242991     
        1696   7.0411815687215915        7.5902070325053668        7.5499248569767445     
        1697   7.0422307062933625        7.5914293162335467        7.5511281495419578     
        1698   7.0433384540990511        7.5927186474092085        7.5523976885151622     
        1699   7.0443638189883604        7.5939119352298627        7.5535727037738969     
        1700   7.0454666123644003        7.5951957045348211        7.5548367171088300     
        1701   7.0465041355016389        7.5964032647323263        7.5560257617294893     
        1702   7.0475949940935747        7.5976731670727009        7.5572761377916473     
        1703   7.0486676421493542        7.5989214406884340        7.5585053038845427     
        1704   7.0496983703298781        7.6001219930038051        7.5596872698081592     
        1705   7.0508120822868925        7.6014184333307613        7.5609637765875597     
        1706   7.0519178051406461        7.6027062170243775        7.5622316275593819     
        1707   7.0531042208282297        7.6040869857182996        7.5635911995914951     
        1708   7.0541899560988597        7.6053514513598719        7.5648360979453662     
        1709   7.0553114615747026        7.6066578389647619        7.5661222204671583     
        1710   7.0563574079749527        7.6078754462160747        7.5673211071514732     
        1711   7.0573557552176354        7.6090375500704459        7.5684653792438592     
        1712   7.0584382365559248        7.6102980424100606        7.5697064219008805     
        1713   7.0595414197689177        7.6115829813718197        7.5709714553574310     
        1714   7.0605232702519869        7.6127261992258379        7.5720970527835982     
        1715   7.0616161140095075        7.6139985958365299        7.5733498271249893     
        1716   7.0626066668701037        7.6151516482382080        7.5744851877471584     
        1717   7.0636413279263328        7.6163566357230943        7.5756715363896001     
        1718   7.0647150824910421        7.6176066282386294        7.5769023001205156     
        1719   7.0657387269188021        7.6187987021418522        7.5780759774914968     
        1720   7.0668240421568882        7.6200626653441947        7.5793203912032387     
        1721   7.0678434808076460        7.6212502651876743        7.5804895736654574     
        1722   7.0688917979795605        7.6224717268138313        7.5816920390697016     
        1723   7.0698623308679522        7.6236021034795156        7.5828049533392488     
        1724   7.0709229023206772        7.6248373391654836        7.5840210831542922     
        1725   7.0719970352208268        7.6260879741573619        7.5852524370560221     
        1726   7.0729579061139001        7.6272072050853978        7.5863543638312345     
        1727   7.0740389610271857        7.6284662552273748        7.5875939465856508     
        1728   7.0750993145149881        7.6297020184473761        7.5888104349578560     
        1729   7.0761846649802811        7.6309657748810533        7.5900547026460208     
        1730   7.0772444029170440        7.6322003157318941        7.5912700899593100     
        1731   7.0783489136021469        7.6334869258214608        7.5925367444902552     
        1732   7.0793654719887567        7.6346713220166578        7.5937027425820176     
        1733   7.0803740932285093        7.6358467476207004        7.5948598676740469     
        1734   7.0813508706794357        7.6369847915194908        7.5959802494964990     
        1735   7.0824033513617790        7.6382109233348343        7.5971873581529135     
        1736   7.0835209324402397        7.6395124701811756        7.5984687796122587     
        1737   7.0845409126836856        7.6407007583638897        7.5996386252609014     
        1738   7.0855699445753757        7.6418994291979976        7.6008187333634094     
        1739   7.0866236447030388        7.6431267862359853        7.6020270736773945     
        1740   7.0876039932441168        7.6442689666335939        7.6031515217350067     
        1741   7.0886387110155074        7.6454744703718163        7.6043383010881991     
        1742   7.0896432114301478        7.6466448022032774        7.6054904643402983     
        1743   7.0907275696628878        7.6479084298100233        7.6067344138787014     
        1744   7.0918578631024847        7.6492254310010779        7.6080309113715288     
        1745   7.0928759348474077        7.6504123109341959        7.6091992215048796     
        1746   7.0939761510288140        7.6516944365071042        7.6104613679785018     
        1747   7.0949642662896792        7.6528464608618938        7.6115953516993464     
        1748   7.0959141791692781        7.6539540550206313        7.6126856011056363     
        1749   7.0969281417259102        7.6551359696738235        7.6138490549640636     
        1750   7.0980221474482823        7.6564111872808498        7.6151043267203216     
        1751   7.0990709421919798        7.6576331476412616        7.6163073099845464     
        1752   7.1000674480137826        7.6587947220078023        7.6174507278547523     
        1753   7.1011072552437318        7.6600065134158033        7.6186436375671356     
        1754   7.1021707721666143        7.6612460505696172        7.6198638228712277     
        1755   7.1031985124870367        7.6624434321397619        7.6210425996866951     
        1756   7.1042013971360420        7.6636126976993983        7.6221935543492076     
        1757   7.1051973703813607        7.6647734869654487        7.6233362374782150     
        1758   7.1062401725877598        7.6659894024232624        7.6245330695442366     
        1759   7.1073653243711759        7.6673008845282062        7.6258240451467660     
        1760   7.1084079601077352        7.6685162547529240        7.6270204146012448     
        1761   7.1094890645905258        7.6697765996455818        7.6282610257634200     
        1762   7.1105684769104256        7.6710355256181559        7.6295001191666305     
        1763   7.1116060725018402        7.6722449688476955        7.6306906804367278     
        1764   7.1127204963390884        7.6735439675958883        7.6319693675296811     
        1765   7.1137541121662728        7.6747487618095231        7.6331553519615181     
        1766   7.1148324836646522        7.6760063066353501        7.6343931348560075     
        1767   7.1158335735166469        7.6771732726535769        7.6355418598809548     
        1768   7.1168010201923186        7.6783015668978969        7.6366524221781535     
        1769   7.1178036807649354        7.6794700149774648        7.6378026742727076     
        1770   7.1188527590744881        7.6806927123395523        7.6390062852618836     
        1771   7.1198508092337978        7.6818564284773112        7.6401517647659167     
        1772   7.1209253371887824        7.6831097187997210        7.6413853196520876     
        1773   7.1219611204387681        7.6843178201117235        7.6425743938934518     
        1774   7.1229603661076064        7.6854834154072007        7.6437216266560117     
        1775   7.1239734352014885        7.6866646951687532        7.6448843781007731     
        1776   7.1250565178496021        7.6879278116777403        7.6461276286270596     
        1777   7.1261246662122959        7.6891735875228608        7.6473538014635114     
        1778   7.1271022645454432        7.6903143090183264        7.6484764751966257     
        1779   7.1281040105038747        7.6914823701441364        7.6496262210023760     
        1780   7.1291789697807539        7.6927358774777463        7.6508600382954599     
        1781   7.1302021507761548        7.6939293099788504        7.6520346816153912     
        1782   7.1312255557023159        7.6951229586595682        7.6532095509789251     
        1783   7.1321902367836163        7.6962481549086554        7.6543170463880763     
        1784   7.1333172556184001        7.6975629339770713        7.6556110469495087     
        1785   7.1343981308847324        7.6988239908808200        7.6568521616489305     
        1786   7.1354245123397027        7.7000209242941526        7.6580302781019558     
        1787   7.1364025841418544        7.7011625627438463        7.6591537681369068     
        1788   7.1374137117156060        7.7023427004839409        7.6603151715462845     
        1789   7.1384859462130645        7.7035934351601556        7.6615461815420112     
        1790   7.1394802163846736        7.7047534826279573        7.6626879091321038     
        1791   7.1405334048392621        7.7059823461445918        7.6638973368248475     
        1792   7.1415709818899789        7.7071925499483669        7.6650884990990056     
        1793   7.1425667783951985        7.7083546483663508        7.6662321890822467     
        1794   7.1434802383000973        7.7094202340986282        7.6672809972212761     
        1795   7.1445670452859478        7.7106882528692333        7.6685289613744718     
        1796   7.1455890969916807        7.7118807670338034        7.6697026338310419     
        1797   7.1466055120164711        7.7130676369125348        7.6708705513157813     
        1798   7.1477083458074961        7.7143540469884213        7.6721366798500341     
        1799   7.1488161066453095        7.7156469778743944        7.6734090477541406     
        1800   7.1498627075167995        7.7168685768496266        7.6746112347731703     
        1801   7.1509140629865664        7.7180952093091584        7.6758184779728200     
        1802   7.1519790606779070        7.7193386380916138        7.6770420685793370     
        1803   7.1529975830428620        7.7205277080222121        7.6782122165680171     
        1804   7.1539506331007585        7.7216394431403730        7.6793064392452326     
        1805   7.1549524660531398        7.7228089677980538        7.6804573505966900     
        1806   7.1559038328419273        7.7239196202193039        7.6815503351519050     
        1807   7.1569036907700188        7.7250866194533092        7.6826988146621158     
        1808   7.1579460066054104        7.7263031717650295        7.6838960476222358     
        1809   7.1589966261136393        7.7275286543080197        7.6851022223343035     
        1810   7.1599810394040668        7.7286771015931999        7.6862325490719634     
        1811   7.1609772076752005        7.7298400642802738        7.6873770069179930     
        1812   7.1619127884445657        7.7309317128393946        7.6884514238010002     
        1813   7.1628804211175909        7.7320613051172122        7.6895630477605685     
        1814   7.1639459572191910        7.7333046415457218        7.6907866998178918     
        1815   7.1649861401360830        7.7345191721401845        7.6919818562981259     
        1816   7.1659905595884323        7.7356913280775057        7.6931354478478182     
        1817   7.1669074049107691        7.7367614365407009        7.6941886047330330     
        1818   7.1679393184726106        7.7379658216847531        7.6953738649011978     
        1819   7.1689759113959779        7.7391760645433259        7.6965648203760386     
        1820   7.1700165001106146        7.7403912100008831        7.6977605556180846     
        1821   7.1710428386892708        7.7415889978380896        7.6989393534955681     
        1822   7.1720083265128078        7.7427164503195076        7.7000488116724686     
        1823   7.1730733729891112        7.7439602147593813        7.7012726840067227     
        1824   7.1741493949384907        7.7452167015452575        7.7025090873965825     
        1825   7.1751654407165706        7.7464034527593633        7.7036768227704409     
        1826   7.1761327639629755        7.7475330498464077        7.7047883787755014     
        1827   7.1771680564028379        7.7487420812422334        7.7059780754575309     
        1828   7.1782182548020872        7.7499681286758175        7.7071845982799392     
        1829   7.1792412585942431        7.7511627241989896        7.7083601161370989     
        1830   7.1802374618220188        7.7523260270793521        7.7095048498319665     
        1831   7.1812462656813638        7.7535041853944726        7.7106641687632527     
        1832   7.1822427918748248        7.7546671950249495        7.7118087487068845     
        1833   7.1833146581836242        7.7559184093894791        7.7130400559499090     
        1834   7.1842975234128739        7.7570660437269483        7.7141693965528324     
        1835   7.1852988450836444        7.7582351007920423        7.7153198319304668     
        1836   7.1863432889678700        7.7594552149619016        7.7165203480997819     
        1837   7.1873129833592984        7.7605872512747336        7.7176343854741818     
        1838   7.1883372581664595        7.7617831829205652        7.7188112557475508     
        1839   7.1892669144068986        7.7628690118075347        7.7198797134796431     
        1840   7.1902617429286657        7.7640303966329229        7.7210226260581543     
        1841   7.1913472247338763        7.7652979503565156        7.7222699239083603     
        1842   7.1923488331958181        7.7664683847368572        7.7234214973209800     
        1843   7.1933459837747327        7.7676330577808583        7.7245675264115352     
        1844   7.1943564123029997        7.7688134496557124        7.7257289795192392     
        1845   7.1954028719215621        7.7700352420114775        7.7269312949119522     
        1846   7.1963459233783249        7.7711371972542942        7.7280155360731388     
        1847   7.1972944706271154        7.7722451747914061        7.7291057853275458     
        1848   7.1983349478583794        7.7734606762674190        7.7303017801544147     
        1849   7.1993279631971401        7.7746205225272069        7.7314430707350814     
        1850   7.2003074094594943        7.7757648579118630        7.7325690289074407     
        1851   7.2012230370954455        7.7768341713375433        7.7336212736298870     
        1852   7.2022455226024444        7.7780286410204251        7.7347965755744754     
        1853   7.2032578125329803        7.7792110455151038        7.7359600395235342     
        1854   7.2042045291366206        7.7803173616750456        7.7370485462978520     
        1855   7.2052343456499823        7.7815205106494760        7.7382323579227350     
        1856   7.2062884894789869        7.7827517067766836        7.7394438364162488     
        1857   7.2072610541742037        7.7838876315941574        7.7405616014129128     
        1858   7.2083258863050315        7.7851318672703576        7.7417858028058681     
        1859   7.2093491018287672        7.7863278108948961        7.7429624145542082     
        1860   7.2103737972757260        7.7875249781693192        7.7441403541640321     
        1861   7.2113704185394436        7.7886899171167183        7.7452864756057087     
        1862   7.2123451337444831        7.7898293353775454        7.7464074633481736     
        1863   7.2133295222997855        7.7909797842912738        7.7475393600033797     
        1864   7.2143218475519095        7.7921390128953192        7.7486799903832670     
        1865   7.2154239414585533        7.7934270298278383        7.7499472078484253     
        1866   7.2163230357588573        7.7944781739906475        7.7509813530779947     
        1867   7.2173379483522595        7.7956642778151659        7.7521483215380860     
        1868   7.2183536813018163        7.7968513880371217        7.7533162631249448     
        1869   7.2192926899551191        7.7979484643449597        7.7543957340631273     
        1870   7.2201773335798887        7.7989832352217743        7.7554136590696698     
        1871   7.2211242040356058        7.8000897617000122        7.7565023751668329     
        1872   7.2221209080267750        7.8012543198405488        7.7576482060266256     
        1873   7.2231339266360512        7.8024385749594494        7.7588132940544901     
        1874   7.2241915107352446        7.8036743427916893        7.7600291682853157     
        1875   7.2252358962849490        7.8048954820224514        7.7612304895470698     
        1876   7.2262668748956758        7.8061007415894084        7.7624162240372359     
        1877   7.2272303023428206        7.8072267249027147        7.7635240593040011     
        1878   7.2282696552818750        7.8084417639521950        7.7647194341510106     
        1879   7.2293040875343451        7.8096505831841201        7.7659087750551503     
        1880   7.2303246953505456        7.8108440865525024        7.7670828790306530     
        1881   7.2313188810662377        7.8120063929335934        7.7682263471797341     
        1882   7.2323303066042861        7.8131886115521123        7.7693894625639572     
        1883   7.2332999765583397        7.8143215783307669        7.7705042342065243     
        1884   7.2343186742788346        7.8155127993351723        7.7716761160566747     
        1885   7.2352931378480880        7.8166522724780760        7.7727970859266069     
        1886   7.2363080600840490        7.8178382149102479        7.7739639457342680     
        1887   7.2372514493002589        7.8189409117882995        7.7750488440368128     
        1888   7.2382283218909391        7.8200833601942819        7.7761727207136557     
        1889   7.2391397335660601        7.8211487844966383        7.7772209477089866     
        1890   7.2401093010393200        7.8222825323438583        7.7783362958231379     
        1891   7.2410778792713915        7.8234156055272175        7.7794508906746032     
        1892   7.2420647266529024        7.8245697781191348        7.7805862788015077     
        1893   7.2430635207162233        7.8257378599192098        7.7817353753197658     
        1894   7.2440857013437361        7.8269331348316955        7.7829112487576664     
        1895   7.2450961703665051        7.8281150036969338        7.7840738792535440     
        1896   7.2460551890653599        7.8292369182417705        7.7851774958475692     
        1897   7.2470423237845099        7.8303914518799766        7.7863132376362545     
        1898   7.2479987410281108        7.8315107068537584        7.7874141547975988     
        1899   7.2489490063575328        7.8326224902156545        7.7885077847193802     
        1900   7.2499113725187554        7.8337479421692109        7.7896149538814496     
        1901   7.2508260034464405        7.8348179007513856        7.7906674712952251     
        1902   7.2518576060164275        7.8360242952970580        7.7918542565100397     
        1903   7.2528438090867002        7.8371775168255136        7.7929887458081755     
        1904   7.2538102705167686        7.8383075967943414        7.7941005017686029     
        1905   7.2547651797903354        7.8394252661980328        7.7951998215358289     
        1906   7.2557477828192312        7.8405754204881823        7.7963310897000531     
        1907   7.2567511365872148        7.8417493182042071        7.7974858106505645     
        1908   7.2577126800511795        7.8428742954699651        7.7985924174536247     
        1909   7.2586869624224670        7.8440142612610808        7.7997137435604147     
        1910   7.2595592781112179        7.8450343257939181        7.8007172741403057     
        1911   7.2605454672994876        7.8461884172549077        7.8018524618184015     
        1912   7.2616065715245588        7.8474302198674550        7.8030738975424940     
        1913   7.2625548671612004        7.8485395086847358        7.8041651195064361     
        1914   7.2635313667622405        7.8496817147348370        7.8052887228383092     
        1915   7.2644177325326647        7.8507188855745511        7.8063089452424492     
        1916   7.2654367925958310        7.8519107622147342        7.8074814158393844     
        1917   7.2663962027845637        7.8530335484506644        7.8085858184304131     
        1918   7.2674409166800817        7.8542561218770155        7.8097883313109158     
        1919   7.2684093227894868        7.8553899213086007        7.8109034489807465     
        1920   7.2693652357268954        7.8565079560498274        7.8120032975814961     
        1921   7.2703371664688525        7.8576460243082824        7.8131225882804181     
        1922   7.2712640667295512        7.8587315752523930        7.8141902072097542     
        1923   7.2722319510570816        7.8598638792231741        7.8153040336902713     
        1924   7.2731979034295131        7.8609944732853148        7.8164160774886664     
        1925   7.2741513659042401        7.8621109074999920        7.8175140869069963     
        1926   7.2751680754595798        7.8633006865893291        7.8186843630577885     
        1927   7.2760822741927287        7.8643711187487977        7.8197371461982481     
        1928   7.2770173820950141        7.8654650806288746        7.8208132745730721     
        1929   7.2779934842342877        7.8666077550793885        7.8219371508905873     
        1930   7.2789358818475929        7.8677109413363588        7.8230222025108391     
        1931   7.2799265562210378        7.8688704855867329        7.8241627094996007     
        1932   7.2808903075894182        7.8699988426266900        7.8252724823031272     
        1933   7.2818418437133650        7.8711125531536501        7.8263679339786352     
        1934   7.2828307063106168        7.8722700799079703        7.8275064256640423     
        1935   7.2837538316156776        7.8733507963842104        7.8285693718963083     
        1936   7.2848168463721725        7.8745950139611285        7.8297931383847592     
        1937   7.2857652793827006        7.8757059320149994        7.8308856491059879     
        1938   7.2866760231615730        7.8767715775078759        7.8319338869569917     
        1939   7.2877451966076725        7.8780232082618085        7.8331649104252472     
        1940   7.2886458564653909        7.8790778550497453        7.8342021634770997     
        1941   7.2896641293001201        7.8802700702057287        7.8353747176757382     
        1942   7.2906649042591747        7.8814413755448038        7.8365268010045108     
        1943   7.2916146406837727        7.8825532830898499        7.8376204042539914     
        1944   7.2925746526930899        7.8836771475573189        7.8387257802539416     
        1945   7.2935492644029924        7.8848185230185006        7.8398482977669506     
        1946   7.2945227426485602        7.8859586555033134        7.8409695701441731     
        1947   7.2954308105662200        7.8870216119683301        7.8420150689123487     
        1948   7.2963613571814214        7.8881112788449208        7.8430867593740450     
        1949   7.2973270465163225        7.8892418952661538        7.8441987543005922     
        1950   7.2982686218918582        7.8903444616892093        7.8452831372243272     
        1951   7.2992021131055775        7.8914374895598289        7.8463581428885245     
        1952   7.3001778715477181        7.8925796986918053        7.8474815636294464     
        1953   7.3010755478467368        7.8936303504866387        7.8485149982645366     
        1954   7.3020416283688778        7.8947619706313485        7.8496278612900632     
        1955   7.3029823397920097        7.8958636440824987        7.8507113353689162     
        1956   7.3039875244542580        7.8970410407386682        7.8518692252650730     
        1957   7.3049241526340198        7.8981379466479815        7.8529480070994930     
        1958   7.3058516128375661        7.8992241292748657        7.8540162495600399     
        1959   7.3067708977385095        7.9003012671263040        7.8550754989991791     
        1960   7.3077530053064921        7.9014516569425401        7.8562068396937272     
        1961   7.3087676731557840        7.9026396028323758        7.8573752191405646     
        1962   7.3097269190638894        7.9037637756443484        7.8584806542294210     
        1963   7.3106160369617150        7.9048051733168752        7.8595048409813471     
        1964   7.3115999330616761        7.9059571307410268        7.8606378116869555     
        1965   7.3125421036366678        7.9070609129021934        7.8617232714450775     
        1966   7.3135558265456666        7.9082483623875754        7.8628910240088317     
        1967   7.3146203720675933        7.9094953000736350        7.8641172844345943     
        1968   7.3155303543387378        7.9105615304337116        7.8651658037086607     
        1969   7.3166176761616182        7.9118359416539281        7.8664189229375188     
        1970   7.3175926010500643        7.9129777292407715        7.8675418370701076     
        1971   7.3186133831788824        7.9141734067551379        7.8687176951268034     
        1972   7.3195859882675922        7.9153133808058591        7.8698386379225278     
        1973   7.3205128310041818        7.9163991527207864        7.8709064075841271     
        1974   7.3213949858859015        7.9174324426093552        7.8719226030677190     
        1975   7.3223671535998598        7.9185717234154556        7.8730429089300360     
        1976   7.3233228487149571        7.9196909746805622        7.8741436509512051     
        1977   7.3242794939171665        7.9208117665642970        7.8752458414259836     
        1978   7.3252281211244350        7.9219231056625183        7.8763387446555830     
        1979   7.3262332056932919        7.9231002355931528        7.8774964039211310     
        1980   7.3272207433307806        7.9242572777767846        7.8786342151382778     
        1981   7.3281535490908496        7.9253505151877972        7.8797092249585745     
        1982   7.3290816488033883        7.9264381108353215        7.8807787082934864     
        1983   7.3300598504634467        7.9275849029367835        7.8819063018572271     
        1984   7.3310166755073940        7.9287062828563277        7.8830089785756980     
        1985   7.3320253624718532        7.9298885361473834        7.8841714951845470     
        1986   7.3329660571384183        7.9309906013801301        7.8852552757448624     
        1987   7.3339276522942924        7.9321187204332464        7.8863643385349524     
        1988   7.3348458588605263        7.9331949173536698        7.8874225981058395     
        1989   7.3358089430458291        7.9343228841063480        7.8885319213794460     
        1990   7.3367729056296485        7.9354526635881699        7.8896428569525625     
        1991   7.3377738036072726        7.9366253108052218        7.8907960335618945     
        1992   7.3387517590164153        7.9377718698695432        7.8919233888261910     
        1993   7.3397113973285588        7.9388963808819248        7.8930291766114609     
        1994   7.3406534197500370        7.9400013900245545        7.8941155541873052     
        1995   7.3415828621502754        7.9410913098504592        7.8951871811078798     
        1996   7.3425762956198923        7.9422556176866861        7.8963320706435844     
        1997   7.3435630174363320        7.9434115480256802        7.8974688140689384     
        1998   7.3445394549320255        7.9445556600037408        7.8985938936250752     
        1999   7.3455319151744041        7.9457186471912538        7.8997375113001702     
        2000   7.3464360312209891        7.9467790775245826        7.9007801013458856     
        2001   7.3473539102390113        7.9478553320145116        7.9018383026577279     
        2002   7.3483477863856752        7.9490200436633751        7.9029836049430111     
        2003   7.3492151211394230        7.9500368685739495        7.9039834376661551     
        2004   7.3501015122439002        7.9510763537390199        7.9050054920029798     
        2005   7.3510433990213517        7.9521809061711055        7.9060914940280114     
        2006   7.3519349053141898        7.9532261298279403        7.9071192442895235     
        2007   7.3527961849699972        7.9542354168427982        7.9081117608471025     
        2008   7.3537380512814092        7.9553401670656365        7.9091979215342469     
        2009   7.3546682463491235        7.9564311188256474        7.9102705371694597     
        2010   7.3556421822885119        7.9575731747389353        7.9113934303644537     
        2011   7.3565730309726014        7.9586642388211093        7.9124662973421955     
        2012   7.3575028321090645        7.9597544150356478        7.9135382075847431     
        2013   7.3584548003412609        7.9608715521821569        7.9146364197283212     
        2014   7.3593964988306997        7.9619761481123019        7.9157224118316218     
        2015   7.3604015153621081        7.9631548384452380        7.9168812770513890     
        2016   7.3612741615395070        7.9641789326931942        7.9178880393073339     
        2017   7.3622148461035737        7.9652819566569075        7.9189725609523771     
        2018   7.3631417610662915        7.9663687441731952        7.9200411508526534     
        2019   7.3641078635809736        7.9675010699175628        7.9211545850608118     
        2020   7.3650275151178688        7.9685797178497024        7.9222150914878755     
        2021   7.3659052569536678        7.9696091274471819        7.9232272100131276     
        2022   7.3668733092190815        7.9707447195559720        7.9243436623638450     
        2023   7.3677832607547771        7.9718119106957621        7.9253929236108691     
        2024   7.3687337876233086        7.9729263896273546        7.9264887333862966     
        2025   7.3696461341920694        7.9739966180393189        7.9275409425683510     
        2026   7.3705769397761731        7.9750879402156167        7.9286139914580165     
        2027   7.3715149538422233        7.9761874771688470        7.9296951564038585     
        2028   7.3724865472030077        7.9773270726536127        7.9308155705554730     
        2029   7.3733030212632729        7.9782850454787493        7.9317574014888681     
        2030   7.3743248796167524        7.9794833292525151        7.9329355546339997     
        2031   7.3752783774728901        7.9806018174173685        7.9340352029925985     
        2032   7.3761774135202716        7.9816571814713564        7.9350726502329625     
        2033   7.3771685914433958        7.9828197549344084        7.9362156463026849     
        2034   7.3780463191040404        7.9838491792134860        7.9372277930728918     
        2035   7.3789532229914023        7.9849126843192870        7.9382734636136449     
        2036   7.3798883664796220        7.9860096765933966        7.9393519716279322     
        2037   7.3807938414473835        7.9870725327676864        7.9403967943100069     
        2038   7.3816880518151304        7.9881217378615084        7.9414282872293498     
        2039   7.3826516201459613        7.9892521207390583        7.9425395967564034     
        2040   7.3835584388423916        7.9903162454589394        7.9435857160242405     
        2041   7.3844398762710410        7.9913502055962526        7.9446022790897768     
        2042   7.3854611313483804        7.9925489450970577        7.9457806473545851     
        2043   7.3863566168191666        7.9935995695192874        7.9468135562855737     
        2044   7.3873082046728067        7.9947163819761711        7.9479114373181474     
        2045   7.3882319356924819        7.9958007457312759        7.9489773750296120     
        2046   7.3891755017837291        7.9969088352939224        7.9500665408549969     
        2047   7.3900407133011825        7.9979242898737883        7.9510647973748512     
        2048   7.3909787961703444        7.9990254146706006        7.9521472378764324     
        2049   7.3919807851533461        8.0002015815621910        7.9533034200691892     
        2050   7.3928959436559101        8.0012753770877350        7.9543590769681165     
        2051   7.3937687650579704        8.0022996288629340        7.9553660053582869     
        2052   7.3947599245616686        8.0034627646288339        7.9565094476800065     
        2053   7.3956378687377979        8.0044932306901551        7.9575224475627611     
        2054   7.3966576739725101        8.0056907485708209        7.9586995178980473     
        2055   7.3976274338989043        8.0068283378101466        7.9598179364794666     
        2056   7.3985362576762057        8.0078945640609493        7.9608661922357546     
        2057   7.3994257937090193        8.0089389548120398        7.9618928004031693     
        2058   7.4003469503724579        8.0100201462119234        7.9629556631135268     
        2059   7.4012660797731362        8.0110990646885263        7.9640162506283234     
        2060   7.4022114277440698        8.0122087827817161        7.9651071112452989     
        2061   7.4032054832204262        8.0133757118051676        7.9662541960522457     
        2062   7.4041013703822678        8.0144275404043519        7.9672881371827318     
        2063   7.4050385489473429        8.0155275307569074        7.9683694847659474     
        2064   7.4059932449943906        8.0166480067835941        7.9694709626273355     
        2065   7.4069507008254725        8.0177716012901818        7.9705755352592140     
        2066   7.4079189730167121        8.0189079026777819        7.9716925978932505     
        2067   7.4088598789561502        8.0200126129015068        7.9727785038930410     
        2068   7.4098057179726720        8.0211227036942585        7.9738697767758735     
        2069   7.4106927486422318        8.0221640120351250        7.9748933998368141     
        2070   7.4116494071876247        8.0232873270168632        7.9759975627834869     
        2071   7.4125723434014832        8.0243715432106590        7.9770631881054141     
        2072   7.4135652003221120        8.0255372113492900        7.9782090184414303     
        2073   7.4144747125705326        8.0266053120640848        7.9792588882280109     
        2074   7.4154464104785163        8.0277465980575187        7.9803806438222891     
        2075   7.4163011786169530        8.0287500247131049        7.9813670412467896     
        2076   7.4171462550496559        8.0297425792019137        7.9823426513210984     
        2077   7.4180963057695113        8.0308580169020658        7.9834390934854458     
        2078   7.4190280262423167        8.0319516663385411        7.9845141823406838     
        2079   7.4199708273573384        8.0330587028283578        7.9856023574766883     
        2080   7.4209059523638787        8.0341575502110558        7.9866823147524286     
        2081   7.4219552577224821        8.0353900390151622        7.9878936700357501     
        2082   7.4228514839338455        8.0364421775132051        7.9889279373633864     
        2083   7.4237686105257712        8.0375192531565141        7.9899866309962579     
        2084   7.4247076401951810        8.0386222146411104        7.9910707250153257     
        2085   7.4257249845819260        8.0398165321393957        7.9922447066452031     
        2086   7.4266898401427266        8.0409501784717019        7.9933588811405087     
        2087   7.4276662073485076        8.0420972329073095        7.9944862426691037     
        2088   7.4286082085229808        8.0432039698981903        7.9955739923424742     
        2089   7.4295210049553102        8.0442756361241141        7.9966274367010461     
        2090   7.4304920393301357        8.0454157803467847        7.9977481510369737     
        2091   7.4314094294018886        8.0464934711210816        7.9988073927626075     
        2092   7.4323532524149281        8.0476019734345012        7.9998969593044302     
        2093   7.4332699124535146        8.0486782100715324        8.0009548842918239     
        2094   7.4341834124276156        8.0497516068985497        8.0020098366420207     
        2095   7.4350850469625458        8.0508104453179463        8.0030506227517133     
        2096   7.4359896883832599        8.0518727961584826        8.0040948657984909     
        2097   7.4368546747139410        8.0528895906679114        8.0050941263613300     
        2098   7.4377778982924410        8.0539738478053611        8.0061598691574272     
        2099   7.4387220950512907        8.0550831787874291        8.0072501565568466     
        2100   7.4396212482912807        8.0561394323009434        8.0082883283083017     
        2101   7.4405484777765878        8.0572290044859685        8.0093591619928919     
        2102   7.4414092600969992        8.0582404581378331        8.0103532581620396     
        2103   7.4423370989264210        8.0593310037038641        8.0114250018524373     
        2104   7.4432662022050780        8.0604228352599350        8.0124980503817653     
        2105   7.4440838920401466        8.0613834967178448        8.0134422673051198     
        2106   7.4450002444621477        8.0624598323235581        8.0145002046726734     
        2107   7.4458965134193553        8.0635129002898971        8.0155352181765700     
        2108   7.4467821874805669        8.0645533532691136        8.0165578508548219     
        2109   7.4477008989043698        8.0656329060904657        8.0176188422333841     
        2110   7.4486009438103276        8.0666906307705180        8.0186583727268559     
        2111   7.4495704505099587        8.0678294914144342        8.0197777279197133     
        2112   7.4504265591434411        8.0688355799213269        8.0207665252024896     
        2113   7.4514103994177221        8.0699909074227456        8.0219021333855665     
        2114   7.4523111577771202        8.0710491528911028        8.0229422257413638     
        2115   7.4532420440936882        8.0721431348336754        8.0240173765138607     
        2116   7.4541414143154174        8.0732004896959264        8.0250564478115187     
        2117   7.4551060299435754        8.0743336527239222        8.0261701989335119     
        2118   7.4560717577487887        8.0754687268264735        8.0272856860804307     
        2119   7.4569747317155688        8.0765305334567064        8.0283290910950136     
        2120   7.4579303719535330        8.0776535928251771        8.0294328124366547     
        2121   7.4588334140015062        8.0787152707768399        8.0304761461347987     
        2122   7.4598238603409763        8.0798792576594742        8.0316200807132816     
        2123   7.4606901240824657        8.0808974099726374        8.0326207106655687     
        2124   7.4615888672968653        8.0819538652856213        8.0336589529888229     
        2125   7.4625121474781366        8.0830397409909001        8.0347259579812800     
        2126   7.4634419091791360        8.0841331571581581        8.0358004001802872     
        2127   7.4643222794042794        8.0851680583256105        8.0368174571460695     
        2128   7.4652059696480180        8.0862067580796957        8.0378382692752268     
        2129   7.4660989071624222        8.0872567181636246        8.0388700482445135     
        2130   7.4670339467939364        8.0883556736352471        8.0399500653806690     
        2131   7.4679080215423106        8.0893829704350644        8.0409596743693648     
        2132   7.4689081837570086        8.0905588185604671        8.0421151741799601     
        2133   7.4697761649835295        8.0915794700701547        8.0431181646717889     
        2134   7.4706827351397029        8.0926451185564279        8.0441654256358941     
        2135   7.4715432665137769        8.0936569798987517        8.0451597729260129     
        2136   7.4724619953837603        8.0947367165342321        8.0462209094511561     
        2137   7.4734301333697823        8.0958746061731794        8.0473391878504810     
        2138   7.4743397021069056        8.0969432928274898        8.0483895405661325     
        2139   7.4752346965931409        8.0979955158371020        8.0494235855759122     
        2140   7.4761791560512982        8.0991057140472993        8.0505146206316578     
        2141   7.4770613463326017        8.1001427622498099        8.0515337639772735     
        2142   7.4779995104736035        8.1012453562046556        8.0526173715788651     
        2143   7.4788800622993570        8.1022805979317045        8.0536347330060298     
        2144   7.4797457150591091        8.1032981261211567        8.0546347251183672     
        2145   7.4806282468169849        8.1043362567870822        8.0556547855588398     
        2146   7.4815756226437049        8.1054502602044511        8.0567494746534205     
        2147   7.4824696600552079        8.1065014288132353        8.0577824759085583     
        2148   7.4833489297499165        8.1075351943452834        8.0587983685897449     
        2149   7.4842466793633990        8.1085911772698971        8.0598359880586354     
        2150   7.4851188972912341        8.1096171204282310        8.0608441029245590     
        2151   7.4860491337816235        8.1107114066078214        8.0619193295431639     
        2152   7.4869600944924874        8.1117826922174316        8.0629720331900039     
        2153   7.4878635403155167        8.1128458807726638        8.0640166325840070     
        2154   7.4887756228675224        8.1139186518492288        8.0650707522829954     
        2155   7.4896447083828015        8.1149410223783853        8.0660753329008266     
        2156   7.4905839141293757        8.1160458577210939        8.0671609333492711     
        2157   7.4914459491176419        8.1170598001358449        8.0681572677037128     
        2158   7.4923201084959796        8.1180877151804971        8.0691673851330510     
        2159   7.4933273120535278        8.1192725862319151        8.0703315781423210     
        2160   7.4942234559949013        8.1203264828060995        8.0713672036550577     
        2161   7.4951636125589793        8.1214325582497171        8.0724539890552673     
        2162   7.4960082069024372        8.1224261541772087        8.0734303041486761     
        2163   7.4968494923712203        8.1234158838532853        8.0744028133423456     
        2164   7.4978005822580380        8.1245344775557520        8.0755019855529948     
        2165   7.4987260853280304        8.1256231228492588        8.0765716935765663     
        2166   7.4996006686743488        8.1266525971649539        8.0775831239502427     
        2167   7.5005370028078664        8.1277543302540156        8.0786656250736648     
        2168   7.5014032808172297        8.1287737519774090        8.0796672432352050     
        2169   7.5023332405467036        8.1298676698997330        8.0807421234879762     
        2170   7.5032073607230201        8.1308960113137179        8.0817525626687807     
        2171   7.5040725507977291        8.1319136325578398        8.0827525290130549     
        2172   7.5049644418120378        8.1329631478559410        8.0837837123140108     
        2173   7.5058034265662270        8.1339502556612029        8.0847536271467355     
        2174   7.5066932509208106        8.1349970633123423        8.0857822102640693     
        2175   7.5076468331035109        8.1361190478579513        8.0868846080779964     
        2176   7.5085704320670628        8.1372059708594353        8.0879525179393070     
        2177   7.5094471253986077        8.1382375939312208        8.0889661262274348     
        2178   7.5102615625749545        8.1391959354672920        8.0899077560678183     
        2179   7.5111450752592601        8.1402357476425529        8.0909293775692586     
        2180   7.5120095942974876        8.1412534543804611        8.0919292273043588     
        2181   7.5128886563436916        8.1422884573961873        8.0929460396029143     
        2182   7.5137769579804639        8.1433340595749950        8.0939733090672821     
        2183   7.5146934033191544        8.1444125513124650        8.0950329475275176     
        2184   7.5156101364341170        8.1454913195745302        8.0960928662570968     
        2185   7.5165511878602356        8.1465985632417883        8.0971807874385568     
        2186   7.5174125637682581        8.1476131062914323        8.0981774149722572     
        2187   7.5183027510145148        8.1486610338152996        8.0992069535753402     
        2188   7.5191694816787020        8.1496820236191141        8.1002098800092632     
        2189   7.5200285974401293        8.1506936191956871        8.1012036875762519     
        2190   7.5209056725619536        8.1517264321609542        8.1022183075398910     
        2191   7.5218178307213925        8.1528000111404832        8.1032730996728759     
        2192   7.5226699482985140        8.1538032989952498        8.1042587614521402     
        2193   7.5235013629974716        8.1547819653735107        8.1052202891851461     
        2194   7.5243499921424979        8.1557818809871456        8.1062024877762937     
        2195   7.5252331800630596        8.1568217127826195        8.1072240445431891     
        2196   7.5260804236233785        8.1578195521649874        8.1082042833749970     
        2197   7.5269553580008086        8.1588491103217997        8.1092158642622962     
        2198   7.5278840572709829        8.1599422821394150        8.1102898635499034     
        2199   7.5287750117844814        8.1609911037692147        8.1113202908962325     
        2200   7.5295655867633755        8.1619222895523986        8.1122350596883237     
        2201   7.5304254209775534        8.1629345796879917        8.1132295816591693     
        2202   7.5312720723935120        8.1639312245357178        8.1142087700883536     
        2203   7.5321454470818745        8.1649597269164218        8.1152191539051373     
        2204   7.5330050772039261        8.1659720300762864        8.1162136265954157     
        2205   7.5338247455690688        8.1669374338954448        8.1171620078770079     
        2206   7.5347756080944785        8.1680574644637520        8.1182622322675098     
        2207   7.5356663358771918        8.1691062003185468        8.1192925378109599     
        2208   7.5365669763286931        8.1701666044067132        8.1203343005623374     
        2209   7.5374718650109953        8.1712325239188708        8.1213813787856779     
        2210   7.5383250089274840        8.1722375426871245        8.1223686198161431     
        2211   7.5391685630634564        8.1732310935991599        8.1233446374051681     
        2212   7.5400854078152770        8.1743104377577183        8.1244050312535752     
        2213   7.5409728389054091        8.1753550176485295        8.1254313099610975     
        2214   7.5419019529243112        8.1764493851099989        8.1265063334604424     
        2215   7.5427807206402671        8.1774844631773114        8.1275231250464479     
        2216   7.5436069465103088        8.1784575880728330        8.1284790899002441     
        2217   7.5444442465819908        8.1794442940977454        8.1294482765728286     
        2218   7.5453283416079380        8.1804860611562020        8.1304715494096804     
        2219   7.5461498546554182        8.1814542311094858        8.1314225317677806     
        2220   7.5470853344790063        8.1825552936962733        8.1325042968346164     
        2221   7.5479822365627545        8.1836111705358068        8.1335416422748530     
        2222   7.5489332946273517        8.1847310307534293        8.1346417789259018     
        2223   7.5498090741121349        8.1857626369225347        8.1356551594156610     
        2224   7.5506461685049020        8.1867488261892110        8.1366239093392760     
        2225   7.5515577718194562        8.1878229765941981        8.1376790007862123     
        2226   7.5524055429099777        8.1888215673947187        8.1386599637297312     
        2227   7.5533522028490045        8.1899365223399840        8.1397552234743049     
        2228   7.5541715953481745        8.1909021729522511        8.1407037371280406     
        2229   7.5549660770362657        8.1918379157693995        8.1416229968486640     
        2230   7.5558405170169500        8.1928680655170201        8.1426349142773535     
        2231   7.5566695061536144        8.1938448490864975        8.1435943917211979     
        2232   7.5574673547549462        8.1947845990021264        8.1445175737834781     
        2233   7.5583375355572535        8.1958101503861620        8.1455248875901578     
        2234   7.5592852286743009        8.1969264188402633        8.1466214148283136     
        2235   7.5601261560878443        8.1979172199994004        8.1475946774471293     
        2236   7.5609657393532483        8.1989064947775780        8.1485664137057281     
        2237   7.5618604043423714        8.1999605415740859        8.1496017928532023     
        2238   7.5627863638362305        8.2010516037373744        8.1506734910032268     
        2239   7.5636948951510377        8.2021223690797722        8.1517252050443911     
        2240   7.5646178635206303        8.2032097564179871        8.1527933448624506     
        2241   7.5655071847301727        8.2042574585338883        8.1538225034574605     
        2242   7.5663028972313011        8.2051949498646604        8.1547434227829108     
        2243   7.5671496476233591        8.2061931133549209        8.1557237957838158     
        2244   7.5680650583584885        8.2072719710999440        8.1567834648297239     
        2245   7.5689551037537672        8.2083212071545635        8.1578139740813409     
        2246   7.5698536828784180        8.2093799784542938        8.1588539748073750     
        2247   7.5706532647779987        8.2103221416723944        8.1597794541884383     
        2248   7.5715516558393707        8.2113807163524992        8.1608192489601237     
        2249   7.5724505095636063        8.2124400573022402        8.1618597453511441     
        2250   7.5733161920856107        8.2134601726211915        8.1628617597496049     
        2251   7.5741877739426799        8.2144871250125124        8.1638705117064436     
        2252   7.5750247462999125        8.2154732529191339        8.1648391820790280     
        2253   7.5759301009768585        8.2165401988952276        8.1658871664094050     
        2254   7.5768110348023523        8.2175779464048588        8.1669065615906771     
        2255   7.5776756545934241        8.2185970449960628        8.1679075217070611     
        2256   7.5785751053437513        8.2196568269617440        8.1689485220041718     
        2257   7.5794381931149895        8.2206742539669833        8.1699478162326322     
        2258   7.5803190354247727        8.2217126114200507        8.1709676628775920     
        2259   7.5811198793677343        8.2226565702848191        8.1718948406883083     
        2260   7.5819742945653674        8.2236638105543864        8.1728841303281889     
        2261   7.5828889690965058        8.2247420503914661        8.1739431348915215     
        2262   7.5837550708763324        8.2257631207277484        8.1749459923289773     
        2263   7.5846222325049286        8.2267856269274802        8.1759502089850766     
        2264   7.5855030113500064        8.2278237249866049        8.1769698370490644     
        2265   7.5863947866282571        8.2288748284847681        8.1780022301347390     
        2266   7.5872608541284183        8.2298953601626117        8.1790046750438883     
        2267   7.5882133471969437        8.2310184377520699        8.1801076517725324     
        2268   7.5890854330914195        8.2320466595032791        8.1811175143436046     
        2269   7.5899846272490530        8.2331065977718652        8.1821585644020303     
        2270   7.5908660867177860        8.2341461463118577        8.1831794916106144     
        2271   7.5917645551629720        8.2352051013121841        8.1842196149058672     
        2272   7.5927259689524016        8.2363381819742774        8.1853325321654395     
        2273   7.5935510994600799        8.2373110879356002        8.1862880686208896     
        2274   7.5944153532891505        8.2383301179871218        8.1872888764051641     
        2275   7.5953318445915938        8.2394111183005894        8.1883504647600613     
        2276   7.5961734614021230        8.2404036179392843        8.1893252121876401     
        2277   7.5970518763640147        8.2414399660001116        8.1903429044354539     
        2278   7.5979373819670046        8.2424837520679581        8.1913680959829467     
        2279   7.5988955337130664        8.2436135729804043        8.1924776961285382     
        2280   7.5997534284365935        8.2446254928789031        8.1934714629947401     
        2281   7.6005188071534651        8.2455280252427663        8.1943578846313301     
        2282   7.6013979756551242        8.2465649449018290        8.1953762167996054     
        2283   7.6023237616330919        8.2476567577190156        8.1964484585617203     
        2284   7.6031878961569710        8.2486759909837382        8.1974494146152370     
        2285   7.6040517787741768        8.2496945336035932        8.1984497721195098     
        2286   7.6048995099819088        8.2506943188608073        8.1994316599215029     
        2287   7.6057321291560331        8.2516765865752753        8.2003962847916547     
        2288   7.6066327697302460        8.2527391816712186        8.2014397460653985     
        2289   7.6075160034563920        8.2537816854393729        8.2024633800792497     
        2290   7.6083713916978626        8.2547904173194890        8.2034540691279680     
        2291   7.6091759882491106        8.2557392807466847        8.2043859619808241     
        2292   7.6100116553798314        8.2567248208196418        8.2053538689612768     
        2293   7.6108003753868685        8.2576552995846555        8.2062676518781519     
        2294   7.6116891526412100        8.2587038962606183        8.2072973695239426     
        2295   7.6125656376823176        8.2597379682389889        8.2083128296779257     
        2296   7.6134508265945797        8.2607822205598076        8.2093383112083895     
        2297   7.6142866003378149        8.2617676466279768        8.2103061430637929     
        2298   7.6151440749668833        8.2627792796237713        8.2112995846935508     
        2299   7.6160003458751904        8.2637890138959520        8.2122912571270135     
        2300   7.6168296593949911        8.2647673375027644        8.2132520211348066     
        2301   7.6177032770533613        8.2657983471333729        8.2142644104888429     
        2302   7.6185840781534724        8.2668367141996875        8.2152842695506934     
        2303   7.6194220674240825        8.2678255287744502        8.2162552749126831     
        2304   7.6202986194086515        8.2688597325494744        8.2172708572672111     
        2305   7.6211597229129513        8.2698757931789739        8.2182686097144000     
        2306   7.6219721439375796        8.2708345339395777        8.2192100681527531     
        2307   7.6228504535221440        8.2718708542594133        8.2202277202637664     
        2308   7.6236806535324551        8.2728500207807460        8.2211893517788983     
        2309   7.6245107527090887        8.2738292220952534        8.2221509765580851     
        2310   7.6253574042864747        8.2748278698675879        8.2231317163043052     
        2311   7.6261865570181904        8.2758061708964750        8.2240924113196350     
        2312   7.6270301247144223        8.2768014541238895        8.2250697928953400     
        2313   7.6278678735927770        8.2777901060595589        8.2260406098271126     
        2314   7.6287254174598074        8.2788021258934101        8.2270343683597265     
        2315   7.6295837715610810        8.2798148130224050        8.2280288357392255     
        2316   7.6304394060418286        8.2808246168907331        8.2290204135775440     
        2317   7.6312742408292005        8.2818101014856467        8.2299880617955932     
        2318   7.6321622068932538        8.2828578597143139        8.2310169351258136     
        2319   7.6330350509330751        8.2838880102659100        8.2320284842952969     
        2320   7.6339494260498686        8.2849675043198303        8.2330883879065215     
        2321   7.6347882964055742        8.2859570803518370        8.2340601911118458     
        2322   7.6356787316659886        8.2870082909097906        8.2350923343559472     
        2323   7.6364911359004255        8.2879671945227784        8.2360339212481843     
        2324   7.6373292916706550        8.2889565208231328        8.2370053574163542     
        2325   7.6381670752547892        8.2899449212642420        8.2379759924257385     
        2326   7.6390010857482036        8.2909288262239347        8.2389422319397649     
        2327   7.6398222930669277        8.2918984058614082        8.2398942229877807     
        2328   7.6406439435421865        8.2928681682765824        8.2408464747219003     
        2329   7.6414372205825298        8.2938046052796359        8.2417659759205470     
        2330   7.6422614278791627        8.2947775477601251        8.2427213231752372     
        2331   7.6431345235161263        8.2958078924499326        8.2437330786734631     
        2332   7.6439944489152989        8.2968229758777206        8.2447297904011609     
        2333   7.6448562625827652        8.2978404807914394        8.2457288369624315     
        2334   7.6457162991943211        8.2988564466229935        8.2467262519971882     
        2335   7.6465776543978841        8.2998736575268541        8.2477249551043954     
        2336   7.6474783366629620        8.3009374674591978        8.2487693666378732     
        2337   7.6483585955452398        8.3019762316928851        8.2497893974246939     
        2338   7.6492044335466849        8.3029749813575400        8.2507700224613529     
        2339   7.6500596408540282        8.3039846035171383        8.2517613607686915     
        2340   7.6508929059557707        8.3049685805893247        8.2527274772571939     
        2341   7.6517401739198627        8.3059685618260257        8.2537094054585722     
        2342   7.6526373266686507        8.3070281066520746        8.2547496572776637     
        2343   7.6535359825420022        8.3080893661963380        8.2557916029359486     
        2344   7.6543966108230341        8.3091058821177626        8.2567895944397165     
        2345   7.6552996096273986        8.3101719667605902        8.2578363416922205     
        2346   7.6561425885169205        8.3111675919225938        8.2588138416740797     
        2347   7.6569716117478723        8.3121465769152536        8.2597750494958131     
        2348   7.6578248767999515        8.3131543400763537        8.2607644564053011     
        2349   7.6586419651668116        8.3141189787812149        8.2617116184632930     
        2350   7.6595043671660354        8.3151374402343787        8.2627115458990978     
        2351   7.6603899236629687        8.3161823762747922        8.2637376528707733     
        2352   7.6612616934934028        8.3172121841159345        8.2647486645602228     
        2353   7.6620942173632844        8.3181950976582417        8.2657137661026212     
        2354   7.6629374947852664        8.3191908809015711        8.2666914647607292     
        2355   7.6637432785362485        8.3201430319335294        8.2676261839503784     
        2356   7.6645491042389997        8.3210952516880372        8.2685609843656511     
        2357   7.6653645665295684        8.3220589248326249        8.2695070038416354     
        2358   7.6662396746489705        8.3230929780960459        8.2705221214194413     
        2359   7.6671372297008036        8.3241532566944159        8.2715630423579878     
        2360   7.6680060490190369        8.3251795000302646        8.2725705758486416     
        2361   7.6688913882567027        8.3262250227483907        8.2735970787722231     
        2362   7.6696868666974201        8.3271645345848775        8.2745195006591423     
        2363   7.6705377267117685        8.3281700283721936        8.2755065633908416     
        2364   7.6714211203240676        8.3292136760876669        8.2765311400915067     
        2365   7.6722490962612930        8.3301915514664824        8.2774912214894467     
        2366   7.6730627223515153        8.3311522926204944        8.2784345207196601     
        2367   7.6738965872470173        8.3321369239997232        8.2794012795268426     
        2368   7.6746492546979708        8.3330258416036855        8.2802740579373495     
        2369   7.6755231737581298        8.3340579812346078        8.2812874183517629     
        2370   7.6763797859019389        8.3350696746501232        8.2822806965147500     
        2371   7.6772226607228973        8.3360651970221280        8.2832580839079437     
        2372   7.6781329675219609        8.3371403943365419        8.2843136841642622     
        2373   7.6790374618583268        8.3382090265557789        8.2853627509568142     
        2374   7.6799625390438031        8.3393013125475317        8.2864351953499540     
        2375   7.6808461679392970        8.3403451479989776        8.2874599709918968     
        2376   7.6817119189423142        8.3413678581464250        8.2884640213042911     
        2377   7.6825525215346442        8.3423608512535772        8.2894389125867480     
        2378   7.6833630120109389        8.3433185606715945        8.2903791033781840     
        2379   7.6842104926280603        8.3443201999443453        8.2913623762300315     
        2380   7.6850459430531668        8.3453070284270279        8.2923312262928501     
        2381   7.6858781315658629        8.3462902808759072        8.2932965049513623     
        2382   7.6866977141673996        8.3472588464602975        8.2942473178328324     
        2383   7.6874258174599328        8.3481195829186952        8.2950922569640326     
        2384   7.6882624212888970        8.3491083809941795        8.2960628969346573     
        2385   7.6891403661740041        8.3501457413286673        8.2970812685817190     
        2386   7.6900086897190114        8.3511719273430991        8.2980886293980944     
        2387   7.6908360810222121        8.3521501017624917        8.2990488063667396     
        2388   7.6916774856337096        8.3531448309018259        8.3000252319616159     
        2389   7.6925082484507419        8.3541267667826826        8.3009891432895042     
        2390   7.6933490053693454        8.3551204842112128        8.3019646299146519     
        2391   7.6941954058865969        8.3561209264504743        8.3029466982200386     
        2392   7.6950628527129119        8.3571465004897885        8.3039533785424453     
        2393   7.6959617938499179        8.3582088643263575        8.3049962643528108     
        2394   7.6967896789264767        8.3591870032410576        8.3059565409784071     
        2395   7.6976111174259856        8.3601578041658886        8.3069095433172180     
        2396   7.6984877385393959        8.3611938438788211        8.3079265791702426     
        2397   7.6993502898962172        8.3622137777928529        8.3089276786196802     
        2398   7.7001979297133394        8.3632153667631020        8.3099109401680700     
        2399   7.7010545621478572        8.3642284303966186        8.3109052901887228     
        2400   7.7018303234702472        8.3651455219282482        8.3118055188141344     
        2401   7.7026327980493443        8.3660935051103991        8.3127362174587720     
        2402   7.7034823263513008        8.3670979013315243        8.3137221135425730     
        2403   7.7042802803772359        8.3680409320353384        8.3146478862752655     
        2404   7.7050540222741724        8.3689554374069992        8.3155456240041108     
        2405   7.7058517538228264        8.3698980779762309        8.3164710272107456     
        2406   7.7066681521121563        8.3708631125525272        8.3174183295344957     
        2407   7.7075264541841895        8.3718783183817624        8.3184147296546449     
        2408   7.7083779540055133        8.3728850546272486        8.3194029247180978     
        2409   7.7092288955487938        8.3738911408897696        8.3203904677070639     
        2410   7.7100700821979320        8.3748857680479851        8.3213667525235060     
        2411   7.7108750200892269        8.3758374473065800        8.3223009161446644     
        2412   7.7116815352922066        8.3767912126953696        8.3232370717909294     
        2413   7.7125538282264960        8.3778223702322681        8.3242492546939975     
        2414   7.7133214209089340        8.3787298324576422        8.3251400429664386     
        2415   7.7141103408004135        8.3796623378054598        8.3260554455574525     
        2416   7.7149562239818819        8.3806630646600873        8.3270375908135783     
        2417   7.7158337032048170        8.3817002403922771        8.3280557009618068     
        2418   7.7166134979773275        8.3826226379433564        8.3289610428643339     
        2419   7.7174345144789758        8.3835936569022547        8.3299141214470005     
        2420   7.7182550540761552        8.3845640397028429        8.3308665830369684     
        2421   7.7191318059060814        8.3856012297077331        8.3318845215082131     
        2422   7.7199980645664423        8.3866254980685788        8.3328899064124702     
        2423   7.7208076627272657        8.3875830064873913        8.3338297279065490     
        2424   7.7215620256790345        8.3884752754551357        8.3347055015715750     
        2425   7.7223742937992341        8.3894363208791276        8.3356487144752727     
        2426   7.7232147453609299        8.3904307704480168        8.3366246896338101     
        2427   7.7240637805393506        8.3914347712702089        8.3376101416254418     
        2428   7.7249248568494870        8.3924537019451133        8.3386101122748837     
        2429   7.7257890385535521        8.3934758272198273        8.3396133234848691     
        2430   7.7266660888709593        8.3945132976635133        8.3406315732493166     
        2431   7.7275008436871762        8.3955005058387044        8.3416005519076304     
        2432   7.7283270646386182        8.3964780197848601        8.3425599241398807     
        2433   7.7291227850587934        8.3974191812217338        8.3434836881094050     
        2434   7.7299554824145620        8.3984041148912318        8.3444503855160654     
        2435   7.7307320004100477        8.3993226231184490        8.3453519078386620     
        2436   7.7315757758499002        8.4003206661807859        8.3463314545352105     
        2437   7.7323726273476634        8.4012631098340709        8.3472564766966109     
        2438   7.7332620654971054        8.4023155028554655        8.3482892992209461     
        2439   7.7341156986320057        8.4033253975403550        8.3492804558493159     
        2440   7.7349221917936122        8.4042795732638957        8.3502169402243691     
        2441   7.7357114839970542        8.4052133344584501        8.3511334027688342     
        2442   7.7365151335133877        8.4061647910503776        8.3520670621435560     
        2443   7.7373809257070807        8.4071891511216101        8.3530724042452942     
        2444   7.7382426249466461        8.4082085601895660        8.3540728993595330     
        2445   7.7390418026239356        8.4091546085246573        8.3550012941733893     
        2446   7.7398242657914489        8.4100804273990377        8.3559099267268060     
        2447   7.7406199434838596        8.4110221900664630        8.3568341460971798     
        2448   7.7414352300837219        8.4119866916869679        8.3577807733306315     
        2449   7.7422115595533434        8.4129056411794245        8.3586825875604411     
        2450   7.7431037622063759        8.4139603995344210        8.3597179243005382     
        2451   7.7439815262244576        8.4149986262143344        8.3607369219870122     
        2452   7.7448392043370315        8.4160133588371959        8.3617328050273052     
        2453   7.7457219252858875        8.4170577014295382        8.3627577614249073     
        2454   7.7465648162939029        8.4180549069979413        8.3637364610399221     
        2455   7.7473863593795542        8.4190275182163106        8.3646908916321348     
        2456   7.7482219771206626        8.4200162195854578        8.3656612280564620     
        2457   7.7491007429243313        8.4210559559875566        8.3666816417754060     
        2458   7.7499408314894787        8.4220501199816482        8.3676572935429832     
        2459   7.7508218025275122        8.4230930420627974        8.3686807012243065     
        2460   7.7515699808166634        8.4239782897024931        8.3695495480580213     
        2461   7.7524279470526869        8.4249933356006572        8.3705457800782845     
        2462   7.7532466996186438        8.4259624671414848        8.3714968438901547     
        2463   7.7540892662331879        8.4269594513647732        8.3724752975033621     
        2464   7.7549043070932564        8.4279242432742478        8.3734220758552507     
        2465   7.7556864446160958        8.4288497383399843        8.3743303894184571     
        2466   7.7565231109573221        8.4298402326831550        8.3753023585243636     
        2467   7.7573929180193373        8.4308691517732210        8.3763122171210735     
        2468   7.7582557961251748        8.4318906484171841        8.3773146160158696     
        2469   7.7591558005896735        8.4329561314605108        8.3783601593459487     
        2470   7.7599550866725542        8.4339022495693747        8.3792886226201091     
        2471   7.7608332995608889        8.4349422277325097        8.3803090764664372     
        2472   7.7616368689857849        8.4358934046625258        8.3812425037159937     
        2473   7.7624872140100827        8.4369000025733953        8.3822303066390909     
        2474   7.7633065922308075        8.4378699048818238        8.3831821232571002     
        2475   7.7641500067797491        8.4388687659802315        8.3841622362423980     
        2476   7.7649766698782843        8.4398472874942598        8.3851224939908420     
        2477   7.7657278254085611        8.4407365900429081        8.3859951983406411     
        2478   7.7665541320232832        8.4417147661184462        8.3869551077346607     
        2479   7.7674231074570690        8.4427437207244154        8.3879647769975740     
        2480   7.7682691171428626        8.4437452498552297        8.3889475765461690     
        2481   7.7691567999500570        8.4447958718373695        8.3899786054179408     
        2482   7.7699343792738551        8.4457166392063314        8.3908821302247709     
        2483   7.7707563585052553        8.4466894092089824        8.3918367982711590     
        2484   7.7715267066281406        8.4476011692660951        8.3927315913975864     
        2485   7.7723367595568700        8.4485600727049270        8.3936726117382694     
        2486   7.7731366593052700        8.4495074133303500        8.3946021760840015     
        2487   7.7739411703198167        8.4504595128560940        8.3955365687832675     
        2488   7.7747681298750067        8.4514390289875880        8.3964976692389826     
        2489   7.7756243420743889        8.4524522605903130        8.3974920425078832     
        2490   7.7764378911242265        8.4534157029142243        8.3984374233901402     
        2491   7.7772185625945918        8.4543405006063281        8.3993448327138154     
        2492   7.7779957437563088        8.4552610850744880        8.4002481207953821     
        2493   7.7788114118735328        8.4562270767461669        8.4011959871949777     
        2494   7.7796157337399494        8.4571796685736693        8.4021307021875593     
        2495   7.7804039714467903        8.4581130862155316        8.4030466366350964     
        2496   7.7811982620252937        8.4590543521383790        8.4039701121585608     
        2497   7.7819969592716651        8.4600000433858060        8.4048981132105389     
        2498   7.7827576630432489        8.4609012946661828        8.4057824126140872     
        2499   7.7835226348197342        8.4618074649067925        8.4066715530520035     
        2500   7.7843131692563166        8.4627439099519410        8.4075903981390141     
        2501   7.7851416024143640        8.4637251516405527        8.4085531963908196     
        2502   7.7859284245194305        8.4646572897528962        8.4094677985116508     
        2503   7.7866850818365752        8.4655535750077124        8.4103472537690092     
        2504   7.7875158367286845        8.4665377033276279        8.4113128472268226     
        2505   7.7883241319917769        8.4674952107262573        8.4122523503496325     
        2506   7.7890831560524809        8.4683942737047690        8.4131345296827984     
        2507   7.7900256250735715        8.4695109024925550        8.4142300725035515     
        2508   7.7908613086721221        8.4705011132448789        8.4152016036533066     
        2509   7.7916734491664981        8.4714640039007953        8.4161461968455420     
        2510   7.7924819851704745        8.4724214293865163        8.4170857104203911     
        2511   7.7933157999627642        8.4734089857400630        8.4180547215282431     
        2512   7.7940980622584295        8.4743357253846963        8.4189640217899164     
        2513   7.7948300305600329        8.4752034419040516        8.4198153153178694     
        2514   7.7956831339862234        8.4762137511995519        8.4208066678225837     
        2515   7.7964667584783536        8.4771421512438074        8.4217175890089582     
        2516   7.7972649417938129        8.4780872753731984        8.4226450278024618     
        2517   7.7980759324685165        8.4790487075479053        8.4235882109690614     
        2518   7.7988577115331763        8.4799753911987885        8.4244973361557953     
        2519   7.7996422084353814        8.4809051346026774        8.4254095080431419     
        2520   7.8004610351515318        8.4818748892578384        8.4263610664627659     
        2521   7.8013144312062002        8.4828863489054775        8.4273533627137223     
        2522   7.8021449463581458        8.4838704826332503        8.4283189112480450     
        2523   7.8029536175937775        8.4848288604587108        8.4292591786694331     
        2524   7.8037970398003207        8.4858285701885823        8.4302399459385313     
        2525   7.8046437885036548        8.4868318012551125        8.4312242467661118     
        2526   7.8054829706704689        8.4878264779185599        8.4322000762709628     
        2527   7.8062817671917051        8.4887727727494813        8.4331285589551168     
        2528   7.8071358698165918        8.4897851095901427        8.4341217141128570     
        2529   7.8079529024798058        8.4907536579555885        8.4350719015655109     
        2530   7.8087397884615957        8.4916865473221037        8.4359870957138181     
        2531   7.8094936540974240        8.4925798209248633        8.4368635326977497     
        2532   7.8103148234880466        8.4935532330842012        8.4378184864005785     
        2533   7.8111538972111987        8.4945477283994943        8.4387941525971861     
        2534   7.8118964409611387        8.4954275627332283        8.4396574116130409     
        2535   7.8126667750617109        8.4963405432118915        8.4405531410058057     
        2536   7.8135007898631459        8.4973285226085871        8.4415225296745628     
        2537   7.8143162598713749        8.4982951581862185        8.4424708459169189     
        2538   7.8150747535010057        8.4991940991898343        8.4433527879691592     
        2539   7.8158821891221768        8.5001508450219685        8.4442914951261727     
        2540   7.8167045544414790        8.5011254314461144        8.4452476532967573     
        2541   7.8175419096832632        8.5021175739095884        8.4462210822684742     
        2542   7.8184019697873817        8.5031371710834485        8.4472213219285042     
        2543   7.8191944183922386        8.5040769710594422        8.4481432156414886     
        2544   7.8200116598441261        8.5050458183337838        8.4490936801654701     
        2545   7.8208172604140982        8.5060005806755132        8.4500303839327682     
        2546   7.8216787472962315        8.5070223322509655        8.4510326199778767     
        2547   7.8224522757299644        8.5079394246536655        8.4519323105593394     
        2548   7.8232034047246986        8.5088298341921274        8.4528058593031865     
        2549   7.8240009677306803        8.5097752056610005        8.4537333308057292     
        2550   7.8247738605058803        8.5106911540278620        8.4546319922361945     
        2551   7.8256264859445928        8.5117023554867028        8.4556238988670653     
        2552   7.8264057542540515        8.5126261633426097        8.4565301924698613     
        2553   7.8272329536889096        8.5136069209865681        8.4574923206652723     
        2554   7.8280118925237190        8.5145309428754778        8.4583986931896913     
        2555   7.8288499876968887        8.5155246143623842        8.4593734789085158     
        2556   7.8297238284783850        8.5165605291233195        8.4603897328338231     
        2557   7.8305532124309583        8.5175439634993086        8.4613544689642648     
        2558   7.8314301468015941        8.5185838324644756        8.4623745395223260     
        2559   7.8322416722380765        8.5195463974101546        8.4633187329741126     
        2560   7.8330607135251906        8.5205171335951437        8.4642711003909437     
        2561   7.8338748710833404        8.5214824980047510        8.4652181201050460     
        2562   7.8346195833841268        8.5223660235980212        8.4660847743710566     
        2563   7.8353759326724441        8.5232628562398602        8.4669645736270667     
        2564   7.8360918808977971        8.5241121192314555        8.4677976436149489     
        2565   7.8369247139344429        8.5251002943003673        8.4687668839892556     
        2566   7.8376950003857235        8.5260138220715422        8.4696630143658069     
        2567   7.8385308194923899        8.5270057012866385        8.4706358330357556     
        2568   7.8393295350497283        8.5279530569111657        8.4715651269004226     
        2569   7.8400521837232846        8.5288095965080561        8.4724054790678558     
        2570   7.8409229522128978        8.5298427448585485        8.4734188266053483     
        2571   7.8416732166659298        8.5307322656930129        8.4742914805356246     
        2572   7.8424844834429690        8.5316944162973964        8.4752352924529308     
        2573   7.8432888897942705        8.5326484087761472        8.4761711021100989     
        2574   7.8441211595507356        8.5336355427824948        8.4771394066649997     
        2575   7.8448772901001940        8.5345324672226877        8.4780192122069238     
        2576   7.8456362258257579        8.5354329043332253        8.4789024243909026     
        2577   7.8464099330034918        8.5363512361659453        8.4798031017283630     
        2578   7.8472996592875859        8.5374068497879865        8.4808384676513153     
        2579   7.8481100999358286        8.5383682249257671        8.4817814690023674     
        2580   7.8489319022825681        8.5393432462837264        8.4827378166637004     
        2581   7.8497586924829328        8.5403238886460713        8.4836997293956511     
        2582   7.8505822700911674        8.5413003101281824        8.4846576101046303     
        2583   7.8513752106491665        8.5422410430097901        8.4855803457709946     
        2584   7.8522223322050611        8.5432460304168725        8.4865661089655262     
        2585   7.8530921306236721        8.5442782252605962        8.4875784625028334     
        2586   7.8538841394797094        8.5452178319783823        8.4885001203072488     
        2587   7.8546757109291363        8.5461569742224146        8.4894212901807435     
        2588   7.8554852175379768        8.5471177662948623        8.4903636267241342     
        2589   7.8562823881127040        8.5480633198798834        8.4912911356366436     
        2590   7.8570962051294444        8.5490287449076963        8.4922381016968949     
        2591   7.8578651150514522        8.5499409746708874        8.4931328987815924     
        2592   7.8586250697934998        8.5508426300778115        8.4940173188589725     
        2593   7.8594472848482573        8.5518184735901812        8.4949744077805036     
        2594   7.8602156802845755        8.5527300218826632        8.4958685521274511     
        2595   7.8610126242636804        8.5536754302659297        8.4967958939858832     
        2596   7.8617839610785412        8.5545912153925681        8.4976940322576109     
        2597   7.8626013066810749        8.5555608859124881        8.4986451444323468     
        2598   7.8633562392096721        8.5564568016054654        8.4995238854283883     
        2599   7.8641517826822245        8.5574014056502428        8.5004502580117478     
        2600   7.8649407278357399        8.5583379885945039        8.5013687984972730     
        2601   7.8657255100216794        8.5592689199239693        8.5022819567754215     
        2602   7.8664999798296869        8.5601877673428035        8.5031832459059622     
        2603   7.8672400742974649        8.5610660215214907        8.5040446808628740     
        2604   7.8680322650449375        8.5620062280484586        8.5049668276248944     
        2605   7.8687884068484593        8.5629034791290231        8.5058469031242616     
        2606   7.8695226351729453        8.5637749891409598        8.5067016671978557     
        2607   7.8703146628838470        8.5647146287205604        8.5076233544572286     
        2608   7.8710935473307657        8.5656389282452992        8.5085299254732032     
        2609   7.8718543388367062        8.5665418710956480        8.5094155375941192     
        2610   7.8726558898750998        8.5674933048264510        8.5103486709492451     
        2611   7.8733847873988623        8.5683586177123701        8.5111973456498191     
        2612   7.8741338585814269        8.5692476668445892        8.5120693346019376     
        2613   7.8749292122823462        8.5701916281398027        8.5129951750507864     
        2614   7.8757532509077572        8.5711697991901037        8.5139545069586386     
        2615   7.8765646306248156        8.5721330674022553        8.5148991875038256     
        2616   7.8772982832945155        8.5730040304318749        8.5157533873889157     
        2617   7.8780967821524444        8.5739522015037544        8.5166832361622120     
        2618   7.8788718298697935        8.5748718972402003        8.5175853185124222     
        2619   7.8796974340630737        8.5758518266156116        8.5185464079957480     
        2620   7.8805167771393281        8.5768245593960444        8.5195003927630637     
        2621   7.8812716473850388        8.5777206302175824        8.5203792395271574     
        2622   7.8820678557792085        8.5786657757954590        8.5213062111757907     
        2623   7.8828800089984634        8.5796299947270942        8.5222518305124595     
        2624   7.8837026435959725        8.5806069104025653        8.5232098407228918     
        2625   7.8844939031927916        8.5815462090826653        8.5241310628778546     
        2626   7.8853466836189696        8.5825588768685890        8.5251241378671665     
        2627   7.8861147557390057        8.5834708055519471        8.5260184857716119     
        2628   7.8868969605400574        8.5843993372841556        8.5269291614228546     
        2629   7.8876297561809654        8.5852694239868494        8.5277824653604277     
        2630   7.8883920698019701        8.5861745894122130        8.5286701641115386     
        2631   7.8892328940912106        8.5871730221160760        8.5296492995161550     
        2632   7.8900563594615196        8.5881503253128351        8.5306078205778206     
        2633   7.8908552414899882        8.5890985677956770        8.5315378272467495     
        2634   7.8916565811353667        8.5900500185515725        8.5324709270417340     
        2635   7.8924327857293690        8.5909719967935185        8.5333750384942988     
        2636   7.8932069748618021        8.5918917153979208        8.5342769241677860     
        2637   7.8939431330860614        8.5927656725368138        8.5351340560621196     
        2638   7.8947475661340860        8.5937208695106904        8.5360707986699200     
        2639   7.8955163945109277        8.5946337495586711        8.5369660659572464     
        2640   7.8962779540666403        8.5955381575354721        8.5378530087786935     
        2641   7.8970299842065135        8.5964316952442434        8.5387291895456592     
        2642   7.8979045331000961        8.5974702977061188        8.5397476829116155     
        2643   7.8986852269636021        8.5983975253072433        8.5406569577071085     
        2644   7.8995102628157889        8.5993768709496194        8.5416174525890032     
        2645   7.9002479950139142        8.6002534585853212        8.5424770125574145     
        2646   7.9010305889640788        8.6011834754160610        8.5433889176296631     
        2647   7.9018621160805953        8.6021706976404406        8.5443570910026914     
        2648   7.9026498479292693        8.6031067378656818        8.5452748963385794     
        2649   7.9034876586698424        8.6041014695030675        8.5462504285821144     
        2650   7.9042131099085235        8.6049624393486841        8.5470948987930324     
        2651   7.9049166626300149        8.6057984919844515        8.5479147098322130     
        2652   7.9056924564752711        8.6067202205814244        8.5488185319330938     
        2653   7.9065332384100344        8.6077188868313463        8.5497978282640670     
        2654   7.9073094221976259        8.6086411447817071        8.5507021636018461     
        2655   7.9081280041335908        8.6096133664327752        8.5516555480392693     
        2656   7.9089553850547079        8.6105966800707208        8.5526196805923682     
        2657   7.9097309805381775        8.6115180780121108        8.5535231975230701     
        2658   7.9104901678211599        8.6124199690678989        8.5544075881229595     
        2659   7.9112374150720903        8.6133082682762563        8.5552785310524815     
        2660   7.9120537608676447        8.6142783721841436        8.5562297404167040     
        2661   7.9128366694627053        8.6152085022468476        8.5571418156746830     
        2662   7.9135884431270096        8.6161011862095211        8.5580172787654529     
        2663   7.9143302719458779        8.6169822062862913        8.5588812805145036     
        2664   7.9151044906215517        8.6179025699911431        8.5597836559181957     
        2665   7.9159131537398979        8.6188639387139787        8.5607262208650194     
        2666   7.9167246330420413        8.6198280825357401        8.5616716226068235     
        2667   7.9174994798685194        8.6207488427026107        8.5625744760048725     
        2668   7.9181985677293412        8.6215795965076634        8.5633890775541488     
        2669   7.9189850239367825        8.6225142528773198        8.5643055231196126     
        2670   7.9197347244809517        8.6234048276120525        8.5651788435045066     
        2671   7.9205438763697815        8.6243667492202842        8.5661219369920865     
        2672   7.9213922083620396        8.6253745210593209        8.5671101325292742     
        2673   7.9221607882112925        8.6262880702619995        8.5680058516749202     
        2674   7.9229455435379714        8.6272209904126935        8.5689205277299330     
        2675   7.9237018345876669        8.6281199318873689        8.5698019372202516     
        2676   7.9245046987155092        8.6290741129186106        8.5707375164005590     
        2677   7.9252340201840017        8.6299408697908859        8.5715873984146569     
        2678   7.9260188760384640        8.6308735860047321        8.5725019412050720     
        2679   7.9268609973116222        8.6318741837868185        8.5734830574090068     
        2680   7.9276714683539664        8.6328375924951644        8.5744276286224164     
        2681   7.9284541000329147        8.6337680816585909        8.5753398959043228     
        2682   7.9292071789986203        8.6346634865485701        8.5762177686034491     
        2683   7.9300434773271009        8.6356579918524599        8.5771927500035776     
        2684   7.9308407874014737        8.6366057578450466        8.5781219950237482     
        2685   7.9316563487708445        8.6375752348337720        8.5790725157018581     
        2686   7.9324316593488273        8.6384969806677798        8.5799762351992044     
        2687   7.9331798641545754        8.6393863816094516        8.5808482695077259     
        2688   7.9340056561393553        8.6403684146545832        8.5818110196676134     
        2689   7.9347796026559543        8.6412880586964622        8.5827127776202747     
        2690   7.9355572510495840        8.6422127503462569        8.5836193323899739     
        2691   7.9363575954177925        8.6431643516828025        8.5845522807277295     
        2692   7.9371664462369331        8.6441259217501791        8.5854950312055429     
        2693   7.9380095836256057        8.6451276404227784        8.5864772720833287     
        2694   7.9387681571832927        8.6460300188765125        8.5873618808250054     
        2695   7.9395378873904452        8.6469449009420654        8.5882589151104991     
        2696   7.9404029245535463        8.6479732028979850        8.5892671018130091     
        2697   7.9411846150275442        8.6489021823573822        8.5901779919469945     
        2698   7.9420149169117398        8.6498896690340032        8.5911460517317142     
        2699   7.9427798983302189        8.6507992986059268        8.5920378411929743     
        2700   7.9435928079436930        8.6517662482582178        8.5929857428716687     
        2701   7.9443295505956097        8.6526423044309162        8.5938446455424433     
        2702   7.9450635828991443        8.6535149419974005        8.5947002413455298     
        2703   7.9458192887391839        8.6544134181534407        8.5955811364807175     
        2704   7.9465529886819892        8.6552854540693165        8.5964361869029986     
        2705   7.9472850271710662        8.6561557825514015        8.5972895094708264     
        2706   7.9480031029748792        8.6570097578546896        8.5981267501376397     
        2707   7.9487912144699271        8.6579468429957362        8.5990454686006341     
        2708   7.9495920429994538        8.6588990940035995        8.5999790531563374     
        2709   7.9502931342972136        8.6597329099632674        8.6007965237362534     
        2710   7.9510286837629636        8.6606075991553695        8.6016540719191887     
        2711   7.9517790720894395        8.6615001817567006        8.6025291088779046     
        2712   7.9525245337277086        8.6623865952869092        8.6033981735487490     
        2713   7.9533013025391757        8.6633102141993579        8.6043037031232465     
        2714   7.9540489899020708        8.6641990026022615        8.6051751467476212     
        2715   7.9548292339096331        8.6651269686647314        8.6060848934562539     
        2716   7.9555472346338973        8.6659808812882311        8.6069220581012100     
        2717   7.9562860712336558        8.6668596208254414        8.6077835485552736     
        2718   7.9570387249410226        8.6677548374288929        8.6086611703166902     
        2719   7.9577847869282614        8.6686423137408877        8.6095311823564806     
        2720   7.9585526790618335        8.6695555334300867        8.6104264834556794     
        2721   7.9593770677908520        8.6705365782459527        8.6113881009227988     
        2722   7.9601923134266590        8.6715059777814485        8.6123384834268997     
        2723   7.9609658045834033        8.6724257451689937        8.6132402192681798     
        2724   7.9617156197605627        8.6733173669602088        8.6141143837376823     
        2725   7.9625356792379351        8.6742928480524135        8.6150706659634384     
        2726   7.9632984559174114        8.6752002747324077        8.6159602258449173     
        2727   7.9641401433693861        8.6762017738647632        8.6169419336747790     
        2728   7.9649159462476735        8.6771246492662648        8.6178466395508924     
        2729   7.9656624552562514        8.6780127485158189        8.6187172551488409     
        2730   7.9663911271419527        8.6788795567881181        8.6195670085971692     
        2731   7.9671322972092131        8.6797609090029795        8.6204311020653339     
        2732   7.9679332914205530        8.6807145008879836        8.6213657383127185     
        2733   7.9687112530440762        8.6816402527251739        8.6222731924306366     
        2734   7.9694612920913563        8.6825327220572941        8.6231480525247459     
        2735   7.9702157972458521        8.6834304357470593        8.6240280589102110     
        2736   7.9709876353058213        8.6843487765482461        8.6249282887737913     
        2737   7.9717242420516667        8.6852250514343083        8.6257873228269997     
        2738   7.9725333050510256        8.6861876806694713        8.6267309485978423     
        2739   7.9732898189927992        8.6870876685022882        8.6276132150914400     
        2740   7.9740784952686541        8.6880261474656937        8.6285331624769608     
        2741   7.9748206405375353        8.6889090212131777        8.6293986611768041     
        2742   7.9756190240930627        8.6898588285796272        8.6303297443421094     
        2743   7.9764264663606967        8.6908191773603836        8.6312712145197175     
        2744   7.9772115488496569        8.6917536370137203        8.6321871537142947     
        2745   7.9779378191260601        8.6926180663850410        8.6330344693619150     
        2746   7.9787951947794928        8.6936382448071878        8.6340344823086230     
        2747   7.9795982897088020        8.6945939706660518        8.6349713025657628     
        2748   7.9803620481058388        8.6955030100374220        8.6358623276572164     
        2749   7.9811802584639491        8.6964769585179482        8.6368169514243380     
        2750   7.9820012861528067        8.6974540979699828        8.6377747295637608     
        2751   7.9828265624023826        8.6984359929659210        8.6387372333373662     
        2752   7.9836294511198949        8.6993917263505054        8.6396739943068628     
        2753   7.9843977162723707        8.7003058276960292        8.6405700622170833     
        2754   7.9851450651342128        8.7011949957247072        8.6414417118555171     
        2755   7.9859341723828559        8.7021337635574607        8.6423619702873804     
        2756   7.9867217211792711        8.7030710254110133        8.6432806825187676     
        2757   7.9875160121377808        8.7040165161656819        8.6442074237630901     
        2758   7.9882381143674301        8.7048756565780590        8.6450496433854447     
        2759   7.9890133515784232        8.7057983440603284        8.6459540545014146     
        2760   7.9897918750586738        8.7067243457903274        8.6468618429871089     
        2761   7.9905700861004094        8.7076507747740397        8.6477698796902853     
        2762   7.9913577084038616        8.7085882003547770        8.6486887369381389     
        2763   7.9920924545309635        8.7094626227853791        8.6495458803020764     
        2764   7.9928642351857473        8.7103809032147836        8.6504460402550531     
        2765   7.9935752873348127        8.7112270070325906        8.6512754593084331     
        2766   7.9943244265553925        8.7121187999583682        8.6521495654735983     
        2767   7.9950130911814492        8.7129388211866310        8.6529533007111894     
        2768   7.9957680470861803        8.7138377671812179        8.6538343740651449     
        2769   7.9964385289156095        8.7146357147887947        8.6546165641052557     
        2770   7.9972721186009217        8.7156279115871502        8.6555890860787539     
        2771   7.9980438899555937        8.7165467985405751        8.6564897183684959     
        2772   7.9987635188576593        8.7174037912389277        8.6573296577271197     
        2773   7.9995161487596889        8.7182995854621161        8.6582077264036013     
        2774   8.0002692796617243        8.7191963653244109        8.6590866631671233     
        2775   8.0010441596012125        8.7201191828685012        8.6599910956468165     
        2776   8.0018157696946002        8.7210375148431041        8.6608912587287445     
        2777   8.0025994761027057        8.7219706671855644        8.6618058567707283     
        2778   8.0033578192509296        8.7228740240639517        8.6626911494038890     
        2779   8.0040679326521413        8.7237197972686005        8.6635200782212962     
        2780   8.0048814144760652        8.7246885400832035        8.6644695068594135     
        2781   8.0056976642065329        8.7256605981733237        8.6654221873557784     
        2782   8.0064724474218973        8.7265831862560042        8.6663264137681129     
        2783   8.0071934635028192        8.7274416361979235        8.6671678187843817     
        2784   8.0079173786957618        8.7283037097358829        8.6680127405302123     
        2785   8.0086353332172902        8.7291592431520026        8.6688511190814541     
        2786   8.0094104091460032        8.7300823104174654        8.6697557875034867     
        2787   8.0101781818795565        8.7309967652241607        8.6706519976504612     
        2788   8.0109486617031038        8.7319145708314920        8.6715514603536192     
        2789   8.0117141440815800        8.7328260963719124        8.6724448501693079     
        2790   8.0124934736897906        8.7337542736502893        8.6733545042135933     
        2791   8.0132962226216620        8.7347103533940302        8.6742915050666820     
        2792   8.0140535175824752        8.7356122131334715        8.6751754183124934     
        2793   8.0148154491346197        8.7365192229229400        8.6760644510782470     
        2794   8.0156282774248417        8.7374874144252708        8.6770132847020420     
        2795   8.0163608692651458        8.7383600074177377        8.6778684676052471     
        2796   8.0171043731303300        8.7392454348223865        8.6787362646840123     
        2797   8.0178690758395756        8.7401558740702043        8.6796286296295300     
        2798   8.0186501446588121        8.7410860144021409        8.6805402305851800     
        2799   8.0194290626205191        8.7420138216699392        8.6814495052870271     
        2800   8.0202027225921100        8.7429356869162529        8.6823528874706071     
        2801   8.0210338707659510        8.7439258077990551        8.6833231805603397     
        2802   8.0218061401877634        8.7448458952837811        8.6842248528456878     
        2803   8.0225814609871478        8.7457694431581636        8.6851299459484128     
        2804   8.0233793402802061        8.7467195181896038        8.6860611080094365     
        2805   8.0241921494496022        8.7476876042529028        8.6870098788342549     
        2806   8.0249961096730633        8.7486458960741338        8.6879488651825341     
        2807   8.0257024685892464        8.7494872080683503        8.6887734231832621     
        2808   8.0264703556814041        8.7504011669466379        8.6896692840222993     
        2809   8.0271745845793028        8.7512402940680722        8.6904916117219173     
        2810   8.0278979559192720        8.7521022759624341        8.6913363240822274     
        2811   8.0286577819021225        8.7530075146368365        8.6922234448101143     
        2812   8.0293908493915946        8.7538801659044871        8.6930788029959754     
        2813   8.0301407332381363        8.7547734950307063        8.6939542769523133     
        2814   8.0309202612584567        8.7557017435649840        8.6948640446280585     
        2815   8.0316566373303768        8.7565793142667037        8.6957240171864960     
        2816   8.0324409041535461        8.7575137037060067        8.6966396941894537     
        2817   8.0332148517796558        8.7584354276305589        8.6975430514186574     
        2818   8.0340065499384625        8.7593794115954697        8.6984679661912843     
        2819   8.0347031335651415        8.7602091902689505        8.6992812005008791     
        2820   8.0354747678091556        8.7611285212305301        8.7001821302415276     
        2821   8.0362362864416497        8.7620356711527521        8.7010711686746518     
        2822   8.0370169990646936        8.7629659895322352        8.7019828252899192     
        2823   8.0377458958194090        8.7638347242325398        8.7028341141522318     
        2824   8.0384777481182716        8.7647063245439902        8.7036883628892010     
        2825   8.0392172062406200        8.7655872621254893        8.7045516957108209     
        2826   8.0399202318741985        8.7664249068764484        8.7053725761113281     
        2827   8.0407382758494617        8.7673998419579160        8.7063279286330495     
        2828   8.0415816132044728        8.7684047598398536        8.7073126787843051     
        2829   8.0423400264562979        8.7693086225651715        8.7081983958898963     
        2830   8.0431344265362252        8.7702562302004452        8.7091267608681662     
        2831   8.0438200915268290        8.7710735126489876        8.7099276423447005     
        2832   8.0445736367653691        8.7719717532361887        8.7108078071324471     
        2833   8.0452948420481381        8.7728308448940400        8.7116497646202671     
        2834   8.0460620840833652        8.7737456079672587        8.7125460661331822     
        2835   8.0468040968080352        8.7746302775183231        8.7134128967610511     
        2836   8.0475660251080363        8.7755385642503985        8.7143029059746446     
        2837   8.0483149262420515        8.7764308204795327        8.7151773099856271     
        2838   8.0490147253780009        8.7772646012294118        8.7159944155766311     
        2839   8.0497180801475885        8.7781029861531170        8.7168159636377354     
        2840   8.0504968004034083        8.7790308654156917        8.7177252481996792     
        2841   8.0512639337317946        8.7799452163200833        8.7186212175513607     
        2842   8.0519846031101281        8.7808042923031255        8.7194630133452335     
        2843   8.0527444492312625        8.7817098259331612        8.7203503734941137     
        2844   8.0535262902198745        8.7826418505145636        8.7212636395051479     
        2845   8.0543089296336792        8.7835749447055633        8.7221779074854151     
        2846   8.0551141274011204        8.7845349052381945        8.7231184929826657     
        2847   8.0558833619633798        8.7854522146059146        8.7240172497880764     
        2848   8.0566529995812743        8.7863696836667859        8.7249162390923729     
        2849   8.0573939268500858        8.7872527030772254        8.7257815455017962     
        2850   8.0581774663069741        8.7881867622521046        8.7266968032380259     
        2851   8.0589811771592412        8.7891455759401378        8.7276361348415961     
        2852   8.0597173094604226        8.7900233516783803        8.7284961994961865     
        2853   8.0604873342019658        8.7909410929635747        8.7293954994584269     
        2854   8.0612516338971041        8.7918523675394109        8.7302883951883974     
        2855   8.0620224735760146        8.7927716823961095        8.7311891008144329     
        2856   8.0627579341188902        8.7936485070562576        8.7320482627097036     
        2857   8.0635091935164311        8.7945442645098897        8.7329259378389850     
        2858   8.0642731175801163        8.7954547505963649        8.7338181264241861     
        2859   8.0650693641727482        8.7964042120970429        8.7347483897528324     
        2860   8.0657797016823629        8.7972514506819177        8.7355784828624152     
        2861   8.0665642245565845        8.7981871071174016        8.7364951867159615     
        2862   8.0673240886644848        8.7990928877423080        8.7373827369625410     
        2863   8.0680488432011028        8.7999575711661944        8.7382298732597512     
        2864   8.0687822175034185        8.8008323451998507        8.7390869224896317     
        2865   8.0695602833022608        8.8017605167199822        8.7399962488016847     
        2866   8.0703129449176991        8.8026575536158216        8.7408752802807719     
        2867   8.0710858265998855        8.8035793429306306        8.7417783914649174     
        2868   8.0717817393313869        8.8044093218234138        8.7425916028176101     
        2869   8.0725677900032284        8.8053468173061180        8.7435101128819959     
        2870   8.0733758124820039        8.8063102439875500        8.7444540805853723     
        2871   8.0741914198412736        8.8072827401854568        8.7454069254286964     
        2872   8.0749535854458099        8.8081915967563607        8.7462974187452058     
        2873   8.0756851510921859        8.8090637029863554        8.7471519744036144     
        2874   8.0764258586984123        8.8099471597740600        8.7480175426840994     
        2875   8.0771101753127112        8.8107634277973439        8.7488172975010681     
        2876   8.0778633346639843        8.8116619346055085        8.7496975644952073     
        2877   8.0785734687651001        8.8125086731950137        8.7505272315047620     
        2878   8.0793153714936459        8.8133935516097530        8.7513942080148368     
        2879   8.0800561602373158        8.8142772458143099        8.7522599832130599     
        2880   8.0807290784647883        8.8150798762658198        8.7530463925056274     
        2881   8.0815484773723760        8.8160569252365004        8.7540036912059236     
        2882   8.0823055633882088        8.8169604115894824        8.7548887572661762     
        2883   8.0830522266246447        8.8178509824522759        8.7557612876347370     
        2884   8.0838263755440067        8.8187748813277089        8.7566663462700660     
        2885   8.0845410049560016        8.8196277080678041        8.7575018204027533     
        2886   8.0852263317395270        8.8204452156878670        8.7583027850225363     
        2887   8.0859739367489780        8.8213370595082683        8.7591765511130095     
        2888   8.0867309743784972        8.8222400907363649        8.7600612745241939     
        2889   8.0874647135850761        8.8231152949771232        8.7609187624847191     
        2890   8.0882234502633548        8.8240207423802328        8.7618057694487348     
        2891   8.0890409940206762        8.8249960919088775        8.7627612909494808     
        2892   8.0898252385434617        8.8259316820484415        8.7636778727247719     
        2893   8.0905806434549135        8.8268324806127954        8.7645604771269507     
        2894   8.0912890949188050        8.8276778624619823        8.7653886753592225     
        2895   8.0920795696501511        8.8286207192655617        8.7663124173379696     
        2896   8.0928539510229420        8.8295449222246987        8.7672177697689087     
        2897   8.0936482259250404        8.8304925392213534        8.7681461368202829     
        2898   8.0944062032038140        8.8313970755122391        8.7690322474153870     
        2899   8.0952306494489115        8.8323807734368049        8.7699959412087516     
        2900   8.0959601280312512        8.8332519008932344        8.7708492153979645     
        2901   8.0967155439841356        8.8341530899983205        8.7717321200541036     
        2902   8.0974609641451369        8.8350426077011406        8.7726035301068173     
        2903   8.0982179853246894        8.8359460669930154        8.7734885712690165     
        2904   8.0989441039851950        8.8368125596653790        8.7743374369367810     
        2905   8.0996832305229542        8.8376946258617952        8.7752015415588396     
        2906   8.1004345357045029        8.8385908847134225        8.7760796275702955     
        2907   8.1011152390700421        8.8394034436857076        8.7768756099450140     
        2908   8.1017499818608645        8.8401608800234825        8.7776176768061696     
        2909   8.1025487766919415        8.8411144862960640        8.7785517742714507     
        2910   8.1032914334823936        8.8420008899335194        8.7794201040194455     
        2911   8.1040445328591897        8.8428996811991425        8.7803005801583982     
        2912   8.1047647681532755        8.8437593247370501        8.7811427049491098     
        2913   8.1055547796289904        8.8447018656258951        8.7820660877978831     
        2914   8.1063073775556642        8.8455999946966877        8.7829459265061907     
        2915   8.1070400160755192        8.8464745312247874        8.7838026214511373     
        2916   8.1077903505161260        8.8473700328190752        8.7846798764806859     
        2917   8.1084991349130977        8.8482162890159888        8.7855088224780555     
        2918   8.1091955027023950        8.8490477194018364        8.7863232549897425     
        2919   8.1099578165882562        8.8499580222189280        8.7872148930211544     
        2920   8.1106618333135234        8.8507985501070738        8.7880382399140924     
        2921   8.1114326857378707        8.8517183569127358        8.7889393384267187     
        2922   8.1121206900697302        8.8525396036809347        8.7897438354920876     
        2923   8.1128280753427884        8.8533843752611308        8.7905712854833435     
        2924   8.1136078387163533        8.8543152514895027        8.7914831137953495     
        2925   8.1143443383761031        8.8551947517689005        8.7923445906383648     
        2926   8.1150865988521108        8.8560805336890613        8.7932123461824041     
        2927   8.1158219640690827        8.8569580792366303        8.7940720318452108     
        2928   8.1166234144881599        8.8579152225274704        8.7950095045694265     
        2929   8.1173857577006547        8.8588249982787897        8.7959007476224187     
        2930   8.1182087531533735        8.8598072747909598        8.7968629656746877     
        2931   8.1189277577430818        8.8606656919668598        8.7977038369680720     
        2932   8.1197407067208420        8.8616359440106258        8.7986542793909397     
        2933   8.1205631738122346        8.8626181119046361        8.7996162721941271     
        2934   8.1213197916047033        8.8635219413256330        8.8005014884877824     
        2935   8.1220495476182695        8.8643932967235042        8.8013550056253465     
        2936   8.1227512309845356        8.8652312926001198        8.8021758153635545     
        2937   8.1235231588726080        8.8661530238372332        8.8030786497657640     
        2938   8.1242628532433265        8.8670362612031166        8.8039437775232408     
        2939   8.1249926226128721        8.8679081290254071        8.8047976849941634     
        2940   8.1257272051322360        8.8687856548742001        8.8056571517166269     
        2941   8.1264541044003433        8.8696532307026708        8.8065070565458399     
        2942   8.1272326037865685        8.8705827178656680        8.8074175170263391     
        2943   8.1279786734012411        8.8714733874987015        8.8082899769442680     
        2944   8.1287068025432099        8.8723429836784629        8.8091417266837055     
        2945   8.1294211984546294        8.8731962932741375        8.8099775087338390     
        2946   8.1301566585917762        8.8740745034589050        8.8108377160935607     
        2947   8.1309157376232424        8.8749811442191415        8.8117257309070069     
        2948   8.1316854719812373        8.8759008812429485        8.8126264771096210     
        2949   8.1324199143603710        8.8767779417822350        8.8134855594364367     
        2950   8.1331523618042567        8.8776527203984639        8.8143423629882722     
        2951   8.1338913401174935        8.8785357873145632        8.8152071772230727     
        2952   8.1346721131635746        8.8794681984545480        8.8161204426393756     
        2953   8.1354398004009063        8.8803848599078137        8.8170183166874292     
        2954   8.1361407505300143        8.8812220149176824        8.8178383058342416     
        2955   8.1369113967272195        8.8821424432820795        8.8187398148904705     
        2956   8.1376796956518813        8.8830600221326925        8.8196385572736204     
        2957   8.1383858705099268        8.8839034190622108        8.8204646551192347     
        2958   8.1391361912028550        8.8847995305703371        8.8213423683245136     
        2959   8.1398891947568952        8.8856989809128617        8.8222233166078379     
        2960   8.1406269903263588        8.8865807655299029        8.8230868529287125     
        2961   8.1413558606032623        8.8874518053477285        8.8239398864785326     
        2962   8.1420939737324751        8.8883333029247122        8.8248033098599805     
        2963   8.1428503858803314        8.8892367380535120        8.8256881881485967     
        2964   8.1435890697971907        8.8901188641598541        8.8265522274663066     
        2965   8.1443643264812557        8.8910456655168915        8.8274597749030921     
        2966   8.1450750918410435        8.8918941579764681        8.8282909609712625     
        2967   8.1458723844928915        8.8928468277936865        8.8292239527829697     
        2968   8.1465807311182079        8.8936931000086084        8.8300527961578492     
        2969   8.1473798959087240        8.8946477165540951        8.8309877561514192     
        2970   8.1481019893006525        8.8955105656060933        8.8318327999443085     
        2971   8.1488246125485215        8.8963740297721525        8.8326784519152231     
        2972   8.1496004775874855        8.8973009279659454        8.8335862479895297     
        2973   8.1504100274263340        8.8982680820703841        8.8345334563420721     
        2974   8.1510956520992544        8.8990873125322310        8.8353358080455990     
        2975   8.1517948074950244        8.8999227464857533        8.8361540154576197     
        2976   8.1525476811080768        8.9008225454077063        8.8370351859904606     
        2977   8.1533226937043821        8.9017485069859497        8.8379420421012700     
        2978   8.1540741306322282        8.9026465164126876        8.8388214802042775     
        2979   8.1548254234555380        8.9035438546335879        8.8397003783419752     
        2980   8.1556266654303720        8.9045014829379383        8.8406381593843619     
        2981   8.1563680913210863        8.9053870774010750        8.8415055573397492     
        2982   8.1570898111813293        8.9062494023552397        8.8423501099060484     
        2983   8.1578862829955838        8.9072009674887447        8.8432820440280295     
        2984   8.1585784072269636        8.9080286128381978        8.8440925035355562     
        2985   8.1593316349559153        8.9089290078387471        8.8449742345796150     
        2986   8.1600075524503399        8.9097367761235233        8.8457653266981247     
        2987   8.1607317981210912        8.9106020054390811        8.8466127420962071     
        2988   8.1614788521178632        8.9114951480223414        8.8474873470093165     
        2989   8.1622395737878115        8.9124043339854442        8.8483777172159854     
        2990   8.1629622401008479        8.9132677493106112        8.8492233467716037     
        2991   8.1637080854365554        8.9141595223782577        8.8500965927095745     
        2992   8.1644665697085479        8.9150665003935696        8.8509846927573150     
        2993   8.1651667533914569        8.9159034672276540        8.8518043310158614     
        2994   8.1658503284093165        8.9167202953916593        8.8526043334282392     
        2995   8.1665870499093867        8.9176009272994481        8.8534667099141000     
        2996   8.1673071452493975        8.9184614898766839        8.8543095118994177     
        2997   8.1680660715671749        8.9193688006190417        8.8551979782719012     
        2998   8.1688513656488286        8.9203076674183759        8.8561173441527750     
        2999   8.1695734730199412        8.9211713120364013        8.8569629894406656     
        3000   8.1702994386181285        8.9220399151970202        8.8578134180770274     
        3001   8.1710605926400213        8.9229502677596084        8.8587047824861251     
        3002   8.1718411579368393        8.9238830185706384        8.8596182553989564     
        3003   8.1725207551257739        8.9246957596323213        8.8604140988356264     
        3004   8.1732606490301070        8.9255803617224760        8.8612803253180292     
        3005   8.1739530328101111        8.9264084327878486        8.8620911613348490     
        3006   8.1747345855796798        8.9273429004200153        8.8630061937158331     
        3007   8.1754504622262569        8.9281983989144624        8.8638440173107416     
        3008   8.1762160448258427        8.9291132118250296        8.8647399464337884     
        3009   8.1769054971617656        8.9299376242300763        8.8655472410837373     
        3010   8.1776865992608183        8.9308716859199588        8.8664618544224556     
        3011   8.1784544098782188        8.9317898687273356        8.8673609198273660     
        3012   8.1791892305915450        8.9326682504073602        8.8682211006604952     
        3013   8.1799582419548251        8.9335882549096937        8.8691218604317754     
        3014   8.1807267073916066        8.9345071470041120        8.8700216395423475     
        3015   8.1814230471085647        8.9353398965085553        8.8708370712192259     
        3016   8.1821557806877347        8.9362162717356899        8.8716951764514231     
        3017   8.1829010165902911        8.9371074384866489        8.8725677913696117     
        3018   8.1836574557233241        8.9380121777298775        8.8734536600466356     
        3019   8.1844377804848421        8.9389454766531475        8.8743674924289060     
        3020   8.1851810728478362        8.9398348416792359        8.8752382438514292     
        3021   8.1858661505140198        8.9406538129111226        8.8760402626020927     
        3022   8.1866213610880525        8.9415569598574507        8.8769246062756562     
        3023   8.1874068181852415        8.9424963555375268        8.8778444036241275     
        3024   8.1881332659830104        8.9433651593949666        8.8786951288206151     
        3025   8.1888924833345289        8.9442727044919206        8.8795838655027488     
        3026   8.1896510521297667        8.9451801475838675        8.8804723504742249     
        3027   8.1903997541187490        8.9460755241424454        8.8813490730986704     
        3028   8.1911105492387328        8.9469261757267002        8.8821818807765425     
        3029   8.1917997088009162        8.9477509101656683        8.8829893382789944     
        3030   8.1924932709117524        8.9485799517422304        8.8838012267349811     
        3031   8.1932227589541711        8.9494528218090377        8.8846558181430861     
        3032   8.1939480601056403        8.9503206243322460        8.8855054675492280     
        3033   8.1946891409344236        8.9512073948714779        8.8863736618939111     
        3034   8.1954375351429558        8.9521028729723859        8.8872503795282238     
        3035   8.1961437854204409        8.9529485303663989        8.8880782141190533     
        3036   8.1968771876728486        8.9538258057418361        8.8889371844111924     
        3037   8.1975767339017729        8.9546629321992306        8.8897567658006142     
        3038   8.1982500212302760        8.9554687744292298        8.8905457031512380     
        3039   8.1989446210989225        8.9562996588707708        8.8913592658606984     
        3040   8.1996378630923168        8.9571287575590190        8.8921711027125223     
        3041   8.2004208096827842        8.9580652166839805        8.8930880182615386     
        3042   8.2011650862936047        8.9589554661003845        8.8939596996481374     
        3043   8.2019174524868017        8.9598560501815303        8.8948413393974519     
        3044   8.2026554502507025        8.9607393368908621        8.8957060729612873     
        3045   8.2033952501241867        8.9616245768360852        8.8965727763631293     
        3046   8.2041390447310949        8.9625147933929377        8.8974443076939256     
        3047   8.2048893713314950        8.9634128609534738        8.8983235107006724     
        3048   8.2056358624912527        8.9643056429458685        8.8991976931199019     
        3049   8.2063484132825550        8.9651580955054584        8.9000323377787982     
        3050   8.2070682055140001        8.9660195949151618        8.9008757525219462     
        3051   8.2077332071328986        8.9668148741812459        8.9016545083364313     
        3052   8.2084427306194989        8.9676638300217011        8.9024856987714092     
        3053   8.2091760411901884        8.9685410211751044        8.9033445759044518     
        3054   8.2098723320377687        8.9693742737922708        8.9041603762359411     
        3055   8.2106002828488780        8.9702453597650393        8.9050132266955710     
        3056   8.2113691988654196        8.9711655530971761        8.9059141057399440     
        3057   8.2120988162580399        8.9720389516317667        8.9067691279003327     
        3058   8.2128507310520202        8.9729391780647116        8.9076503766565605     
        3059   8.2135397010287559        8.9737635812352323        8.9084575449388979     
        3060   8.2143701779000260        8.9747572505026341        8.9094303644234554     
        3061   8.2150547169925972        8.9755766215306547        8.9102325440639287     
        3062   8.2157454226125033        8.9764032685863082        8.9110418745717777     
        3063   8.2164733760560935        8.9772742681200839        8.9118946524396989     
        3064   8.2171699955612709        8.9781082988142629        8.9127111150136304     
        3065   8.2178645548128024        8.9789396116328586        8.9135249819636240     
        3066   8.2185322376591969        8.9797389079792396        8.9143074830766000     
        3067   8.2192172823062926        8.9805583556360631        8.9151098597623015     
        3068   8.2200029535472421        8.9814985926837032        8.9160303599573076     
        3069   8.2207252203532164        8.9823626078532701        8.9168763355671725     
        3070   8.2214761818806981        8.9832613621348756        8.9177562133803789     
        3071   8.2221312424201667        8.9840455269148709        8.9185239105669289     
        3072   8.2229294655716032        8.9850004550736511        8.9194588635643388     
        3073   8.2236227607111339        8.9858307854192674        8.9202716537254911     
        3074   8.2244160417667835        8.9867804237218927        8.9212012980408737     
        3075   8.2251364056092662        8.9876426360258996        8.9220454119600170     
        3076   8.2258478524387790        8.9884946274583015        8.9228794065141948     
        3077   8.2265740013266182        8.9893637491182279        8.9237302742749023     
        3078   8.2273053732723529        8.9902397699574159        8.9245877499536714     
        3079   8.2280432030274469        8.9911234330202880        8.9254527199932312     
        3080   8.2288321632736121        8.9920680590665683        8.9263774175738266     
        3081   8.2295596848649932        8.9929390570667493        8.9272300825331552     
        3082   8.2302801781946009        8.9938017534715691        8.9280746043798800     
        3083   8.2309987893208678        8.9946620119286269        8.9289167621329089     
        3084   8.2317117150713361        8.9955154633625103        8.9297522659243551     
        3085   8.2324705144205979        8.9964239357699736        8.9306415923981550     
        3086   8.2331405665047583        8.9972262105456249        8.9314269900750531     
        3087   8.2339332517566817        8.9981752858321560        8.9323560345901054     
        3088   8.2345895037754460        8.9989612670948151        8.9331254266020022     
        3089   8.2352993341896887        8.9998110714180068        8.9339573328778137     
        3090   8.2359312865141785        9.0005678820116941        8.9346981900316536     
        3091   8.2367792872024026        9.0015834943011619        8.9356922821340259     
        3092   8.2375235310403152        9.0024744876375067        8.9365645140052727     
        3093   8.2382720761509223        9.0033711072676414        8.9374421327221416     
        3094   8.2390372096503945        9.0042874529815755        8.9383391054678398     
        3095   8.2398289238479823        9.0052355276320455        8.9392671199628477     
        3096   8.2405849362879966        9.0061408896192514        8.9401533576788381     
        3097   8.2413537371553076        9.0070612330016520        8.9410543294290399     
        3098   8.2420591630948472        9.0079058839850124        8.9418811767557322     
        3099   8.2428429371199901        9.0088446327931866        8.9428000516349311     
        3100   8.2436134602556166        9.0097673435180052        8.9437032728968973     
        3101   8.2443818105695055        9.0106876413887651        8.9446040840700185     
        3102   8.2451018374390372        9.0115504056527360        8.9454485179360024     
        3103   8.2458320240244500        9.0124250441286851        8.9463046440926295     
        3104   8.2465166616093182        9.0132452035152095        8.9471074435677753     
        3105   8.2473055496019345        9.0141894756639260        8.9480318471461793     
        3106   8.2480720773383798        9.0151081091181844        8.9489309134929087     
        3107   8.2488190110513244        9.0160026666759805        8.9498065463914553     
        3108   8.2495229088094000        9.0168457148964780        8.9506317898993792     
        3109   8.2502345332098610        9.0176979726115931        8.9514660381104925     
        3110   8.2509616655954083        9.0185686175044246        8.9523183388683574     
        3111   8.2517177114065827        9.0194741291327674        8.9532047021364995     
        3112   8.2524906785424648        9.0203996086937739        8.9541106625741502     
        3113   8.2532376807198293        9.0212941614171900        8.9549863267233203     
        3114   8.2539793759192328        9.0221832738951502        8.9558564559045681     
        3115   8.2547830309481451        9.0231465252424403        8.9567991421552691     
        3116   8.2555302938879898        9.0240415297253627        8.9576752066220386     
        3117   8.2562645730121300        9.0249205992806196        8.9585357715524356     
        3118   8.2570066873850827        9.0258095827771925        8.9594059178203889     
        3119   8.2577813349084064        9.0267375757901132        8.9603142065231776     
        3120   8.2584341223770625        9.0275193472793376        8.9610794929735054     
        3121   8.2592022161844412        9.0284399549992695        8.9619804617010868     
        3122   8.2599248087580044        9.0293055273703740        8.9628277011168915     
        3123   8.2606223624167416        9.0301411154527340        8.9636456116948739     
        3124   8.2612836959734111        9.0309332639095548        8.9644210281009560     
        3125   8.2620962906957924        9.0319073879660170        8.9653743051640156     
        3126   8.2628150353653318        9.0327682834710057        8.9662169918783885     
        3127   8.2634716366196308        9.0335548080643093        8.9669869002761011     
        3128   8.2641987969088504        9.0344261059976088        8.9678396897963921     
        3129   8.2650032272852716        9.0353902949349560        8.9687832992772929     
        3130   8.2657251455938301        9.0362551377691229        8.9696298220606216     
        3131   8.2664610155669980        9.0371369625967688        8.9704928902270069     
        3132   8.2672418001702663        9.0380723957139235        8.9714084658422291     
        3133   8.2679563562490976        9.0389287013107094        8.9722465686770789     
        3134   8.2686782888006292        9.0397933688085015        8.9730929468716010     
        3135   8.2694172047356105        9.0406789229243287        8.9739596510436517     
        3136   8.2701205799462656        9.0415217922857156        8.9747846131164977     
        3137   8.2708401250363188        9.0423838268767494        8.9756283680480511     
        3138   8.2715785530707837        9.0432686643630920        8.9764943948662488     
        3139   8.2723249917105317        9.0441631451268538        8.9773698443822099     
        3140   8.2730747162356479        9.0450612971682567        8.9782489499991058     
        3141   8.2737758467133293        9.0459020456165558        8.9790716922030605     
        3142   8.2745054131132498        9.0467764815690259        8.9799274951595685     
        3143   8.2752486387965689        9.0476673152108749        8.9807993310960583     
        3144   8.2760181351326008        9.0485896027415009        8.9817019328381722     
        3145   8.2767298296769933        9.0494429315206784        8.9825370122370849     
        3146   8.2774640653005296        9.0503225784728532        8.9833980010569849     
        3147   8.2781628137522691        9.0511602103451203        8.9842177723539294     
        3148   8.2788629448561437        9.0519995341861019        8.9850391819899240     
        3149   8.2795284108988820        9.0527970537098756        8.9858197496192656     
        3150   8.2802509062482628        9.0536634697081961        8.9866675973042955     
        3151   8.2809679060671915        9.0545229234503850        8.9875087085133671     
        3152   8.2816859995334990        9.0553836930741305        8.9883511122710935     
        3153   8.2823903243875421        9.0562280842376701        8.9891774673199336     
        3154   8.2831244841371188        9.0571082207033555        8.9900388034343059     
        3155   8.2838297662319800        9.0579539367351565        8.9908664140106929     
        3156   8.2846194001823399        9.0589002946608019        8.9917926006231390     
        3157   8.2853923737856050        9.0598267288506165        8.9926992842116302     
        3158   8.2861157530857152        9.0606938814768281        8.9935479323569201     
        3159   8.2868550298453165        9.0615801398499318        8.9944152700311140     
        3160   8.2875798451515941        9.0624487723759763        8.9952654219606369     
        3161   8.2883244398863116        9.0633416690697608        8.9961391924255150     
        3162   8.2890279677647278        9.0641852740409696        8.9969647549891292     
        3163   8.2897750387052618        9.0650805501809568        8.9978409814039395     
        3164   8.2904830209545555        9.0659290413229137        8.9986714171696160     
        3165   8.2911781438740668        9.0667629413347264        8.9994873973083180     
        3166   8.2919903309071952        9.0677364358384676        9.0004401083651011     
        3167   8.2927206589685252        9.0686126683797763        9.0012974719443388     
        3168   8.2934698695671223        9.0695110371633021        9.0021766012371724     
        3169   8.2942191942085852        9.0704092240923107        9.0030556247342197     
        3170   8.2949872831963383        9.0713304503589356        9.0039570549929540     
        3171   8.2956878564392831        9.0721704205661364        9.0047790803905201     
        3172   8.2963809160167923        9.0730012840665228        9.0055922289912367     
        3173   8.2970807087334446        9.0738410580176225        9.0064138918677674     
        3174   8.2977379713235830        9.0746293516743197        9.0071853103277668     
        3175   8.2984677156621842        9.0755043218121703        9.0080415629775299     
        3176   8.2992819751214704        9.0764808636866192        9.0089971346229198     
        3177   8.3000153831856203        9.0773603632725344        9.0098577874384276     
        3178   8.3007895621691912        9.0782892159571649        9.0107666140862754     
        3179   8.3015456997738983        9.0791960661952800        9.0116540186097573     
        3180   8.3022785903838372        9.0800749108529111        9.0125140393762102     
        3181   8.3030539120221860        9.0810040448101539        9.0134233997985671     
        3182   8.3038021095484158        9.0819012826533942        9.0143014029884903     
        3183   8.3045496484598420        9.0827982025699132        9.0151789854529181     
        3184   8.3052977277542812        9.0836958978510189        9.0160572975172606     
        3185   8.3060381861494523        9.0845839439040468        9.0169262958259253     
        3186   8.3067899050336091        9.0854855252822393        9.0178085266545001     
        3187   8.3075209841810072        9.0863623506941167        9.0186665485897883     
        3188   8.3082533820294575        9.0872407923209870        9.0195261403822791     
        3189   8.3089468811026350        9.0880725244388323        9.0203400393693016     
        3190   8.3096559094555875        9.0889228117291871        9.0211721232640212     
        3191   8.3103444432468727        9.0897489146012376        9.0219804662021090     
        3192   8.3110457022766848        9.0905897719838418        9.0228033396595198     
        3193   8.3117870930613140        9.0914788687049981        9.0236733771421225     
        3194   8.3125639527364132        9.0924103987761402        9.0245849491236161     
        3195   8.3132652255283723        9.0932514175584398        9.0254079495265209     
        3196   8.3139688811461987        9.0940952550318297        9.0262337267419603     
        3197   8.3146719183349624        9.0949386839804980        9.0270590114940781     
        3198   8.3153693298454066        9.0957757444122525        9.0278779800482436     
        3199   8.3160764486064700        9.0966239365638621        9.0287079790513936     
        3200   8.3167821987030734        9.0974706542060808        9.0295364772126021     
        3201   8.3174976578466655        9.0983287921004870        9.0303762053969017     
        3202   8.3182111618782102        9.0991850165100807        9.0312139558337972     
        3203   8.3189020594136807        9.1000139174085852        9.0320250320811368     
        3204   8.3196216122981728        9.1008765701049033        9.0328692599831051     
        3205   8.3203177283743965        9.1017122222944433        9.0336868145486378     
        3206   8.3210226209006919        9.1025583925788833        9.0345146701256525     
        3207   8.3217620193509028        9.1034457540737233        9.0353828632692483     
        3208   8.3224616192342697        9.1042848908417735        9.0362039975782604     
        3209   8.3232085263401974        9.1051814307539054        9.0370811254135628     
        3210   8.3239069802442494        9.1060193272412242        9.0379010156454722     
        3211   8.3246349096248178        9.1068925430706873        9.0387554752643879     
        3212   8.3253435228705079        9.1077426754940909        9.0395873278263572     
        3213   8.3260577267189397        9.1085999457938236        9.0404260536749099     
        3214   8.3268314594535564        9.1095287015373625        9.0413346893112188     
        3215   8.3275840491602668        9.1104318179072212        9.0422183174116224     
        3216   8.3282862367958650        9.1112745620395224        9.0430428793169746     
        3217   8.3290160196889005        9.1121504482991575        9.0438998364078653     
        3218   8.3297527971408964        9.1130342544005423        9.0447646550544238     
        3219   8.3304749339894002        9.1139004343223000        9.0456122434412176     
        3220   8.3312054239479405        9.1147771779854168        9.0464700352437699     
        3221   8.3319128375023226        9.1156260662250705        9.0473006113528367     
        3222   8.3326684768823913        9.1165326865012641        9.0481877044686492     
        3223   8.3334070405545582        9.1174189092543418        9.0490548159064872     
        3224   8.3341025455985207        9.1182535379197560        9.0498714476448843     
        3225   8.3348851041709420        9.1191925817823467        9.0507902106242071     
        3226   8.3355800939621290        9.1200270998646626        9.0516066142025533     
        3227   8.3362946973630798        9.1208842923300519        9.0524454119168070     
        3228   8.3369937114442951        9.1217230751846561        9.0532661346173793     
        3229   8.3377322450308711        9.1226093492261047        9.0541332803400429     
        3230   8.3384230302549014        9.1234385604502926        9.0549445588454454     
        3231   8.3391885664439531        9.1243575181425385        9.0558436015011150     
        3232   8.3399407236824281        9.1252604776818966        9.0567269892391771     
        3233   8.3406866962317334        9.1261557900878429        9.0576029582174531     
        3234   8.3413502995600695        9.1269523752299442        9.0583823319012673     
        3235   8.3421004710992541        9.1278531522879209        9.0592635379419288     
        3236   8.3427802812518426        9.1286689768839580        9.0600617754175712     
        3237   8.3435234461296250        9.1295606137997058        9.0609342170995273     
        3238   8.3442302572981966        9.1304093034159362        9.0617644961131578     
        3239   8.3449011902279668        9.1312143073820913        9.0625521874041457     
        3240   8.3456504224053472        9.1321140090385189        9.0634323222719839     
        3241   8.3464114459929277        9.1330277197486680        9.0643261987881623     
        3242   8.3471447345032068        9.1339076660848733        9.0651871590267952     
        3243   8.3478818831265045        9.1347924145780155        9.0660527789567240     
        3244   8.3485933532810126        9.1356463098234286        9.0668882440226906     
        3245   8.3493259515551568        9.1365261344738755        9.0677489313124013     
        3246   8.3500998160231497        9.1374549483573677        9.0686576652821778     
        3247   8.3508192426572911        9.1383192069107366        9.0695030618176720     
        3248   8.3515000499179237        9.1391368132685535        9.0703029120140730     
        3249   8.3522393074238437        9.1400249574616463        9.0711716467857801     
        3250   8.3529388203821924        9.1408643939086716        9.0719929896415312     
        3251   8.3536500314228430        9.1417186284988645        9.0728286233782391     
        3252   8.3543487313838369        9.1425578393180622        9.0736495563987418     
        3253   8.3550628375034783        9.1434154521543896        9.0744885109975666     
        3254   8.3558402056790371        9.1443488820505952        9.0754016674031828     
        3255   8.3565010691323973        9.1451421575172098        9.0761778006825722     
        3256   8.3572146158524898        9.1459989197545752        9.0770159721973620     
        3257   8.3578630233349465        9.1467776876258267        9.0777778397275881     
        3258   8.3585786415301992        9.1476369489317406        9.0786184538362722     
        3259   8.3593107970768070        9.1485158781805485        9.0794783602865365     
        3260   8.3599980233386404        9.1493410714599541        9.0802856512026882     
        3261   8.3606920600555910        9.1501745872323799        9.0811010401835759     
        3262   8.3614467057915522        9.1510810041534256        9.0819877069299384     
        3263   8.3622038046893401        9.1519912265194208        9.0828778927092682     
        3264   8.3629730843031371        9.1529152297530079        9.0837817463703274     
        3265   8.3637504611757105        9.1538491292129009        9.0846952436826509     
        3266   8.3644764332431407        9.1547208340828945        9.0855480347498929     
        3267   8.3652024421816105        9.1555923644533355        9.0864006861259838     
        3268   8.3659420608191155        9.1564803871871412        9.0872694345204756     
        3269   8.3666936238620515        9.1573829696879532        9.0881523804634341     
        3270   8.3674824958157199        9.1583305695466919        9.0890792951684372     
        3271   8.3682006681932926        9.1591938890722542        9.0899236344798897     
        3272   8.3689384912036378        9.1600801401411669        9.0907905710299950     
        3273   8.3695969350959292        9.1608710957880461        9.0915643054437361     
        3274   8.3703714723654983        9.1618017756761745        9.0924746193369526     
        3275   8.3711188881126546        9.1627000154041980        9.0933531535285148     
        3276   8.3718625510868456        9.1635932017358321        9.0942269000366043     
        3277   8.3725872381594897        9.1644635325348016        9.0950783163433258     
        3278   8.3732964434992052        9.1653155810904750        9.0959117618000480     
        3279   8.3739694055037202        9.1661240063754086        9.0967025810703124     
        3280   8.3747088693173595        9.1670126029748999        9.0975717352584091     
        3281   8.3754452899545662        9.1678968047759550        9.0984367457810560     
        3282   8.3761605408189936        9.1687557695865642        9.0992770431229992     
        3283   8.3768922221927582        9.1696346511832214        9.1001367640483224     
        3284   8.3775567337209100        9.1704326974055821        9.1009174889916764     
        3285   8.3782337846795443        9.1712459474111157        9.1017130368338162     
        3286   8.3789943297728424        9.1721598149814181        9.1026069196497232     
        3287   8.3797489061603656        9.1730670548234716        9.1034941829120850     
        3288   8.3804637773129915        9.1739258661179814        9.1043342536311886     
        3289   8.3812149971637169        9.1748290601069638        9.1052175533513768     
        3290   8.3819848953150871        9.1757541637485591        9.1061224111366261     
        3291   8.3826719345796388        9.1765795048279681        9.1069297748423601     
        3292   8.3834022854676586        9.1774573266012229        9.1077883589826047     
        3293   8.3840921834442437        9.1782859403684753        9.1085989547733437     
        3294   8.3847735000958945        9.1791048897292846        9.1093999518008122     
        3295   8.3854606167082473        9.1799311084345554        9.1102079848744779     
        3296   8.3861449134135881        9.1807535444821813        9.1110124126495915     
        3297   8.3869109395345411        9.1816738810509158        9.1119126356260693     
        3298   8.3876516397056431        9.1825637590235747        9.1127830698183256     
        3299   8.3883922562316471        9.1834534172923892        9.1136533293396518     
        3300   8.3891122285324187        9.1843190760428151        9.1144999389754293     
        3301   8.3897945854269196        9.1851391346342144        9.1153020586596512     
        3302   8.3905320199560460        9.1860255497852457        9.1161690268980706     
        3303   8.3912687433316329        9.1869109590272284        9.1170350210860214     
        3304   8.3920500600206704        9.1878504535440424        9.1179537896521534     
        3305   8.3927540335316895        9.1886964461665492        9.1187812678917108     
        3306   8.3934823941102792        9.1895720441162787        9.1196376334554667     
        3307   8.3942106623799368        9.1904473381361917        9.1204937347003590     
        3308   8.3949549025174406        9.1913418284502253        9.1213686029065695     
        3309   8.3956976701160286        9.1922349572213484        9.1222420524445944     
        3310   8.3964458352429805        9.1931344170094906        9.1231217168119230     
        3311   8.3972146401585182        9.1940585282191005        9.1240255470419367     
        3312   8.3979432114611949        9.1949345001897811        9.1248822409738093     
        3313   8.3986857449249595        9.1958270287487824        9.1257551815805531     
        3314   8.3994035269873617        9.1966901254203748        9.1265992654211665     
        3315   8.4001265589302676        9.1975590936895824        9.1274491971749026     
        3316   8.4008882861907459        9.1984748192738106        9.1283447988718756     
        3317   8.4016030292361403        9.1993339299228758        9.1291850614995376     
        3318   8.4022624293544315        9.2001264036379045        9.1299601972665361     
        3319   8.4029466351598234        9.2009487279431088        9.1307645156580897     
        3320   8.4037040962296707        9.2018594013329427        9.1316551529815282     
        3321   8.4044084245906454        9.2027062757866833        9.1324833841739874     
        3322   8.4051718847930665        9.2036239325358036        9.1333808873048454     
        3323   8.4059045583547398        9.2045050765044838        9.1342426005782134     
        3324   8.4066181789128880        9.2053631984442053        9.1350818060276442     
        3325   8.4073548252479071        9.2062491261208788        9.1359481797201632     
        3326   8.4081160086729962        9.2071646042302469        9.1368434337704869     
        3327   8.4088634229314554        9.2080629913619241        9.1377221016477232     
        3328   8.4096084401857176        9.2089585977150978        9.1385980392427442     
        3329   8.4103030875662768        9.2097936611835749        9.1394147747175101     
        3330   8.4110334377489071        9.2106723530196408        9.1402739867875944     
        3331   8.4117369402415694        9.2115181792089125        9.1411012163580274     
        3332   8.4125250595610304        9.2124653709200270        9.1420276298873908     
        3333   8.4132095180954583        9.2132884227554310        9.1428325691008592     
        3334   8.4138978656655503        9.2141161796847495        9.1436420905228779     
        3335   8.4146106602491901        9.2149733986259896        9.1444804093015382     
        3336   8.4152650130194306        9.2157601756699137        9.1452498971212695     
        3337   8.4160112316712610        9.2166580903290676        9.1461278811943458     
        3338   8.4167427384769233        9.2175383365882997        9.1469885674785054     
        3339   8.4174607508419186        9.2184017036196622        9.1478329205019779     
        3340   8.4181572779875928        9.2192398782230960        9.1486524914749996     
        3341   8.4188862770992028        9.2201166522193567        9.1495098929855221     
        3342   8.4195815740063100        9.2209525778217944        9.1503274501610470     
        3343   8.4203023761407589        9.2218193768177326        9.1511751371673959     
        3344   8.4210617875821825        9.2227330263201122        9.1520685384938449     
        3345   8.4217200062026674        9.2235254442033021        9.1528433155590161     
        3346   8.4224669477291396        9.2244235474640970        9.1537216347437500     
        3347   8.4231596223322978        9.2252571010678430        9.1545366935025925     
        3348   8.4238122215685323        9.2260419366945126        9.1553042543472678     
        3349   8.4245704509656303        9.2269539540631662        9.1561961028118191     
        3350   8.4253192692718404        9.2278547200213215        9.1570769401843748     
        3351   8.4261024995918099        9.2287967894041962        9.1579981840896671     
        3352   8.4267959678147051        9.2296311774904982        9.1588140751956857     
        3353   8.4275699669559430        9.2305621570590457        9.1597244508817877     
        3354   8.4282528588402030        9.2313837067318083        9.1605278337385059     
        3355   8.4289796198056131        9.2322577656089404        9.1613826106069709     
        3356   8.4297202578974471        9.2331487785528115        9.1622538880278448     
        3357   8.4304664257298292        9.2340468647224654        9.1631319741803861     
        3358   8.4312357544833176        9.2349726907723433        9.1640372192067829     
        3359   8.4319981371687174        9.2358896083407593        9.1649338876791901     
        3360   8.4326912492465151        9.2367235887629633        9.1657493833833676     
        3361   8.4333568334447602        9.2375240567407051        9.1665322132379998     
        3362   8.4341176530520290        9.2384395750916468        9.1674273990740929     
        3363   8.4348634265303701        9.2393365895952932        9.1683045826763383     
        3364   8.4355630609504875        9.2401785258026479        9.1691278254711044     
        3365   8.4362854694668084        9.2410478225695485        9.1699778222956443     
        3366   8.4370149455638828        9.2419257055422470        9.1708362160616854     
        3367   8.4377763795803187        9.2428420188737501        9.1717321669557457     
        3368   8.4385229753109634        9.2437406892259304        9.1726108191947624     
        3369   8.4392253578275973        9.2445860843725853        9.1734374073148448     
        3370   8.4399479446426628        9.2454551605449833        9.1742872860666065     
        3371   8.4407120512284326        9.2463749184404538        9.1751865470833067     
        3372   8.4414868915283066        9.2473073934075121        9.1760982874834554     
        3373   8.4421718276051614        9.2481320961073248        9.1769045894008361     
        3374   8.4429239009553285        9.2490368377587195        9.1777892981613718     
        3375   8.4436651982875599        9.2499288629303571        9.1786615206573590     
        3376   8.4443794350487682        9.2507886064792686        9.1795021243240775     
        3377   8.4450964762365963        9.2516514264055427        9.1803458045983071     
        3378   8.4458093813867983        9.2525091637774697        9.1811845386182274     
        3379   8.4464881577015021        9.2533258733665278        9.1819831648081873     
        3380   8.4471559092296644        9.2541294290514990        9.1827689119770532     
        3381   8.4478368051823338        9.2549485893828898        9.1835699496698542     
        3382   8.4485548172166478        9.2558126638887526        9.1844148367560177     
        3383   8.4491984264402173        9.2565875883403859        9.1851724965308552     
        3384   8.4499199781694809        9.2574561864399314        9.1860217456544468     
        3385   8.4506175959896126        9.2582962412542305        9.1868430387568729     
        3386   8.4513739742913341        9.2592063851137958        9.1877329816069224     
        3387   8.4521412658053023        9.2601298543027912        9.1886359079754634     
        3388   8.4528819690056984        9.2610218214140261        9.1895079102069523     
        3389   8.4535774602429861        9.2618592806692543        9.1903266721913184     
        3390   8.4543282709711480        9.2627632650744793        9.1912104590292767     
        3391   8.4549935482917675        9.2635641274853135        9.1919934999811765     
        3392   8.4556726748806792        9.2643810856808706        9.1927924122754874     
        3393   8.4563706234671496        9.2652207268757536        9.1936134795771878     
        3394   8.4570506753470021        9.2660394728471704        9.1944139779185416     
        3395   8.4577953070587579        9.2669355187126481        9.1952901379386685     
        3396   8.4585155609304667        9.2678024480205039        9.1961377706356551     
        3397   8.4592162122034171        9.2686458567281917        9.1969624066103393     
        3398   8.4599767984878085        9.2695619719497770        9.1978579583595739     
        3399   8.4606961676981278        9.2704283601361066        9.1987049322208172     
        3400   8.4614647413327138        9.2713536453293273        9.1996095790661450     
        3401   8.4622044259726721        9.2722440426008497        9.2004801470299604     
        3402   8.4628818369605288        9.2730598055330962        9.2012776778020839     
        3403   8.4635554306806000        9.2738710186385394        9.2020707539951871     
        3404   8.4642592795030129        9.2747182357854392        9.2028991185557523     
        3405   8.4649598629629867        9.2755613624283768        9.2037235149121415     
        3406   8.4656902553820270        9.2764404814492849        9.2045830700992113     
        3407   8.4664701188128486        9.2773789612244713        9.2055006872218303     
        3408   8.4671906101594665        9.2782462835364541        9.2063486827483025     
        3409   8.4678929524729281        9.2790916889835984        9.2071752770602160     
        3410   8.4685503027541458        9.2798833230154720        9.2079492305363448     
        3411   8.4692844655212731        9.2807671241981637        9.2088133382111099     
        3412   8.4700142417587045        9.2816456098934843        9.2096722521672820     
        3413   8.4707146719513826        9.2824893631219521        9.2104970814612450     
        3414   8.4714192245677271        9.2833373493014548        9.2113262147865278     
        3415   8.4721240225354659        9.2841864803944674        9.2121562774775452     
        3416   8.4728585427769048        9.2850708690548096        9.2130209206447642     
        3417   8.4735382862750033        9.2858892933170054        9.2138211048409921     
        3418   8.4742832078934018        9.2867863554990873        9.2146980880265872     
        3419   8.4750280292724138        9.2876840260076765        9.2155754906019620     
        3420   8.4757369115963375        9.2885378904371567        9.2164102235965188     
        3421   8.4764334604609637        9.2893765049083825        9.2172301420226042     
        3422   8.4771911714648169        9.2902894630763768        9.2181225551798782     
        3423   8.4779251788983458        9.2911736534663980        9.2189869088151806     
        3424   8.4786417651809955        9.2920362851381668        9.2198303219486561     
        3425   8.4793453553693663        9.2928838655287365        9.2206588949306987     
        3426   8.4800877813284128        9.2937782517506271        9.2215331982201221     
        3427   8.4808112350109948        9.2946494251189371        9.2223848936587558     
        3428   8.4815626529855912        9.2955546277877730        9.2232697703095372     
        3429   8.4822824216029744        9.2964214766908828        9.2241172248571814     
        3430   8.4830366994464690        9.2973298649520490        9.2250052763326469     
        3431   8.4838000156799360        9.2982490269622016        9.2259038797714741     
        3432   8.4845483881280064        9.2991505548471096        9.2267851624945258     
        3433   8.4853173376872615        9.3000768130468714        9.2276906205693674     
        3434   8.4860251977883188        9.3009295836730814        9.2285242554286508     
        3435   8.4867735265969237        9.3018315705345618        9.2294058511719221     
        3436   8.4874803585951142        9.3026827920343678        9.2302380323703535     
        3437   8.4882634009303537        9.3036256797355747        9.2311598325457531     
        3438   8.4890230124317512        9.3045405301927619        9.2320541788805421     
        3439   8.4897574994467995        9.3054246384654817        9.2329186041482654     
        3440   8.4904704314603823        9.3062834232868230        9.2337581211388162     
        3441   8.4912404659670617        9.3072105530716946        9.2346645354054075     
        3442   8.4919449789014418        9.3080586488731658        9.2354937511748556     
        3443   8.4926967445503898        9.3089644077024101        9.2363791393142964     
        3444   8.4934108108333657        9.3098246138059064        9.2372200514775926     
        3445   8.4941598870657113        9.3107271380591037        9.2381022680444875     
        3446   8.4948994902853237        9.3116183392308596        9.2389734047484229     
        3447   8.4956322530463240        9.3125014973041669        9.2398366422441214     
        3448   8.4963289531922808        9.3133406949978159        9.2406570427698789     
        3449   8.4970997049740973        9.3142695320172635        9.2415649264434698     
        3450   8.4977913872119490        9.3151028099823403        9.2423795023557584     
        3451   8.4985655950546874        9.3160357400580711        9.2432914024938952     
        3452   8.4992925249543259        9.3169118157085098        9.2441477156608070     
        3453   8.4999761580592210        9.3177353492064547        9.2449527866690353     
        3454   8.5007669581944878        9.3186885973388414        9.2458844820872965     
        3455   8.5015426028610666        9.3196232132040340        9.2467980380536794     
        3456   8.5022406120676912        9.3204644632990803        9.2476203261747632     
        3457   8.5028908293029648        9.3212483540298532        9.2483865214314491     
        3458   8.5036459642522626        9.3221581785444201        9.2492758854971378     
        3459   8.5043745832719289        9.3230367391358389        9.2501345353017115     
        3460   8.5050701780146927        9.3238748352745748        9.2509538160943752     
        3461   8.5057935957864235        9.3247469949937134        9.2518062380893102     
        3462   8.5065116273292141        9.3256124554535837        9.2526521678614468     
        3463   8.5072567598064204        9.3265101549247120        9.2535296954033281     
        3464   8.5079873315067704        9.3273911423058617        9.2543906969723544     
        3465   8.5086960523767807        9.3282454368295831        9.2552257016392083     
        3466   8.5093699882238543        9.3290583339493978        9.2560201317317166     
        3467   8.5100776819699142        9.3299109550518011        9.2568536031052719     
        3468   8.5108026338923803        9.3307845641671943        9.2577075461337390     
        3469   8.5115875263163847        9.3317308900401290        9.2586324188970863     
        3470   8.5123448397949204        9.3326439052605359        9.2595247648079813     
        3471   8.5129961671747623        9.3334289799510053        9.2602921555789592     
        3472   8.5137094188059947        9.3342888662967152        9.2611325856424696     
        3473   8.5144641046902709        9.3351989872500649        9.2620220409759959     
        3474   8.5151452921209358        9.3360203763754868        9.2628248217110176     
        3475   8.5158851559107980        9.3369123105256779        9.2636965852295035     
        3476   8.5166262599908560        9.3378058621883877        9.2645699019053183     
        3477   8.5173459777968539        9.3386734952150476        9.2654179218624879     
        3478   8.5180490540687419        9.3395211660465698        9.2662464049736997     
        3479   8.5187484290165543        9.3403643477823941        9.2670705199848555     
        3480   8.5194451571587155        9.3412045001309707        9.2678916413718557     
        3481   8.5202108257054494        9.3421275273013009        9.2687937751888274     
        3482   8.5209628714426024        9.3430340037802875        9.2696797629629781     
        3483   8.5216607557727322        9.3438756566836894        9.2705023198742307     
        3484   8.5224057284306713        9.3447735253591073        9.2713799339537868     
        3485   8.5231444089901682        9.3456643941650110        9.2722505579457000     
        3486   8.5238482555762047        9.3465130086198638        9.2730799653482006     
        3487   8.5245301246038583        9.3473354240439086        9.2738837046874369     
        3488   8.5252159913187366        9.3481619275482757        9.2746916078348427     
        3489   8.5259288333848797        9.3490215534236984        9.2755317510626138     
        3490   8.5266417192098789        9.3498811985376040        9.2763719161667311     
        3491   8.5273469998306020        9.3507316898852366        9.2772031331318274     
        3492   8.5280225261848557        9.3515457691081458        9.2779988997935376     
        3493   8.5287229855123776        9.3523905754000136        9.2788245221747818     
        3494   8.5294618683576910        9.3532816739786941        9.2796953749731372     
        3495   8.5301859111040343        9.3541550914853620        9.2805489104004888     
        3496   8.5309281423385084        9.3550504143944462        9.2814238559529816     
        3497   8.5316979428352315        9.3559789465149308        9.2823312575162724     
        3498   8.5324055496465334        9.3568322692149248        9.2831652362693582     
        3499   8.5331780196027118        9.3577637136342791        9.2840755460218549     
        3500   8.5338888340098205        9.3586210090314630        9.2849133697638244     
        3501   8.5346570703846520        9.3595471929017098        9.2858185854928426     
        3502   8.5353609864631750        9.3603964082343207        9.2866484766437836     
        3503   8.5360363840958744        9.3612110239019017        9.2874446068698528     
        3504   8.5367801155675167        9.3621078733886343        9.2883211101185950     
        3505   8.5375465695597921        9.3630324822305049        9.2892246485472079     
        3506   8.5382579926762947        9.3638906140931937        9.2900632732851101     
        3507   8.5389298802565676        9.3647013115264581        9.2908554970590611     
        3508   8.5396837602997522        9.3656102278518780        9.2917438461966242     
        3509   8.5404253099398169        9.3665043305625701        9.2926177140848694     
        3510   8.5411330527652130        9.3673580594661505        9.2934520422680507     
        3511   8.5418494088476677        9.3682218564828155        9.2942962638930506     
        3512   8.5425448545386971        9.3690608980292573        9.2951161884250233     
        3513   8.5432926344931008        9.3699630987844191        9.2959978234162044     
        3514   8.5440348938693038        9.3708586229515678        9.2968729276193631     
        3515   8.5447151307543567        9.3716791156659340        9.2976747940647542     
        3516   8.5454307145454553        9.3725423359340567        9.2985183746538631     
        3517   8.5461555218178233        9.3734166570895763        9.2993728089544057     
        3518   8.5468512013140145        9.3742558929800879        9.3001929645060084     
        3519   8.5476093695910915        9.3751709764517202        9.3010870862731849     
        3520   8.5483665460756022        9.3760845164484792        9.3019797714337429     
        3521   8.5491410496392053        9.3770191329846195        9.3028930159555543     
        3522   8.5498511375132917        9.3778758198111127        9.3037302120879612     
        3523   8.5505681890296383        9.3787409603176588        9.3045756293063064     
        3524   8.5512453497398528        9.3795575943916880        9.3053737523336206     
        3525   8.5519265823925075        9.3803794292633249        9.3061768924508481     
        3526   8.5526589914850213        9.3812634092764586        9.3070406417089355     
        3527   8.5533518733181406        9.3820994065138361        9.3078575833902786     
        3528   8.5541289862523673        9.3830370928839777        9.3087738574609009     
        3529   8.5548120610098337        9.3838616571284312        9.3095795511688575     
        3530   8.5554891268441065        9.3846787689970643        9.3103780100928706     
        3531   8.5562322857689370        9.3855756780254165        9.3112543905138221     
        3532   8.5569925452250235        9.3864928918290200        9.3121506963186196     
        3533   8.5577651992342201        9.3874248780401608        9.3130614698658150     
        3534   8.5584968343377970        9.3883081509116408        9.3139244521946640     
        3535   8.5592721049123419        9.3892435859321974        9.3148385254430774     
        3536   8.5600032951833871        9.3901264269832900        9.3157010841882446     
        3537   8.5607281042293479        9.3910011066009407        9.3165557801051939     
        3538   8.5614515300007721        9.3918743232946653        9.3174089940283231     
        3539   8.5621322888854383        9.3926960296186781        9.3182119045123617     
        3540   8.5628523107104240        9.3935646818260103        9.3190607902496296     
        3541   8.5635352343050020        9.3943887622473436        9.3198660653355923     
        3542   8.5642423753118351        9.3952421443695879        9.3206999495005185     
        3543   8.5649824939475323        9.3961347866193421        9.3215723177970418     
        3544   8.5656659949292777        9.3969598376431236        9.3223784741507298     
        3545   8.5663919544454910        9.3978361771249688        9.3232347323490821     
        3546   8.5671128249055215        9.3987065584577607        9.3240851234835969     
        3547   8.5678580542957263        9.3996057726782638        9.3249638134991102     
        3548   8.5685782703564044        9.4004753760492861        9.3258134516931328     
        3549   8.5693141223293328        9.4013633192088548        9.3266811254521400     
        3550   8.5700356135163105        9.4022336770621244        9.3275316923323377     
        3551   8.5708182306546430        9.4031787896569501        9.3284550280562613     
        3552   8.5715465722700497        9.4040580442285613        9.3293141361700496     
        3553   8.5722446310638922        9.4049011596321623        9.3301378282990513     
        3554   8.5730434776512006        9.4058656037564070        9.3310800987382034     
        3555   8.5737878980848965        9.4067644762805038        9.3319583028551207     
        3556   8.5745261410713525        9.4076558801453434        9.3328292067908514     
        3557   8.5752840307023419        9.4085712751285371        9.3337234952633192     
        3558   8.5759982376164299        9.4094331979630716        9.3345657395842547     
        3559   8.5767433779484339        9.4103326200781119        9.3354445591710018     
        3560   8.5775154214579832        9.4112643378508434        9.3363549608318603     
        3561   8.5782009316963315        9.4120919123168747        9.3371635819007945     
        3562   8.5789186408955889        9.4129583514204782        9.3380101675610963     
        3563   8.5797426663646963        9.4139532780776847        9.3389821923997065     
        3564   8.5804354716603015        9.4147897297137320        9.3397994620295144     
        3565   8.5811940131991431        9.4157053244702507        9.3406940945355252     
        3566   8.5818994988485109        9.4165577031612173        9.3415267698416731     
        3567   8.5825732966090360        9.4173716243366847        9.3423219296467863     
        3568   8.5832781480236573        9.4182224377588781        9.3431532652629681     
        3569   8.5839564450625954        9.4190414357197660        9.3439534777003530     
        3570   8.5847518933772609        9.4200020251755738        9.3448919406193429     
        3571   8.5854795950489127        9.4208803172698303        9.3457501397480307     
        3572   8.5862330205656114        9.4217899758410422        9.3466389107574379     
        3573   8.5870334757098092        9.4227564317109156        9.3475831568051202     
        3574   8.5877555133056411        9.4236284110868045        9.3484350667193841     
        3575   8.5884241352307136        9.4244356110606180        9.3492237681166532     
        3576   8.5891664658555698        9.4253326524702885        9.3501000337264557     
        3577   8.5898592031691177        9.4261692946849642        9.3509174160097412     
        3578   8.5905571506929856        9.4270121091085421        9.3517408584606265     
        3579   8.5912862665741390        9.4278923784753896        9.3526009336420923     
        3580   8.5919763286631916        9.4287257760956678        9.3534151542147104     
        3581   8.5927397144052975        9.4296473876677798        9.3543156194685881     
        3582   8.5934414857994881        9.4304949766340194        9.3551437062859275     
        3583   8.5941409972393750        9.4313396312982292        9.3559689488473143     
        3584   8.5948863399346589        9.4322399886466588        9.3568485321027435     
        3585   8.5956397254643893        9.4331495679160557        9.3577372475339704     
        3586   8.5963547391920674        9.4340130002515643        9.3585808290098704     
        3587   8.5970929708565968        9.4349042216495054        9.3594516151778695     
        3588   8.5978596179793723        9.4358305249954331        9.3603564752479294     
        3589   8.5986255723869913        9.4367556238492867        9.3612602369779854     
        3590   8.5993939506804153        9.4376838285939755        9.3621670009633231     
        3591   8.6001521270517323        9.4385992964207084        9.3630614195107800     
        3592   8.6009069697461236        9.4395112317107177        9.3639522814538694     
        3593   8.6016662854237271        9.4404284171080022        9.3648483120049626     
        3594   8.6024352902752419        9.4413573592793938        9.3657557890005769     
        3595   8.6032020373997700        9.4422837080954753        9.3666607145030287     
        3596   8.6039470043495463        9.4431836524621371        9.3675398593134407     
        3597   8.6046946397819379        9.4440871441686962        9.3684224143710466     
        3598   8.6054869596557495        9.4450444934855255        9.3693575812862377     
        3599   8.6061876558059502        9.4458906290856550        9.3701842728989497     
        3600   8.6069424827810952        9.4468026740718276        9.3710752162582569     
        3601   8.6076620998783788        9.4476724876259528        9.3719248349036750     
        3602   8.6084040658161367        9.4485688242834680        9.3728004745765983     
        3603   8.6091270735173726        9.4494424522048046        9.3736538927400819     
        3604   8.6098414667725063        9.4503057588319290        9.3744972021229209     
        3605   8.6105946918408005        9.4512160407109818        9.3753863738999286     
        3606   8.6113566206529484        9.4521367825588456        9.3762857724080728     
        3607   8.6121151211378884        9.4530537007172057        9.3771813648341897     
        3608   8.6129262579733190        9.4540333500485616        9.3781384178047045     
        3609   8.6136554845863156        9.4549151895610422        9.3789996862992684     
        3610   8.6144268622595170        9.4558474054041159        9.3799102765601532     
        3611   8.6151114279314278        9.4566744028250120        9.3807181997736091     
        3612   8.6158365672619333        9.4575507038609334        9.3815741984311476     
        3613   8.6166113550859702        9.4584867215798507        9.3824885735071195     
        3614   8.6173136639496146        9.4593356503732995        9.3833178043352579     
        3615   8.6180706801032620        9.4602503442044501        9.3842113332166832     
        3616   8.6187743199170814        9.4611006260356412        9.3850419409371710     
        3617   8.6195657848173131        9.4620571725956424        9.3859762750817204     
        3618   8.6203342607357616        9.4629860684247156        9.3868835857073432     
        3619   8.6210471559789053        9.4638475332558389        9.3877251079316366     
        3620   8.6217235305602493        9.4646655160464146        9.3885240132087038     
        3621   8.6224399173168162        9.4655313280897975        9.3893697538973715     
        3622   8.6231880015423386        9.4664354991143345        9.3902529296181783     
        3623   8.6239242930727595        9.4673252794537586        9.3911220975245087     
        3624   8.6246772809115111        9.4682353752037383        9.3920110774260639     
        3625   8.6253881281865450        9.4690945321266735        9.3928502986180185     
        3626   8.6261475452708964        9.4700130701187728        9.3937473598962651     
        3627   8.6268176875366862        9.4708226946917531        9.3945383005154497     
        3628   8.6275138542339196        9.4716640950410778        9.3953601960992827     
        3629   8.6281749549337103        9.4724633641053551        9.3961408998824911     
        3630   8.6288660053514867        9.4732991390486578        9.3969571790831541     
        3631   8.6295748666062142        9.4741561480671255        9.3977942484663579     
        3632   8.6303220503289921        9.4750593280000253        9.3986764464785431     
        3633   8.6310298652812385        9.4759151985115864        9.3995123741579203     
        3634   8.6316809629121547        9.4767026214047032        9.4002814418840455     
        3635   8.6323745974450645        9.4775414553878843        9.4011007146561383     
        3636   8.6331044218025106        9.4784236531913706        9.4019624225343410     
        3637   8.6338229088544836        9.4792922842273750        9.4028108431443602     
        3638   8.6345307181794251        9.4801483497958206        9.4036469185512264     
        3639   8.6352691472322061        9.4810411904622125        9.4045189598074685     
        3640   8.6360454361271390        9.4819792113837167        9.4054352623201467     
        3641   8.6368223605294929        9.4829183001525177        9.4063525194219331     
        3642   8.6375748890419946        9.4838280349062263        9.4072410857946700     
        3643   8.6383491067623712        9.4847644602796457        9.4081556004702556     
        3644   8.6391019009445422        9.4856751006692051        9.4090449208535780     
        3645   8.6398549875166744        9.4865852713499592        9.4099339726727802     
        3646   8.6406177521349292        9.4875081795964942        9.4108352174296233     
        3647   8.6412995231959613        9.4883324920005165        9.4116403659391228     
        3648   8.6420290388266050        9.4892147630864976        9.4125020365426799     
        3649   8.6427288999359444        9.4900611216157280        9.4133286359922383     
        3650   8.6434124629801428        9.4908876094409091        9.4141359091395760     
        3651   8.6441500816123664        9.4917789923795866        9.4150066327765938     
        3652   8.6448233143778790        9.4925931590067005        9.4158018217309714     
        3653   8.6454976135075139        9.4934089944092435        9.4165985564450594     
        3654   8.6462157696788360        9.4942777966888787        9.4174470177437577     
        3655   8.6469740158539814        9.4951948322445912        9.4183426255296006     
        3656   8.6477133556950605        9.4960891678979031        9.4192160306070587     
        3657   8.6485257050776525        9.4970719061351865        9.4201757136671294     
        3658   8.6492784285103763        9.4979818869308019        9.4210645153415360     
        3659   8.6500361788993203        9.4988988792945932        9.4219599497205717     
        3660   8.6507995687554260        9.4998222631407039        9.4228617296223600     
        3661   8.6515377170968168        9.5007154204647914        9.4237339206404087     
        3662   8.6523104051227815        9.5016502751920200        9.4246468443712512     
        3663   8.6529762124420984        9.5024558305561033        9.4254335380482015     
        3664   8.6536594072954554        9.5032816192788125        9.4262401786264114     
        3665   8.6544281327447408        9.5042113358667812        9.4271481576952958     
        3666   8.6551879408121248        9.5051311753974321        9.4280462767575521     
        3667   8.6559298497023267        9.5060293916782825        9.4289232822484728     
        3668   8.6566742829628716        9.5069295756030172        9.4298024665420019     
        3669   8.6574349474524261        9.5078497373079589        9.4307010868569705     
        3670   8.6580868865491922        9.5086386609107247        9.4314715140701715     
        3671   8.6588316842649302        9.5095400073143530        9.4323516751948464     
        3672   8.6595918404553061        9.5104591814005435        9.4332494218609746     
        3673   8.6603960222515433        9.5114316175364273        9.4341991526233375     
        3674   8.6611642426620019        9.5123608288869352        9.4351066081911359     
        3675   8.6619034035047680        9.5132553779945681        9.4359801132713006     
        3676   8.6626385787032767        9.5141449160004559        9.4368487718280001     
        3677   8.6633823073184359        9.5150446186895099        9.4377274107641291     
        3678   8.6641257715159750        9.5159442502693903        9.4386059196488343     
        3679   8.6648571266678882        9.5168292299260973        9.4394701244058030     
        3680   8.6656076454751716        9.5177377071264377        9.4403571748883657     
        3681   8.6663820196290615        9.5186746807341578        9.4412721402152719     
        3682   8.6671569330904443        9.5196126330770365        9.4421879756739386     
        3683   8.6678864685452659        9.5204956511135084        9.4430502163576904     
        3684   8.6686028365834620        9.5213624680572480        9.4438967046584299     
        3685   8.6693449180884219        9.5222606770354599        9.4447737527240676     
        3686   8.6700669427680026        9.5231343312427068        9.4456268996911934     
        3687   8.6708557169922784        9.5240888341852497        9.4465589662561698     
        3688   8.6716105553397611        9.5250027607842398        9.4474513163622209     
        3689   8.6723466635550395        9.5258935182258515        9.4483211516339072     
        3690   8.6730900852646009        9.5267933798951940        9.4491998154638370     
        3691   8.6738624962188844        9.5277277920209134        9.4501123223391481     
        3692   8.6745641085062299        9.5285774872797955        9.4509419205956071     
        3693   8.6753409298474686        9.5295175786126318        9.4518598957169271     
        3694   8.6760993356226859        9.5304352834789228        9.4527560458626532     
        3695   8.6767944334404703        9.5312762038843051        9.4535772934848215     
        3696   8.6775484792113975        9.5321888262464380        9.4544684349953503     
        3697   8.6782746698261963        9.5330675738737867        9.4553265623896010     
        3698   8.6790674215103589        9.5340275845788760        9.4562638401185080     
        3699   8.6798597530993362        9.5349861178953432        9.4571999083001010     
        3700   8.6806023585803516        9.5358850909592530        9.4580776872962211     
        3701   8.6813308494567352        9.5367668881630738        9.4589387155778173     
        3702   8.6820509444480898        9.5376383464624936        9.4597896987852756     
        3703   8.6828086825956863        9.5385551749073745        9.4606850110383611     
        3704   8.6835663346807763        9.5394725005481327        9.4615806703875620     
        3705   8.6843285563872428        9.5403950935058610        9.4624815373472480     
        3706   8.6850502266562906        9.5412689718371322        9.4633347582335965     
        3707   8.6857957507475678        9.5421712551417173        9.4642158134848415     
        3708   8.6865289400801693        9.5430591777500346        9.4650827191531590     
        3709   8.6872740352318782        9.5439618880290364        9.4659639670213558     
        3710   8.6880353068125604        9.5448832423539560        9.4668636436879137     
        3711   8.6887739693139476        9.5457777105749049        9.4677369562236056     
        3712   8.6895476469327040        9.5467146083358454        9.4686516817566275     
        3713   8.6903356575179025        9.5476685608624159        9.4695831162940358     
        3714   8.6903356575179025        9.5485894672547325        9.4704822616912399     
        3715   8.6918283841411839        9.5494761964558048        9.4713479979808337     
        3716   8.6926286153739589        9.5504441718928419        9.4722933041156505     
        3717   8.6933456174531845        9.5513121671841326        9.4731408468820231     
        3718   8.6941832256079312        9.5523269549407015        9.4741314658697515     
        3719   8.6948747378378002        9.5531645047700877        9.4749491924990981     
        3720   8.6955846007939712        9.5540237302235838        9.4757881927026002     
        3721   8.6963052341843099        9.5548968594709276        9.4766405662648729     
        3722   8.6970541688390473        9.5558044137970892        9.4775264968255595     
        3723   8.6978035897749990        9.5567120008543860        9.4784126007603469     
        3724   8.6985417281249546        9.5576057753665431        9.4792852525845444     
        3725   8.6993630761216689        9.5586004859033800        9.4802563742460020     
        3726   8.7000976478564134        9.5594906566761590        9.4811253396767050     
        3727   8.7008846769580455        9.5604435872243805        9.4820557455389345     
        3728   8.7015972655676883        9.5613064626457049        9.4828982388314493     
        3729   8.7023751366706890        9.5622489117626337        9.4838182682283882     
        3730   8.7031549290172734        9.5631931743553089        9.4847401843546617     
        3731   8.7039323431302194        9.5641347289255449        9.4856594223877178     
        3732   8.7046469961983082        9.5650002435303705        9.4865044440651829     
        3733   8.7053928258775564        9.5659029539867362        9.4873859277233610     
        3734   8.7061517104252815        9.5668231064575693        9.4882840095498491     
        3735   8.7069037176509703        9.5677344327701839        9.4891736267191753     
        3736   8.7076554236646189        9.5686450048853011        9.4900625970420514     
        3737   8.7084060412949107        9.5695541923629488        9.4909502343914216     
        3738   8.7091258443229620        9.5704260854511212        9.4918014599286504     
        3739   8.7098066722334799        9.5712503526049950        9.4926062899317927     
        3740   8.7105413147835069        9.5721403533426503        9.4934751524858569     
        3741   8.7112565965136710        9.5730062099952864        9.4943206210724860     
        3742   8.7119973190892335        9.5739037150800907        9.4951967730295959     
        3743   8.7127498100840732        9.5748148729817490        9.4960863934649851     
        3744   8.7134934334285834        9.5757154532060795        9.4969656455273270     
        3745   8.7142303465653121        9.5766076929203265        9.4978368245820128     
        3746   8.7149568861133169        9.5774881401023304        9.4986963036966223     
        3747   8.7157507784276778        9.5784500232860541        9.4996352874850327     
        3748   8.7165861256917374        9.5794629300312266        9.5006238610054492     
        3749   8.7173378785700102        9.5803740670614719        9.5015132528305770     
        3750   8.7180508735271793        9.5812378284129469        9.5023565096047875     
        3751   8.7188046184459314        9.5821510301641855        9.5032479963172456     
        3752   8.7195418140760292        9.5830443407503463        9.5041200306783438     
        3753   8.7203716681284700        9.5840492257313663        9.5051011250470463     
        3754   8.7211856982528388        9.5850356556376717        9.5060640373410941     
        3755   8.7219522286134126        9.5859644612512955        9.5069707245673651     
        3756   8.7227273352790036        9.5869033354374622        9.5078873351235416     
        3757   8.7234316969945773        9.5877568526220500        9.5087205605245586     
        3758   8.7241322120282145        9.5886057185858569        9.5095492372674322     
        3759   8.7248990578859935        9.5895350835356261        9.5104564301813035     
        3760   8.7256463886363722        9.5904404754459573        9.5113403061987327     
        3761   8.7263790686009663        9.5913281250288875        9.5122068579192902     
        3762   8.7270912844958097        9.5921908096197797        9.5130490966618044     
        3763   8.7278296370680106        9.5930859108239588        9.5139228066859669     
        3764   8.7285831475441142        9.5939988562331688        9.5148140492178719     
        3765   8.7293502937262009        9.5949285700060116        9.5157215959972312     
        3766   8.7300977025306690        9.5958342049716059        9.5166056817474765     
        3767   8.7308281195114983        9.5967194423196940        9.5174698070025556     
        3768   8.7315460889193766        9.5975900017549378        9.5183195230962951     
        3769   8.7322945525795870        9.5984973104130802        9.5192051306885457     
        3770   8.7330194581207525        9.5993754111970180        9.5200624087536614     
        3771   8.7337749992173421        9.6002911473450379        9.5209562853848304     
        3772   8.7345144689621943        9.6011877690042144        9.5218314388107395     
        3773   8.7351924412374622        9.6020093456034630        9.5226334802308070     
        3774   8.7359445835824623        9.6029210811201207        9.5235234372220745     
        3775   8.7367124241587977        9.6038519158192486        9.5244319932134918     
        3776   8.7374578366472484        9.6047553302370421        9.5253138594894295     
        3777   8.7382234190965722        9.6056832010083113        9.5262195849224955     
        3778   8.7389922849710331        9.6066151461390525        9.5271292683019677     
        3779   8.7397450636219016        9.6075278751812476        9.5280201321379110     
        3780   8.7405196711397295        9.6084666879118021        9.5289365511431843     
        3781   8.7412933689778409        9.6094045769660283        9.5298520046288253     
        3782   8.7420824811253777        9.6103608670165652        9.5307854884289185     
        3783   8.7429320514882658        9.6113913801831377        9.5317911757861520     
        3784   8.7437526535754415        9.6123862619441649        9.5327622228853102     
        3785   8.7445455730803179        9.6133472269759910        9.5337002563884994     
        3786   8.7453280942837530        9.6142957331271202        9.5346261040801963     
        3787   8.7460664994570738        9.6151912139381697        9.5355000901322331     
        3788   8.7468374760386318        9.6161259262670562        9.5364124160693517     
        3789   8.7475665530978688        9.6170101483053081        9.5372754166216502     
        3790   8.7483313004194336        9.6179372859051941        9.5381803730662025     
        3791   8.7491298990434121        9.6189052973520219        9.5391252335208918     
        3792   8.7491298990434121        9.6198015029983122        9.5400000521963957     
        3793   8.7514501050900222        9.6207149811415285        9.5408916805659807     
        3794   8.7514501050900222        9.6217184359268018        9.5418710037413170     
        3795   8.7522245033435269        9.6226574931377034        9.5427875323915288     
        3796   8.7529600556550502        9.6235491843873948        9.5436579163108490     
        3797   8.7537122995839471        9.6244611924641692        9.5445481130677834     
        3798   8.7544216805537420        9.6253218339616229        9.5453880296132212     
        3799   8.7551557043380015        9.6262118579344911        9.5462567278817634     
        3800   8.7559496764555664        9.6271753557555684        9.5471969308848301     
        3801   8.7566826665446023        9.6280646500645570        9.5480647889284178     
        3802   8.7574608664544247        9.6290089050275878        9.5489862378735193     
        3803   8.7581645135951991        9.6298626959298463        9.5498194364093134     
        3804   8.7589449688111571        9.6308093501253360        9.5507433126316883     
        3805   8.7596855554825748        9.6317076512671118        9.5516200117792387     
        3806   8.7604413213547687        9.6326241723423269        9.5525145546191350     
        3807   8.7612399742522573        9.6335926236992186        9.5534597575581071     
        3808   8.7619139223266238        9.6344094618830436        9.5542571379080030     
        3809   8.7626890634073717        9.6353494892370186        9.5551745984048875     
        3810   8.7635026260259110        9.6363361343212475        9.5561375335568144     
        3811   8.7642388787232619        9.6372289244104046        9.5570089199288297     
        3812   8.7649873593027454        9.6381370803744506        9.5578951847056004     
        3813   8.7657334455261058        9.6390418804414502        9.5587782737096827     
        3814   8.7664775648414839        9.6399447277869097        9.5596593457334063     
        3815   8.7671919717808589        9.6408113426651969        9.5605051214904311     
        3816   8.7679709685386289        9.6417567045891754        9.5614276126757414     
        3817   8.7688319243405637        9.6428010617064714        9.5624468041933284     
        3818   8.7695812962588331        9.6437102956176570        9.5633341044913536     
        3819   8.7703563409612695        9.6446510514569592        9.5642520785710232     
        3820   8.7711175388842868        9.6455741566608371        9.5651530316269273     
        3821   8.7718994094226606        9.6465230682280509        9.5660789716652506     
        3822   8.7726568757767396        9.6474420847790334        9.5669758352177201     
        3823   8.7734419509652337        9.6483939080249499        9.5679048674260141     
        3824   8.7742273314102430        9.6493468704471841        9.5688348213268188     
        3825   8.7750076116217830        9.6502932852008474        9.5697584787921368     
        3826   8.7757508805378990        9.6511948784258994        9.5706383841354139     
        3827   8.7765672033824735        9.6521850949884556        9.5716047488501736     
        3828   8.7773324390463028        9.6531134977102955        9.5725107701589938     
        3829   8.7780577887541611        9.6539931756765771        9.5733693476079562     
        3830   8.7787765802317601        9.6548649824265507        9.5742202190068397     
        3831   8.7795711126322313        9.6558286475660218        9.5751607243209058     
        3832   8.7803566684875580        9.6567812910716722        9.5760904977520696     
        3833   8.7811126742246604        9.6576986636525728        9.5769857350854135     
        3834   8.7819296139309859        9.6586903429638191        9.5779533717107093     
        3835   8.7826966730625369        9.6596213718243753        9.5788618485488133     
        3836   8.7834689646470352        9.6605584248736314        9.5797762860941269     
        3837   8.7842079070969472        9.6614543873252465        9.5806507994662162     
        3838   8.7849671302260361        9.6623752411355195        9.5815495298925200     
        3839   8.7858295369630071        9.6634213895383745        9.5825704630297199     
        3840   8.7866185095354243        9.6643786555627305        9.5835046308331009     
        3841   8.7873374964663000        9.6652513104063686        9.5843561734039575     
        3842   8.7880873078722885        9.6661615263102849        9.5852443403678755     
        3843   8.7888927665809380        9.6671392527192861        9.5861983513256277     
        3844   8.7896386124910464        9.6680441823230545        9.5870814738709846     
        3845   8.7904060011635643        9.6689753517609507        9.5879901483204737     
        3846   8.7911607493677408        9.6698915547916169        9.5888841513621603     
        3847   8.7919698781892652        9.6708736515169900        9.5898424504908757     
        3848   8.7927856819451797        9.6718635506716790        9.5908084362518977     
        3849   8.7935490143068353        9.6727906697907091        9.5917129711021740     
        3850   8.7943198362822343        9.6737266018230006        9.5926261670419066     
        3851   8.7950252596725278        9.6745827531628468        9.5934616281216289     
        3852   8.7957410577665680        9.6754520821457870        9.5943098020190636     
        3853   8.7965180123168256        9.6763951020948493        9.5952299979745010     
        3854   8.7972620909123904        9.6772984716806629        9.5961114460107009     
        3855   8.7980460622871774        9.6782499642504352        9.5970399154865529     
        3856   8.7988273443054652        9.6791981360259705        9.5979651521703566     
        3857   8.7996041215744221        9.6801410715934555        9.5988852212458529     
        3858   8.8004095636802102        9.6811193960757915        9.5998396839376312     
        3859   8.8012429300144603        9.6821317459319900        9.6008272897887590     
        3860   8.8019848902612488        9.6830330595892615        9.6017066231145627     
        3861   8.8027280005663915        9.6839349119015310        9.6025866825862192     
        3862   8.8034199608444226        9.6847746774300862        9.6034061678811469     
        3863   8.8042052001146889        9.6857281590310116        9.6043364725505640     
        3864   8.8049696107652444        9.6866560403122328        9.6052418873977192     
        3865   8.8057506757830541        9.6876044868791116        9.6061672651471994     
        3866   8.8065103860137697        9.6885271969848450        9.6070674939884757     
        3867   8.8072279684488599        9.6893987512448749        9.6079178423743610     
        3868   8.8079975628791853        9.6903326303660133        9.6088291776320922     
        3869   8.8087455658176204        9.6912409059916502        9.6097153781403915     
        3870   8.8094883696977142        9.6921428411643067        9.6105954279191348     
        3871   8.8102086961877184        9.6930170119961137        9.6114484965677764     
        3872   8.8109567081777165        9.6939250915514421        9.6123345612878222     
        3873   8.8116706710610266        9.6947915145646721        9.6131800699682657     
        3874   8.8124151472855541        9.6956953180777923        9.6140619625031256     
        3875   8.8132219506702913        9.6966751113910004        9.6150178888572313     
        3876   8.8139986429328090        9.6976178242456896        9.6159377854924717     
        3877   8.8147876961629770        9.6985760288393283        9.6168726707755443     
        3878   8.8155155460832617        9.6994600743786741        9.6177351869234098     
        3879   8.8162995405561837        9.7004120713135809        9.6186640447436993     
        3880   8.8170544637820232        9.7013288577036914        9.6195585364707128     
        3881   8.8178757278119200        9.7023262833469150        9.6205316468946727     
        3882   8.8187283681239723        9.7033619212750093        9.6215419933988624     
        3883   8.8194415155380899        9.7042280254396456        9.6223870291069176     
        3884   8.8202181996018645        9.7051712627594959        9.6233072982122092     
        3885   8.8209764739863807        9.7060923153199390        9.6242059004936511     
        3886   8.8217528858615495        9.7070354311685225        9.6251260028793038     
        3887   8.8225085445392857        9.7079530369380329        9.6260213087041180     
        3888   8.8232319847466378        9.7088323643499859        9.6268790524422485     
        3889   8.8240435955251826        9.7098176138806522        9.6278404160321980     
        3890   8.8248097408698438        9.7107490915629704        9.6287489680942713     
        3891   8.8255681402784756        9.7116704135739909        9.6296478084670927     
        3892   8.8263444678856597        9.7126138763205230        9.6305681295217713     
        3893   8.8271078824833076        9.7135412814816657        9.6314729089872397     
        3894   8.8278349472047086        9.7144243672591291        9.6323344979343801     
        3895   8.8286340955378240        9.7153955408796566        9.6332818683327517     
        3896   8.8294123205079806        9.7163407712452923        9.6342040561799518     
        3897   8.8301837505939620        9.7172782266180153        9.6351185408738171     
        3898   8.8309664851280285        9.7182290993055300        9.6360462031319774     
        3899   8.8317649933014426        9.7191995052185636        9.6369928116760537     
        3900   8.8325533353726637        9.7201565573715296        9.6379266491896249     
        3901   8.8333817089647617        9.7211623624228309        9.6389080017228803     
        3902   8.8341696843277990        9.7221193610717904        9.6398416765548642     
        3903   8.8349539105442574        9.7230716787494718        9.6407708286327853     
        3904   8.8357563847008027        9.7240462846270184        9.6417216813580016     
        3905   8.8365715977330588        9.7250370032057383        9.6426881005691651     
        3906   8.8373805722496979        9.7260202728836340        9.6436472054058537     
        3907   8.8381679238555346        9.7269772728592958        9.6445806968375969     
        3908   8.8389322587113703        9.7279062692903686        9.6454868913584537     
        3909   8.8396654910337968        9.7287976653123511        9.6463563882581536     
        3910   8.8404570715041881        9.7297596390735706        9.6472947822939297     
        3911   8.8412272581883737        9.7306953135878160        9.6482076034082187     
        3912   8.8419833686962779        9.7316140001343392        9.6491038282519046     
        3913   8.8427405927772504        9.7325340001049874        9.6500013514062388     
        3914   8.8435489955557678        9.7335163269003431        9.6509596181558344     
        3915   8.8443230239802340        9.7344573161602685        9.6518774665911025     
        3916   8.8451295567812949        9.7354374502206955        9.6528335665736638     
        3917   8.8458733895992179        9.7363411796803430        9.6537152175825387     
        3918   8.8466864029227512        9.7373295329090261        9.6546792508717321     
        3919   8.8475202462066402        9.7383432295853165        9.6556679806686834     
        3920   8.8483926748446677        9.7394030632615198        9.6567018926800046     
        3921   8.8491494324421343        9.7403225014396853        9.6575988441409653     
        3922   8.8499085659727932        9.7412455077539128        9.6584991278959578     
        3923   8.8507379444114562        9.7422533579538175        9.6594822603061914     
        3924   8.8514722425150083        9.7431453604500149        9.6603524930275348     
        3925   8.8522650544573604        9.7441086959234564        9.6612922647021851     
        3926   8.8530532326680902        9.7450663859117519        9.6622265083130063     
        3927   8.8538353757905117        9.7460168083362060        9.6631536603447614     
        3928   8.8546265894906107        9.7469794163597872        9.6640924064588827     
        3929   8.8553752791463900        9.7478898297655174        9.6649803801242591     
        3930   8.8561231132724796        9.7487988262036129        9.6658670553451991     
        3931   8.8569101311490837        9.7497554959301116        9.6668002146841285     
        3932   8.8577185568334276        9.7507388163105500        9.6677592230946612     
        3933   8.8585236275223682        9.7517180236826011        9.6687142222240841     
        3934   8.8592724583115228        9.7526280575204289        9.6696019732915630     
        3935   8.8600525469357994        9.7535762555897243        9.6705268982529908     
        3936   8.8608478121347662        9.7545432854377800        9.6714700886490856     
        3937   8.8616696298755571        9.7555428091622307        9.6724449013504934     
        3938   8.8625263533625489        9.7565846360128532        9.6734610128763041     
        3939   8.8633356691873484        9.7575688683915196        9.6744209559479444     
        3940   8.8640827310331005        9.7584772020722141        9.6753069361996218     
        3941   8.8648889568730151        9.7594574462170733        9.6762630242183292     
        3942   8.8656800503460271        9.7604192182382548        9.6772011249972643     
        3943   8.8664770433204900        9.7613886114211663        9.6781465416292836     
        3944   8.8672713118543491        9.7623547548264575        9.6790887841221966     
        3945   8.8680515047397197        9.7633033849194391        9.6800140469849207     
        3946   8.8688468621875458        9.7642708826637499        9.6809576117993270     
        3947   8.8695338152568350        9.7651060886120344        9.6817722999610556     
        3948   8.8703378453911945        9.7660834366991622        9.6827256279477840     
        3949   8.8710888883741461        9.7669968386710622        9.6836164809548855     
        3950   8.8718487705812734        9.7679218639540064        9.6845184563872966     
        3951   8.8726249045568562        9.7688655534792925        9.6854388965676641     
        3952   8.8734283810147083        9.7698431181219281        9.6863922368776141     
        3953   8.8741863116441451        9.7707644294739389        9.6872909228397504     
        3954   8.8749487687331037        9.7716913643317920        9.6881950695493799     
        3955   8.8757095599292413        9.7726172273022662        9.6890979141768572     
        3956   8.8765054430574910        9.7735855588130764        9.6900422256954517     
        3957   8.8773162565957477        9.7745721102726773        9.6910043133923232     
        3958   8.8781705025586319        9.7756109235377266        9.6920174735473186     
        3959   8.8789275166571819        9.7765314972626776        9.6929153573259033     
        3960   8.8797092292202144        9.7774822387550042        9.6938426254158809     
        3961   8.8805261145673562        9.7784759945347037        9.6948117790325039     
        3962   8.8812905037347480        9.7794061337585632        9.6957188382443320     
        3963   8.8821331085842132        9.7804314845986848        9.6967187203316723     
        3964   8.8828988599863941        9.7813632717628778        9.6976274089256709     
        3965   8.8836865486100489        9.7823216544128222        9.6985620323610409     
        3966   8.8844559114632666        9.7832576957948412        9.6994748902913663     
        3967   8.8851854812499358        9.7841451655358558        9.7003404272865197     
        3968   8.8859902373315247        9.7851248862487186        9.7012957125614054     
        3969   8.8868059756374649        9.7861167361943711        9.7022631099314207     
        3970   8.8875616486922571        9.7870356737386022        9.7031593996733605     
        3971   8.8883453891005821        9.7879890459735961        9.7040891978718840     
        3972   8.8891054798281051        9.7889136895193793        9.7049909640633487     
        3973   8.8899325065884369        9.7899196688973795        9.7059720503069098     
        3974   8.8907402881323119        9.7909025287545450        9.7069305212894630     
        3975   8.8915048557615002        9.7918327442474240        9.7078377022065343     
        3976   8.8922729173903168        9.7927677805390694        9.7087494389354205     
        3977   8.8931110649743985        9.7937870167588130        9.7097435324470798     
        3978   8.8939799554683923        9.7948445544340856        9.7107747256151864     
        3979   8.8947939631410105        9.7958355238915154        9.7117409724371981     
        3980   8.8955585930903780        9.7967657036156464        9.7126481162215139     
        3981   8.8963619660177322        9.7977434480455194        9.7136015284559960     
        3982   8.8971176064006379        9.7986627229557843        9.7144980480391183     
        3983   8.8979031373710349        9.7996186219565118        9.7154302142759690     
        3984   8.8987340124722625        9.8006295015401914        9.7164160239704298     
        3985   8.8995525646742841        9.8016254393190181        9.7173872643767041     
        3986   8.9003842480693756        9.8026382996744648        9.7183747673043008     
        3987   8.9012176341191349        9.8036523256831334        9.7193636202871012     
        3988   8.9020220355319690        9.8046309529651499        9.7203180015631645     
        3989   8.9028851072863162        9.8056816711058499        9.7213424858099788     
        3990   8.9037619618772386        9.8067495328577525        9.7223835933692513     
        3991   8.9045273610266236        9.8076807097364309        9.7232917255689983     
        3992   8.9052697101569613        9.8085835850964429        9.7241723175468362     
        3993   8.9060260075643320        9.8095045774209435        9.7250703033013011     
        3994   8.9068911928955945        9.8105581979139824        9.7260975405247034     
        3995   8.9076874718852146        9.8115269723279610        9.7270423046341552     
        3996   8.9084403918945760        9.8124438439461024        9.7279362754727678     
        3997   8.9092830467046085        9.8134696630675879        9.7289365142721405     
        3998   8.9101603422814630        9.8145373966088378        9.7299776748113818     
        3999   8.9109657517997221        9.8155176230103578        9.7309335235732171     
        4000   8.9117230231041038        9.8164393885563275        9.7318323607832316     
        4001   8.9124601425899765        9.8173366164855356        9.7327072813706472     
        4002   8.9132599368422429        9.8183101939590198        9.7336566105300690     
        4003   8.9140902284935226        9.8193204568823980        9.7346417859413954     
        4004   8.9148462225306897        9.8202408335548856        9.7355392268435761     
        4005   8.9156789868154469        9.8212544025701263        9.7365275767346162     
        4006   8.9164741443994213        9.8222218128927619        9.7374710201119399     
        4007   8.9172749015560893        9.8231967179461996        9.7384216024507744     
        4008   8.9180638250846354        9.8241576573746094        9.7393584510506415     
        4009   8.9188557222337241        9.8251217002388085        9.7402984554544094     
        4010   8.9196246281080285        9.8260585414183765        9.7412117578180499     
        4011   8.9204495665630255        9.8270628356688636        9.7421910070864932     
        4012   8.9212319534047566        9.8280154772157093        9.7431198629694666     
        4013   8.9220531714857731        9.8290157021949103        9.7440950168574254     
        4014   8.9229093554148289        9.8300583241922936        9.7451115400493435     
        4015   8.9237426844198460        9.8310724410532639        9.7461004419093413     
        4016   8.9245220137178638        9.8320213585269531        9.7470256621795972     
        4017   8.9253211169378819        9.8329945166862700        9.7479744787789411     
        4018   8.9261560163200961        9.8340114577560289        9.7489659280221872     
        4019   8.9270480859200898        9.8350977697990043        9.7500250340332641     
        4020   8.9278209206973766        9.8360390700525286        9.7509427758913354     
        4021   8.9286068262122367        9.8369958057410436        9.7518756648399396     
        4022   8.9294501387762395        9.8380230970337799        9.7528771665553311     
        4023   8.9302760735410782        9.8390290853875868        9.7538579388760773     
        4024   8.9310836419709236        9.8400122977293734        9.7548166225020694     
        4025   8.9318721922739481        9.8409733460113653        9.7557534609374983     
        4026   8.9326215562092415        9.8418864242690631        9.7566435917299685     
        4027   8.9334602985143139        9.8429079708916394        9.7576395492025885     
        4028   8.9342857679387997        9.8439133661447560        9.7586197422743393     
        4029   8.9350918872359610        9.8448951745097304        9.7595769602884808     
        4030   8.9359224160246971        9.8459068667554384        9.7605632651038441     
        4031   8.9367638208326898        9.8469326223194162        9.7615630853105362     
        4032   8.9375471559445838        9.8478868832983455        9.7624934168850235     
        4033   8.9383758153693282        9.8488959774842275        9.7634772714653781     
        4034   8.9391292336498527        9.8498138524992012        9.7643721142236384     
        4035   8.9399098733651616        9.8507651830431175        9.7652994888496316     
        4036   8.9406757001983337        9.8516978473917263        9.7662088274239167     
        4037   8.9415018855468436        9.8527042843478903        9.7671899919165934     
        4038   8.9423063307079182        9.8536842736122292        9.7681453813820678     
        4039   8.9430696225529935        9.8546136485044915        9.7690515635146884     
        4040   8.9438623382888469        9.8555787810861855        9.7699926109112312     
        4041   8.9447183471486333        9.8566219728428131        9.7710095138297071     
        4042   8.9455515987992413        9.8576377669549142        9.7719996129229330     
        4043   8.9463749853890953        9.8586414201771166        9.7729779140874822     
        4044   8.9471810628109303        9.8596232289385881        9.7739351142981832     
        4045   8.9479306748197818        9.8605364843169667        9.7748254528905552     
        4046   8.9487324877531975        9.8615131364627882        9.7757776140340678     
        4047   8.9495141676334651        9.8624656079108881        9.7767061374173441     
        4048   8.9503520321484160        9.8634869838098176        9.7777017008079827     
        4049   8.9511758737124509        9.8644908927544215        9.7786803346349611     
        4050   8.9519789826929497        9.8654698766809545        9.7796345869781849     
        4051   8.9527641753056919        9.8664263850727085        9.7805670991581035     
        4052   8.9536340818857223        9.8674860369547162        9.7816001559784649     
        4053   8.9544373392494734        9.8684643364515683        9.7825539522160270     
        4054   8.9552527186999225        9.8694578668600776        9.7835224939495333     
        4055   8.9560905440967638        9.8704790074721984        9.7845178713402472     
        4056   8.9569979735578968        9.8715848305767331        9.7855958231581397     
        4057   8.9578435637205018        9.8726152219606202        9.7866002655110229     
        4058   8.9587172963685013        9.8736798478834018        9.7876380777584817     
        4059   8.9595511569926547        9.8746963139937929        9.7886288625622182     
        4060   8.9604116207422990        9.8757449319558201        9.7896510335572380     
        4061   8.9612062270785078        9.8767129619829284        9.7905947610019979     
        4062   8.9619863717671020        9.8776637858947272        9.7915216242811578     
        4063   8.9628011007156569        9.8786569201950734        9.7924896757507280     
        4064   8.9635510323694110        9.8795714393232839        9.7933810344718513     
        4065   8.9642722437984403        9.8804504039657921        9.7942378863019144     
        4066   8.9650902821889211        9.8814472448260720        9.7952096355705649     
        4067   8.9658616624780691        9.8823871171152273        9.7961258875925612     
        4068   8.9666437052415020        9.8833408571749413        9.7970554409345691     
        4069   8.9674465601276374        9.8843194146268569        9.7980093351499864     
        4070   8.9683065063027048        9.8853671711452940        9.7990307312200606     
        4071   8.9691344369890285        9.8863762891519702        9.8000143916543010     
        4072   8.9699852375550382        9.8874132431425430        9.8010251865427787     
        4073   8.9707415504374453        9.8883361010877415        9.8019245304121387     
        4074   8.9715511086698179        9.8893224026626214        9.8028860511662099     
        4075   8.9724134714780668        9.8903742729559987        9.8039111667356504     
        4076   8.9732314365272074        9.8913714482490960        9.8048831103175527     
        4077   8.9740746011699866        9.8923991829916726        9.8058848944652865     
        4078   8.9748985975933788        9.8934035633210211        9.8068639257596129     
        4079   8.9756958375344418        9.8943761803577619        9.8078117835702017     
        4080   8.9765219694749163        9.8953831781107251        9.8087933553008835     
        4081   8.9773852901852198        9.8964352658480177        9.8098189184243996     
        4082   8.9782169728081183        9.8974501730779636        9.8108079271399440     
        4083   8.9790591906937376        9.8984775442045407        9.8118091614309435     
        4084   8.9798933737993103        9.8994943078037672        9.8128002786162263     
        4085   8.9807750838516078        9.9005688285085842        9.8138477016830450     
        4086   8.9816361649499115        9.9016195072041597        9.8148715668668167     
        4087   8.9824412683951227        9.9026014193364329        9.8158285599852242     
        4088   8.9833050329780217        9.9036551931671433        9.8168554864239681     
        4089   8.9840961241455730        9.9046198526693061        9.8177957103583413     
        4090   8.9849014826180937        9.9056027857342777        9.8187535191321835     
        4091   8.9857026684776962        9.9065800429990993        9.8197059570525767     
        4092   8.9864466131448921        9.9074872515522685        9.8205902042700348     
        4093   8.9873245862898639        9.9085577949933548        9.8216336216737847     
        4094   8.9881627329263498        9.9095805547756974        9.8226302764069207     
        4095   8.9888958610477765        9.9104744633171329        9.8235015730317610     
        4096   8.9896981269683440        9.9114531516581650        9.8244553815430304     
        4097   8.9905566093854414        9.9125000219817352        9.8254756988086793     
        4098   8.9914524021817126        9.9135929778946714        9.8265407687213688     
        4099   8.9922953575415487        9.9146207532683803        9.8275425178732299     
        4100   8.9931560064574008        9.9156698703195669        9.8285651326141714     
        4101   8.9939611184331323        9.9166522260863594        9.8295224483975954     
        4102   8.9948173466997190        9.9176962054885429        9.8305399888394689     
        4103   8.9957071089542406        9.9187817544991770        9.8315978550589165     
        4104   8.9965675338128648        9.9198312950251761        9.8326206905573130     
        4105   8.9973546759383023        9.9207909086460546        9.8335560624754486     
        4106   8.9981730580410275        9.9217892755677379        9.8345290351633814     
        4107   8.9990138056841964        9.9228149106022503        9.8355285728598982     
        4108   8.9998881412304765        9.9238817757161222        9.8365682065136628     
        4109   9.0007228731100621        9.9249004344152905        9.8375608448863190     
        4110   9.0015947021152591        9.9259639428605535        9.8385972921672167     
        4111   9.0024556210352795        9.9270153854439034        9.8396216870339561     
        4112   9.0032423321286785        9.9279749537746778        9.8405568989443974     
        4113   9.0040951442361532        9.9290152409841994        9.8415707301834914     
        4114   9.0049082752488392        9.9300072132511996        9.8425374676377455     
        4115   9.0057055761966751        9.9309799568152233        9.8434854540873520     
        4116   9.0065771314264254        9.9320435822711826        9.8445219094997967     
        4117   9.0074073037156399        9.9330572145030498        9.8455095215850736     
        4118   9.0082441906655113        9.9340777482298837        9.8465041892565015     
        4119   9.0091597646457497        9.9351955953050535        9.8475933290114011     
        4120   9.0099951467425292        9.9362148510369792        9.8485866065903718     
        4121   9.0108975467945562        9.9373160706495369        9.8496596981462812     
        4122   9.0118101666086421        9.9384295621413798        9.8507447774507959     
        4123   9.0126607983821891        9.9394679343900627        9.8517565589000462     
        4124   9.0135313265269268        9.9405310032168419        9.8527922904655778     
        4125   9.0144394220501631        9.9416387670703834        9.8538718526699896     
        4126   9.0152796183548620        9.9426646591304255        9.8548714177527224     
        4127   9.0161666538563594        9.9437467086717160        9.8559259323237178     
        4128   9.0170440225286512        9.9448174730168351        9.8569693217326542     
        4129   9.0178435545768725        9.9457933380387473        9.8579202432057453     
        4130   9.0187035137382239        9.9468429907583751        9.8589430462336729     
        4131   9.0195587133609507        9.9478867010027745        9.8599600761541595     
        4132   9.0204021787580650        9.9489162724602878        9.8609632827773588     
        4133   9.0212546597529961        9.9499568641240401        9.8619772282881826     
        4134   9.0221662151475641        9.9510700625070996        9.8630617804379543     
        4135   9.0230796295615718        9.9521854185848397        9.8641484636470551     
        4136   9.0239224832604759        9.9532141139457568        9.8651508659087224     
        4137   9.0248239340110832        9.9543139910341036        9.8662227007388452     
        4138   9.0256865356579148        9.9553677429708465        9.8672492704951420     
        4139   9.0264992742879784        9.9563600717751992        9.8682161565141211     
        4140   9.0273040826674951        9.9573425085126974        9.8691734597451291     
        4141   9.0281464458611378        9.9583704447929389        9.8701751598635781     
        4142   9.0290103474878638        9.9594252913360553        9.8712029205546017     
        4143   9.0298449922668986        9.9604442198876537        9.8721957288923576     
        4144   9.0306879599405310        9.9614735215935202        9.8731985943909031     
        4145   9.0315316722452668        9.9625043720574347        9.8742028201027559     
        4146   9.0323220690581412        9.9634700319587726        9.8751435676620662     
        4147   9.0332160277175948        9.9645611086365751        9.8762067398338509     
        4148   9.0340170900373664        9.9655390475710117        9.8771596338914769     
        4149   9.0348623895247666        9.9665711995775226        9.8781652715932804     
        4150   9.0357089480161950        9.9676048724029940        9.8791724101424609     
        4151   9.0366259088489844        9.9687246902800872        9.8802634026050935     
        4152   9.0375725968650311        9.9698812304079834        9.8813900507942343     
        4153   9.0384257343041305        9.9709236801476386        9.8824055344012205     
        4154   9.0393234112185592        9.9720203665754568        9.8834738821903390     
        4155   9.0402321481154999        9.9731304412162061        9.8845553225874667     
        4156   9.0411031717500254        9.9741938807966442        9.8855914776227269     
        4157   9.0419608131810811        9.9752417051269280        9.8866122506174801     
        4158   9.0428195093932437        9.9762901249627731        9.8876337715200791     
        4159   9.0436751712292462        9.9773348813269767        9.8886517096099364     
        4160   9.0445404451852376        9.9783916768556971        9.8896812910355774     
        4161   9.0454272291165658        9.9794750715678653        9.8907366933595195     
        4162   9.0463462096399621        9.9805974605338132        9.8918301647890416     
        4163   9.0472415294616759        9.9816910741360800        9.8928955850775022     
        4164   9.0481116693775192        9.9827538697986711        9.8939310071626494     
        4165   9.0489812549916628        9.9838165882250429        9.8949661933620678     
        4166   9.0498593211426446        9.9848890557575345        9.8960110436201916     
        4167   9.0507371489671069        9.9859610068919178        9.8970554508140776     
        4168   9.0515611656612585        9.9869677960639063        9.8980362405108320     
        4169   9.0523743171786322        9.9879611920503688        9.8990040183069024     
        4170   9.0532682121948866        9.9890539451143816        9.9000683719956282     
        4171   9.0541735640716503        9.9901598480797773        9.9011457502099240     
        4172   9.0550448772833807        9.9912237691700145        9.9021823441594812     
        4173   9.0558851734573036        9.9922502736484091        9.9031823840275024     
        4174   9.0567785113055557        9.9933409802310287        9.9042451011762225     
        4175   9.0576156304289288        9.9943641183754437        9.9052417296912108     
        4176   9.0584099277886700        9.9953342044433526        9.9061868707350094     
        4177   9.0592849105353199        9.9964031170407708        9.9072281964997231     
        4178   9.0601500622643574        9.9974594708701794        9.9082574526001927     
        4179   9.0609689056718867        9.9984593992607493        9.9092317007149422     
        4180   9.0618366583976648        9.9995193307475070        9.9102643141340128     
        4181   9.0626916473425592        10.000563861470651        9.9112818940451497     
        4182   9.0635877646480321        10.001659440630709        9.9123489837891832     
        4183   9.0644432022600849        10.002704516183917        9.9133670972218226     
        4184   9.0652974452112129        10.003747868685426        9.9143835970807714     
        4185   9.0662182057694789        10.004873173985290        9.9154797378257946     
        4186   9.0671548610650330        10.006018076573787        9.9165949008288603     
        4187   9.0680026582717055        10.007054070769486        9.9176041015049154     
        4188   9.0688324702395082        10.008067698924481        9.9185916074329175     
        4189   9.0696837338661442        10.009107689917434        9.9196047607137690     
        4190   9.0705458229042044        10.010161778822706        9.9206314273869829     
        4191   9.0714556966640281        10.011273983736102        9.9217147578368170     
        4192   9.0723188701945361        10.012328623853261        9.9227421409128063     
        4193   9.0732465318492395        10.013462993550107        9.9238469489359371     
        4194   9.0741791755256145        10.014602538767281        9.9249570126728894     
        4195   9.0750827410809496        10.015706849310169        9.9260327042105096     
        4196   9.0759169063779677        10.016726918696776        9.9270262129122635     
        4197   9.0768052397738330        10.017812335908861        9.9280835641782215     
        4198   9.0777035755830084        10.018910837409827        9.9291534382545183     
        4199   9.0786378242210990        10.020053313891005        9.9302661179357656     
        4200   9.0795119825485138        10.021122208144856        9.9313071855900734     
        4201   9.0804136969599547        10.022224845343626        9.9323811013051202     
        4202   9.0812937280781174        10.023300230540011        9.9334286549089690     
        4203   9.0821188700727049        10.024309315960359        9.9344114500590468     
        4204   9.0829992786455698        10.025385308288984        9.9354595667786612     
        4205   9.0838161266855817        10.026384244109677        9.9364324822836263     
        4206   9.0847032236990923        10.027467913985502        9.9374881879482775     
        4207   9.0857002027556959        10.028686198774883        9.9386749146036308     
        4208   9.0865353567102982        10.029706995131574        9.9396692609095219     
        4209   9.0874579219600005        10.030835073048788        9.9407679643350839     
        4210   9.0883575879774714        10.031935346848009        9.9418395365829877     
        4211   9.0892881394809564        10.033072946119997        9.9429475553001456     
        4212   9.0901998437302254        10.034187098290399        9.9440328555680821     
        4213   9.0910357913039057        10.035209353480157        9.9450284862906422     
        4214   9.0919176287929808        10.036286961355730        9.9460782044037384     
        4215   9.0928335748766997        10.037406757996534        9.9471688807331731     
        4216   9.0937378529345043        10.038512438183217        9.9482457864076057     
        4217   9.0946712733902437        10.039653563808779        9.9493572431233837     
        4218   9.0955395942987742        10.040715180810274        9.9503912585815915     
        4219   9.0964194121607456        10.041791503895034        9.9514394524637826     
        4220   9.0972844813702416        10.042849096000628        9.9524695691629290     
        4221   9.0981367031027904        10.043890540849674        9.9534840807071703     
        4222   9.0990688926151613        10.045030878971119        9.9545945986347153     
        4223   9.1000358676481756        10.046213527658729        9.9557463638495456     
        4224   9.1009390406388615        10.047317906674913        9.9568219968671077     
        4225   9.1017980467217310        10.048369339027486        9.9578458039143598     
        4226   9.1026359106151293        10.049395006339518        9.9588444856914240     
        4227   9.1035723350034488        10.050540479799382        9.9599600145639862     
        4228   9.1044616233288469        10.051628484547585        9.9610195418488843     
        4229   9.1053147785031960        10.052672237392700        9.9620360273405772     
        4230   9.1061295302026934        10.053668788364206        9.9630065809795365     
        4231   9.1070323259129502        10.054773187317352        9.9640821060142724     
        4232   9.1079117764546336        10.055848902743996        9.9651297327556314     
        4233   9.1087963082500565        10.056931139892876        9.9661836394812138     
        4234   9.1096997558789941        10.058036986060189        9.9672603968010822     
        4235   9.1106502328418291        10.059199786731426        9.9683927583022793     
        4236   9.1116145082453741        10.060380102185396        9.9695420277249518     
        4237   9.1125083640277342        10.061473597933267        9.9706069183931056     
        4238   9.1134702013589290        10.062650190808561        9.9717527548627682     
        4239   9.1143474564255627        10.063723531313970        9.9727979996321672     
        4240   9.1152308852627186        10.064805138440480        9.9738510914182754     
        4241   9.1161074244236886        10.065877566807012        9.9748954568637007     
        4242   9.1170142193962995        10.066986795003386        9.9759757028623248     
        4243   9.1178879580769010        10.068056126336048        9.9770169608167283     
        4244   9.1187503959103982        10.069110970998665        9.9780443019656317     
        4245   9.1196284707005955        10.070185414697649        9.9790905928085287     
        4246   9.1206168257753664        10.071395235884777        9.9802685473688548     
        4247   9.1214547203590506        10.072420912390996        9.9812672552930035     
        4248   9.1224196780788809        10.073600982409243        9.9824165407796386     
        4249   9.1233603579191698        10.074752454065534        9.9835377076759517     
        4250   9.1242713415115073        10.075867616421505        9.9846235137999315     
        4251   9.1252298679352819        10.077040739647902        9.9857658160023455     
        4252   9.1261565547305992        10.078174889051375        9.9868701525421901     
        4253   9.1270324147301309        10.079245648610922        9.9879130975732213     
        4254   9.1279321286335300        10.080347700494123        9.9889859758631765     
        4255   9.1288764222932102        10.081503160326468        9.9901111372813283     
        4256   9.1297210017481927        10.082536551705441        9.9911174663060081     
        4257   9.1306744436228087        10.083704292688861        9.9922543005355973     
        4258   9.1315526094984687        10.084779552059041        9.9933012173428413     
        4259   9.1324787069699767        10.085913127626306        9.9944049742026415     
        4260   9.1334060886313342        10.087048224812802        9.9955102271281469     
        4261   9.1343303760819090        10.088180033651994        9.9966121507519343     
        4262   9.1352727279564796        10.089333544174867        9.9977353290240334     
        4263   9.1361107183202659        10.090359246564649        9.9987340907969955     
        4264   9.1369739121077842        10.091415669849795        9.9997627862775040     
        4265   9.1378285080505943        10.092461234351831        10.000781017046535     
        4266   9.1387899389879443        10.093638609075473        10.001927283316650     
        4267   9.1397867955693766        10.094859298684081        10.003115725283282     
        4268   9.1406808421323937        10.095953845081233        10.004181438109708     
        4269   9.1416047685555828        10.097085210361154        10.005282946634900     
        4270   9.1425655220556994        10.098261466890937        10.006428188878603     
        4271   9.1434688511585449        10.099367441067459        10.007505022144457     
        4272   9.1444054000190658        10.100513460683260        10.008621006682912     
        4273   9.1453288157017187        10.101644143229938        10.009721856115231     
        4274   9.1462498771401677        10.102772722498020        10.010820442513468     
        4275   9.1471614158595571        10.103888925808302        10.011907193705881     
        4276   9.1481272566469958        10.105071608524392        10.013058647641309     
        4277   9.1491056338703434        10.106269957508161        10.014225270415823     
        4278   9.1500209657109046        10.107391093071779        10.015316726730827     
        4279   9.1509374820727789        10.108513072327172        10.016409163208150     
        4280   9.1518562548900082        10.109638625107690        10.017504879532510     
        4281   9.1528622916490825        10.110869719428946        10.018703650615436     
        4282   9.1538312966319886        10.112057647690566        10.019859863441729     
        4283   9.1547350234575067        10.113164796994258        10.020937657832782     
        4284   9.1556197544016591        10.114248084843277        10.021992393907428     
        4285   9.1565656843706051        10.115407143076705        10.023120655896019     
        4286   9.1575362901939457        10.116596401047103        10.024278311778987     
        4287   9.1585024877610017        10.117779766909177        10.025430352671107     
        4288   9.1594108606960791        10.118891421625666        10.026512836583214     
        4289   9.1602928635358580        10.119972520117219        10.027565154721961     
        4290   9.1611717744933507        10.121048981056367        10.028613167381765     
        4291   9.1621617532491513        10.122261013614912        10.029793231673018     
        4292   9.1631668330735554        10.123492724870241        10.030992153129651     
        4293   9.1641157010494894        10.124654754877515        10.032123456999845     
        4294   9.1650557595402766        10.125806566215894        10.033244703359511     
        4295   9.1660120663060933        10.126978259640541        10.034385283796285     
        4296   9.1668955477584930        10.128060791579173        10.035439089502656     
        4297   9.1677888535724801        10.129155485706487        10.036504692552869     
        4298   9.1688005698341914        10.130394104654496        10.037710648049794     
        4299   9.1697314081962400        10.131534450007154        10.038820773172175     
        4300   9.1706516837457528        10.132661892236927        10.039918326976526     
        4301   9.1716788430840168        10.133919857834446        10.041142999958790     
        4302   9.1725927615373770        10.135039341369602        10.042232840528127     
        4303   9.1734077532297995        10.136037282426660        10.043204487179281     
        4304   9.1743136623204986        10.137147084885093        10.044284888487644     
        4305   9.1752527634157062        10.138297646847262        10.045404916200971     
        4306   9.1762288805045920        10.139493840498311        10.046569281496613     
        4307   9.1771642008331096        10.140639712203456        10.047684765443426     
        4308   9.1781409011023385        10.141837083908868        10.048850172874829     
        4309   9.1791076672471767        10.143021172222127        10.050002930511427     
        4310   9.1800933433057246        10.144228230267334        10.051178087444217     
        4311   9.1810305030178583        10.145376750338739        10.052296052759456     
        4312   9.1820266783129938        10.146598465480892        10.053485003775313     
        4313   9.1829672817915711        10.147751444760246        10.054607234065861     
        4314   9.1838666193584686        10.148853766287912        10.055680208153314     
        4315   9.1848221413150828        10.150025106739163        10.056820301151426     
        4316   9.1857843461277238        10.151204348397945        10.057968149540978     
        4317   9.1868879371174579        10.152556877729266        10.059284628066887     
        4318   9.1879634024360470        10.153875950758071        10.060568269523644     
        4319   9.1888906673276640        10.155012395688964        10.061674472051992     
        4320   9.1898507144513264        10.156189321898442        10.062819985948591     
        4321   9.1907908996599250        10.157341899165733        10.063941797386551     
        4322   9.1916886412873158        10.158442301261333        10.065012894732012     
        4323   9.1926369571854600        10.159604558333431        10.066144195714681     
        4324   9.1935882941160543        10.160770646771597        10.067279209615599     
        4325   9.1946314487347518        10.162049964866899        10.068524205353693     
        4326   9.1956599954927629        10.163310588773234        10.069751240299901     
        4327   9.1966154796008546        10.164482074784411        10.070891428760373     
        4328   9.1975920664042121        10.165680352140170        10.072057425988367     
        4329   9.1985636414382608        10.166871082115264        10.073216454969604     
        4330   9.1994782331549469        10.167992438722319        10.074307852835206     
        4331   9.2004637023289533        10.169201694771631        10.075484538441096     
        4332   9.2013563621259760        10.170296295829369        10.076549878446571     
        4333   9.2022937167571648        10.171445676122115        10.077668516239415     
        4334   9.2032169810445943        10.172577984790513        10.078770483426881     
        4335   9.2042022944182040        10.173786017484382        10.079946237332688     
        4336   9.2051652676414779        10.174966425012363        10.081095165593350     
        4337   9.2061715299218143        10.176200385314981        10.082296076787195     
        4338   9.2071240233901825        10.177368691164938        10.083433037109099     
        4339   9.2080460680853573        10.178499694038052        10.084533692346106     
        4340   9.2090830721443258        10.179771373324655        10.085771295232146     
        4341   9.2101372609989998        10.181063766649057        10.087029159092674     
        4342   9.2110990596909446        10.182243246947888        10.088177061015870     
        4343   9.2121174940101955        10.183492070522997        10.089392457217725     
        4344   9.2130769124359411        10.184669175924792        10.090537903330727     
        4345   9.2140077239787352        10.185810900319963        10.091649016499289     
        4346   9.2150410221563774        10.187077985312213        10.092882171668318     
        4347   9.2159404301658050        10.188180838799601        10.093955555859864     
        4348   9.2169551322148511        10.189426401577302        10.095167458392462     
        4349   9.2179489948568687        10.190645684368951        10.096353965596631     
        4350   9.2189247120107183        10.191842572144763        10.097518723419114     
        4351   9.2199674999788535        10.193121943591743        10.098763664830051     
        4352   9.2209202299262891        10.194290387482550        10.099900800775071     
        4353   9.2219616694184356        10.195568609085552        10.101144470803092     
        4354   9.2229820819843429        10.196821611656528        10.102363490422269     
        4355   9.2239616992603377        10.198022698319225        10.103532476515250     
        4356   9.2249213045048446        10.199199959520680        10.104678107321877     
        4357   9.2259244711572421        10.200431621286743        10.105876407594138     
        4358   9.2269352837180758        10.201671400688859        10.107082927342294     
        4359   9.2278622033475219        10.202808827549550        10.108189739220192     
        4360   9.2288175312326857        10.203981228678655        10.109330536708422     
        4361   9.2297706129254848        10.205150766209920        10.110468590198009     
        4362   9.2307612042631408        10.206366057418030        10.111651210485988     
        4363   9.2316563238575728        10.207463747400395        10.112719545542989     
        4364   9.2326610321777327        10.208697054328493        10.113919521742226     
        4365   9.2337065703526751        10.209980040835168        10.115167913952682     
        4366   9.2347036262943192        10.211203288791200        10.116358275171748     
        4367   9.2356513836741101        10.212365939709343        10.117489709941051     
        4368   9.2367158998827161        10.213672667666764        10.118761097660510     
        4369   9.2377210797866702        10.214906631701947        10.119961680741362     
        4370   9.2387672325192280        10.216190346049981        10.121210791355914     
        4371   9.2397659996862593        10.217415087110950        10.122402780078255     
        4372   9.2408004456155730        10.218684812690180        10.123638189322319     
        4373   9.2418124835836295        10.219926670049986        10.124846592148248     
        4374   9.2428344654191381        10.221181276122225        10.126067259155979     
        4375   9.2438608744209372        10.222440499272498        10.127292616917506     
        4376   9.2448255277703684        10.223624734539568        10.128444822591570     
        4377   9.2458624475039173        10.224897759971098        10.129683373902788     
        4378   9.2469044488054823        10.226178483647750        10.130929058702964     
        4379   9.2479394833412076        10.227449562901958        10.132165639615618     
        4380   9.2489837540235822        10.228731741761267        10.133413082806733     
        4381   9.2500020386310258        10.229981015992092        10.134628750990679     
        4382   9.2510278876247902        10.231240241964501        10.135853937057998     
        4383   9.2519730524567816        10.232401252156238        10.136983382650881     
        4384   9.2529837547698488        10.233641623360747        10.138190288897697     
        4385   9.2539088793718527        10.234777784485134        10.139295641975719     
        4386   9.2549398852525098        10.236043755484836        10.140527305861244     
        4387   9.2560031358432404        10.237348996552123        10.141797230958696     
        4388   9.2570597009282469        10.238646361599091        10.143059388996596     
        4389   9.2580589167000387        10.239873612268683        10.144253316579388     
        4390   9.2591210364927026        10.241178406025591        10.145522562589701     
        4391   9.2600947980927124        10.242374285471808        10.146685977654098     
        4392   9.2611511429022926        10.243670326449484        10.147947137622435     
        4393   9.2621751093983349        10.244927603470028        10.149170351306827     
        4394   9.2631632940969268        10.246141788871874        10.150351427811994     
        4395   9.2641893009647234        10.247402341493475        10.151577614134307     
        4396   9.2652352590602689        10.248686900411013        10.152827286434162     
        4397   9.2662737250745213        10.249962056332024        10.154067861835983     
        4398   9.2672650029334012        10.251179423976627        10.155252196615788     
        4399   9.2683601699580862        10.252524614664733        10.156560781654141     
        4400   9.2693905826172518        10.253790174433352        10.157791943483520     
        4401   9.2703118257190464        10.254921461296144        10.158892569515000     
        4402   9.2713869723013875        10.256241868733738        10.160177113682053     
        4403   9.2724063058455037        10.257493259805209        10.161394647491603     
        4404   9.2734184296265560        10.258736898191007        10.162604348881171     
        4405   9.2744294446520250        10.259979676590113        10.163813101005690     
        4406   9.2755048158062277        10.261300129874385        10.165097736322938     
        4407   9.2765946948651159        10.262638284060399        10.166399612556058     
        4408   9.2775769555313392        10.263845764312867        10.167574025045464     
        4409   9.2785947408642020        10.265096095946070        10.168790313756352     
        4410   9.2795610113654785        10.266283523216993        10.169945332726609     
        4411   9.2805822026400904        10.267537861910442        10.171165550859138     
        4412   9.2816927999117453        10.268903098252691        10.172493357536405     
        4413   9.2827608517791198        10.270216338843969        10.173770518984549     
        4414   9.2838042932534659        10.271498737503311        10.175017867675722     
        4415   9.2848007740220542        10.272723534098995        10.176209159005083     
        4416   9.2857997696925256        10.273951141483185        10.177403246138088     
        4417   9.2867318786511177        10.275095385460601        10.178516583547042     
        4418   9.2878357483491882        10.276451444180424        10.179835681847170     
        4419   9.2887633793145170        10.277590826119665        10.180944126582817     
        4420   9.2897395037350776        10.278790727192543        10.182111185814909     
        4421   9.2907821229336527        10.280072286604858        10.183357678772072     
        4422   9.2918200454426696        10.281347002495183        10.184597778486657     
        4423   9.2928743007475116        10.282642816216715        10.185858124538534     
        4424   9.2938383463428007        10.283828088807331        10.187010904339481     
        4425   9.2949219865600110        10.285159702304465        10.188306145694655     
        4426   9.2960138582103724        10.286502371426664        10.189611895089840     
        4427   9.2970601490198224        10.287788314358895        10.190862666918171     
        4428   9.2981119398000267        10.289082318547743        10.192120938390969     
        4429   9.2992005972872551        10.290420149207218        10.193422212296843     
        4430   9.3001939809022396        10.291640609265615        10.194609423334413     
        4431   9.3012822706340312        10.292978213314292        10.195910427061937     
        4432   9.3022853043051761        10.294210959420617        10.197109471069620     
        4433   9.3034099914364070        10.295593532708113        10.198454133254311     
        4434   9.3044808840606770        10.296909394174062        10.199734082148357     
        4435   9.3056171969457289        10.298306043540697        10.201092492285881     
        4436   9.3066884389910687        10.299621870403289        10.202372522630343     
        4437   9.3077187401210129        10.300888445840863        10.203604384603596     
        4438   9.3088148613214052        10.302236026875111        10.204914990473895     
        4439   9.3098450571608815        10.303502054255050        10.206146436465758     
        4440   9.3108902052252827        10.304786355062975        10.207395667216115     
        4441   9.3120599981407643        10.306224020594891        10.208793988933737     
        4442   9.3130574502475607        10.307450713724593        10.209986954222137     
        4443   9.3141425801617412        10.308785021296563        10.211284603412263     
        4444   9.3152057378627067        10.310092309530940        10.212555982598602     
        4445   9.3163200184011377        10.311462232146880        10.213888309051825     
        4446   9.3174124739768871        10.312805746892728        10.215194857130077     
        4447   9.3185946209932311        10.314259106147638        10.216608313874524     
        4448   9.3196359299446367        10.315539581970102        10.217853614067845     
        4449   9.3206902210351910        10.316835786579704        10.219114260331725     
        4450   9.3216841170159643        10.318058019794178        10.220302923747926     
        4451   9.3227976406266677        10.319427610204713        10.221634780267969     
        4452   9.3240064355879095        10.320913714681096        10.223080072913474     
        4453   9.3250134306402988        10.322151805481049        10.224284199634294     
        4454   9.3260669365644198        10.323446955772749        10.225543854416550     
        4455   9.3272369924453908        10.324885800628763        10.226943108278530     
        4456   9.3282302347082631        10.326107323591071        10.228131036242239     
        4457   9.3293337420780702        10.327464373730283        10.229450746913857     
        4458   9.3303727471219329        10.328742192299647        10.230693417970851     
        4459   9.3315152849920953        10.330148100322495        10.232060423015064     
        4460   9.3325994992739592        10.331481709324828        10.233357302982856     
        4461   9.3336003212966396        10.332712411455699        10.234554195664883     
        4462   9.3346941399982519        10.334058378025837        10.235862926676543     
        4463   9.3357272464329775        10.335328160854743        10.237097970153895     
        4464   9.3368840368089163        10.336751807589854        10.238482163628836     
        4465   9.3379647620505715        10.338081128935567        10.239774843197338     
        4466   9.3391092765603378        10.339488855933697        10.241143786156576     
        4467   9.3402493938191480        10.340891807812353        10.242507900745737     
        4468   9.3413466590830918        10.342241406893539        10.243820321495399     
        4469   9.3424587593850337        10.343609490356370        10.245150646154077     
        4470   9.3434719062141305        10.344856680215720        10.246363248514804     
        4471   9.3446163048251467        10.346265267567722        10.247732746919844     
        4472   9.3457239280973123        10.347627673623876        10.249057625476715     
        4473   9.3468256997096368        10.348983724717863        10.250376093317962     
        4474   9.3479568568339655        10.350375781844289        10.251729584158209     
        4475   9.3490779805679587        10.351755442838458        10.253071041415838     
        4476   9.3502085042097907        10.353146376122108        10.254423547758563     
        4477   9.3513620018432775        10.354565369650892        10.255803389989046     
        4478   9.3525187667352778        10.355987937195405        10.257186808622091     
        4479   9.3535602275262342        10.357269312309944        10.258432791239597     
        4480   9.3547024031955708        10.358676070178436        10.259800278358638     
        4481   9.3558053504920604        10.360033259159456        10.261119939238828     
        4482   9.3568975428570909        10.361377564336923        10.262426969863316     
        4483   9.3580370324395314        10.362780639886250        10.263790990513016     
        4484   9.3591760660157686        10.364183203578385        10.265154500489764     
        4485   9.3603368551649506        10.365612368375658        10.266543881614686     
        4486   9.3614224445100032        10.366948759249736        10.267843175701476     
        4487   9.3625618389983298        10.368351136011668        10.269206670687256     
        4488   9.3636503173003565        10.369690351846526        10.270508897805399     
        4489   9.3648025853931856        10.371108784463713        10.271887937265197     
        4490   9.3659062513147973        10.372467192951202        10.273208672091801     
        4491   9.3670011495460610        10.373814578901470        10.274518771159833     
        4492   9.3680813976388801        10.375144619854197        10.275811816823929     
        4493   9.3691114188247635        10.376412193408830        10.277044324457528     
        4494   9.3702270486008938        10.377785903263449        10.278379804365583     
        4495   9.3714179343784210        10.379251905657371        10.279805074516720     
        4496   9.3726533733507278        10.380772900100521        10.281283775637011     
        4497   9.3738695252290807        10.382271125663960        10.282740065517537     
        4498   9.3749400100725850        10.383589604772144        10.284021757569091     
        4499   9.3761165488777500        10.385038845488808        10.285430501241486     
        4500   9.3772285926082830        10.386409025170334        10.286762320602350     
        4501   9.3784372209355080        10.387897853559689        10.288209522301683     
        4502   9.3795875102000235        10.389315418913231        10.289587313489600     
        4503   9.3807936838982275        10.390801450487992        10.291031741581769     
        4504   9.3819489762541473        10.392224917505832        10.292415347516737     
        4505   9.3831253693655547        10.393673892382715        10.293823867761713     
        4506   9.3843878581174884        10.395229388889582        10.295335791632157     
        4507   9.3854979616844929        10.396596888870206        10.296665094880080     
        4508   9.3866270334436699        10.397987857422038        10.298017164845737     
        4509   9.3878989282930796        10.399554238982830        10.299539846598869     
        4510   9.3890413058029534        10.400961774063353        10.300907975054685     
        4511   9.3902546469353183        10.402456516354610        10.302360882147875     
        4512   9.3914239771018853        10.403896583703800        10.303760785335594     
        4513   9.3925740175946171        10.405313251789048        10.305137866953382     
        4514   9.3937016829284889        10.406702864846197        10.306488534841234     
        4515   9.3949068011100305        10.408186562729053        10.307930971079942     
        4516   9.3960630640332923        10.409610957784883        10.309315538454227     
        4517   9.3973475319974629        10.411192957104063        10.310853367619560     
        4518   9.3985495066680063        10.412674763554280        10.312293440877376     
        4519   9.3997014299023469        10.414094478145845        10.313673289105129     
        4520   9.4008815417368758        10.415547538560554        10.315085910529728     
        4521   9.4019684390358389        10.416886954109332        10.316387776943708     
        4522   9.4031251154424655        10.418312306642894        10.317773175353597     
        4523   9.4043421930445543        10.419812062594298        10.319230878593700     
        4524   9.4055349403391961        10.421281663803708        10.320659330929580     
        4525   9.4066986817652758        10.422716253732858        10.322053549814202     
        4526   9.4078715196783715        10.424161765264039        10.323458478753759     
        4527   9.4090242867947627        10.425583275303536        10.324839893210767     
        4528   9.4101585610269982        10.426981428796575        10.326198758818519     
        4529   9.4112547551155838        10.428332178506173        10.327511667201403     
        4530   9.4124553360557588        10.429811890375433        10.328949815669196     
        4531   9.4135972985834879        10.431219674522643        10.330317998679934     
        4532   9.4148560001804196        10.432772244810861        10.331826628903615     
        4533   9.4159943569162987        10.434174792360720        10.333189915772451     
        4534   9.4171766240811792        10.435632047037052        10.334606204294477     
        4535   9.4183620398931964        10.437093953112093        10.336026815204777     
        4536   9.4196321191830013        10.438660324413389        10.337548900053578     
        4537   9.4208120089868803        10.440114839871926        10.338962470610479     
        4538   9.4220235912585668        10.441608717631967        10.340414220890530     
        4539   9.4233264289330592        10.443214755435095        10.341975034204891     
        4540   9.4245961371111235        10.444780317690521        10.343496442905824     
        4541    9.4245961371111235       10.446304964694001        10.344978137186327     
        4542   9.4270485876104999        10.447802990787084        10.346434196014471     
        4543   9.4283010285790017        10.449346826470268        10.347934608675439     
        4544   9.4294595514335473        10.450775392694117        10.349322887639804     
        4545   9.4307053466869259        10.452311301350468        10.350815520180531     
        4546   9.4319579319033924        10.453855356679579        10.352316120292192     
        4547   9.4331701944922255        10.455349739317462        10.353768436065401     
        4548   9.4342976511329457        10.456739701559691        10.355119282816432     
        4549   9.4355687254115050        10.458307421738361        10.356642661520068     
        4550   9.4367628105383972        10.459780601196824        10.358074083209761     
        4551   9.4378688427953659        10.461145210001977        10.359400022735239     
        4552   9.4391998567654589        10.462787227009530        10.360995490005914     
        4553   9.4404015297288808        10.464269990061592        10.362436156045689     
        4554   9.4415775511700648        10.465719696927511        10.363845093895000     
        4555   9.4427957580822657        10.467222871156855        10.365305607967022     
        4556   9.4440474263838023        10.468766340750248        10.366805507612890     
        4557   9.4452374577088989        10.470234046789692        10.368231731585810     
        4558   9.4464264268052478        10.471699973149860        10.369656354193374     
        4559   9.4475872872152706        10.473131411885516        10.371047425338398     
        4560   9.4488913780706660        10.474740050003252        10.372610507841051     
        4561   9.4501117713665028        10.476244634798205        10.374072718025905     
        4562   9.4512827409575664        10.477688314519144        10.375475758552023     
        4563   9.4524981505226435        10.479187752031836        10.376932714896984     
        4564   9.4537353420993053        10.480714198251691        10.378415861956368     
        4565   9.4550540689136557        10.482341307515554        10.379996780695283     
        4566   9.4563295513012022        10.483915930300707        10.381526485502684     
        4567   9.4576311560559887        10.485521485020385        10.383086571576978     
        4568   9.4588441644684522        10.487017764574947        10.384540501612866     
        4569   9.4601220463131792        10.488593432088367        10.386071734152940     
        4570   9.4613855238875448        10.490151862855882        10.387586082835282     
        4571   9.4625305347304991        10.491564930677962        10.388959008672423     
        4572   9.4637954495469163        10.493125875579794        10.390475587856400     
        4573   9.4651777607607208        10.494832585406130        10.392133506079412     
        4574   9.4665042687391185        10.496469842641252        10.393724145067294     
        4575   9.4678012739978765        10.498071149234308        10.395279745597620     
        4576   9.4691412093331770        10.499725532318601        10.396886865069195     
        4577   9.4703797829564582        10.501253133933025        10.398371274687701     
        4578   9.4716170477816952        10.502781119424300        10.399855542021447     
        4579   9.4728419562217319        10.504293517458645        10.401324779387012     
        4580   9.4740920053120128        10.505835276180390        10.402822960094072     
        4581   9.4754352922082443        10.507493177680949        10.404433660666411     
        4582   9.4766857299003853        10.509035995608993        10.405932708809209     
        4583   9.4779005096270499        10.510535132917537        10.407389254881688     
        4584   9.4792071456233487        10.512149336964455        10.408957105519749     
        4585   9.4805155755116939        10.513764895227098        10.410526510649035     
        4586   9.4817828803412212        10.515330358778606        10.412047086976697     
        4587   9.4830891387689853        10.516943470807943        10.413614046680490     
        4588   9.4843529782156839        10.518503728984587        10.415129787233122     
        4589   9.4856208709179217        10.520068983853172        10.416650412704872     
        4590   9.4869560497913259        10.521716570243001        10.418251176560606     
        4591   9.4882117704739475        10.523268030166243        10.419758062702595     
        4592   9.4896579420323128        10.525053884128738        10.421492796489206     
        4593   9.4909339991464066        10.526630331595211        10.423024011148733     
        4594   9.4922817754975135        10.528294441979742        10.424640580866795     
        4595   9.4936969217355589        10.530042415586209        10.426338425445518     
        4596   9.4949554636452245        10.531596253669496        10.427847906767012     
        4597   9.4963139654133979        10.533273632227109        10.429477356118474     
        4598   9.4974457851591687        10.534671752059923        10.430835422047977     
        4599   9.4987885166597650        10.536330007858583        10.432446212897936     
        4600   9.5001304595945033        10.537988899278746        10.434057198525545     
        4601   9.5014666969323844        10.539640427219984        10.435661116066326     
        4602   9.5027405124960715        10.541214210551528        10.437189700855370     
        4603   9.5039851827169137        10.542751777992569        10.438683149079884     
        4604   9.5053059538310904        10.544384696997426        10.440268871076533     
        4605   9.5065923104675996        10.545973257107265        10.441812004724019     
        4606   9.5079526216579175        10.547653476626628        10.443444056903893     
        4607   9.5093298695464874        10.549355075803682        10.445096753539332     
        4608   9.5106992063454854        10.551046768178709        10.446739859223332     
        4609   9.5120781484622032        10.552752067979698        10.448395728031384     
        4610   9.5134363225245338        10.554430415444388        10.450025759061358     
        4611   9.5147031492233598        10.555995163338759        10.451545676238460     
        4612   9.5161793708988860        10.557818370461163        10.453316647931981     
        4613   9.5175824259633774        10.559551058435305        10.454999716613075     
        4614   9.5189483568905597        10.561238758460915        10.456638890893975     
        4615   9.5203495576128905        10.562971837683477        10.458321670972197     
        4616   9.5217403127870632        10.564690256098556        10.459990654802205     
        4617   9.5229860012934608        10.566230149259471        10.461486111490808     
        4618   9.5243826432869767        10.567956481994537        10.463162628783680     
        4619   9.5257044288654384        10.569589419731313        10.464748691735215     
        4620   9.5271965566049204        10.571433609474891        10.466539696547519     
        4621   9.5285029513544526        10.573048405278730        10.468107900077458     
        4622   9.5299326126916615        10.574815667111423        10.469824127377377     
        4623   9.5312740111456122        10.576473478719072        10.471434177916198     
        4624   9.5325859414760519        10.578096221939923        10.473009826463375     
        4625   9.5340792392354228        10.579943521657533        10.474803401628193     
        4626   9.5354541427188657        10.581643388798661        10.476454129109630     
        4627   9.5368441478218244        10.583361611225415        10.478122741727576     
        4628   9.5382631057946341        10.585115391325859        10.479825944898529     
        4629   9.5396972806981513        10.586888398295573        10.481547706743923     
        4630   9.5409724778678839        10.588465283074918        10.483078944310323     
        4631   9.5424799178588060        10.590328307721435        10.484888247498912     
        4632   9.5440114243375636        10.592221313827160        10.486726604230062     
        4633   9.5454482327413501        10.593998330963760        10.488452063789458     
        4634   9.5469452786480407        10.595850044007403        10.490249980022663     
        4635   9.5483969366623960        10.597646060415380        10.491993728583866     
        4636   9.5499168805315549        10.599526225904953        10.493819250804851     
        4637   9.5513930501894873        10.601351380841130        10.495591583234122     
        4638   9.5528136037612477        10.603108207508624        10.497297466126426     
        4639   9.5542813523464059        10.604923425106328        10.499060037740668     
        4640   9.5557455860378191        10.606734438798844        10.500818487704903     
        4641   9.5572722159783385        10.608622198311943        10.502651538227163     
        4642   9.5586899957743992        10.610376041974032        10.504354410655978     
        4643   9.5600759273740881        10.612090296513239        10.506018919458617     
        4644   9.5615066273976055        10.613860570510866        10.507737616306953     
        4645   9.5628944996954992        10.615576198557699        10.509403702877469     
        4646   9.5643123208589529        10.617332068266194        10.511108008155514     
        4647   9.5658136549767629        10.619189216611096        10.512911168000075     
        4648   9.5672412643824476        10.620955156233777        10.514625787696277     
        4649   9.5687456280504435        10.622816247890412        10.516432747475212     
        4650   9.5701519733273788        10.624556259824203        10.518122112204571     
        4651   9.5716852280200584        10.626453926290388        10.519964334886433     
        4652   9.5731765493769707        10.628299751576080        10.521756237765965     
        4653   9.5747118541004177        10.630199416198325        10.523600543085969     
        4654   9.5762204179629524        10.632065918257323        10.525412691553928     
        4655   9.5776190681324262        10.633797056418766        10.527093275524500     
        4656   9.5791247198578500        10.635660850141656        10.528902559684155     
        4657   9.5806577893007319        10.637558852000819        10.530744981657151     
        4658   9.5822440331354208        10.639520423677524        10.532649681237999     
        4659   9.5835797891588150        10.641173389442109        10.534254475283484     
        4660   9.5850653986795358        10.643012043596645        10.536039458479999     
        4661   9.5866527913975634        10.644977376901879        10.537947198788308     
        4662   9.5881762472456593        10.646861984643630        10.539776979554233     
        4663   9.5896355740999510        10.648668321337057        10.541530517213957     
        4664   9.5911527886527121        10.650546834734925        10.543353995649181     
        4665   9.5926704521469848        10.652426441787792        10.545178357331753     
        4666   9.5942893946362879        10.654430581011704        10.547123825758334     
        4667   9.5956922600307415        10.656167492811775        10.548809855174964     
        4668   9.5971541915521215        10.657978367078572        10.550567455850285     
        4669   9.5986035730645582        10.659773218592933        10.552309640532078     
        4670   9.6001870324371836        10.661733343456332        10.554212438264038     
        4671   9.6017164768447678        10.663628234243212        10.556051489859051     
        4672   9.6034715013993708        10.665800493309042        10.558160214404154     
        4673   9.6050702886888413        10.667780465254758        10.560082038614373     
        4674   9.6066824276760663        10.669778196590649        10.562020765347182     
        4675   9.6082308353051058        10.671695097599143        10.563881526645828     
        4676   9.6096767864282349        10.673485737938698        10.565619615345309     
        4677   9.6111831214119565        10.675352721580508        10.567431368108288     
        4678   9.6127676621559299        10.677315590078894        10.569336428278410     
        4679   9.6142944294658186        10.679208118659115        10.571172925198921     
        4680   9.6159151751421845        10.681215852406915        10.573121525101868     
        4681   9.6175320160813254        10.683218694569145        10.575065401406116     
        4682   9.6190223213557307        10.685065074513291        10.576857369627639     
        4683   9.6206531422165167        10.687084373004179        10.578817443227088     
        4684   9.6223182730575001        10.689147301703118        10.580819561105564     
        4685   9.6239247316770520        10.691137572449684        10.582751185618532     
        4686   9.6255019882748449        10.693091752840932        10.584647740748425     
        4687   9.6271121483029702        10.695086739273085        10.586583874243768     
        4688   9.6286384020464464        10.696978442846829        10.588419632719424     
        4689   9.6302402552988298        10.698962961784826        10.590345650574488     
        4690   9.6317515944049958        10.700835891049751        10.592163255112881     
        4691   9.6334455098686238        10.702934927389869        10.594200281379345     
        4692   9.6350932419071835        10.704976308511238        10.596181493123012     
        4693   9.6366444368606778        10.706898223477161        10.598046724951622     
        4694   9.6382699689261440        10.708911936685167        10.600001125032877     
        4695   9.6398521588494290        10.710871921714414        10.601903388576673     
        4696   9.6414532077079294        10.712855601887972        10.603828566790515     
        4697   9.6430259177281350        10.714804781178673        10.605720118176938     
        4698   9.6446702736323981        10.716842768939992        10.607697820453135     
        4699   9.6462649725430651        10.718820951419440        10.609617045089843     
        4700   9.6478542675360330        10.720791496842867        10.611529104609147     
        4701   9.6494290392647244        10.722743796635545        10.613423519427997     
        4702   9.6509577043282526        10.724638791676245        10.615262386857459     
        4703   9.6524882246241521        10.726537070716992        10.617104183786168     
        4704   9.6540056031178541        10.728418086620289        10.618929497865427     
        4705   9.6557369545451692        10.730564676932765        10.621012367281017     
        4706   9.6574484651089598        10.732686729319742        10.623071396531154     
        4707   9.6591468247839156        10.734794164173010        10.625115831713538     
        4708   9.6607806428785281        10.736819673692176        10.627081273555293     
        4709   9.6622900592267857        10.738690818310081        10.628896995509765     
        4710   9.6639760575013991        10.740781846272911        10.630925790032645     
        4711   9.6656756581033410        10.742888892303528        10.632970341043508     
        4712   9.6672646312688340        10.744860639254419        10.634883120326283     
        4713   9.6689489324781377        10.746949891673911        10.636910126704684     
        4714   9.6706216738721817        10.749024219369369        10.638922797191531     
        4715   9.6722028858881473        10.750986294260516        10.640826229071125     
        4716   9.6738688850566650        10.753052965763885        10.642831284188320     
        4717   9.6757062800076454        10.755332530407445        10.645042749626180     
        4718   9.6774436245274948        10.757488145971648        10.647133938756683     
        4719   9.6793204936206561        10.759815718593961        10.649392267230262     
        4720   9.6810800712415386        10.761998254070802        10.651509783307626     
        4721   9.6828001358514673        10.764133927571951        10.653581243801186     
        4722   9.6845461606664678        10.766301744719302        10.655683920301637     
        4723   9.6861398763706390        10.768279170703872        10.657602294689319     
        4724   9.6879373164886733        10.770508705732226        10.659765362527891     
        4725   9.6896457387027617        10.772626609595768        10.661820487087049     
        4726   9.6912946301683895        10.774672448046173        10.663805226196594     
        4727   9.6931464603039572        10.776969799219156        10.666034009595752     
        4728   9.6947365767276281        10.778943989320116        10.667948934649525     
        4729   9.6965494220368136        10.781194056505072        10.670131562332768     
        4730   9.6984175695313404        10.783511453898056        10.672379829584319     
        4731   9.7003036956907458        10.785852744485323        10.674650860464789     
        4732   9.7021533453965247        10.788148657580164        10.676877908668661     
        4733   9.7039354137835545        10.790362135933067        10.679024614779788     
        4734   9.7057766223445974        10.792648904622677        10.681242437066125     
        4735   9.7076919197975187        10.795025777418152        10.683548163862287     
        4736   9.7096007037978467        10.797395979322287        10.685847055345230     
        4737   9.7113308474058417        10.799543107955362        10.687929921020066     
        4738   9.7130985268397634        10.801736727269564        10.690057939258047     
        4739   9.7151168003599633        10.804244440946611        10.692489736370124     
        4740   9.7168859905678779        10.806441563710656        10.694620690115089     
        4741   9.7185950264939258        10.808563494178266        10.696678840417201     
        4742   9.7204711790432459        10.810892793860052        10.698938137456873     
        4743   9.7222926982449636        10.813152893149805        10.701130705736565     
        4744   9.7241933635156208        10.815513077353605        10.703419828307812     
        4745   9.7259095030828320        10.817644827684957        10.705487243391618     
        4746   9.7276828068949275        10.819847119741926        10.707623174063791     
        4747   9.7295914215922288        10.822218502688743        10.709922833751898     
        4748   9.7314844848868862        10.824570187167446        10.712203490260732     
        4749   9.7332591629826641        10.826773609369205        10.714340662996978     
        4750   9.7352326989013189        10.829225500874752        10.716718400105052     
        4751   9.7369617250820077        10.831374285792513        10.718802078385250     
        4752   9.7387877984861344        10.833641732915797        10.721001309033673     
        4753   9.7406216757588986        10.835920630844463        10.723211184234328     
        4754   9.7426280864856238        10.838413451692908        10.725628595350312     
        4755   9.7445185742271594        10.840763776026721        10.727907444501941     
        4756   9.7464639657600038        10.843184869050587        10.730254221139447     
        4757   9.7482311143885774        10.845381415050120        10.732384109073372     
        4758   9.7501198586549336        10.847727928729350        10.734659696085171     
        4759   9.7519298726681107        10.849976356438090        10.736840253403781     
        4760   9.7537264946253543        10.852212483622305        10.739007716782394     
        4761   9.7558366691727123        10.854831464843780        10.741548198947289     
        4762   9.7578922613616204        10.857386104152132        10.744025355925968     
        4763   9.7596870053338343        10.859617277100263        10.746188738419976     
        4764   9.7616377597913608        10.862041308846836        10.748539369321618     
        4765   9.7637502481682859        10.864667824799671        10.751085915987638     
        4766   9.7656917029663983        10.867081453384978        10.753426173361424     
        4767   9.7678277803269218        10.869736583218414        10.756000640583565     
        4768   9.7698609631988020        10.872265594889186        10.758452356121024     
        4769   9.7718213001152279        10.874703603737577        10.760815989346174     
        4770   9.7738176604805034        10.877184945141904        10.763222023425698     
        4771   9.7757615891960903        10.879601899220445        10.765565433717869     
        4772   9.7778272617438944        10.882173073081480        10.768057582926774     
        4773   9.7798953238017106        10.884746914030830        10.770552410218357     
        4774   9.7818993475811169        10.887239709866318        10.772969026395481     
        4775   9.7839500009949152        10.889790758848438        10.775442044255151     
        4776   9.7861872228609954        10.892574310361294        10.778140292569653     
        4777   9.7880621620759669        10.894907688863855        10.780402087837111     
        4778   9.7901753359835801        10.897536279994442        10.782950306181171     
        4779   9.7921405465490050        10.899979329456968        10.785319088943053     
        4780   9.7942644198116628        10.902621327946154        10.787880324238982     
        4781   9.7962612978473018        10.905105516217821        10.790288540293709     
        4782   9.7984293509211948        10.907805109950239        10.792904861250658     
        4783   9.8004844492108472        10.910362996157096        10.795384153706527     
        4784   9.8026657786863449        10.913074659877536        10.798013377135584     
        4785   9.8047231803569357        10.915637074607544        10.800496600920168     
        4786   9.8067137427553401        10.918114862421561        10.802898196264028     
        4787   9.8088426605775290        10.920764559737229        10.805466480745080     
        4788   9.8111053644766386        10.923579942657046        10.808195532983877     
        4789   9.8134519603268409        10.926501756217155        10.811027229644870     
        4790   9.8157039532530259        10.929304752234383        10.813744041445318     
        4791   9.8178040755682368        10.931920301250774        10.816278794235336     
        4792   9.8200200973964851        10.934679255448074        10.818952750846336     
        4793   9.8223410927403521        10.937567144852997        10.821752127384455     
        4794   9.8244770390808434        10.940227261616004        10.824330075093105     
        4795   9.8265732100398733        10.942835633164412        10.826858496324695     
        4796   9.8286986511306509        10.945481009156619        10.829422635924544     
        4797   9.8309378190916057        10.948270995489578        10.832126106791778     
        4798   9.8332455099174272        10.951143050585438        10.834909935170696     
        4799   9.8353600736638391        10.953776078256235        10.837461769124792     
        4800   9.8376440136578172        10.956620562345215        10.840218353547485     
        4801   9.8399843556337423        10.959536304115277        10.843043734845994     
        4802   9.8423328103635264        10.962461997478961        10.845878742370463     
        4803   9.8445192771646930        10.965183402720234        10.848516521319407     
        4804   9.8468682059134522        10.968108786652023        10.851351511967620     
        4805   9.8491689805861213        10.970972954535332        10.854127524156885     
        4806   9.8516528738503908        10.974066247302050        10.857125279911360     
        4807   9.8540653202940796        10.977073352072212        10.860038746322303     
        4808   9.8564439231579577        10.980037669882044        10.862910962933018     
        4809   9.8588892557443817        10.983084982609846        10.865863603638356     
        4810   9.8613227407605883        10.986117156977681        10.868801696159629     
        4811   9.8638236472305909        10.989232306400410        10.871820446013073     
        4812   9.8663041421218693        10.992322455558828        10.874814844748006     
        4813   9.8688100908309924        10.995443996801392        10.877839755341123     
        4814   9.8711394097883183        10.998345942354828        10.880651775122626     
        4815   9.8736237000403833        11.001444311377632        10.883653218723195     
        4816   9.8761775387182347        11.004627468574627        10.886737321626960     
        4817   9.8786446810012460        11.007703831652968        10.889717624362959     
        4818   9.8810272332278846        11.010674998544786        10.892595945568052     
        4819   9.8836366904093769        11.013926252616757        10.895746342988108     
        4820   9.8862064512551431        11.017130943733592        10.898850831533903     
        4821   9.8887218772253789        11.020266916810085        10.901889005811514     
        4822   9.8912823299691155        11.023459243982209        10.904981730418534     
        4823   9.8937067481261245        11.026482957420614        10.907910865740286     
        4824   9.8962513502062759        11.029658092543304        10.910986264833538     
        4825   9.8987163514342953        11.032732057542034        10.913964181597462     
        4826   9.9013730531638924        11.036042664459305        10.917171950551973     
        4827   9.9040278286821390        11.039351334519315        10.920377711792467     
        4828   9.9066322868137533        11.042601297842493        10.923525529330197     
        4829   9.9092028671099257        11.045808167207429        10.926631851622638     
        4830   9.9117747945946526        11.049018795920416        10.929741256367839     
        4831   9.9144444375012597        11.052349090955538        10.932967114318858     
        4832   9.9171505686502517        11.055727446654050        10.936238833414478     
        4833   9.9196244715009847        11.058815662491419        10.939229717266851     
        4834   9.9222974019825418        11.062149522255126        10.942459213706659     
        4835   9.9250209673228476        11.065545828534153        10.945749382850085     
        4836   9.9278004183495536        11.069017788047899        10.949111229194065     
        4837   9.9304308915835282        11.072302654159072        10.952292197974231     
        4838   9.9333073653138335        11.075894349118100        10.955770379446495     
        4839   9.9359821099042858        11.079233988670184        10.959004522133958     
        4840   9.9386599139386842        11.082575172615091        10.962240784240151     
        4841   9.9415964666626184        11.086242289310608        10.965791835267989     
        4842   9.9444752524505144        11.089836511879748        10.969272550589375     
        4843   9.9474054765981172        11.093493972268423        10.972814797749548     
        4844   9.9500331909042732        11.096774378201744        10.975991735514208     
        4845   9.9527574591127745        11.100177575230285        10.979286967402736     
        4846   9.9555093260485723        11.103614163140273        10.982614785113313     
        4847   9.9582080018333006        11.106986205171186        10.985879639169465     
        4848   9.9611005628735398        11.110596477516475        10.989376193661247     
        4849   9.9640767509698112        11.114314758336137        10.992976360262247     
        4850   9.9669382945952059        11.117888809789491        10.996437187964933     
        4851   9.9700381997083944        11.121761212446469        11.000186709762621     
        4852   9.9731596788916885        11.125659323670643        11.003961474667140     
        4853   9.9761039321107372        11.129337426583914        11.007522814361142     
        4854   9.9792687290323254        11.133291862984411        11.011351504248557     
        4855   9.9823928839089859        11.137195808820008        11.015131235830980     
        4856   9.9854664103143111        11.141035451862610        11.018848999261786     
        4857   9.9889206977988589        11.145351357245275        11.023027719134603     
        4858   9.9919839478210388        11.149181038487610        11.026735038696202     
        4859   9.9952347682835612        11.153243987875728        11.030668473860590     
        4860   9.9982228828820716        11.156979860853793        11.034284968564220     
        4861   10.001336905505495        11.160872887494685        11.038053647588997     
        4862   10.004377550757548        11.164673294231786        11.041732946737342     
        4863   10.007743870595135        11.168883328154589        11.045808081591067     
        4864   10.011161402217507        11.173155398431621        11.049943813558698     
        4865   10.014472253484987        11.177296241921479        11.053951961940383     
        4866   10.017738970967034        11.181382913276318        11.057907324731548     
        4867   10.020889483640220        11.185323288715875        11.061721423813941     
        4868   10.024293242447882        11.189580286894692        11.065841984276734     
        4869   10.027752800236479        11.193909471661241        11.070031738226774     
        4870   10.031124982645848        11.198131656403051        11.074117321039314     
        4871   10.034642990823974        11.202535497130430        11.078378877154330     
        4872   10.037994800050527        11.206727386535819        11.082436461112527     
        4873   10.041382505568444        11.210962840276194        11.086536571655561     
        4874   10.045177825802813        11.215713557037372        11.091133837395748     
        4875   10.048766370185424        11.220206906907851        11.095481741530937     
        4876   10.052293591380014        11.224623416804588        11.099755297629891     
        4877   10.055891475898619        11.229127036446872        11.104113512718751     
        4878   10.059473586199646        11.233614108592050        11.108454846891039     
        4879   10.063063540876293        11.238110602286318        11.112805392904352     
        4880   10.066634751554394        11.242581051997156        11.117131471107232     
        4881   10.070126346580778        11.246951868597709        11.121361149458320     
        4882   10.073792277440710        11.251545317630734        11.125805036878148     
        4883   10.077500782560506        11.256188207087110        11.130297843217599     
        4884   10.081191259088945        11.260809777159892        11.134769651523502     
        4885   10.085303457082590        11.265958539773949        11.139751756986934     
        4886   10.088938131730295        11.270513995737311        11.144158536064010     
        4887   10.092873982438999        11.275445431227025        11.148929437075671     
        4888   10.097034919829815        11.280657560620673        11.153972266147143     
        4889   10.100823252997648        11.285405778220325        11.158565495459444     
        4890   10.104847538283389        11.290450323926823        11.163445229512337     
        4891   10.108876822039850        11.295499860221749        11.168330133177140     
        4892   10.113044766316463        11.300723070929328        11.173383037278759     
        4893   10.117011224933878        11.305694427161274        11.178192159986445     
        4894   10.121054227718341        11.310763061841634        11.183095002619659     
        4895   10.125325547790053        11.316120838392429        11.188276756531391     
        4896   10.129299680505310        11.321105604555907        11.193097797817748     
        4897   10.133334908053611        11.326165849718933        11.197992184250230     
        4898   10.137610077182694        11.331530367525726        11.203179921688530     
        4899   10.142330653902219        11.337453414935080        11.208907829275306     
        4900   10.146573448260733        11.342772136556139        11.214052668838915     
        4901   10.150938702928260        11.348249613859299        11.219349674251648     
        4902   10.155607555740700        11.354109992511177        11.225016411960366     
        4903   10.160525379338774        11.360277746245984        11.230981740852263     
        4904   10.165040927711340        11.365947091711821        11.236463369419043     
        4905   10.169847488214938        11.371977544409829        11.242295325878255     
        4906   10.174553953082006        11.377884323607413        11.248007155899337     
        4907   10.179533160988958        11.384136601449859        11.254052118518544     
        4908   10.184408602346467        11.390259006331245        11.259971418890171     
        4909   10.189341354714816        11.396455779095140        11.265961989122470     
        4910   10.194039630863017        11.402358828085056        11.271668354895438     
        4911   10.199425900524254        11.409130370804204        11.278213191241960     
        4912   10.204417293697233        11.415400421675919        11.284274719808247     
        4913   10.209620432422065        11.421938088001475        11.290594578363127     
        4914   10.214792583295001        11.428433993394385        11.296874828952104     
        4915   10.219814884686073        11.434749547075636        11.302978467937420     
        4916   10.225257325052588        11.441594536746722        11.309593507837619     
        4917   10.230433755395982        11.448103403421744        11.315884131432187     
        4918   10.236161046494063        11.455305493014002        11.322844646619714     
        4919   10.242005334704885        11.462651487207214        11.329945044833185     
        4920   10.247619147677637        11.469712831971787        11.336768957991868     
        4921   10.253039306510114        11.476529520455783        11.343356768550887     
        4922   10.258416764787846        11.483294289601266        11.349893892531059     
        4923   10.264269671685222        11.490656705878180        11.357008685724608     
        4924   10.270031021541838        11.497903925551435        11.364012186052644     
        4925   10.276565330621455        11.506129092719965        11.371959166201609     
        4926   10.282874791436281        11.514067014434037        11.379629724183932     
        4927   10.289111252955678        11.521915897399561        11.387213474904589     
        4928   10.295052558706058        11.529394726453328        11.394439318053823     
        4929   10.301188427004872        11.537124990090268        11.401906306856359     
        4930   10.307574811720052        11.545167331012925        11.409675676529051     
        4931   10.314562807252814        11.553970846030989        11.418179386692374     
        4932   10.321096250063334        11.562206007832675        11.426133010007325     
        4933   10.328079983438135        11.571007844118345        11.434634054364597     
        4934   10.335163465115444        11.579931848218038        11.443254129346988     
        4935   10.342439938189360        11.589103727434656        11.452112327260703     
        4936   10.349844013412435        11.598447923885210        11.461133781709423     
        4937   10.357307501497036        11.607866117194678        11.470226908707714     
        4938   10.364566802548250        11.617027400931397        11.479071822444494     
        4939   10.371605912449022        11.625907831857244        11.487646420378807     
        4940   10.379239342994067        11.635545868162273        11.496950336769247     
        4941   10.386394717654969        11.644578661786266        11.505670484771120     
        4942   10.394151150377438        11.654380129023791        11.515129829304865     
        4943   10.401886015178381        11.664150170811560        11.524560156774903     
        4944   10.409669734230508        11.673985331579953        11.534052290666290     
        4945   10.418170668089054        11.684722514849854        11.544416140632169     
        4946   10.426845465231148        11.695683547243288        11.554994899538199     
        4947   10.435106614800365        11.706125273522401        11.565071594657150     
        4948   10.443733290405691        11.717028328699492        11.575593657065658     
        4949   10.452806672588988        11.728507599932689        11.586668535071171     
        4950   10.461697689694605        11.739745567910084        11.597513603941325     
        4951   10.471456611243921        11.752084186499898        11.609419750234487     
        4952   10.481579627456071        11.764892048292811        11.621776244068675     
        4953   10.491642933122733        11.777635580942638        11.634067642937470     
        4954   10.501170515310802        11.789691536965393        11.645698402687625     
        4955   10.510795244298308        11.801872034614297        11.657448857773726     
        4956   10.520345890705531        11.813964139298584        11.669112557346224     
        4957   10.531476989991475        11.828062471236924        11.682709965567364     
        4958   10.541574148875849        11.840855255687464        11.695047059323947     
        4959   10.552736671856071        11.855000993079981        11.708687949079646     
        4960   10.564990327109969        11.870539091000030        11.723668789536887     
        4961   10.576853582674952        11.885586830617431        11.738175603265951     
        4962   10.589168565006661        11.901216423937294        11.753240932809579     
        4963   10.600396645092079        11.915466822862570        11.766976756994422     
        4964   10.614031016988042        11.932784363435399        11.783665246199158     
        4965   10.627330070288785        11.949690610936639        11.799953110622333     
        4966   10.641124623587931        11.967207543012224        11.816834990546031     
        4967   10.655127815532888        11.985003281213489        11.833981695299197     
        4968   10.669401816522855        12.003146936413401        11.851462537447528     
        4969   10.683366339500010        12.020913452997696        11.868575418886168     
        4970   10.698189413642627        12.039772789740322        11.886740614171845     
        4971   10.716251765200784        12.062751518717979        11.908874197902543     
        4972   10.732792159604413        12.083815568977958        11.929157461563809     
        4973   10.749700066142312        12.105343744576039        11.949888758132747     
        4974   10.767349227477794        12.127840967894016        11.971546265715631     
        4975   10.785679183436194        12.151198821429681        11.994034228134643     
        4976   10.804410028592438        12.175100613976818        12.017036342418963     
        4977   10.826159342500963        12.202863692394693        12.043751706515938     
        4978   10.847193090145744        12.229717587456859        12.069591134927986     
        4979   10.867417994979643        12.255543319222658        12.094440104519350     
        4980   10.889491586013547        12.283757579859801        12.121579295817181     
        4981   10.914120205289294        12.315254070738805        12.151870806365665     
        4982   10.938941611137553        12.347000589541587        12.182402036847574     
        4983   10.964678070553360        12.379942174869759        12.214075215598537     
        4984   10.992891952755036        12.416101357023370        12.248829144015987     
        4985   11.019098595778264        12.449721607801752        12.281132931182615     
        4986   11.050224655947487        12.489680028289651        12.319519048261325     
        4987   11.083629137051902        12.532586908639558        12.360730878876023     
        4988   11.118066612493752        12.576851492714345        12.403237610633358     
        4989   11.158234111385958        12.628542401145506        12.452858230107314     
        4990   11.202520976543067        12.685677462454127        12.507662618842156     
        4991   11.248737787078221        12.745324804042509        12.564870720350486     
        4992   11.308864124820317        12.822954699795009        12.639316846095880     
        4993   11.370384220264418        12.902577570436357        12.715617218218641     
        4994   11.439711876536995        12.992462708412544        12.801705787178060     
        4995   11.524071823436520        13.102127259350207        12.906650702580320     
        4996   11.627165417205122        13.236520102023992        13.035147690912101     
        4997   11.757340351992887        13.406844726379019        13.197806941937003     
        4998   11.914502433752853        13.613008250306224        13.394535905466560     
        4999   12.175248529889112        13.958328128197815        13.723015570847339     
        5000   12.593629133407118        14.521977303715635        14.256609054947306     
