           1   0.0000000000000000        0.0000000000000000        0.0000000000000000     
           2  0.28910193914378979       0.29855514607847822       0.29822501701101428     
           3  0.58057379436408563       0.61820238247835690       0.61580633858305023     
           4  0.70440470679401579       0.76115468531690733       0.75667468142558503     
           5  0.88541497869657371       0.97640908703799523       0.96751877633667560     
           6  0.94662370924375716        1.0516479111381256        1.0406317006880137     
           7   1.0438885479229185        1.1724140947520840        1.1576985067147547     
           8   1.1485912491665702        1.3086573011495546        1.2879398089331926     
           9   1.2116829498875965        1.3914339250024637        1.3668834461816981     
          10   1.2759413395375441        1.4766941594808589        1.4478732339836755     
          11   1.3146213396059496        1.5283513252326899        1.4968578026968502     
          12   1.3737103574030491        1.6083643594766552        1.5723818328944990     
          13   1.4176231220818170        1.6692791418153643        1.6293838588896641     
          14   1.4650417723736648        1.7370871527230380        1.6920735655871866     
          15   1.5244928794784955        1.8219889945968455        1.7706492037620247     
          16   1.5638490892317074        1.8798937530376236        1.8235667263120512     
          17   1.5996426531877828        1.9344457270381525        1.8726498399834473     
          18   1.6440878778420138        1.9990831551768280        1.9320247534476025     
          19   1.6751188133297039        2.0448988472893501        1.9738536272648062     
          20   1.7105846488275094        2.0977977658139104        2.0219508389245235     
          21   1.7515031640704222        2.1608732124115235        2.0784792585160017     
          22   1.7759033754612239        2.1984024209278683        2.1121380387578705     
          23   1.7942414834073201        2.2266337357925901        2.1374431649224692     
          24   1.8182012336911388        2.2644170457895592        2.1709271199963416     
          25   1.8547618727005006        2.3216177427021960        2.2218321666572516     
          26   1.8982237624395579        2.3917987695469076        2.2833670155850818     
          27   1.9214342362281780        2.4292940287675457        2.3162489688189951     
          28   1.9375806768729043        2.4561496535023220        2.3394590784556248     
          29   1.9616466821046799        2.4955448714269197        2.3737750877104595     
          30   1.9790926450271484        2.5249351410398702        2.3990170708985934     
          31   1.9954358390741820        2.5522753947295955        2.4225711124769167     
          32   2.0251318317190545        2.6030563184706934        2.4658448185324904     
          33   2.0401522121777811        2.6284991900020724        2.4876182216892557     
          34   2.0538494645794105        2.6518078085559464        2.5075219519287453     
          35   2.0763027852700100        2.6907037534329277        2.5404403129282200     
          36   2.1004545338449780        2.7314562986112128        2.5753836839541457     
          37   2.1144424580392327        2.7550212421448181        2.5956132983393596     
          38   2.1439914406372274        2.8074915099207578        2.6394235975771729     
          39   2.1647306468721230        2.8444771137524949        2.6702113671050287     
          40   2.1762979337495927        2.8648296772254187        2.6872909643049043     
          41   2.1946850434027794        2.8973482143181593        2.7145090366999369     
          42   2.2129852500881926        2.9292854365793914        2.7414447043637216     
          43   2.2314439870856941        2.9631195615426789        2.7692139049401003     
          44   2.2486485020191993        2.9941060408509648        2.7948893534813730     
          45   2.2707058849893622        3.0346322515906481        2.8281041162215579     
          46   2.2919944662019676        3.0740440367722046        2.8602601301759831     
          47   2.3134117789644475        3.1136449414892455        2.8926032049856074     
          48   2.3208961725841215        3.1272203637040308        2.9038114904214050     
          49   2.3478603085240901        3.1768474277763037        2.9444787197206370     
          50   2.3619746741663796        3.2034952042720448        2.9659833902431361     
          51   2.3772160263898874        3.2326166306402291        2.9893362782955233     
          52   2.3913003119187994        3.2593909544912258        3.0108777428519735     
          53   2.4079680794548475        3.2916337457863039        3.0365524453147672     
          54   2.4218829455513240        3.3190184452746556        3.0581392208312734     
          55   2.4300750568979641        3.3351203926711412        3.0708333282211973     
          56   2.4419482252331983        3.3581124939060083        3.0891195473801241     
          57   2.4520561799623928        3.3779686549530887        3.1047860285537796     
          58   2.4629011868588933        3.4000218851100605        3.1218305205846555     
          59   2.4833027693660341        3.4422454888400709        3.1540925011035110     
          60   2.4920430250545644        3.4593107521497890        3.1676055697479453     
          61   2.5028579441087344        3.4804597939491702        3.1843306974287442     
          62   2.5146464774720134        3.5037739119277296        3.2026404362183940     
          63   2.5280231175741377        3.5307119670667291        3.2235716557493630     
          64   2.5352126849475827        3.5449809044040435        3.2347636447046049     
          65   2.5452318188653464        3.5654167814442999        3.2505204575011164     
          66   2.5591597541232831        3.5938564118244352        3.2724439537677705     
          67   2.5716168816049985        3.6196405493260393        3.2921514711410134     
          68   2.5806528120589696        3.6381939325452857        3.3063935161487117     
          69   2.5912676442819622        3.6607055083264060        3.3233334301690314     
          70   2.6002836320146008        3.6789763172062364        3.3374849500408859     
          71   2.6103806533633422        3.6997677728662794        3.3534330360325564     
          72   2.6159829481319181        3.7115273520812613        3.3623433805212857     
          73   2.6242616276559247        3.7288962780812982        3.3755006698141798     
          74   2.6328543125310349        3.7476568912735999        3.3893599181329153     
          75   2.6409970885480019        3.7648673799382060        3.4023412625954697     
          76   2.6563071071444142        3.7971662015013550        3.4267460857182810     
          77   2.6697196397197223        3.8260134213623105        3.4482696620351518     
          78   2.6811493256489705        3.8506313427756544        3.4666202782360216     
          79   2.6888622900271608        3.8667920085377552        3.4788816384666035     
          80   2.6995721793609961        3.8899604331476167        3.4961059616305419     
          81   2.7080796894865182        3.9093117906172319        3.5100279752943111     
          82   2.7183356715077416        3.9318928421123971        3.5266175328729865     
          83   2.7309952822631667        3.9596054710361712        3.5470781244630110     
          84   2.7396857334212212        3.9791308747509193        3.5612431048376658     
          85   2.7494576956730117        4.0011986292260655        3.5771990662019455     
          86   2.7562849056426719        4.0159307298919469        3.5881701835672914     
          87   2.7653289801196901        4.0361679227451672        3.6028871522909780     
          88   2.7766626484400110        4.0618606766843275        3.6214151574944657     
          89   2.7864971089886645        4.0841733199097270        3.6375036094588737     
          90   2.7925231747363020        4.0978688273755637        3.6473646689354320     
          91   2.8046065633558661        4.1247042171335107        3.6669807510414523     
          92   2.8164432302601123        4.1521835731573216        3.6864884442485319     
          93   2.8249392974493466        4.1716445767812464        3.7004297625621669     
          94   2.8315014232005997        4.1863869625724757        3.7111299084473663     
          95   2.8364921048854197        4.1977485569709101        3.7193044252907734     
          96   2.8471386922117947        4.2221338190453723        3.7367769769944190     
          97   2.8571696612643551        4.2451344737994701        3.7532508114641301     
          98   2.8630091691241435        4.2586306096396012        3.7628636288163833     
          99   2.8705826128647414        4.2765378557196865        3.7754250848836413     
         100   2.8838229773791375        4.3091328699013491        3.7976558847504989     
         101   2.8912550182087893        4.3263981362422497        3.8099104725679140     
         102   2.8981613018928090        4.3426231442358487        3.8213398400072491     
         103   2.9056020181475071        4.3608250466957106        3.8338154885557096     
         104   2.9120010258370947        4.3760655442943275        3.8444568995042259     
         105   2.9208793358824559        4.3978877685195235        3.8593659474490467     
         106   2.9272346710237742        4.4133007901347483        3.8699927349225454     
         107   2.9378409757939554        4.4387606817456771        3.8876754363856918     
         108   2.9466182355943751        4.4602289971854372        3.9023899083674811     
         109   2.9536202454769644        4.4773789440465404        3.9141366158913087     
         110   2.9608913496582048        4.4954095344325369        3.9263793402091407     
         111   2.9681612737198684        4.5133700068325284        3.9386093472967176     
         112   2.9769588387261896        4.5350260264865918        3.9533763486042282     
         113   2.9823496188729393        4.5483239388977124        3.9624430357782914     
         114   2.9903564919999814        4.5679577603360348        3.9758742445982067     
         115   2.9944599810551877        4.5780477688633994        3.9827694667319138     
         116   3.0002744853024828        4.5932376617765822        3.9927083156887733     
         117   3.0079864588858940        4.6129163343894586        4.0058047091505751     
         118   3.0145909896750185        4.6296635737333212        4.0170055268449270     
         119   3.0193445614202616        4.6414910037724892        4.0250212928572031     
         120   3.0260347239071104        4.6583358852146928        4.0363284860230024     
         121   3.0329837927493668        4.6762764044458924        4.0481577186194047     
         122   3.0403258848700507        4.6952944859629380        4.0606801272133586     
         123   3.0489616318970150        4.7172103584919309        4.0753370726994147     
         124   3.0578579526568519        4.7397354375275373        4.0904131283862197     
         125   3.0697652638218278        4.7704800463469557        4.1107213016042126     
         126   3.0775225334640042        4.7908367732687740        4.1240119807698346     
         127   3.0829681978604193        4.8047257445118285        4.1332662067719692     
         128   3.0902789120557594        4.8242760780725700        4.1458572950203179     
         129   3.0963121720661890        4.8404231376818565        4.1562524298586085     
         130   3.1007630267228690        4.8522952061195799        4.1639135623958436     
         131   3.1078490198679192        4.8703503906878307        4.1759489644094270     
         132   3.1174101471970590        4.8959087836142192        4.1924180170880030     
         133   3.1229580771680543        4.9104396867525528        4.2019176453250662     
         134   3.1290917201986628        4.9270213215797654        4.2125111155900345     
         135   3.1332396047023545        4.9380498496619349        4.2196413896898228     
         136   3.1367359757387723        4.9473460758159078        4.2256557118348734     
         137   3.1458804578174533        4.9717421098824817        4.2413940990007379     
         138   3.1522270141666775        4.9886020929400612        4.2523068504967458     
         139   3.1549006897536560        4.9959565021259973        4.2569501366916240     
         140   3.1628886711319621        5.0179035610469445        4.2708054062506076     
         141   3.1663814946599151        5.0274565644397047        4.2768567481074573     
         142   3.1736191876794813        5.0476107672753905        4.2894513443215514     
         143   3.1784884416776968        5.0609566049684007        4.2978925079480508     
         144   3.1862997323908147        5.0824304492372274        4.3114361461464332     
         145   3.1906526164024895        5.0943772743476989        4.3189866690988001     
         146   3.1990611073815396        5.1177378430587996        4.3336245180104367     
         147   3.2041283862295247        5.1328307511664928        4.3426007500817745     
         148   3.2090426578616573        5.1469546961310604        4.3512270569138849     
         149   3.2140788110252054        5.1606876146152620        4.3599510526957852     
         150   3.2183127756159955        5.1730221798240139        4.3674114723666424     
         151   3.2262980682942746        5.1948617561485824        4.3812569823081358     
         152   3.2293502401159557        5.2033627843607864        4.3865746761104418     
         153   3.2333932652831678        5.2148265244468064        4.3936461841892038     
         154   3.2394767356017646        5.2316496295507413        4.4042250964095286     
         155   3.2472189996304541        5.2530447675861760        4.4176887195228485     
         156   3.2520721453712875        5.2670921533457911        4.4262257165696566     
         157   3.2575122518891826        5.2826241211858287        4.4357667501310321     
         158   3.2677532488024545        5.3120309475126968        4.4537555155752422     
         159   3.2704140266082673        5.3196662772571042        4.4584277476452252     
         160   3.2773952264458686        5.3399585710969131        4.4707315670547718     
         161   3.2828343659988741        5.3555046840373661        4.4802733621014950     
         162   3.2896684180124653        5.3756063398612639        4.4923423271654119     
         163   3.2978383794631272        5.3997270084092470        4.5067917030100331     
         164   3.3011517422855476        5.4093985751786962        4.5126381725329381     
         165   3.3066618132353183        5.4253112770196426        4.5223277224092584     
         166   3.3129059246377670        5.4450310796784409        4.5335490402635346     
         167   3.3180621570771862        5.4600392553093524        4.5426390052456220     
         168   3.3218356011021561        5.4711420956436347        4.5493104715748860     
         169   3.3272883247527174        5.4874495145730746        4.5589871921548504     
         170   3.3315454820420465        5.5005044778508703        4.5665856798827784     
         171   3.3359771796223883        5.5138779840200494        4.5744709127314440     
         172   3.3411945204104292        5.5295321689188537        4.5837429780552021     
         173   3.3468913347647558        5.5464291765145157        4.5938308254844271     
         174   3.3527973429886089        5.5647387945718521        4.6044049971097305     
         175   3.3576808610853384        5.5796672331707615        4.6131231979085277     
         176   3.3634352717943110        5.5976567190076194        4.6234469645910314     
         177   3.3674810717017949        5.6103541913401802        4.6307132309848251     
         178   3.3711787360035168        5.6219455479533336        4.6373516782684634     
         179   3.3759109466366342        5.6364676860487570        4.6458021523155439     
         180   3.3816596444715836        5.6547269941256149        4.6561508638075164     
         181   3.3874587001244771        5.6725872355614513        4.6665161974953175     
         182   3.3922106332064201        5.6868644217389033        4.6749572073337085     
         183   3.3986341960160749        5.7068284039960888        4.6864669565841544     
         184   3.4035745346829644        5.7218480201488306        4.6952703533625417     
         185   3.4085529280164737        5.7374220267414477        4.7042043457874252     
         186   3.4125032399613402        5.7500729567762701        4.7113340038245139     
         187   3.4186370465947329        5.7701904997190478        4.7224576579852808     
         188   3.4256926506550798        5.7927677031256106        4.7351908462967769     
         189   3.4313702984371468        5.8102311130076112        4.7453268641603037     
         190   3.4369895228682452        5.8281628906127718        4.7554565049313089     
         191   3.4423489087857959        5.8457756055636381        4.7651831176765160     
         192   3.4452664856004249        5.8552077177242232        4.7704586677126724     
         193   3.4501599463864681        5.8714949609771736        4.7793624481286754     
         194   3.4557114904743242        5.8898738103763808        4.7894499056475492     
         195   3.4622061092528478        5.9112702386016611        4.8012405503722126     
         196   3.4697136084255127        5.9359928017023815        4.8148698257376710     
         197   3.4765066952030210        5.9582305408980663        4.8271897041058187     
         198   3.4802247537518247        5.9708441720667240        4.8339824651567751     
         199   3.4850603075038982        5.9870827396643183        4.8427975078079957     
         200   3.4880242176600986        5.9969006813258945        4.8481852871350428     
         201   3.4925721828818874        6.0118921371911984        4.8564430410345718     
         202   3.4972448726710956        6.0279788169146924        4.8650122417451307     
         203   3.4999171905161339        6.0368867399042587        4.8698765152461707     
         204   3.5044833801791517        6.0527147022113850        4.8782495452052528     
         205   3.5082479471061689        6.0655683694810483        4.8851337900288438     
         206   3.5117987755433262        6.0777062174296494        4.8916364238430043     
         207   3.5161110480376720        6.0925296718732227        4.8995334577073866     
         208   3.5221207122672915        6.1127192217273789        4.9104904490518404     
         209   3.5276242561944606        6.1310489213529404        4.9205120548877606     
         210   3.5314694984242592        6.1445824394450943        4.9275997569231569     
         211   3.5339998247978301        6.1534441825977497        4.9322566102575411     
         212   3.5396761858515982        6.1740801251520860        4.9427614457481361     
         213   3.5443027903898092        6.1898780381555536        4.9512242299722740     
         214   3.5494145227977656        6.2069511835040281        4.9605288804452874     
         215   3.5535080978371987        6.2206927690596645        4.9679924568006584     
         216   3.5569997570865999        6.2329296833048158        4.9744083248054425     
         217   3.5611906023794475        6.2470715522233817        4.9820546323321446     
         218   3.5656207809792351        6.2624636426712836        4.9901867310182126     
         219   3.5698636175232075        6.2767630084811561        4.9979342643551314     
         220   3.5748539871822751        6.2937421911843261        5.0070603332586634     
         221   3.5770714538186015        6.3016514724573396        5.0111577050426508     
         222   3.5803233874179563        6.3132279763503165        5.0171622721835707     
         223   3.5849426377676159        6.3299511038772724        5.0257170890753144     
         224   3.5894895481535087        6.3459116322874829        5.0340846901940566     
         225   3.5927140244885969        6.3571506355856702        5.0400049275558176     
         226   3.5985056698508466        6.3779418542303832        5.0507148661113153     
         227   3.6040459041330215        6.3979002549808666        5.0609651785612133     
         228   3.6072743955260038        6.4102128463112411        5.0670049688598979     
         229   3.6113109376120915        6.4245225651995455        5.0744547695612043     
         230   3.6141417212017388        6.4348769326601687        5.0797124890885099     
         231   3.6191964745982945        6.4531957271152649        5.0890838441383810     
         232   3.6253238753852832        6.4748051866511460        5.1003568490670199     
         233   3.6292922329815611        6.4900704451291720        5.1077943425463861     
         234   3.6322001497866552        6.5004485183954657        5.1131693220851551     
         235   3.6354748299392319        6.5120782424196388        5.1192130049110078     
         236   3.6378752923953392        6.5206364946858439        5.1236473217748175     
         237   3.6410514589151135        6.5319120905622468        5.1295061930888846     
         238   3.6434594587140055        6.5406153181583946        5.1339650901287026     
         239   3.6471974176216122        6.5542688165256013        5.1409031999229038     
         240   3.6501865854151645        6.5650198435043547        5.1464373186677275     
         241   3.6546464187541092        6.5822577468821937        5.1548003531228854     
         242   3.6582836795122708        6.5959658999374708        5.1615955193238836     
         243   3.6617317968695398        6.6090342337762733        5.1680408815001870     
         244   3.6637150772298819        6.6164103263722520        5.1717374693978773     
         245   3.6681626888953986        6.6338878601615701        5.1801026250456026     
         246   3.6703192005840157        6.6417724881110844        5.1841057477357539     
         247   3.6730916397226325        6.6527243021541747        5.1893248432581860     
         248   3.6770121495759640        6.6677915323653210        5.1966719406834851     
         249   3.6812840468687091        6.6846121475370195        5.2047109384854284     
         250   3.6871020916905906        6.7068014230396411        5.2156002822307652     
         251   3.6919108779450931        6.7260009205583913        5.2246777924880821     
         252   3.6964442976561385        6.7432099457182968        5.2331538908850561     
         253   3.6984548877556946        6.7510397073261741        5.2369340284231640     
         254   3.7035338232470378        6.7721417580901715        5.2465900612167822     
         255   3.7069816228066692        6.7853871701633963        5.2530477464820580     
         256   3.7096822033882182        6.7960456479552658        5.2581335676479757     
         257   3.7128077265501260        6.8081218830772796        5.2639974183830995     
         258   3.7152775949004004        6.8176201672685455        5.2686265994432837     
         259   3.7180453211574886        6.8287294804290664        5.2738576040546281     
         260   3.7217073069020516        6.8432500241139724        5.2807672965861991     
         261   3.7298920892892680        6.8749073273883798        5.2961201436355854     
         262   3.7342941022107397        6.8926892638358392        5.3044429759867890     
         263   3.7383745121939085        6.9089280828195259        5.3121366365949552     
         264   3.7415272153317458        6.9218424169836039        5.3181136993475135     
         265   3.7446696182012351        6.9342042700390367        5.3240277773851803     
         266   3.7472251748400121        6.9444153047868440        5.3288549582842997     
         267   3.7509144763054514        6.9594057571192334        5.3358404180306236     
         268   3.7538363099457399        6.9715104313777347        5.3413889270313231     
         269   3.7604826724325151        6.9977151903435217        5.3538985289348533     
         270   3.7628406665273824        7.0074923527799102        5.3583786837994465     
         271   3.7671078348161231        7.0243532075110853        5.3664181649160554     
         272   3.7708847642584509        7.0403965063401630        5.3736189069390523     
         273   3.7737478934158633        7.0520108474325411        5.3790422018092467     
         274   3.7768538857918359        7.0646255170206746        5.3849230422352949     
         275   3.7802151103820654        7.0783997281548325        5.3912971844958584     
         276   3.7821953238701704        7.0862298518994322        5.3950290585833214     
         277   3.7860641204765741        7.1025644973091930        5.4023957745807287     
         278   3.7895898163115120        7.1178395667401499        5.4091394484111452     
         279   3.7950966169888920        7.1414169514441568        5.4196636779368079     
         280   3.7990667105382281        7.1577066279084303        5.4271902456654484     
         281   3.8032541522882908        7.1757567362132137        5.4351967533433188     
         282   3.8086139515325277        7.1984094405323802        5.4454240029799923     
         283   3.8110791081592694        7.2086926522084038        5.4501159343990748     
         284   3.8128643692921749        7.2160861695505076        5.4535072404310414     
         285   3.8167411553024997        7.2328246896105544        5.4609286349143185     
         286   3.8199118982685434        7.2460965167214253        5.4669631874255922     
         287   3.8231982380914906        7.2602994370549254        5.4732506516505115     
         288   3.8271341916044244        7.2776478680618437        5.4808095052753325     
         289   3.8293592110230072        7.2868806800738897        5.4850363233483099     
         290   3.8336430388553735        7.3053589115580326        5.4932298184550792     
         291   3.8362623789275729        7.3169042324961948        5.4982598520279460     
         292   3.8418460340654930        7.3415514195985399        5.5089763237905496     
         293   3.8453417447207769        7.3566484407711581        5.5156578399647449     
         294   3.8496852011712699        7.3763361522379585        5.5240335072425051     
         295   3.8515833976191418        7.3850462491783899        5.5276996234998848     
         296   3.8531086164538357        7.3917032113550381        5.5306247873083407     
         297   3.8566849962695877        7.4074610918528547        5.5374887963228012     
         298   3.8596902026398161        7.4213019274049561        5.5432956296392693     
         299   3.8631369250639822        7.4371680374557982        5.5499617821795759     
         300   3.8662087453906331        7.4515021198251814        5.5559067910753894     
         301   3.8698254261984304        7.4671301742732439        5.5628267329024421     
         302   3.8715998486936352        7.4749309713587007        5.5662319012659092     
         303   3.8752815320156784        7.4924359761374077        5.5733837571266829     
         304   3.8776461141958891        7.5031072616400918        5.5779414917366807     
         305   3.8807411182059175        7.5174136116113441        5.5839276049579816     
         306   3.8837472033588858        7.5304145400466442        5.5896778632653916     
         307   3.8861146035945446        7.5413653474595090        5.5942574610507894     
         308   3.8895924236541326        7.5568842588016523        5.6009455813163260     
         309   3.8955888582049218        7.5851612393541599        5.6125773206770440     
         310   3.8997788017169754        7.6052375023296035        5.6207124705842499     
         311   3.9024869272983080        7.6185423890020258        5.6259956971816001     
         312   3.9051092718144580        7.6305032758921687        5.6310580864663136     
         313   3.9073912424104180        7.6411089966106758        5.6354745746443182     
         314   3.9135550362126543        7.6689132340748785        5.6473493655071856     
         315   3.9158611512131003        7.6796189335524261        5.6518125648498430     
         316   3.9203847111893331        7.6997507200671835        5.6605070185952098     
         317   3.9248509225552923        7.7209015344143195        5.6691663512059947     
         318   3.9284220543985966        7.7375774160366380        5.6760815298304470     
         319   3.9317384677752392        7.7528443144898009        5.6824907421507191     
         320   3.9349836275545322        7.7684227488150581        5.6888089087283706     
         321   3.9384494681370206        7.7841690590364676        5.6954953392194625     
         322   3.9404158917087448        7.7934368121627333        5.6993114281725550     
         323   3.9433330943219049        7.8085983966035188        5.7050479898224271     
         324   3.9464703600470230        7.8237582787485476        5.7111563767905764     
         325   3.9495476857283136        7.8381615981479253        5.7171196862339642     
         326   3.9527947117922295        7.8541896620190581        5.7234635993309038     
         327   3.9580169254349764        7.8789394239644697        5.7336094596609160     
         328   3.9614334464006569        7.8955800858347569        5.7402654479759603     
         329   3.9642567503380071        7.9086764943017283        5.7457301712260751     
         330   3.9674426082713028        7.9253297353931913        5.7519999953209355     
         331   3.9716152376391838        7.9451950445234569        5.7601034232818344     
         332   3.9748197123522822        7.9608614777969136        5.7663519372202963     
         333   3.9792359273639191        7.9822771348721959        5.7749525545691869     
         334   3.9815928188086644        7.9935406321242466        5.7795317459990443     
         335   3.9848393431406279        8.0096274753491379        5.7858752605728352     
         336   3.9876031815444790        8.0241770488449013        5.7913217572143258     
         337   3.9924616674601006        8.0483388550232213        5.8008236298037605     
         338   3.9975360055397617        8.0725017863830288        5.8106838254807887     
         339   4.0002166010706475        8.0869104462275949        5.8159759497659254     
         340   4.0035076401327583        8.1030782823255212        5.8224016649524346     
         341   4.0078877844250185        8.1238757296685353        5.8309064418670040     
         342   4.0111292639452580        8.1397266209631240        5.8372267925297407     
         343   4.0166954372943895        8.1692283091485791        5.8481992224240438     
         344   4.0190250659050664        8.1816249398275787        5.8528001273228574     
         345   4.0223455096380132        8.1984783981776186        5.8593001436709411     
         346   4.0251516573856669        8.2133832950475369        5.8648354415077453     
         347   4.0283948840528323        8.2289161342192862        5.8711411634146478     
         348   4.0321855413506444        8.2491929138192823        5.8786267582013378     
         349   4.0349673688330858        8.2640725341952290        5.8841169417593440     
         350   4.0369184656186192        8.2748176729803689        5.8879841747385324     
         351   4.0389308416256222        8.2848166605478362        5.8919207400579925     
         352   4.0417952419390115        8.3000026799163571        5.8975738452365372     
         353   4.0439612967364109        8.3113912352366874        5.9018431200086621     
         354   4.0463617433591681        8.3249703842443274        5.9066174942138545     
         355   4.0476287789303171        8.3317429537948122        5.9091205681114527     
         356   4.0503820202111438        8.3465436431997979        5.9145650565643662     
         357   4.0528879480478297        8.3606057432551708        5.9195398197875280     
         358   4.0561389384755291        8.3768947146346058        5.9259049650317150     
         359   4.0603154097233212        8.3977384061749127        5.9340766647286962     
         360   4.0639034803057514        8.4159873451399871        5.9411105150308092     
         361   4.0689827905858946        8.4431686169336420        5.9511387566758911     
         362   4.0713782438148591        8.4560195286068822        5.9558744074126668     
         363   4.0753832811563102        8.4781572216753531        5.9638108904211729     
         364   4.0777561374075075        8.4919336594716874        5.9685464806145783     
         365   4.0801616491818935        8.5050998660527259        5.9733075625048473     
         366   4.0823116589231008        8.5166756325745929        5.9775592196343537     
         367   4.0842289281124282        8.5271480950284779        5.9813579284212697     
         368   4.0889169922068627        8.5561553068552101        5.9907813965433636     
         369   4.0909981199944365        8.5670363401554308        5.9948784041639476     
         370   4.0926017244979302        8.5757625692637500        5.9980505980814334     
         371   4.0951106737188727        8.5900607262733750        6.0030426430442718     
         372   4.0979486941282657        8.6058352083064431        6.0086738640287960     
         373   4.1003712909100916        8.6193105717208542        6.0134827891877363     
         374   4.1041134946936690        8.6404621032909628        6.0209228859392958     
         375   4.1063287799119133        8.6525769135814876        6.0253123188844517     
         376   4.1097556045330563        8.6703294542778444        6.0320508527194319     
         377   4.1120725102290390        8.6833834416223876        6.0366538461420589     
         378   4.1139707802048768        8.6938634639164931        6.0404165671932555     
         379   4.1164457442129789        8.7087847474164057        6.0453680748166505     
         380   4.1195954778436574        8.7257569693806296        6.0515980015697428     
         381   4.1232199541463999        8.7473114060135853        6.0588515386946851     
         382   4.1259911127369104        8.7622472593189169        6.0643298811685282     
         383   4.1286983119158878        8.7775310295451199        6.0697153011402118     
         384   4.1316762788939583        8.7956968348347964        6.0756944481531407     
         385   4.1342818709397262        8.8105016842975523        6.0808820314712291     
         386   4.1367842198509379        8.8250241701718508        6.0858727220642272     
         387   4.1390412830240022        8.8405247895421866        6.0904590420832037     
         388   4.1413081809786654        8.8539340247575993        6.0949935030311124     
         389   4.1427398911150179        8.8621786310470050        6.0978508719601514     
         390   4.1464801602137182        8.8845984366772175        6.1053388093744640     
         391   4.1481810621143369        8.8947177418938796        6.1087387602910335     
         392   4.1500189077030516        8.9070420306086397        6.1124636985474927     
         393   4.1526157537861010        8.9231577364578971        6.1176854603510904     
         394   4.1551568861701096        8.9378653093634011        6.1227523124775498     
         395   4.1579282991067661        8.9535208539651201        6.1282655857307331     
         396   4.1603873758126380        8.9700298381643968        6.1332487527676527     
         397   4.1630219847193359        8.9881431579254958        6.1386026413817154     
         398   4.1651248756588783        9.0007137523191183        6.1428145829720933     
         399   4.1675051502205545        9.0161802559227162        6.1476205128072454     
         400   4.1697245263018372        9.0298289412442987        6.1520781824160320     
         401   4.1711015273605296        9.0395418223565738        6.1548818153661546     
         402   4.1740355239576719        9.0574841382657532        6.1607770453926101     
         403   4.1768661808051455        9.0757411940471453        6.1665009190392883     
         404   4.1810242589616546        9.1011077461021532        6.1748474870840049     
         405   4.1835758451400604        9.1187071318951158        6.1800343252854146     
         406   4.1845370618467399        9.1252305142890471        6.1819872744041540     
         407   4.1880401284538520        9.1471259944104091        6.1890438006491699     
         408   4.1927025599843812        9.1763474919608488        6.1984384490971625     
         409   4.1963462834043792        9.2023338911608761        6.2058618355738417     
         410   4.1990180969916455        9.2195114049315201        6.2112550904542863     
         411   4.2003610208427569        9.2281678572438661        6.2139658412537191     
         412   4.2021480797642896        9.2390055057295832        6.2175517840079806     
         413   4.2053987219169882        9.2630808075935143        6.2242036865209798     
         414   4.2077622259451006        9.2781046209381035        6.2289675365915098     
         415   4.2094704662374784        9.2880334739472303        6.2323742232863877     
         416   4.2112723022875818        9.2998373663474627        6.2360158630002562     
         417   4.2134741074782669        9.3133045578617377        6.2404312808924702     
         418   4.2166787179213827        9.3342543067614550        6.2469096067708385     
         419   4.2187791328009228        9.3485563620726033        6.2511628522012188     
         420   4.2207027573013693        9.3608131678875015        6.2550407717930643     
         421   4.2241412355099772        9.3836122933754531        6.2619797782559985     
         422   4.2272749971702090        9.4043090851560684        6.2683234379179762     
         423   4.2301002073803033        9.4220628428453654        6.2740129192709260     
         424   4.2331139314535404        9.4420188431030265        6.2801153367911109     
         425   4.2356656460041400        9.4605820337573352        6.2853263498696190     
         426   4.2384646884403159        9.4794210790389499        6.2910014441314965     
         427   4.2404940471830184        9.4927421685752229        6.2951054993073026     
         428   4.2427771198275970        9.5081182376464266        6.2997381205341973     
         429   4.2446269681663011        9.5206551693022643        6.3034925892927074     
         430   4.2491718113683250        9.5518503755028554        6.3127213488914924     
         431   4.2526696959228580        9.5766414166189442        6.3198581775601070     
         432   4.2547924031068600        9.5908724279983382        6.3241617660974452     
         433   4.2580471987157393        9.6132382913495515        6.3307812450195708     
         434   4.2622192782592894        9.6421452831425505        6.3392709734564354     
         435   4.2643531015064813        9.6578260639196856        6.3436296014912132     
         436   4.2667556347372937        9.6736231211582346        6.3484953871346592     
         437   4.2683104385165542        9.6839160966729718        6.3516454029543956     
         438   4.2711834066247247        9.7040018288485985        6.3574922169899990     
         439   4.2725706845050251        9.7140615078030148        6.3603246582995059     
         440   4.2781469088433139        9.7514244437839483        6.3716191725182254     
         441   4.2815385298941990        9.7739145498938331        6.3784874201463717     
         442   4.2833304743344787        9.7869199777651570        6.3821482840897454     
         443   4.2852130443502530        9.7996770326616467        6.3859719668918347     
         444   4.2864248577163044        9.8084840733720888        6.3884444582564477     
         445   4.2884573173419351        9.8229325053525312        6.3925891619808777     
         446   4.2932961932091560        9.8600121607817517        6.4025377216723713     
         447   4.2964404263360647        9.8821738515854598        6.4089484799858898     
         448   4.2979044832203783        9.8920671179586694        6.4119185170800490     
         449   4.2997654006212374        9.9067035721059646        6.4157435521978741     
         450   4.3021890700880956        9.9240998751079825        6.4206885789941426     
         451   4.3046324663818556        9.9420108703097529        6.4256854545193631     
         452   4.3080767023326256        9.9682642579520486        6.4327632939038661     
         453   4.3095716413419938        9.9800322385716882        6.4358391782258266     
         454   4.3130359255432209        10.007020601455249        6.4429684315517992     
         455   4.3146014213708508        10.019152466398960        6.4461886031899285     
         456   4.3164663850205649        10.033173268282093        6.4500108750063179     
         457   4.3197098651002133        10.056820923386876        6.4566436034547596     
         458   4.3227087315994188        10.080960510641846        6.4628244402834341     
         459   4.3246284600076335        10.095498947664106        6.4667606125039212     
         460   4.3267944209239264        10.109624489703124        6.4711408614700492     
         461   4.3290577641240278        10.125799321934164        6.4757639395618041     
         462   4.3307157222087955        10.138241098122142        6.4791573464225252     
         463   4.3325922725308503        10.152349089866124        6.4830034761696584     
         464   4.3341369161566448        10.164708665936498        6.4861885259610812     
         465   4.3357670461831468        10.178208089474989        6.4895564960733720     
         466   4.3384594626433914        10.199400520239607        6.4950965676279493     
         467   4.3413355593310490        10.221434023006799        6.5010015683328870     
         468   4.3450363599545705        10.250635926692961        6.5086211357970072     
         469   4.3481698716997483        10.276000251159376        6.5150769639716133     
         470   4.3506403968107978        10.295181874842324        6.5201535854093198     
         471   4.3536096564358964        10.320150153508299        6.5262949265218229     
         472   4.3556604356669482        10.336645749723976        6.5305281930834083     
         473   4.3585333254720808        10.360319109956075        6.5364650845538721     
         474   4.3603749037289123        10.373307032143064        6.5402157293851442     
         475   4.3619335703703150        10.386424925730847        6.5434428545055052     
         476   4.3642737360309507        10.405416849235651        6.5482711279138872     
         477   4.3673365110033178        10.431389280220127        6.5546146681614612     
         478   4.3689114100124602        10.444032555856330        6.5578579034732218     
         479   4.3703836319254732        10.457421137790146        6.5609282859698483     
         480   4.3738488615044622        10.486155060538938        6.5680898398235019     
         481   4.3766984605780337        10.509119528434642        6.5739697540557644     
         482   4.3788069039174964        10.525243790014912        6.5782980646500580     
         483   4.3802294638231292        10.536222654125213        6.5812217650591034     
         484   4.3819845153546346        10.551358461208538        6.5848583067896458     
         485   4.3833661925691150        10.563242616312920        6.5877253453520339     
         486   4.3863534555959749        10.586145001919137        6.5938548813105786     
         487   4.3876631541987257        10.598643445313243        6.5965931998577023     
         488   4.3896147970885613        10.616450097337479        6.6006507835293373     
         489   4.3919526084644769        10.635920794649193        6.6054838195225356     
         490   4.3943135100549728        10.658823615181714        6.6104193045791222     
         491   4.3976058637104618        10.688303119873495        6.6172566329492781     
         492   4.4001925886049662        10.710541824369930        6.6226220230523749     
         493   4.4026713169200242        10.734242664280888        6.6277947022154375     
         494   4.4048265980624155        10.753411191520852        6.6322680907066225     
         495   4.4069336285397478        10.772954080281188        6.6366614643399249     
         496   4.4089150534224091        10.790332233620964        6.6407774532452875     
         497   4.4117173154350118        10.817304878951353        6.6466303194244700     
         498   4.4158474651694366        10.855071726015598        6.6552226037869460     
         499   4.4185734985659240        10.878941312376231        6.6608809467716128     
         500   4.4197608011167402        10.889667358300652        6.6633478501936834     
         501   4.4225160652806679        10.916136627434646        6.6690995266725448     
         502   4.4259897461698827        10.948899747041509        6.6763559163877009     
         503   4.4273618787604176        10.961687603238561        6.6792148719863196     
         504   4.4308492362769050        10.995830661838029        6.6864862213152438     
         505   4.4338748616184338        11.022441329910288        6.6927689407882864     
         506   4.4372182166376524        11.051299202882959        6.6996976358053359     
         507   4.4388161519265896        11.068506514073277        6.7030683147188466     
         508   4.4407342618174779        11.087328002627405        6.7070840947928172     
         509   4.4427443353272302        11.105635781585260        6.7112630624987215     
         510   4.4449946833827543        11.127446314679419        6.7159748701847892     
         511   4.4481670895614984        11.157168872213287        6.7225852071274419     
         512   4.4513347760523256        11.187193981084441        6.7291844474164453     
         513   4.4530663188197330        11.202535820649663        6.7327819326768177     
         514   4.4547699974335861        11.218107773765549        6.7363186390844394     
         515   4.4584127740379937        11.251663430496583        6.7439005278203794     
         516   4.4617326103374149        11.283836706492936        6.7508381921713747     
         517   4.4627765265332640        11.293448453993722        6.7530085382956910     
         518   4.4648137432964887        11.314082309223533        6.7572743143085789     
         519   4.4674528882179319        11.337921991162339        6.7627708400582591     
         520   4.4693180405405428        11.355065575738950        6.7666548570895859     
         521   4.4711579673417727        11.373624674555135        6.7705096918592123     
         522   4.4726100989165456        11.388404899384376        6.7735616277025086     
         523   4.4747718855223138        11.410379290670560        6.7781007889971248     
         524   4.4768666575860383        11.432812021195188        6.7825183206109703     
         525   4.4783905725946171        11.449971676837796        6.7857336085146311     
         526   4.4803888192708312        11.470794968889884        6.7899246280320238     
         527   4.4822978034740952        11.491990315424292        6.7939434700525094     
         528   4.4839449115038956        11.508390599929688        6.7973878507712486     
         529   4.4856370033176960        11.525187728788520        6.8009300734766951     
         530   4.4878076073958297        11.546976683933435        6.8054718063540873     
         531   4.4899595918838680        11.570866815750559        6.8100015577380448     
         532   4.4919521366264705        11.591406622882877        6.8141815614853058     
         533   4.4943067253175712        11.615628880236118        6.8191228351920028     
         534   4.4962565035816793        11.633095376289056        6.8231785787709400     
         535   4.4981574002037448        11.652722417427919        6.8271725926716824     
         536   4.4991473836076228        11.662595650016033        6.8292494532295622     
         537   4.5010578433004707        11.683048293936618        6.8332586980719423     
         538   4.5032954283063926        11.704860057621392        6.8379362764491223     
         539   4.5055046425567351        11.731770790194705        6.8426158231269838     
         540   4.5073487873229565        11.753127987732602        6.8465101061815190     
         541   4.5093878617621010        11.773202835426003        6.8507840622679934     
         542   4.5106754189966685        11.787371235715296        6.8535001874425108     
         543   4.5122115340427564        11.806579161042475        6.8567551757209788     
         544   4.5135272978704757        11.820535790984430        6.8595193380201334     
         545   4.5157543157011943        11.845017602149264        6.8642076954699265     
         546   4.5174387373501492        11.863994479302734        6.8677632089714038     
         547   4.5204602093326933        11.894464953190964        6.8740991195858969     
         548   4.5217640833092094        11.908338899420869        6.8768421231791219     
         549   4.5231765748532453        11.924567982087174        6.8798271363132866     
         550   4.5248429042616660        11.945097123035502        6.8833613813195837     
         551   4.5264600662963126        11.962083508047256        6.8867602043265119     
         552   4.5285424306913296        11.985710908414354        6.8911615369811896     
         553   4.5300888441919351        12.002658082907406        6.8944230047498234     
         554   4.5316041140713121        12.019868857436986        6.8976277082362811     
         555   4.5342291601995113        12.048913651704652        6.9031663661692049     
         556   4.5368930466160799        12.081047262888422        6.9088099789313473     
         557   4.5402174952678616        12.123459676400163        6.9158710719071284     
         558   4.5423919647042892        12.145675750100139        6.9204395236619565     
         559   4.5443777615539318        12.172674794638391        6.9246641114714453     
         560   4.5460683235077743        12.194311320484328        6.9282638640467642     
         561   4.5489417505104424        12.226192748878207        6.9343330579336948     
         562   4.5509906441248500        12.253288960762180        6.9387011305144810     
         563   4.5528004513857088        12.273059921979796        6.9425110420879905     
         564   4.5539939780817642        12.286432773008412        6.9450304007882533     
         565   4.5556282037970117        12.304516199873468        6.9484819795024064     
         566   4.5588074892194763        12.339994990823399        6.9551839592981564     
         567   4.5625269125103118        12.385763957750537        6.9630643270411081     
         568   4.5647614308135971        12.412400562234904        6.9677980009041489     
         569   4.5668907299507957        12.437460694075261        6.9723100123107615     
         570   4.5687664424952441        12.457258269391218        6.9762531693134733     
         571   4.5704118960445248        12.479306539204599        6.9797540505588573     
         572   4.5724185943189157        12.501205028253887        6.9839745459491809     
         573   4.5748386470467786        12.527682636147171        6.9890759589209184     
         574   4.5767796345453524        12.549221219722041        6.9931701362858716     
         575   4.5790025563381116        12.582034136148717        6.9979293098024060     
         576   4.5824484153707914        12.629765091755942        7.0052594732679818     
         577   4.5846410901038812        12.661398391237221        7.0099519124648992     
         578   4.5860814660109970        12.678926338371012        7.0130060430842720     
         579   4.5892103064978738        12.714387834576486        7.0195900771036577     
         580   4.5912374598660088        12.740774424198170        7.0239063204898518     
         581   4.5928460286860506        12.760751899046019        7.0273190821559810     
         582   4.5955114326580819        12.797001793195365        7.0329990129011319     
         583   4.5974508484634296        12.822118860346484        7.0371245689484230     
         584   4.5990091135939046        12.840747550026402        7.0404158268325032     
         585   4.6010496275076305        12.871285193905393        7.0447855537423836     
         586   4.6030690182247422        12.901448937898129        7.0491018785892026     
         587   4.6051569008305595        12.935976569060099        7.0535905613798535     
         588   4.6074335090087484        12.969239244167397        7.0584719580168356     
         589   4.6095144174024725        13.000468804498116        7.0629358570866163     
         590   4.6121069441318649        13.037604269740836        7.0684686216633548     
         591   4.6132703001267341        13.053140755768780        7.0709423098064734     
         592   4.6156251951950287        13.084818432478238        7.0759646312991133     
         593   4.6174115218932030        13.109372848605702        7.0797775709620279     
         594   4.6195772652847236        13.140543031688200        7.0844134070967915     
         595   4.6219241815928429        13.175962527330466        7.0894403966144592     
         596   4.6237051650056333        13.202904187596621        7.0932484501223625     
         597   4.6251161981538216        13.223790915647115        7.0962757966146857     
         598   4.6265493297421134        13.248484449887723        7.0993545327250285     
         599   4.6278525029780599        13.270005927190990        7.1021569147998376     
         600   4.6294765850816786        13.297637982842900        7.1056549107392524     
         601   4.6305391521105079        13.312833153752219        7.1079272791538370     
         602   4.6322879595574475        13.343330754892966        7.1116847854995724     
         603   4.6332988553726580        13.362216497895764        7.1138661124299656     
         604   4.6344036625849565        13.378048224601272        7.1162236686775753     
         605   4.6366455674783627        13.414535534647564        7.1210485353827426     
         606   4.6381825959037624        13.437771598375383        7.1243401860740390     
         607   4.6396422042974148        13.459884158597024        7.1274600795161174     
         608   4.6421970498942624        13.507424434209245        7.1329842749571482     
         609   4.6439794408231734        13.534663263069330        7.1368090259494990     
         610   4.6459523523583179        13.562507039300007        7.1410232936632863     
         611   4.6477594238266793        13.592822850673244        7.1449103180195852     
         612   4.6499579985767179        13.628572926639782        7.1496419982374251     
         613   4.6515240168493834        13.656879003918016        7.1530195870612063     
         614   4.6532956785909363        13.683251030058802        7.1567987315120618     
         615   4.6552423734348407        13.721598584917405        7.1610041132023996     
         616   4.6578573950124706        13.761157991639479        7.1665952479136141     
         617   4.6590516161144269        13.780028869306733        7.1691545888507830     
         618   4.6604017514478837        13.801041475482887        7.1720505649453727     
         619   4.6625011541649606        13.835426495332536        7.1765516576432891     
         620   4.6643394714312096        13.868259815524226        7.1805161911710842     
         621   4.6669955995445811        13.910314901415040        7.1861912984718970     
         622   4.6689572089661828        13.949553597232400        7.1904199947659411     
         623   4.6702924594249566        13.971135096792292        7.1932762571754356     
         624   4.6724250140882955        14.018144213002563        7.1978916140097677     
         625   4.6743118583332741        14.055006259739418        7.2019754155542897     
         626   4.6758276926288387        14.080649366876838        7.2052265974174734     
         627   4.6780434689623682        14.120435935923316        7.2099985893513203     
         628   4.6801427645908067        14.152693446377432        7.2144976514208619     
         629   4.6819525438693388        14.181382713448532        7.2183767653891362     
         630   4.6840588475600082        14.216528679990958        7.2229004902294935     
         631   4.6866987102312780        14.257273114413303        7.2285622374038239     
         632   4.6884806509106598        14.288393283780483        7.2324021753855776     
         633   4.6903209576679528        14.324704202803876        7.2363597435436038     
         634   4.6921977794966887        14.360129479075932        7.2404061669045534     
         635   4.6933870415467673        14.378999996121497        7.2429543585805263     
         636   4.6945077152659138        14.403258172942595        7.2453835651576153     
         637   4.6959558710386720        14.428641459036964        7.2485063537061363     
         638   4.6976582677021144        14.462963494275963        7.2521879521746637     
         639   4.6995499279857995        14.496642085705535        7.2562597388816368     
         640   4.7017692056716021        14.543855638955705        7.2610720264308402     
         641   4.7029526622014100        14.567898664935782        7.2636289147801421     
         642   4.7049514472823288        14.603947239898886        7.2679372056920970     
         643   4.7064534440859518        14.629557433097608        7.2711745174353819     
         644   4.7094260173085889        14.694474420623681        7.2776224460241519     
         645   4.7117271804962924        14.734261954640999        7.2825778448554628     
         646   4.7142049102595260        14.792158783870036        7.2879417210068125     
         647   4.7153420153584094        14.818148673358902        7.2904110765117949     
         648   4.7171395428247251        14.849114006552020        7.2942744006153459     
         649   4.7189725464857339        14.894718379644626        7.2982651293021590     
         650   4.7207758449952717        14.941330304864270        7.3021986823793341     
         651   4.7225339592306117        14.972476638743981        7.3059907688549810     
         652   4.7236519525639968        14.994621812197224        7.3084014783413256     
         653   4.7265378246002827        15.058105164440272        7.3146714644082254     
         654   4.7287919386633837        15.116689919848531        7.3195755351848772     
         655   4.7316928600418775        15.187027793694543        7.3258905672052155     
         656   4.7334195507611794        15.229655879731487        7.3296486659203293     
         657   4.7355484737759443        15.272792251347150        7.3342561810821874     
         658   4.7373156383285586        15.320658495599682        7.3381120748114741     
         659   4.7389527447971940        15.363895364341143        7.3416823360287369     
         660   4.7404331614643018        15.392597543407144        7.3448647539129270     
         661   4.7420247370602384        15.434649107468982        7.3483297233015463     
         662   4.7446091926626606        15.500303546452596        7.3539632876631371     
         663   4.7473987159937936        15.576021448414640        7.3600184839038674     
         664   4.7491909124258580        15.629511703679711        7.3639266118793616     
         665   4.7505115679436631        15.665569651012749        7.3668042381551757     
         666   4.7523018706858284        15.717718629427740        7.3706915577192138     
         667   4.7542993741402224        15.758427583699563        7.3750118422711726     
         668   4.7568414161842352        15.814320081993799        7.3805059568245088     
         669   4.7578130751192891        15.854168521662157        7.3826293666737186     
         670   4.7601866450161729        15.964839617362196        7.3878642811431705     
         671   4.7615613209779308        15.994371886968747        7.3908274393305167     
         672   4.7633661176810396        16.027155918261595        7.3947277534770421     
         673   4.7651281995364485        16.075426203070574        7.3985512003888108     
         674   4.7671745321486041        16.121818168016610        7.4029926081429576     
         675   4.7696959790436377        16.217960497875538        7.4085112881556601     
         676   4.7715854688439343        16.267507849406236        7.4126155601372030     
         677   4.7739458906396148        16.414328301793045        7.4178128343550780     
         678   4.7764033765516016        16.489091125485771        7.4231894213443610     
         679   4.7782530375991081        16.530127831594307        7.4271818258834985     
         680   4.7801569646292732        16.584999537988629        7.4313387662258794     
         681   4.7825607046119458        16.657157905061379        7.4365850956386028     
         682   4.7840940255450271        16.721378746937454        7.4399481266323830     
         683   4.7866810178878438        16.864469245999508        7.4456078282244915     
         684   4.7884156247666727        16.925078678419403        7.4493880680927163     
         685   4.7900246869405159        16.962238159429013        7.4528928762235553     
         686   4.7920421351676588        17.033364042563814        7.4573073935045473     
         687   4.7945427931117699        17.168122319180458        7.4627885971307917     
         688   4.7968631354524431        17.258917820490829        7.4678753842353363     
         689   4.7981122637852991        17.299365101406114        7.4706115673332096     
         690   4.7992038839144504        17.365028113593176        7.4730123141860574     
         691   4.8013063908377402        17.495503098704027        7.4776272797668968     
         692   4.8033980950150301        17.556091075708242        7.4821949843164060     
         693   4.8055096746965766        17.699000167534741        7.4868194090712539     
         694   4.8076429723060672        18.111409954140498        7.4915396685280911     
         695   4.8090099362930934        18.416691302307768        7.4945336586159925     
         696   4.8103910856200729        18.609247643686480        7.4975595044190060     
         697   4.8119387098788220        18.695418388404242        7.5009336019065032     
         698   4.8143777590391847                            NaN   7.5062616377762321     
         699   4.8158875270686323                            NaN   7.5095622956364396     
         700   4.8172518010466012                            NaN   7.5125627243067230     
         701   4.8187656633994020                            NaN   7.5158957576244045     
         702   4.8198108694527857                            NaN   7.5182049093354895     
         703   4.8208265969682298                            NaN   7.5204367645106860     
         704   4.8226268182292724                            NaN   7.5244346583399961     
         705   4.8236897277266753                            NaN   7.5267693455419344     
         706   4.8259655669920045                            NaN   7.5317690884187218     
         707   4.8280389432799939                            NaN   7.5363323702078775     
         708   4.8294373995450446                            NaN   7.5394299123078854     
         709   4.8304655324343289                            NaN   7.5417001918468953     
         710   4.8317142449373573                            NaN   7.5444458069494278     
         711   4.8333885214577714                            NaN   7.5481350081988108     
         712   4.8356055373794380                            NaN   7.5530610238902485     
         713   4.8378995324096907                            NaN   7.5580890536913063     
         714   4.8401379547867851                            NaN   7.5630321944836947     
         715   4.8421335210417862                            NaN   7.5674524351064161     
         716   4.8430313255344197                            NaN   7.5694268494598091     
         717   4.8446206096639113                            NaN   7.5729240999931493     
         718   4.8464196947666576                            NaN   7.5768690011067665     
         719   4.8475761214988546                            NaN   7.5794068638771988     
         720   4.8504171712746071                            NaN   7.5856734503618615     
         721   4.8537178614036796                            NaN   7.5929869596738246     
         722   4.8555390246708523                            NaN   7.5969931361418359     
         723   4.8579256404336064                            NaN   7.6022921515596931     
         724   4.8600591925626944                            NaN   7.6070164664391360     
         725   4.8618157213265309                            NaN   7.6109333120206788     
         726   4.8637013005705425                            NaN   7.6151137447348258     
         727   4.8651406322307889                            NaN   7.6182752223139492     
         728   4.8675665477620793                            NaN   7.6236430810790283     
         729   4.8698045948289117                            NaN   7.6285870336437585     
         730   4.8709884447443965                            NaN   7.6312050677713730     
         731   4.8724195889087527                            NaN   7.6343864951311220     
         732   4.8737849174869066                            NaN   7.6373977897647194     
         733   4.8759523963460660                            NaN   7.6422237524505663     
         734   4.8766120233077519                            NaN   7.6436826735474765     
         735   4.8788465656272963                            NaN   7.6486483126978566     
         736   4.8804433251315809                            NaN   7.6521753101097172     
         737   4.8818793552281843                            NaN   7.6553641033619444     
         738   4.8824968473214101                            NaN   7.6567218032920765     
         739   4.8843323878042275                            NaN   7.6607924154208904     
         740   4.8852594331282608                            NaN   7.6628536635032303     
         741   4.8868579531985583                            NaN   7.6663996330200730     
         742   4.8878768011048965                            NaN   7.6686588795884560     
         743   4.8890176271432209                            NaN   7.6711926251166487     
         744   4.8907358110147880                            NaN   7.6750005973814028     
         745   4.8919788761156253                            NaN   7.6777636511533887     
         746   4.8951500686401328                            NaN   7.6847454618009765     
         747   4.8982268228692964                            NaN   7.6915880929720144     
         748   4.9008952379351829                            NaN   7.6975279282800972     
         749   4.9020606012151280                            NaN   7.7001126064599061     
         750   4.9036624106988711                            NaN   7.7036753173262653     
         751   4.9053221982298654                            NaN   7.7073799819982227     
         752   4.9061350363775382                            NaN   7.7091681830809957     
         753   4.9083754566801590                            NaN   7.7141164524569064     
         754   4.9095968364912705                            NaN   7.7168385554110710     
         755   4.9116247981490373                            NaN   7.7213202587257088     
         756   4.9134057873293191                            NaN   7.7252991892964271     
         757   4.9150295695652524                            NaN   7.7289064605832491     
         758   4.9166443410597163                            NaN   7.7324778909595109     
         759   4.9180706627489847                            NaN   7.7356545592345798     
         760   4.9199442064701540                            NaN   7.7397947190093506     
         761   4.9219454310851614                            NaN   7.7442507225749280     
         762   4.9238710711103932                            NaN   7.7485353433212341     
         763   4.9250548366328273                            NaN   7.7511868016410741     
         764   4.9264046325128898                            NaN   7.7541847522655827     
         765   4.9283466831661711                            NaN   7.7585045153102969     
         766   4.9300267654789147                            NaN   7.7622569931620706     
         767   4.9326466173854264                            NaN   7.7681208652739766     
         768   4.9343166174623203                            NaN   7.7718251282014545     
         769   4.9367760409977244                            NaN   7.7772812179087696     
         770   4.9378008309124848                            NaN   7.7795741824045592     
         771   4.9387324555602232                            NaN   7.7816701336212022     
         772   4.9404757930291785                            NaN   7.7855497780733902     
         773   4.9424214731860321                            NaN   7.7898890259261435     
         774   4.9438014400065855                            NaN   7.7930002269644643     
         775   4.9459021507194718                            NaN   7.7977231613656288     
         776   4.9472858543316649                            NaN   7.8008257123556177     
         777   4.9487955197890861                            NaN   7.8041596536331665     
         778   4.9503029338824209                            NaN   7.8075426402500501     
         779   4.9517389650323160                            NaN   7.8108028113841055     
         780   4.9531470359340055                            NaN   7.8139522250608096     
         781   4.9543616439340186                            NaN   7.8166647768360011     
         782   4.9562934215280858                            NaN   7.8210285292819295     
         783   4.9581165753314780                            NaN   7.8251069070494292     
         784   4.9597335330632824                            NaN   7.8287294950913280     
         785   4.9624075592577430                            NaN   7.8347335801749933     
         786   4.9642202144352101                            NaN   7.8388377723364346     
         787   4.9655782516491893                            NaN   7.8418952943812217     
         788   4.9671846370362811                            NaN   7.8455024041774593     
         789   4.9682395233399745                            NaN   7.8478513490137658     
         790   4.9701246799300254                            NaN   7.8520781533415516     
         791   4.9724495979044567                            NaN   7.8572759932911875     
         792   4.9746020953622025                            NaN   7.8620815461556095     
         793   4.9758500047036325                            NaN   7.8648647113933468     
         794   4.9779195705473898                            NaN   7.8695013667260723     
         795   4.9795449201041393                            NaN   7.8731448125046004     
         796   4.9802361963746478                            NaN   7.8747025823946712     
         797   4.9820677598225966                            NaN   7.8788547781052811     
         798   4.9838127365030074                            NaN   7.8827774943571587     
         799   4.9860768473710921                            NaN   7.8878529153367722     
         800   4.9875839086359361                            NaN   7.8912458468452114     
         801   4.9887718587450989                            NaN   7.8939256403574607     
         802   4.9902714692928800                            NaN   7.8972750149394786     
         803   4.9917458436696878                            NaN   7.9005813034003385     
         804   4.9932408435250561                            NaN   7.9039444158459986     
         805   4.9951290492156950                            NaN   7.9081968007433856     
         806   4.9962681067667560                            NaN   7.9107817566272498     
         807   4.9978414025022113                            NaN   7.9143527711730126     
         808   4.9994589081178047                            NaN   7.9179865518172363     
         809   5.0005127100908009                            NaN   7.9203555643827430     
         810   5.0018990416925408                            NaN   7.9234720472906996     
         811   5.0029065976918012                            NaN   7.9257473395289342     
         812   5.0044854961696554                            NaN   7.9292896602373277     
         813   5.0069980550904676                            NaN   7.9349390925048482     
         814   5.0088984606797924                            NaN   7.9392657562426745     
         815   5.0105960759423924                            NaN   7.9430654971610668     
         816   5.0117478438948329                            NaN   7.9456643200428685     
         817   5.0134694281679213                            NaN   7.9495444387578118     
         818   5.0146409042487754                            NaN   7.9521514889356890     
         819   5.0163284127724692                            NaN   7.9559525375954250     
         820   5.0177429189739682                            NaN   7.9591357667511273     
         821   5.0193613967645563                            NaN   7.9628137710841829     
         822   5.0204362317542319                            NaN   7.9652555049741336     
         823   5.0221945563206649                            NaN   7.9692370866183611     
         824   5.0230589056750095                            NaN   7.9711778691599928     
         825   5.0259177454243034                            NaN   7.9775958836704062     
         826   5.0271066341008011                            NaN   7.9802833375747211     
         827   5.0285476914581491                            NaN   7.9835418823732143     
         828   5.0293578653323481                            NaN   7.9853643050678089     
         829   5.0310831827301055                            NaN   7.9892687967828548     
         830   5.0329911466813728                            NaN   7.9935819904970042     
         831   5.0345412205518887                            NaN   7.9970805816708310     
         832   5.0358299078435502                            NaN   8.0000209273692544     
         833   5.0371135477862605                            NaN   8.0029133624272042     
         834   5.0388393741537882                            NaN   8.0068302644255631     
         835   5.0399420392142158                            NaN   8.0093178259388242     
         836   5.0417676525746673                            NaN   8.0134495621535287     
         837   5.0432143027389102                            NaN   8.0167332987648958     
         838   5.0448481080552856                            NaN   8.0204386396156355     
         839   5.0457350728275774                            NaN   8.0224727436727257     
         840   5.0476483324044930                            NaN   8.0268029581181288     
         841   5.0498671816487715                            NaN   8.0318120211733905     
         842   5.0516456993012602                            NaN   8.0358238746445672     
         843   5.0528283414752533                            NaN   8.0385227764942844     
         844   5.0541933279900375                            NaN   8.0416261609454160     
         845   5.0557093860836790                            NaN   8.0450686827902551     
         846   5.0576093002681670                            NaN   8.0493819562784523     
         847   5.0599328344000769                            NaN   8.0546624918779681     
         848   5.0610614042713440                            NaN   8.0572150343021978     
         849   5.0632817245921089                            NaN   8.0622511230584202     
         850   5.0648127362931117                            NaN   8.0657144304171684     
         851   5.0662934988576636                            NaN   8.0690650077876462     
         852   5.0683799787749795                            NaN   8.0738035140679010     
         853   5.0693955621388325                            NaN   8.0760912142252010     
         854   5.0707268195960946                            NaN   8.0791171446907590     
         855   5.0731414757721227                            NaN   8.0845898316937870     
         856   5.0740482763311991                            NaN   8.0866530087994786     
         857   5.0751437350370061                            NaN   8.0891340853256644     
         858   5.0762956517116784                            NaN   8.0917314402330369     
         859   5.0768397513775554                            NaN   8.0929733359005898     
         860   5.0785646961698223                            NaN   8.0968702537318507     
         861   5.0805850928553884                            NaN   8.1014634799090679     
         862   5.0823791827048854                            NaN   8.1055484534556808     
         863   5.0844730544570478                            NaN   8.1103394485160614     
         864   5.0858534624014418                            NaN   8.1134945197397030     
         865   5.0866820994803552                            NaN   8.1153776590842650     
         866   5.0889656212813215                            NaN   8.1205757816259414     
         867   5.0905043397030623                            NaN   8.1240806317366498     
         868   5.0925127784268485                            NaN   8.1286506098485383     
         869   5.0934359862239242                            NaN   8.1307507744644401     
         870   5.0949886783810028                            NaN   8.1342903229017267     
         871   5.0961491193570705                            NaN   8.1369426912396108     
         872   5.0968054373118958                            NaN   8.1384394336962238     
         873   5.0981503384536131                            NaN   8.1415001209621973     
         874   5.0989360831152153                            NaN   8.1432921698066529     
         875   5.1001405349106461                            NaN   8.1460390609759603     
         876   5.1013086835761179                            NaN   8.1486960736562075     
         877   5.1024205968310499                            NaN   8.1512403185960842     
         878   5.1033162963190346                            NaN   8.1533051270587311     
         879   5.1046970364582149                            NaN   8.1564208247192358     
         880   5.1062223375460727                            NaN   8.1599183671476343     
         881   5.1084474425484743                            NaN   8.1649971171538116     
         882   5.1094298841998524                            NaN   8.1672165612050343     
         883   5.1114919556803269                            NaN   8.1719374128748754     
         884   5.1131904254044942                            NaN   8.1757811070241200     
         885   5.1139875274876063                            NaN   8.1775972682684763     
         886   5.1155094722491228                            NaN   8.1810752494588268     
         887   5.1166924376154173                            NaN   8.1837976104147643     
         888   5.1177737854743688                            NaN   8.1862505876656861     
         889   5.1206127207902501                            NaN   8.1927187539809019     
         890   5.1224749487120853                            NaN   8.1969736135137286     
         891   5.1236280681339670                            NaN   8.1996282444571715     
         892   5.1250747425105008                            NaN   8.2029606456859288     
         893   5.1266282685257929                            NaN   8.2065408432002211     
         894   5.1280785945970244                            NaN   8.2098677377927167     
         895   5.1298961538898160                            NaN   8.2140479742551413     
         896   5.1315192125173281                            NaN   8.2177458162605781     
         897   5.1338399971028439                            NaN   8.2230819438350302     
         898   5.1363069251515983                            NaN   8.2287240920459315     
         899   5.1381274100287442                            NaN   8.2329039409878355     
         900   5.1397165389145361                            NaN   8.2365387978015434     
         901   5.1407884079155846                            NaN   8.2390028683878995     
         902   5.1425715816654396                            NaN   8.2430908430677707     
         903   5.1443984801968012                            NaN   8.2472957924491883     
         904   5.1451073845603137                            NaN   8.2489138522580472     
         905   5.1468210823202076                            NaN   8.2528424785063486     
         906   5.1487021759924101                            NaN   8.2571361525609852     
         907   5.1500240683036855                            NaN   8.2601710783387645     
         908   5.1515721578519171                            NaN   8.2637260345655683     
         909   5.1527356527497314                            NaN   8.2663924686066306     
         910   5.1545507062752423                            NaN   8.2705341493221614     
         911   5.1555625475624236                            NaN   8.2728630787519446     
         912   5.1572077370153737                            NaN   8.2766240357190970     
         913   5.1578383472196077                            NaN   8.2780793548757607     
         914   5.1591625056177204                            NaN   8.2811191092621019     
         915   5.1605236106569041                            NaN   8.2842595340722109     
         916   5.1617979273260275                            NaN   8.2871775398725784     
         917   5.1636955849226736                            NaN   8.2915152469393298     
         918   5.1649561393759438                            NaN   8.2944112995127615     
         919   5.1656702489144815                            NaN   8.2960484394637284     
         920   5.1674841619934924                            NaN   8.3002107517465227     
         921   5.1692516315572572                            NaN   8.3042588881283894     
         922   5.1712172681467026                            NaN   8.3087689143161221     
         923   5.1725680671325858                            NaN   8.3119031204853862     
         924   5.1734436738593246                            NaN   8.3139153432653377     
         925   5.1742955347675057                            NaN   8.3158850513698273     
         926   5.1762099336233991                            NaN   8.3202448047667641     
         927   5.1770529008594197                            NaN   8.3221764560359386     
         928   5.1783152585024839                            NaN   8.3250597367339729     
         929   5.1801352543977135                            NaN   8.3292513188872377     
         930   5.1809944632464502                            NaN   8.3312400699188291     
         931   5.1827386413986387                            NaN   8.3352487668750666     
         932   5.1843644638005566                            NaN   8.3390009620311822     
         933   5.1851128002018489                            NaN   8.3407180433403205     
         934   5.1864804524085333                            NaN   8.3438770635980006     
         935   5.1876024841365975                            NaN   8.3464575652273219     
         936   5.1887341927880941                            NaN   8.3490441393375647     
         937   5.1904554269905843                            NaN   8.3530241272365409     
         938   5.1913457268535765                            NaN   8.3550803306228083     
         939   5.1929782826023381                            NaN   8.3588497673272233     
         940   5.1942419853645223                            NaN   8.3617920155171621     
         941   5.1957114116891674                            NaN   8.3652150719643323     
         942   5.1976702110203696                            NaN   8.3697696088844058     
         943   5.1997067765439384                            NaN   8.3745380838069838     
         944   5.2009929672563810                            NaN   8.3775165079851064     
         945   5.2026185254601174                            NaN   8.3812978103764966     
         946   5.2047088112459337                            NaN   8.3861348430619351     
         947   5.2061303779788428                            NaN   8.3894202974486198     
         948   5.2080112738940825                            NaN   8.3937771599353646     
         949   5.2092834278492628                            NaN   8.3967114017098403     
         950   5.2104043662766752                            NaN   8.3993106276608067     
         951   5.2115758640137448                            NaN   8.4020242683096935     
         952   5.2126577229710627                            NaN   8.4045299328509699     
         953   5.2137889312793817                            NaN   8.4071494430513631     
         954   5.2151863036371697                            NaN   8.4104039440843028     
         955   5.2173336679468383                            NaN   8.4153313455029739     
         956   5.2182652760072257                            NaN   8.4174799328758070     
         957   5.2196728934046037                            NaN   8.4207390989644999     
         958   5.2205775979769236                            NaN   8.4228534408397113     
         959   5.2223272222913124                            NaN   8.4268622702613065     
         960   5.2234307092159202                            NaN   8.4294122661741149     
         961   5.2247383094840405                            NaN   8.4324156436229796     
         962   5.2259825753012468                            NaN   8.4353343128027003     
         963   5.2268449146168594                            NaN   8.4373328618135410     
         964   5.2278652130039820                            NaN   8.4397061933042270     
         965   5.2296973798599939                            NaN   8.4439532646436888     
         966   5.2311226678915785                            NaN   8.4472818964537346     
         967   5.2338600641731023                            NaN   8.4535865315184946     
         968   5.2352062152717505                            NaN   8.4567048889017151     
         969   5.2361972683551707                            NaN   8.4589943568241672     
         970   5.2375216436400693                            NaN   8.4620794891354922     
         971   5.2385516447435974                            NaN   8.4644664532269331     
         972   5.2399521463400642                            NaN   8.4677241453975860     
         973   5.2408994987430040                            NaN   8.4699188341288636     
         974   5.2418281620617222                            NaN   8.4720645783189017     
         975   5.2428791043918119                            NaN   8.4745041352908252     
         976   5.2445113967756107                            NaN   8.4782880199295469     
         977   5.2461464794795036                            NaN   8.4821163885938695     
         978   5.2472632828049957                            NaN   8.4847143117949422     
         979   5.2481647852883864                            NaN   8.4868167328491317     
         980   5.2490813630407711                            NaN   8.4889331236801393     
         981   5.2513452539905270                            NaN   8.4941651108264526     
         982   5.2523440456001804                            NaN   8.4964900947731756     
         983   5.2535145850286229                            NaN   8.4992120372273234     
         984   5.2555223912007767                            NaN   8.5038669359742354     
         985   5.2573997433063973                            NaN   8.5082233371727547     
         986   5.2590488284113572                            NaN   8.5120616918563279     
         987   5.2609083243516066                            NaN   8.5163613392983084     
         988   5.2615305658127438                            NaN   8.5178147385407126     
         989   5.2622493061457618                            NaN   8.5194863504621701     
         990   5.2638800520549207                            NaN   8.5232961937279725     
         991   5.2667776877619241                            NaN   8.5300786302232332     
         992   5.2679025975926397                            NaN   8.5326958328395115     
         993   5.2687266388218887                            NaN   8.5346228283157171     
         994   5.2701362485454641                            NaN   8.5378990443336349     
         995   5.2718741669871054                            NaN   8.5419617221250554     
         996   5.2723330242291544                            NaN   8.5430312156103074     
         997   5.2732329370052167                            NaN   8.5451391301032196     
         998   5.2751028442518146                            NaN   8.5495041393757738     
         999   5.2769306661995632                            NaN   8.5537485839385567     
        1000   5.2781306750231298                            NaN   8.5565411682347214     
        1001   5.2794207049288495                            NaN   8.5595461277435643     
        1002   5.2804113607348109                            NaN   8.5618604181615190     
        1003   5.2820066912748249                            NaN   8.5655823744290984     
        1004   5.2831643258125229                            NaN   8.5682692581614752     
        1005   5.2844894598080012                            NaN   8.5713766684696751     
        1006   5.2851240320814536                            NaN   8.5728611806862283     
        1007   5.2858801464155079                            NaN   8.5746325045576075     
        1008   5.2881338418388211                            NaN   8.5799155517004824     
        1009   5.2893360791479367                            NaN   8.5827210892411152     
        1010   5.2905239946540696                            NaN   8.5854930620136400     
        1011   5.2914748150835544                            NaN   8.5877325451688939     
        1012   5.2938658003062882                            NaN   8.5933393573771930     
        1013   5.2963549014379847                            NaN   8.5991575604961117     
        1014   5.2984152775344047                            NaN   8.6039542052959188     
        1015   5.3002955736804900                            NaN   8.6083620015841777     
        1016   5.3024573778983495                            NaN   8.6133964440999282     
        1017   5.3037544948621029                            NaN   8.6164604592819831     
        1018   5.3054341366468920                            NaN   8.6204017069723680     
        1019   5.3069679386539521                            NaN   8.6240213692738941     
        1020   5.3085543155051180                            NaN   8.6277438903225807     
        1021   5.3095633379648151                            NaN   8.6301003299133185     
        1022   5.3108490854864288                            NaN   8.6330906416987538     
        1023   5.3126025022698746                            NaN   8.6372031415597128     
        1024   5.3137582128618757                            NaN   8.6399318863164858     
        1025   5.3154185240322995                            NaN   8.6438517164370605     
        1026   5.3165643691227631                            NaN   8.6465462104744883     
        1027   5.3174393850994335                            NaN   8.6486050492760960     
        1028   5.3186701362722637                            NaN   8.6515003287884049     
        1029   5.3203505139745690                            NaN   8.6554967522439394     
        1030   5.3224163405715981                            NaN   8.6603635200135862     
        1031   5.3234456041144318                            NaN   8.6627817067586896     
        1032   5.3251213507570050                            NaN   8.6667016817342226     
        1033   5.3263670270523251                            NaN   8.6696422719828927     
        1034   5.3278383018364837                            NaN   8.6730701558534751     
        1035   5.3284790257300170                            NaN   8.6745770572571956     
        1036   5.3296411275363180                            NaN   8.6772862456698334     
        1037   5.3321365425892271                            NaN   8.6831483495626056     
        1038   5.3339153536982709                            NaN   8.6873304383342571     
        1039   5.3344945465893474                            NaN   8.6886810890319772     
        1040   5.3354321772059254                            NaN   8.6908781074803798     
        1041   5.3366599450305392                            NaN   8.6937661849461900     
        1042   5.3379385024496226                            NaN   8.6967831871283785     
        1043   5.3388284442343039                            NaN   8.6988667028973943     
        1044   5.3403534049080301                            NaN   8.7024571051030968     
        1045   5.3411045513977999                            NaN   8.7042240922721845     
        1046   5.3434304775402968                            NaN   8.7097289867748788     
        1047   5.3449249103467116                            NaN   8.7132594231147547     
        1048   5.3460243373006424                            NaN   8.7158397229159856     
        1049   5.3475888692959002                            NaN   8.7195116777277377     
        1050   5.3491361465035858                            NaN   8.7231621375878667     
        1051   5.3502581546349681                            NaN   8.7257988311720815     
        1052   5.3511224297528575                            NaN   8.7278438053769012     
        1053   5.3520192163022076                            NaN   8.7299557696260770     
        1054   5.3526144105123752                            NaN   8.7313579533198933     
        1055   5.3538583378870799                            NaN   8.7342747565581966     
        1056   5.3560201185377476                            NaN   8.7393417350598153     
        1057   5.3575523363848578                            NaN   8.7429553120789105     
        1058   5.3599744182459022                            NaN   8.7486721004233416     
        1059   5.3609434106779021                            NaN   8.7509488826563242     
        1060   5.3624749540738907                            NaN   8.7545634536198360     
        1061   5.3644675779724418                            NaN   8.7592647285831635     
        1062   5.3668459466662011                            NaN   8.7648862234805911     
        1063   5.3677634059951380                            NaN   8.7670376758072557     
        1064   5.3692429619056599                            NaN   8.7705343514419383     
        1065   5.3714164276505496                            NaN   8.7756857560874213     
        1066   5.3730043407561787                            NaN   8.7794477232189596     
        1067   5.3746990700637962                            NaN   8.7834595213811415     
        1068   5.3753953429660344                            NaN   8.7851037128976124     
        1069   5.3764174318621549                            NaN   8.7875216314761531     
        1070   5.3772534408719457                            NaN   8.7895012928981462     
        1071   5.3785031921936284                            NaN   8.7924536467226773     
        1072   5.3799169430163385                            NaN   8.7957830001255317     
        1073   5.3809488745436713                            NaN   8.7982354720788081     
        1074   5.3818189615446084                            NaN   8.8002973640243329     
        1075   5.3829569652696181                            NaN   8.8030084807338227     
        1076   5.3844114903447782                            NaN   8.8064598291281193     
        1077   5.3859191784632090                            NaN   8.8100288343411215     
        1078   5.3870752928709313                            NaN   8.8127639455105715     
        1079   5.3882914785702933                            NaN   8.8156577539903225     
        1080   5.3897113096193703                            NaN   8.8190102631806404     
        1081   5.3905392538947572                            NaN   8.8209826163118894     
        1082   5.3918033490985540                            NaN   8.8239698000408016     
        1083   5.3929190678714010                            NaN   8.8266172630319044     
        1084   5.3945417693731272                            NaN   8.8304801212293000     
        1085   5.3958162683451052                            NaN   8.8334747971948975     
        1086   5.3974125367803234                            NaN   8.8372526373124458     
        1087   5.3987663778334873                            NaN   8.8404361045235760     
        1088   5.3995641198765618                            NaN   8.8423293045810105     
        1089   5.4004819792373784                            NaN   8.8444899120609897     
        1090   5.4011725863143969                            NaN   8.8461230470334975     
        1091   5.4019761745396355                            NaN   8.8480375871210732     
        1092   5.4028836347212152                            NaN   8.8501861065496676     
        1093   5.4049657382039182                            NaN   8.8551145129502338     
        1094   5.4056754616637148                            NaN   8.8567862125915173     
        1095   5.4070299843132599                            NaN   8.8600048558648048     
        1096   5.4086115710904643                            NaN   8.8637805735320523     
        1097   5.4100900243268102                            NaN   8.8672784115278365     
        1098   5.4117467811023428                            NaN   8.8712245592653325     
        1099   5.4133312164549405                            NaN   8.8749860910732572     
        1100   5.4147575807837303                            NaN   8.8784002905406574     
        1101   5.4159517249321762                            NaN   8.8812190129880921     
        1102   5.4172780243936449                            NaN   8.8843505532311973     
        1103   5.4189119008272524                            NaN   8.8882335733565068     
        1104   5.4200644111032386                            NaN   8.8909713027006028     
        1105   5.4213559568398955                            NaN   8.8940623600205342     
        1106   5.4225623887618273                            NaN   8.8969004662955218     
        1107   5.4243028523399293                            NaN   8.9010455101482009     
        1108   5.4250421685238388                            NaN   8.9028191217484043     
        1109   5.4268498512103163                            NaN   8.9070922578987286     
        1110   5.4275765396025406                            NaN   8.9088197641239866     
        1111   5.4288818161500272                            NaN   8.9119269993458268     
        1112   5.4300785328855561                            NaN   8.9147751097811145     
        1113   5.4309550747266453                            NaN   8.9168703781431535     
        1114   5.4319571462914276                            NaN   8.9192584165107505     
        1115   5.4327852717180196                            NaN   8.9212347904518463     
        1116   5.4346823628065124                            NaN   8.9257658394585739     
        1117   5.4366874995358252                            NaN   8.9305416455473576     
        1118   5.4376465855511089                            NaN   8.9328401479561030     
        1119   5.4386124950436683                            NaN   8.9351507357553750     
        1120   5.4399799354611504                            NaN   8.9384285798906937     
        1121   5.4406593552352422                            NaN   8.9400507364281729     
        1122   5.4414494527800157                            NaN   8.9419517690570007     
        1123   5.4428984682495001                            NaN   8.9454116697239332     
        1124   5.4445282034798250                            NaN   8.9492816805512625     
        1125   5.4457574617887987                            NaN   8.9522149178913750     
        1126   5.4475896269468027                            NaN   8.9565874675139447     
        1127   5.4491413311821519                            NaN   8.9602913164147679     
        1128   5.4503488629184949                            NaN   8.9631542574288723     
        1129   5.4513952405843975                            NaN   8.9656428399401324     
        1130   5.4533371909582131                            NaN   8.9702669098743328     
        1131   5.4546433843950384                            NaN   8.9733854724836384     
        1132   5.4558865549904212                            NaN   8.9763325390416959     
        1133   5.4576449008724062                            NaN   8.9805436411848625     
        1134   5.4587268868956658                            NaN   8.9831382354909604     
        1135   5.4609766032385663                            NaN   8.9885735584525577     
        1136   5.4620171409376521                            NaN   8.9910753328611381     
        1137   5.4629774275265506                            NaN   8.9933623745064377     
        1138   5.4642809138024750                            NaN   8.9964603706762016     
        1139   5.4657989854479787                            NaN   9.0000753585562414     
        1140   5.4675005971752322                            NaN   9.0041213659020798     
        1141   5.4686524203163405                            NaN   9.0068760438849047     
        1142   5.4696446108361432                            NaN   9.0092513168123922     
        1143   5.4708380187016292                            NaN   9.0121151237654242     
        1144   5.4717534732491035                            NaN   9.0143080100866140     
        1145   5.4729816498822412                            NaN   9.0172457186845385     
        1146   5.4741852393692056                            NaN   9.0201108477376497     
        1147   5.4747879669269590                            NaN   9.0215619992290321     
        1148   5.4755174560326765                            NaN   9.0233018905762101     
        1149   5.4773440134757250                            NaN   9.0276489469841419     
        1150   5.4785603218137311                            NaN   9.0305487526442896     
        1151   5.4797413921098084                            NaN   9.0333989553977219     
        1152   5.4807507806415234                            NaN   9.0358180454845431     
        1153   5.4819182272925087                            NaN   9.0386155333526936     
        1154   5.4828919160369471                            NaN   9.0409476406763307     
        1155   5.4844095275809712                            NaN   9.0445637400472947     
        1156   5.4860376597221716                            NaN   9.0484664826211691     
        1157   5.4878063995870727                            NaN   9.0527312123244137     
        1158   5.4889454273979048                            NaN   9.0554580664742161     
        1159   5.4901330802501116                            NaN   9.0582996741403523     
        1160   5.4908705966602822                            NaN   9.0600751244283835     
        1161   5.4917665163418281                            NaN   9.0622265466089882     
        1162   5.4938886664837918                            NaN   9.0673097464188608     
        1163   5.4949943857125438                            NaN   9.0699601358272108     
        1164   5.4959680954408867                            NaN   9.0723070714490657     
        1165   5.4967348819519604                            NaN   9.0741442713989446     
        1166   5.4983610473865339                            NaN   9.0780424143437273     
        1167   5.4996930903576295                            NaN   9.0812472794899293     
        1168   5.5012566858204774                            NaN   9.0850189744168048     
        1169   5.5024715170828058                            NaN   9.0879361020853384     
        1170   5.5037336829507053                            NaN   9.0909496677882640     
        1171   5.5049579938066584                            NaN   9.0938744973497911     
        1172   5.5064728694765570                            NaN   9.0975466961779645     
        1173   5.5081529210702627                            NaN   9.1015993934629549     
        1174   5.5090125523677074                            NaN   9.1036599659156483     
        1175   5.5101612682319940                            NaN   9.1064306806017932     
        1176   5.5112629057115621                            NaN   9.1090706945384259     
        1177   5.5125226830509115                            NaN   9.1121299091401564     
        1178   5.5133991364861830                            NaN   9.1142329896792429     
        1179   5.5151498738697837                            NaN   9.1184584877921786     
        1180   5.5158549934722814                            NaN   9.1201647227467717     
        1181   5.5180670638151481                            NaN   9.1254908611911851     
        1182   5.5192701143946410                            NaN   9.1284228675991574     
        1183   5.5213478339506965                            NaN   9.1334499595403358     
        1184   5.5224222043617415                            NaN   9.1360541899007650     
        1185   5.5235076856396095                            NaN   9.1386612141821271     
        1186   5.5244434061058456                            NaN   9.1409380468546715     
        1187   5.5256402879292796                            NaN   9.1438155398149679     
        1188   5.5273211427348610                            NaN   9.1478518256999681     
        1189   5.5286385271340448                            NaN   9.1510211473036147     
        1190   5.5298910523086722                            NaN   9.1540092182192527     
        1191   5.5314494708551187                            NaN   9.1577993750980884     
        1192   5.5325432758170674                            NaN   9.1604502275788864     
        1193   5.5335909731089803                            NaN   9.1629830311538232     
        1194   5.5344705371817122                            NaN   9.1650940617858758     
        1195   5.5360034519338299                            NaN   9.1688155127647892     
        1196   5.5381023402794893                            NaN   9.1738808164606063     
        1197   5.5392014882043759                            NaN   9.1765608387343551     
        1198   5.5411415744921699                            NaN   9.1812476619435390     
        1199   5.5424633244819104                            NaN   9.1844496084602589     
        1200   5.5438038760741168                            NaN   9.1876733651563853     
        1201   5.5452215627289023                            NaN   9.1910988948504091     
        1202   5.5465044489671600                            NaN   9.1941975173706201     
        1203   5.5477607050891802                            NaN   9.1972201579320618     
        1204   5.5488954756578943                            NaN   9.1999436526739693     
        1205   5.5503573101735135                            NaN   9.2034984727042346     
        1206   5.5518369349790593                            NaN   9.2070614102753137     
        1207   5.5531787090752145                            NaN   9.2103073796658528     
        1208   5.5541819321037824                            NaN   9.2127458434231979     
        1209   5.5555393173836425                            NaN   9.2160421431599922     
        1210   5.5569332261060271                            NaN   9.2194087678788161     
        1211   5.5581433544919410                            NaN   9.2223417352432406     
        1212   5.5589150186934004                            NaN   9.2242239636009238     
        1213   5.5601261618443143                            NaN   9.2271487686977398     
        1214   5.5610022832893247                            NaN   9.2292742226359561     
        1215   5.5618820775501643                            NaN   9.2313968741382109     
        1216   5.5629259673104015                            NaN   9.2339522055340915     
        1217   5.5642602257888472                            NaN   9.2371818383879614     
        1218   5.5654626208454037                            NaN   9.2400938345405912     
        1219   5.5673182787352076                            NaN   9.2446136423041843     
        1220   5.5682571592043208                            NaN   9.2468881268336833     
        1221   5.5695066069122925                            NaN   9.2499392428846825     
        1222   5.5710709473753557                            NaN   9.2537459185963016     
        1223   5.5722100982906122                            NaN   9.2565064770407801     
        1224   5.5743830937206447                            NaN   9.2617714033567662     
        1225   5.5751877130829399                            NaN   9.2637271357656861     
        1226   5.5761815774360128                            NaN   9.2661332417460578     
        1227   5.5772500054194953                            NaN   9.2687083630974865     
        1228   5.5782379288429302                            NaN   9.2711080738876923     
        1229   5.5796337401296121                            NaN   9.2744851842585696     
        1230   5.5799689963382288                            NaN   9.2752967765313166     
        1231   5.5814582636115224                            NaN   9.2788795831528752     
        1232   5.5820142097838295                            NaN   9.2802329492051605     
        1233   5.5830433989289592                            NaN   9.2827424554933398     
        1234   5.5835732849498338                            NaN   9.2840288180104960     
        1235   5.5847948625087156                            NaN   9.2869802640697152     
        1236   5.5862098786399033                            NaN   9.2904377065020576     
        1237   5.5871969098622927                            NaN   9.2928324855207070     
        1238   5.5879501449030613                            NaN   9.2946659915533871     
        1239   5.5895098243074646                            NaN   9.2984442939954040     
        1240   5.5905191733086923                            NaN   9.3009116969404158     
        1241   5.5915767861504229                            NaN   9.3034805594206880     
        1242   5.5928180993450027                            NaN   9.3065057388786663     
        1243   5.5944878180947146                            NaN   9.3105525400523028     
        1244   5.5955423015325936                            NaN   9.3131079333814064     
        1245   5.5966920516181782                            NaN   9.3159135419941066     
        1246   5.5980275684105596                            NaN   9.3191472512498930     
        1247   5.5991268966384560                            NaN   9.3218006810937517     
        1248   5.6010457176181037                            NaN   9.3264679119512639     
        1249   5.6024434634417979                            NaN   9.3298471175674749     
        1250   5.6033889320447541                            NaN   9.3321863858110561     
        1251   5.6046058698555967                            NaN   9.3351465692890656     
        1252   5.6056326289361706                            NaN   9.3376710287639586     
        1253   5.6063687635097876                            NaN   9.3394650913761286     
        1254   5.6073837492344420                            NaN   9.3419563259034639     
        1255   5.6087026448600072                            NaN   9.3451858507194565     
        1256   5.6102007957262021                            NaN   9.3488515084968054     
        1257   5.6111171738752050                            NaN   9.3510876049154223     
        1258   5.6118065634257572                            NaN   9.3527748385065745     
        1259   5.6132478409641173                            NaN   9.3562908580218878     
        1260   5.6149505821171370                            NaN   9.3604162717014354     
        1261   5.6157862230364426                            NaN   9.3624451380026450     
        1262   5.6171491114197920                            NaN   9.3657657681806548     
        1263   5.6182337416127668                            NaN   9.3684120764770444     
        1264   5.6196049004766389                            NaN   9.3717730846528386     
        1265   5.6208406172744976                            NaN   9.3747718350005371     
        1266   5.6232214845759039                            NaN   9.3805967143926292     
        1267   5.6237692944699331                            NaN   9.3819252885403692     
        1268   5.6247046601612665                            NaN   9.3842097465569285     
        1269   5.6256402240731180                            NaN   9.3864900236492357     
        1270   5.6264272332624961                            NaN   9.3884186192214223     
        1271   5.6271132183274082                            NaN   9.3901044798590529     
        1272   5.6284187883780081                            NaN   9.3933196704473687     
        1273   5.6300995314578293                            NaN   9.3974143548104898     
        1274   5.6311616892511562                            NaN   9.4000026305090785     
        1275   5.6321919290158755                            NaN   9.4025081748668242     
        1276   5.6329256628098197                            NaN   9.4042906120183147     
        1277   5.6343694515020930                            NaN   9.4078301964302433     
        1278   5.6354699591382253                            NaN   9.4105140224283321     
        1279   5.6365822587745020                            NaN   9.4132326824249688     
        1280   5.6376953527271896                            NaN   9.4159453765042045     
        1281   5.6391322682412675                            NaN   9.4194639134689133     
        1282   5.6404085431145354                            NaN   9.4226011168594859     
        1283   5.6421679499829001                            NaN   9.4269397053237896     
        1284   5.6432817402602913                            NaN   9.4296794600217027     
        1285   5.6441784280390035                            NaN   9.4318860217447540     
        1286   5.6450707129017523                            NaN   9.4340713718238813     
        1287   5.6457391652405864                            NaN   9.4356988997921682     
        1288   5.6472414473151868                            NaN   9.4393761889561105     
        1289   5.6482714488536043                            NaN   9.4418893164070639     
        1290   5.6492042344803695                            NaN   9.4441749606058156     
        1291   5.6504010100852380                            NaN   9.4470873193815201     
        1292   5.6524409390160404                            NaN   9.4521259636386485     
        1293   5.6543420422523045                            NaN   9.4567953834121461     
        1294   5.6553957477700836                            NaN   9.4593820482023752     
        1295   5.6564767947785519                            NaN   9.4620346224805729     
        1296   5.6573409731407676                            NaN   9.4641308057399502     
        1297   5.6583921268902424                            NaN   9.4666911231816435     
        1298   5.6598230536258658                            NaN   9.4701873753165735     
        1299   5.6613468521199044                            NaN   9.4739250020272596     
        1300   5.6632485246303261                            NaN   9.4785513182202816     
        1301   5.6640039715971913                            NaN   9.4804068193910460     
        1302   5.6653130652888510                            NaN   9.4836148223297503     
        1303   5.6666433903083941                            NaN   9.4868854844709407     
        1304   5.6678377133152829                            NaN   9.4898136814529828     
        1305   5.6687158780776459                            NaN   9.4919602452086060     
        1306   5.6702177535672753                            NaN   9.4956587175360099     
        1307   5.6706441160101475                            NaN   9.4967021232101203     
        1308   5.6724994506291111                            NaN   9.5012420268359978     
        1309   5.6735836636739192                            NaN   9.5039037995726598     
        1310   5.6746727366650758                            NaN   9.5065851993031973     
        1311   5.6752839145242548                            NaN   9.5080909946936636     
        1312   5.6769894576763500                            NaN   9.5122422182587538     
        1313   5.6781064059911861                            NaN   9.5149981836014792     
        1314   5.6789070810647670                            NaN   9.5169691418791125     
        1315   5.6801636523741674                            NaN   9.5200862790123324     
        1316   5.6815275202868687                            NaN   9.5234259252949478     
        1317   5.6838114028897415                            NaN   9.5290458152618420     
        1318   5.6847663689964278                            NaN   9.5313949484622924     
        1319   5.6866793720381041                            NaN   9.5361191992180299     
        1320   5.6887727358342755                            NaN   9.5412815467909393     
        1321   5.6902138962837219                            NaN   9.5448298340973565     
        1322   5.6913791300783796                            NaN   9.5477042774126684     
        1323   5.6921244456471296                            NaN   9.5495554443467885     
        1324   5.6930827465788614                            NaN   9.5519256915051329     
        1325   5.6934942863368798                            NaN   9.5529382383377097     
        1326   5.6946807977584140                            NaN   9.5558634373013103     
        1327   5.6963156745613919                            NaN   9.5598738530851541     
        1328   5.6976752551524523                            NaN   9.5632421050173946     
        1329   5.6986868885895028                            NaN   9.5657374867422096     
        1330   5.6995931631922261                            NaN   9.5679625572683200     
        1331   5.7009646728060490                            NaN   9.5713498642823112     
        1332   5.7017034165424532                            NaN   9.5731637962851259     
        1333   5.7026832972629675                            NaN   9.5755819138516109     
        1334   5.7040201662663801                            NaN   9.5788716197866162     
        1335   5.7048946019042850                            NaN   9.5810230564824970     
        1336   5.7055934123794660                            NaN   9.5827570980814851     
        1337   5.7068757327345692                            NaN   9.5859043432165443     
        1338   5.7079695240723138                            NaN   9.5886176366626295     
        1339   5.7089520346049243                            NaN   9.5910444875713559     
        1340   5.7098814957433648                            NaN   9.5933453447523256     
        1341   5.7113315741089021                            NaN   9.5969009293171332     
        1342   5.7125010482326628                            NaN   9.5997845094394254     
        1343   5.7143968843032873                            NaN   9.6044515649287838     
        1344   5.7156556825242548                            NaN   9.6075695042222957     
        1345   5.7164467094952673                            NaN   9.6095421469684474     
        1346   5.7181325946670372                            NaN   9.6137189480743448     
        1347   5.7194349965660454                            NaN   9.6169490541724478     
        1348   5.7204892818064668                            NaN   9.6195392309865113     
        1349   5.7216431526544849                            NaN   9.6223736510047591     
        1350   5.7228079096993278                            NaN   9.6252328885444438     
        1351   5.7237842064172790                            NaN   9.6276559545662064     
        1352   5.7245672262092064                            NaN   9.6295781172301051     
        1353   5.7252825593846906                            NaN   9.6313562991460202     
        1354   5.7261006406564814                            NaN   9.6333851616244655     
        1355   5.7269284737604487                            NaN   9.6354241815501300     
        1356   5.7277827361829283                            NaN   9.6375399365772729     
        1357   5.7289574158773133                            NaN   9.6404459595884990     
        1358   5.7299810117522583                            NaN   9.6429727287153355     
        1359   5.7305245011965757                            NaN   9.6443218454205635     
        1360   5.7316569749586268                            NaN   9.6471260583786069     
        1361   5.7324473536827103                            NaN   9.6490894500346567     
        1362   5.7332940483154697                            NaN   9.6511851849472183     
        1363   5.7352869460928240                            NaN   9.6560863263160677     
        1364   5.7363670709015295                            NaN   9.6587580181061465     
        1365   5.7377296791096573                            NaN   9.6621337349687018     
        1366   5.7387472131345572                            NaN   9.6646583826425179     
        1367   5.7396968463045379                            NaN   9.6670125523514798     
        1368   5.7408622317657150                            NaN   9.6699058889255785     
        1369   5.7419547499161308                            NaN   9.6726097488389193     
        1370   5.7431578036133590                            NaN   9.6755858785361486     
        1371   5.7435165676614659                            NaN   9.6764787519725424     
        1372   5.7444282526069301                            NaN   9.6787217165645369     
        1373   5.7456267290614962                            NaN   9.6817001191204444     
        1374   5.7468126358413318                            NaN   9.6846354102782044     
        1375   5.7473854739808798                            NaN   9.6860453869984067     
        1376   5.7486077610191391                            NaN   9.6891040566417566     
        1377   5.7493896464983170                            NaN   9.6910496217981201     
        1378   5.7510570417430502                            NaN   9.6951938153511019     
        1379   5.7522249914822732                            NaN   9.6980921274830116     
        1380   5.7531346698975856                            NaN   9.7003449740494734     
        1381   5.7539046666773279                            NaN   9.7022637044280380     
        1382   5.7545461898285692                            NaN   9.7038760259178716     
        1383   5.7555712402384831                            NaN   9.7064156653130755     
        1384   5.7561719986608235                            NaN   9.7079036091421536     
        1385   5.7579686737768752                            NaN   9.7123691362411257     
        1386   5.7587102151096365                            NaN   9.7142141397915545     
        1387   5.7602208776124382                            NaN   9.7179405335040663     
        1388   5.7610573144411426                            NaN   9.7200140039220742     
        1389   5.7625883795020183                            NaN   9.7238006825522252     
        1390   5.7643723962160758                            NaN   9.7282565694460281     
        1391   5.7656868153935950                            NaN   9.7315661075347997     
        1392   5.7670316113896165                            NaN   9.7348911606834818     
        1393   5.7679319947510219                            NaN   9.7371453749800754     
        1394   5.7695339725895858                            NaN   9.7411427386973379     
        1395   5.7710303922117401                            NaN   9.7448860112492053     
        1396   5.7721587805247578                            NaN   9.7477021096629120     
        1397   5.7731158225566954                            NaN   9.7500871872366801     
        1398   5.7740926579653626                            NaN   9.7525138773526869     
        1399   5.7751762765707131                            NaN   9.7552319868633255     
        1400   5.7764757998589555                            NaN   9.7584657447582970     
        1401   5.7776677446545097                            NaN   9.7614527796690957     
        1402   5.7782254980784504                            NaN   9.7628526031261451     
        1403   5.7789647012261574                            NaN   9.7646832679822335     
        1404   5.7806738145524159                            NaN   9.7689306465040922     
        1405   5.7816998119711869                            NaN   9.7714994566689857     
        1406   5.7821814215121465                            NaN   9.7727001914047751     
        1407   5.7826537906868190                            NaN   9.7738739581977772     
        1408   5.7836538383718725                            NaN   9.7763840206424053     
        1409   5.7845053009827740                            NaN   9.7785030104527753     
        1410   5.7853868393474546                            NaN   9.7807040406453982     
        1411   5.7866076641510542                            NaN   9.7837431584786394     
        1412   5.7879689911271885                            NaN   9.7871368209664702     
        1413   5.7895144476187292                            NaN   9.7909889114742104     
        1414   5.7900721772124557                            NaN   9.7923920643294800     
        1415   5.7907011939131046                            NaN   9.7939467702414404     
        1416   5.7916444925079933                            NaN   9.7963101140330338     
        1417   5.7931805498901330                            NaN   9.8001431235924947     
        1418   5.7943769424756315                            NaN   9.8031393499790394     
        1419   5.7956204233893560                            NaN   9.8062415447713782     
        1420   5.7969662597929013                            NaN   9.8096052383122370     
        1421   5.7978348129591089                            NaN   9.8117911001142666     
        1422   5.7994596009656565                            NaN   9.8158348871470995     
        1423   5.8002634035262366                            NaN   9.8178510381815443     
        1424   5.8013597602189959                            NaN   9.8205799111547307     
        1425   5.8021511922610047                            NaN   9.8225663969454367     
        1426   5.8029214581854074                            NaN   9.8244980309947660     
        1427   5.8043785690018179                            NaN   9.8281400083620021     
        1428   5.8051604701377242                            NaN   9.8301061931461327     
        1429   5.8064557054810857                            NaN   9.8333564660990103     
        1430   5.8075689922455913                            NaN   9.8361462300624058     
        1431   5.8086245712445841                            NaN   9.8387713806536627     
        1432   5.8092722100011827                            NaN   9.8403989170178043     
        1433   5.8103932447434090                            NaN   9.8432194356231726     
        1434   5.8117682244725142                            NaN   9.8466526815738717     
        1435   5.8126627870824503                            NaN   9.8489080155170559     
        1436   5.8133901488778630                            NaN   9.8507114256650823     
        1437   5.8141118475817120                            NaN   9.8525120011152332     
        1438   5.8155851646833430                            NaN   9.8562172945373412     
        1439   5.8173063832927294                            NaN   9.8605256576341418     
        1440   5.8185981496388095                            NaN   9.8637505444685694     
        1441   5.8196315536905239                            NaN   9.8663366175221654     
        1442   5.8205338593328575                            NaN   9.8685886696588536     
        1443   5.8210695837122657                            NaN   9.8699355124993051     
        1444   5.8221133171931907                            NaN   9.8725470346781474     
        1445   5.8224926097109444                            NaN   9.8734962278220735     
        1446   5.8231037651207780                            NaN   9.8750175293949063     
        1447   5.8244256123141076                            NaN   9.8783414049476903     
        1448   5.8254342945478772                            NaN   9.8808604527036987     
        1449   5.8261841411293691                            NaN   9.8827238041260852     
        1450   5.8270766909167602                            NaN   9.8849436024808153     
        1451   5.8282763296856617                            NaN   9.8879903618330829     
        1452   5.8296395490507678                            NaN   9.8914049856266786     
        1453   5.8308598512193672                            NaN   9.8944641009797358     
        1454   5.8314024290666691                            NaN   9.8958265955260742     
        1455   5.8325538015236367                            NaN   9.8987052602134433     
        1456   5.8330464855584498                            NaN   9.8999404212385809     
        1457   5.8339416971524791                            NaN   9.9021758380219858     
        1458   5.8348592376280042                            NaN   9.9044736589353715     
        1459   5.8355294872067427                            NaN   9.9061523216307972     
        1460   5.8363303296157145                            NaN   9.9081592029987782     
        1461   5.8378606135399469                            NaN   9.9119683399542566     
        1462   5.8393135739009034                            NaN   9.9155862093615550     
        1463   5.8399627884948782                            NaN   9.9172183177711073     
        1464   5.8410779786878404                            NaN   9.9200195965657745     
        1465   5.8418316931150134                            NaN   9.9219272336821458     
        1466   5.8429531673584245                            NaN   9.9247356485322236     
        1467   5.8435561528889490                            NaN   9.9262487113658651     
        1468   5.8448960930544978                            NaN   9.9296118597145799     
        1469   5.8459698490561038                            NaN   9.9323065849657581     
        1470   5.8467987908551278                            NaN   9.9344016389363183     
        1471   5.8474742909690560                            NaN   9.9361007109212718     
        1472   5.8485089726454786                            NaN   9.9387119634495438     
        1473   5.8493643675850304                            NaN   9.9408478002874947     
        1474   5.8504474482670199                            NaN   9.9435806352732765     
        1475   5.8518802428980266                            NaN   9.9471791648644494     
        1476   5.8527117742986539                            NaN   9.9492687794080474     
        1477   5.8534890185042210                            NaN   9.9512189550710506     
        1478   5.8547546949124643                            NaN   9.9543721061100108     
        1479   5.8560964866654981                            NaN   9.9577122891214263     
        1480   5.8570390366157099                            NaN   9.9600883033034062     
        1481   5.8579058270327149                            NaN   9.9622607111901935     
        1482   5.8585224567570586                            NaN   9.9638094602594585     
        1483   5.8593978445503510                            NaN   9.9660054186398597     
        1484   5.8603820658519501                            NaN   9.9684877592978385     
        1485   5.8610450762976596                            NaN   9.9701542928437217     
        1486   5.8619688554314511                            NaN   9.9724893280980602     
        1487   5.8630376780343578                            NaN   9.9751780078166199     
        1488   5.8639325148441497                            NaN   9.9774293430742595     
        1489   5.8648362659820652                            NaN   9.9797115436406081     
        1490   5.8657439958202682                            NaN   9.9819886217230405     
        1491   5.8673709722569196                            NaN   9.9860842759479578     
        1492   5.8681066580839589                            NaN   9.9879451818569756     
        1493   5.8690945007095419                            NaN   9.9904230899086883     
        1494   5.8710271538384022                            NaN   9.9953002922429768     
        1495   5.8725759444053294                            NaN   9.9992206829165564     
        1496   5.8739234997739045                            NaN   10.002615218119900     
        1497   5.8756031987753010                            NaN   10.006871942809898     
        1498   5.8764905550584370                            NaN   10.009106394487379     
        1499   5.8775690652104755                            NaN   10.011805483947100     
        1500   5.8791051891912485                            NaN   10.015681468946811     
        1501   5.8800905757496338                            NaN   10.018176117447593     
        1502   5.8809543509404474                            NaN   10.020350484563805     
        1503   5.8815185220242894                            NaN   10.021769660458720     
        1504   5.8833836735833129                            NaN   10.026441890650528     
        1505   5.8844998545932370                            NaN   10.029267367000179     
        1506   5.8855086402655576                            NaN   10.031811114085096     
        1507   5.8866117746580278                            NaN   10.034610224957952     
        1508   5.8881479973260014                            NaN   10.038465869577298     
        1509   5.8889016908477503                            NaN   10.040377377112089     
        1510   5.8902786646646010                            NaN   10.043846329876200     
        1511   5.8913791458784832                            NaN   10.046625916093779     
        1512   5.8926106571712866                            NaN   10.049734354626583     
        1513   5.8937596528564891                            NaN   10.052642331367569     
        1514   5.8954646461003808                            NaN   10.056899628975648     
        1515   5.8964975728114357                            NaN   10.059512883157927     
        1516   5.8973652795953395                            NaN   10.061704378557231     
        1517   5.8986169325900564                            NaN   10.064882924763273     
        1518   5.8995538912253256                            NaN   10.067258851925363     
        1519   5.9012643949804033                            NaN   10.071593602886606     
        1520   5.9018610815436059                            NaN   10.073105383055207     
        1521   5.9025002593671090                            NaN   10.074720152418813     
        1522   5.9037445537362157                            NaN   10.077856714296257     
        1523   5.9043324130624031                            NaN   10.079344864965421     
        1524   5.9050879413841191                            NaN   10.081248487647013     
        1525   5.9062298691651964                            NaN   10.084139704871005     
        1526   5.9072882578560382                            NaN   10.086803958251570     
        1527   5.9080421020914189                            NaN   10.088711406488544     
        1528   5.9088998984886132                            NaN   10.090880374484602     
        1529   5.9100300470175560                            NaN   10.093747026134389     
        1530   5.9108377831835153                            NaN   10.095789106808684     
        1531   5.9117924622281439                            NaN   10.098199652670118     
        1532   5.9128647778833203                            NaN   10.100901646031140     
        1533   5.9132547626864120                            NaN   10.101889089169219     
        1534   5.9141715491595317                            NaN   10.104216411658314     
        1535   5.9159660580687383                            NaN   10.108772408489399     
        1536   5.9168341119203660                            NaN   10.110982386277447     
        1537   5.9178371217276249                            NaN   10.113541302364222     
        1538   5.9190070970863218                            NaN   10.116511959128646     
        1539   5.9200296265835046                            NaN   10.119087570656532     
        1540   5.9208605939230248                            NaN   10.121198663908714     
        1541   5.9219666229721843                            NaN   10.124005116275578     
        1542   5.9224892237765960                            NaN   10.125330394994664     
        1543   5.9232799415908772                            NaN   10.127343997684253     
        1544   5.9242017910296765                            NaN   10.129680180092929     
        1545   5.9247762465365046                            NaN   10.131128334322270     
        1546   5.9258807327364602                            NaN   10.133922606431938     
        1547   5.9273519444860963                            NaN   10.137635227643131     
        1548   5.9285213698765542                            NaN   10.140582367105537     
        1549   5.9295210098751268                            NaN   10.143100706550955     
        1550   5.9305458976976242                            NaN   10.145706890941236     
        1551   5.9318674125924664                            NaN   10.149074327961262     
        1552   5.9326537652095253                            NaN   10.151062164950725     
        1553   5.9337324001653684                            NaN   10.153807526391219     
        1554   5.9345829138306483                            NaN   10.155959058334151     
        1555   5.9355939585455264                            NaN   10.158532606569583     
        1556   5.9366331799484273                            NaN   10.161181687854141     
        1557   5.9376923655876563                            NaN   10.163869587346037     
        1558   5.9383744253205242                            NaN   10.165604073303779     
        1559   5.9389599546435470                            NaN   10.167087921630962     
        1560   5.9402225529587627                            NaN   10.170300187132483     
        1561   5.9411672830723781                            NaN   10.172703996181948     
        1562   5.9424207341457080                            NaN   10.175899686812079     
        1563   5.9433635478604740                            NaN   10.178305491702963     
        1564   5.9443353611366394                            NaN   10.180782220843524     
        1565   5.9456007455595996                            NaN   10.184001374719113     
        1566   5.9462694084164500                            NaN   10.185703031307579     
        1567   5.9471313543746280                            NaN   10.187900599227893     
        1568   5.9479923548121789                            NaN   10.190088487004504     
        1569   5.9489388947766635                            NaN   10.192490471275850     
        1570   5.9494013168402713                            NaN   10.193664914518157     
        1571   5.9506121369159564                            NaN   10.196731690482149     
        1572   5.9512108148283716                            NaN   10.198262532704129     
        1573   5.9524882708843476                            NaN   10.201519896895709     
        1574   5.9535225508294785                            NaN   10.204147049586197     
        1575   5.9545423023735857                            NaN   10.206723665426045     
        1576   5.9554987344968069                            NaN   10.209167199170846     
        1577   5.9569440497897785                            NaN   10.212842774759732     
        1578   5.9577211604374929                            NaN   10.214827074347554     
        1579   5.9585729744728670                            NaN   10.216993745326857     
        1580   5.9596092480877312                            NaN   10.219627424080231     
        1581   5.9608250809027501                            NaN   10.222742427816970     
        1582   5.9619999948499904                            NaN   10.225727314119828     
        1583   5.9633494873318691                            NaN   10.229184388725542     
        1584   5.9638588487260344                            NaN   10.230478155335163     
        1585   5.9648445690066243                            NaN   10.232990618762107     
        1586   5.9659816328394601                            NaN   10.235911396445566     
        1587   5.9666963504163162                            NaN   10.237755446087156     
        1588   5.9674702971174511                            NaN   10.239722527401719     
        1589   5.9682606800471341                            NaN   10.241736137625107     
        1590   5.9692019099185201                            NaN   10.244151841710131     
        1591   5.9702274669502646                            NaN   10.246757260491572     
        1592   5.9711844705009653                            NaN   10.249209765306592     
        1593   5.9718916602576737                            NaN   10.251007921379697     
        1594   5.9726882461595068                            NaN   10.253047385020102     
        1595   5.9739522050528766                            NaN   10.256283563243276     
        1596   5.9747102713718210                            NaN   10.258215556115283     
        1597   5.9755287170493077                            NaN   10.260309698342075     
        1598   5.9765166349976511                            NaN   10.262830593667800     
        1599   5.9774390360679641                            NaN   10.265207966327367     
        1600   5.9785118504405173                            NaN   10.267947395752731     
        1601   5.9791673356065216                            NaN   10.269618785441727     
        1602   5.9801082500815594                            NaN   10.272021557248213     
        1603   5.9811194960868281                            NaN   10.274604115114375     
        1604   5.9819175507247877                            NaN   10.276635783412399     
        1605   5.9832202595314889                            NaN   10.279968903094328     
        1606   5.9841988976923002                            NaN   10.282456197236026     
        1607   5.9853445642044303                            NaN   10.285375451229504     
        1608   5.9859593281635366                            NaN   10.286946736393425     
        1609   5.9866995523414150                            NaN   10.288837263480074     
        1610   5.9875949554469301                            NaN   10.291130045697367     
        1611   5.9885637042355029                            NaN   10.293608177787693     
        1612   5.9897418823938846                            NaN   10.296617216009537     
        1613   5.9904533014303976                            NaN   10.298451595116285     
        1614   5.9911013379376126                            NaN   10.300118503915694     
        1615   5.9919167599216392                            NaN   10.302198757241086     
        1616   5.9930090182205991                            NaN   10.304985362580933     
        1617   5.9936758584185981                            NaN   10.306703888381000     
        1618   5.9947396533403836                            NaN   10.309420418713554     
        1619   5.9958105892873661                            NaN   10.312156459076963     
        1620   5.9966634741785958                            NaN   10.314340764911474     
        1621   5.9979774530246974                            NaN   10.317729849782948     
        1622   5.9986732516009864                            NaN   10.319511743732640     
        1623   5.9995282325151233                            NaN   10.321687361745393     
        1624   6.0002060873965579                            NaN   10.323418095466028     
        1625   6.0012543017724003                            NaN   10.326124454716767     
        1626   6.0020034523448889                            NaN   10.328044227887707     
        1627   6.0027790743224383                            NaN   10.330044620171595     
        1628   6.0040311060027376                            NaN   10.333250116438430     
        1629   6.0055246016263570                            NaN   10.337079117723299     
        1630   6.0061025392578822                            NaN   10.338562569376297     
        1631   6.0070013164507756                            NaN   10.340884185919975     
        1632   6.0079185200729128                            NaN   10.343258549535165     
        1633   6.0092907540138976                            NaN   10.346775076590726     
        1634   6.0106750684085544                            NaN   10.350314890588596     
        1635   6.0119225100493150                            NaN   10.353554606681648     
        1636   6.0132186772656899                            NaN   10.356875175915826     
        1637   6.0137612828678995                            NaN   10.358273119241947     
        1638   6.0148817660625342                            NaN   10.361140572960938     
        1639   6.0159799403180729                            NaN   10.363940914212954     
        1640   6.0172247285942193                            NaN   10.367152894994117     
        1641   6.0176654388175779                            NaN   10.368280853022396     
        1642   6.0189922344153555                            NaN   10.371671855948914     
        1643   6.0196388511021892                            NaN   10.373342999401634     
        1644   6.0208110554020866                            NaN   10.376368415124251     
        1645   6.0218098063122580                            NaN   10.378936390325187     
        1646   6.0224681788157932                            NaN   10.380619997951381     
        1647   6.0235707042794662                            NaN   10.383440529029233     
        1648   6.0254347901434908                            NaN   10.388195822974698     
        1649   6.0263617593807846                            NaN   10.390574382885138     
        1650   6.0271996228261848                            NaN   10.392715451887275     
        1651   6.0280232360506067                            NaN   10.394828693490012     
        1652   6.0295206218143296                            NaN   10.398672049217378     
        1653   6.0305585273694247                            NaN   10.401325981625321     
        1654   6.0314382696040596                            NaN   10.403577612827565     
        1655   6.0325054407732051                            NaN   10.406314377049203     
        1656   6.0334182356036514                            NaN   10.408668486253038     
        1657   6.0342979105992116                            NaN   10.410927488879704     
        1658   6.0348297089008760                            NaN   10.412292496180491     
        1659   6.0355478610842068                            NaN   10.414137111827609     
        1660   6.0363786173967480                            NaN   10.416289704315767     
        1661   6.0377831819286429                            NaN   10.419930617629689     
        1662   6.0386382438000341                            NaN   10.422145838773030     
        1663   6.0395034290362286                            NaN   10.424363802112117     
        1664   6.0406791467523826                            NaN   10.427395347443289     
        1665   6.0412135137609306                            NaN   10.428768214559980     
        1666   6.0422804848445857                            NaN   10.431528267819079     
        1667   6.0431978486555167                            NaN   10.433895003845810     
        1668   6.0445960493836743                            NaN   10.437496972245373     
        1669   6.0454400543604443                            NaN   10.439658956052622     
        1670   6.0461161430887840                            NaN   10.441384371422373     
        1671   6.0469772581180870                            NaN   10.443594185807218     
        1672   6.0477738807340460                            NaN   10.445642093330360     
        1673   6.0492889743091007                            NaN   10.449550772330024     
        1674   6.0507401253811137                            NaN   10.453333527324707     
        1675   6.0513222589316600                            NaN   10.454832157496829     
        1676   6.0526165336591990                            NaN   10.458176990546070     
        1677   6.0540092639953560                            NaN   10.461731884227383     
        1678   6.0547894125994173                            NaN   10.463729996770670     
        1679   6.0554637829321392                            NaN   10.465472143585618     
        1680   6.0566251063408760                            NaN   10.468473199104343     
        1681   6.0574815697799238                            NaN   10.470682455544885     
        1682   6.0584320534732106                            NaN   10.473149678048774     
        1683   6.0592591514944667                            NaN   10.475277543680575     
        1684   6.0604701269484185                            NaN   10.478415282257728     
        1685   6.0611952156907751                            NaN   10.480288707617992     
        1686   6.0620984608838864                            NaN   10.482611699214754     
        1687   6.0628954945536098                            NaN   10.484674666301922     
        1688   6.0647302049745067                            NaN   10.489385281914128     
        1689   6.0658231255850605                            NaN   10.492207197452933     
        1690   6.0668298054658694                            NaN   10.494797617370454     
        1691   6.0677359694042021                            NaN   10.497138452603204     
        1692   6.0688781260594222                            NaN   10.500086943243144     
        1693   6.0698375987894977                            NaN   10.502561579062018     
        1694   6.0706950864369578                            NaN   10.504787741916328     
        1695   6.0715104980543479                            NaN   10.506896523344048     
        1696   6.0723194635639333                            NaN   10.508986056048723     
        1697   6.0732721730899257                            NaN   10.511442313501032     
        1698   6.0746167172944583                            NaN   10.514902059539573     
        1699   6.0759338508524232                            NaN   10.518305890283491     
        1700   6.0769972567076982                            NaN   10.521041866377015     
        1701   6.0778800417319063                            NaN   10.523334184956246     
        1702   6.0787808265953949                            NaN   10.525674220342371     
        1703   6.0793894502989847                            NaN   10.527245875133282     
        1704   6.0806334213749942                            NaN   10.530452370959026     
        1705   6.0815647014380616                            NaN   10.532858740850491     
        1706   6.0823490831271823                            NaN   10.534886004027161     
        1707   6.0832385255046413                            NaN   10.537188876930603     
        1708   6.0841073370061123                            NaN   10.539420621362996     
        1709   6.0849831610182994                            NaN   10.541699834962358     
        1710   6.0858657517340173                            NaN   10.543984733932209     
        1711   6.0867182755117542                            NaN   10.546179352234015     
        1712   6.0875255870491287                            NaN   10.548254625364038     
        1713   6.0889110561851254                            NaN   10.551843401257447     
        1714   6.0898879796645016                            NaN   10.554375864470105     
        1715   6.0904888238081032                            NaN   10.555942497601858     
        1716   6.0912784937642028                            NaN   10.558003986767922     
        1717   6.0923935876354003                            NaN   10.560878715768675     
        1718   6.0935579606106280                            NaN   10.563883164375303     
        1719   6.0945781370120375                            NaN   10.566539408842276     
        1720   6.0956681033528985                            NaN   10.569341898488386     
        1721   6.0966036711410680                            NaN   10.571786456793513     
        1722   6.0975989006909179                            NaN   10.574357769934997     
        1723   6.0982447860111701                            NaN   10.576031737278456     
        1724   6.0995543120701097                            NaN   10.579431733989120     
        1725   6.1000823807194386                            NaN   10.580808814967352     
        1726   6.1010503568071828                            NaN   10.583302231784089     
        1727   6.1025562106521836                            NaN   10.587192443592356     
        1728   6.1035474056631704                            NaN   10.589760678864179     
        1729   6.1048503111557961                            NaN   10.593151829608285     
        1730   6.1059241565150710                            NaN   10.595955029564166     
        1731   6.1066813586479309                            NaN   10.597929899697611     
        1732   6.1073372850123935                            NaN   10.599625642945156     
        1733   6.1082516118771117                            NaN   10.601990715707684     
        1734   6.1095125570932920                            NaN   10.605254807038788     
        1735   6.1102358159268633                            NaN   10.607134231932431     
        1736   6.1113807336794386                            NaN   10.610100033549008     
        1737   6.1123924108285710                            NaN   10.612738841794771     
        1738   6.1131675791620719                            NaN   10.614760933229629     
        1739   6.1145599599399203                            NaN   10.618363840239581     
        1740   6.1156317966918623                            NaN   10.621143298467047     
        1741   6.1168012157290423                            NaN   10.624165382390952     
        1742   6.1181703549624498                            NaN   10.627732894453304     
        1743   6.1195899818233777                            NaN   10.631428245330920     
        1744   6.1203667304683220                            NaN   10.633438433629948     
        1745   6.1213760457684225                            NaN   10.636061730362679     
        1746   6.1219697516452092                            NaN   10.637610070037468     
        1747   6.1225964316758468                            NaN   10.639237234870222     
        1748   6.1237727069061805                            NaN   10.642298876364391     
        1749   6.1242340699458806                            NaN   10.643504720771778     
        1750   6.1254393304463912                            NaN   10.646626896613158     
        1751   6.1268044795669541                            NaN   10.650189360304102     
        1752   6.1277674640904189                            NaN   10.652700915986722     
        1753   6.1288367473526471                            NaN   10.655494180532498     
        1754   6.1297682851534603                            NaN   10.657940819182295     
        1755   6.1307044056060374                            NaN   10.660388000647581     
        1756   6.1324996492604349                            NaN   10.665042960338591     
        1757   6.1334785219222425                            NaN   10.667597127123079     
        1758   6.1339554589022809                            NaN   10.668843631941943     
        1759   6.1346565321828734                            NaN   10.670662078135498     
        1760   6.1357188890790963                            NaN   10.673438018783754     
        1761   6.1362835675523417                            NaN   10.674910449721903     
        1762   6.1375191603392283                            NaN   10.678166323479681     
        1763   6.1386145824651424                            NaN   10.681014369182902     
        1764   6.1394743622998842                            NaN   10.683252286027937     
        1765   6.1406208751409803                            NaN   10.686237488789754     
        1766   6.1416312439692451                            NaN   10.688875655420262     
        1767   6.1426825198281509                            NaN   10.691649388269878     
        1768   6.1440657782828616                            NaN   10.695239105776313     
        1769   6.1446700576945528                            NaN   10.696810571979082     
        1770   6.1456996201325378                            NaN   10.699492207538878     
        1771   6.1470658720957534                            NaN   10.703051757967085     
        1772   6.1478136069606695                            NaN   10.705022982198740     
        1773   6.1482475194921040                            NaN   10.706157530328115     
        1774   6.1492262908664825                            NaN   10.708718261190089     
        1775   6.1501684960963194                            NaN   10.711169967177728     
        1776   6.1514335013499304                            NaN   10.714462934618947     
        1777   6.1526114585325056                            NaN   10.717523953737768     
        1778   6.1533671200613727                            NaN   10.719492935625940     
        1779   6.1543899754909601                            NaN   10.722162545900332     
        1780   6.1551515494171953                            NaN   10.724150303812385     
        1781   6.1557947457918694                            NaN   10.725831789024948     
        1782   6.1570135847549672                            NaN   10.729021809235997     
        1783   6.1575910849696474                            NaN   10.730523251151071     
        1784   6.1580605355501667                            NaN   10.731744741623796     
        1785   6.1591840454209486                            NaN   10.734669200087033     
        1786   6.1602936307335581                            NaN   10.737578812461141     
        1787   6.1615300838529965                            NaN   10.740799477539976     
        1788   6.1620021520475818                            NaN   10.742027131889875     
        1789   6.1624908949042165                            NaN   10.743305111623759     
        1790   6.1630772664720892                            NaN   10.744837649222713     
        1791   6.1641221437763942                            NaN   10.747557664828017     
        1792   6.1645293542335242                            NaN   10.748617810838395     
        1793   6.1654425434830138                            NaN   10.751021660346723     
        1794   6.1664870513708010                            NaN   10.753760746461486     
        1795   6.1672362576755742                            NaN   10.755727758465046     
        1796   6.1678742859183640                            NaN   10.757396847230613     
        1797   6.1687373707444424                            NaN   10.759647678621418     
        1798   6.1696960505515097                            NaN   10.762161342805257     
        1799   6.1703836033665711                            NaN   10.763971004881785     
        1800   6.1713595206628415                            NaN   10.766537196274244     
        1801   6.1720261105879120                            NaN   10.768280770244569     
        1802   6.1724896055827703                            NaN   10.769501876024497     
        1803   6.1730836291540649                            NaN   10.771048908206570     
        1804   6.1738149834655864                            NaN   10.772957916734176     
        1805   6.1743796045421808                            NaN   10.774439845936751     
        1806   6.1756848713729715                            NaN   10.777869414094258     
        1807   6.1762366871960364                            NaN   10.779328378349101     
        1808   6.1778081023743736                            NaN   10.783460384359227     
        1809   6.1783148598715094                            NaN   10.784788016552767     
        1810   6.1791173443510905                            NaN   10.786906876443974     
        1811   6.1799225916523870                            NaN   10.789016603018354     
        1812   6.1804269371534808                            NaN   10.790336492843920     
        1813   6.1814570770850752                            NaN   10.793022793519693     
        1814   6.1821725161129280                            NaN   10.794890528993628     
        1815   6.1835561929770497                            NaN   10.798490152503906     
        1816   6.1841970210583765                            NaN   10.800176971775924     
        1817   6.1848346858372238                            NaN   10.801856186972365     
        1818   6.1858519033813320                            NaN   10.804516478293957     
        1819   6.1863781450794546                            NaN   10.805899729288214     
        1820   6.1871766748009360                            NaN   10.807978652174265     
        1821   6.1878001774871416                            NaN   10.809608294729681     
        1822   6.1884518660758223                            NaN   10.811310643504310     
        1823   6.1897757532714071                            NaN   10.814808186332519     
        1824   6.1907254672656329                            NaN   10.817307369082350     
        1825   6.1920260712860848                            NaN   10.820724337023915     
        1826   6.1935419037723047                            NaN   10.824663507840942     
        1827   6.1946544510242552                            NaN   10.827567809786776     
        1828   6.1952002861239475                            NaN   10.829004958540061     
        1829   6.1966333387442480                            NaN   10.832781911636690     
        1830   6.1973551335218691                            NaN   10.834688870195585     
        1831   6.1984670371542325                            NaN   10.837632588396982     
        1832   6.1991338957450477                            NaN   10.839375547468979     
        1833   6.1999965701260917                            NaN   10.841635247012222     
        1834   6.2009105957058246                            NaN   10.844056293639282     
        1835   6.2019629821476450                            NaN   10.846813268269290     
        1836   6.2031054951213189                            NaN   10.849811534270007     
        1837   6.2037309695872001                            NaN   10.851455799373989     
        1838   6.2051404298125750                            NaN   10.855141555763703     
        1839   6.2055742517100141                            NaN   10.856286672935351     
        1840   6.2062540409224418                            NaN   10.858076854562935     
        1841   6.2069498354869648                            NaN   10.859911996283179     
        1842   6.2080460357777616                            NaN   10.862788002704793     
        1843   6.2089453284527494                            NaN   10.865150786129522     
        1844   6.2100320806866076                            NaN   10.868015342546823     
        1845   6.2109565341112489                            NaN   10.870447437179696     
        1846   6.2122447664852203                            NaN   10.873819164705619     
        1847   6.2133281928495254                            NaN   10.876668749795781     
        1848   6.2138533446407109                            NaN   10.878061903614265     
        1849   6.2151039214137338                            NaN   10.881378537413033     
        1850   6.2156573755353790                            NaN   10.882823754104376     
        1851   6.2160149926908277                            NaN   10.883770405158629     
        1852   6.2168236861207644                            NaN   10.885898486018490     
        1853   6.2178518324509167                            NaN   10.888582363724549     
        1854   6.2185661363856335                            NaN   10.890472152202731     
        1855   6.2192024859426294                            NaN   10.892152332195149     
        1856   6.2200981932681305                            NaN   10.894514069348498     
        1857   6.2209156794744276                            NaN   10.896666880040053     
        1858   6.2221638716002703                            NaN   10.899955272269192     
        1859   6.2230140748184875                            NaN   10.902192266523276     
        1860   6.2239057689623349                            NaN   10.904535518310436     
        1861   6.2246084070471825                            NaN   10.906381460764273     
        1862   6.2253747531121606                            NaN   10.908409782161234     
        1863   6.2263790753998798                            NaN   10.911038290333803     
        1864   6.2270529252104287                            NaN   10.912802046409166     
        1865   6.2279039972643009                            NaN   10.915041601200835     
        1866   6.2292991064079626                            NaN   10.918733784323880     
        1867   6.2307541123395938                            NaN   10.922558695565423     
        1868   6.2315941977357534                            NaN   10.924776023546507     
        1869   6.2321464695875779                            NaN   10.926229583524533     
        1870   6.2329631737155839                            NaN   10.928380496489876     
        1871   6.2337253246739763                            NaN   10.930404819082664     
        1872   6.2347754456721187                            NaN   10.933148947520355     
        1873   6.2359799597541903                            NaN   10.936337543401084     
        1874   6.2366212662378473                            NaN   10.938026197149011     
        1875   6.2377367882913779                            NaN   10.940968989674637     
        1876   6.2387481054867546                            NaN   10.943636946320380     
        1877   6.2397019976252324                            NaN   10.946143071976261     
        1878   6.2404654228437595                            NaN   10.948153793895070     
        1879   6.2415986894790159                            NaN   10.951123548237442     
        1880   6.2420677723101541                            NaN   10.952370052440168     
        1881   6.2432161256649445                            NaN   10.955373292989600     
        1882   6.2438726327306178                            NaN   10.957100251156493     
        1883   6.2443745299736664                            NaN   10.958425553692013     
        1884   6.2449755950818560                            NaN   10.960016041626647     
        1885   6.2463180795134665                            NaN   10.963556769796892     
        1886   6.2469646301198178                            NaN   10.965258056211340     
        1887   6.2479741183063755                            NaN   10.967924896613116     
        1888   6.2488363142464127                            NaN   10.970212698695466     
        1889   6.2495620879597196                            NaN   10.972141159895717     
        1890   6.2504359772096318                            NaN   10.974447775336852     
        1891   6.2514715744581100                            NaN   10.977211799985943     
        1892   6.2521995177749217                            NaN   10.979125458338611     
        1893   6.2530676719164742                            NaN   10.981409970084595     
        1894   6.2539570953185679                            NaN   10.983750568091176     
        1895   6.2551318027488758                            NaN   10.986844449767807     
        1896   6.2559151441009702                            NaN   10.988908409030396     
        1897   6.2573398947014898                            NaN   10.992675379342590     
        1898   6.2582651312174846                            NaN   10.995111984249252     
        1899   6.2590755813715884                            NaN   10.997262273698194     
        1900   6.2596187500232023                            NaN   10.998703774653501     
        1901   6.2604408382644863                            NaN   11.000869352010453     
        1902   6.2614325641684845                            NaN   11.003484915259985     
        1903   6.2619296810462579                            NaN   11.004795800700467     
        1904   6.2627121423549097                            NaN   11.006855469415296     
        1905   6.2633988788362860                            NaN   11.008675604655197     
        1906   6.2643225593506013                            NaN   11.011133382894158     
        1907   6.2647005296611384                            NaN   11.012133621973627     
        1908   6.2654768426457377                            NaN   11.014181251542714     
        1909   6.2658893775353635                            NaN   11.015271001921047     
        1910   6.2670458546492132                            NaN   11.018326417642893     
        1911   6.2681868797798597                            NaN   11.021330358187694     
        1912   6.2687161300055587                            NaN   11.022732808736414     
        1913   6.2696240985777880                            NaN   11.025120055169989     
        1914   6.2704005715666087                            NaN   11.027164806039359     
        1915   6.2715108007237328                            NaN   11.030103764871935     
        1916   6.2729133786235121                            NaN   11.033844656337056     
        1917   6.2736046310991451                            NaN   11.035669225251173     
        1918   6.2747258387534881                            NaN   11.038652904237782     
        1919   6.2754677994859520                            NaN   11.040612838845389     
        1920   6.2763587146236191                            NaN   11.042960566870178     
        1921   6.2769967179690331                            NaN   11.044645652601071     
        1922   6.2780227229123815                            NaN   11.047354706144080     
        1923   6.2788964677664243                            NaN   11.049672403214085     
        1924   6.2796648033524169                            NaN   11.051708530550112     
        1925   6.2801794726523310                            NaN   11.053076256424081     
        1926   6.2811739234781649                            NaN   11.055707508778745     
        1927   6.2820811202364677                            NaN   11.058113472067376     
        1928   6.2825328421299229                            NaN   11.059313342577294     
        1929   6.2835870422181692                            NaN   11.062107350760083     
        1930   6.2845201188833251                            NaN   11.064602480991857     
        1931   6.2853080660909351                            NaN   11.066706720341111     
        1932   6.2863460421242570                            NaN   11.069458468266079     
        1933   6.2871030089414912                            NaN   11.071468609898142     
        1934   6.2882511968158141                            NaN   11.074529433595496     
        1935   6.2888015727923499                            NaN   11.075981491632364     
        1936   6.2901832786084046                            NaN   11.079655711934457     
        1937   6.2913909687216796                            NaN   11.082855710007030     
        1938   6.2926863770487698                            NaN   11.086296249621716     
        1939   6.2935885717427560                            NaN   11.088704971278080     
        1940   6.2949258034500897                            NaN   11.092264200851940     
        1941   6.2956156766970404                            NaN   11.094092610792988     
        1942   6.2963751471302158                            NaN   11.096108320270185     
        1943   6.2974805177938817                            NaN   11.099034036784715     
        1944   6.2980672438840433                            NaN   11.100592140253145     
        1945   6.2989726580564440                            NaN   11.102992085439435     
        1946   6.2997184897099308                            NaN   11.104981301625839     
        1947   6.3007491694670437                            NaN   11.107749179672277     
        1948   6.3012665221654505                            NaN   11.109130219742884     
        1949   6.3021973964130442                            NaN   11.111607934719791     
        1950   6.3028205203802710                            NaN   11.113292922817786     
        1951   6.3036388424923127                            NaN   11.115458659430887     
        1952   6.3045941099841896                            NaN   11.117999431351233     
        1953   6.3056584290663658                            NaN   11.120822219679392     
        1954   6.3064814744866098                            NaN   11.123006389919732     
        1955   6.3074125547828288                            NaN   11.125501262267194     
        1956   6.3080245154604242                            NaN   11.127143440641905     
        1957   6.3091931434807362                            NaN   11.130241060636596     
        1958   6.3101666596637607                            NaN   11.132817029751445     
        1959   6.3110584562873555                            NaN   11.135203969625488     
        1960   6.3114936506823680                            NaN   11.136361317716418     
        1961   6.3124842920611126                            NaN   11.138977771254387     
        1962   6.3132364799394027                            NaN   11.140978514508042     
        1963   6.3145395255851078                            NaN   11.144432231261055     
        1964   6.3155340336921713                            NaN   11.147063255003895     
        1965   6.3168683528295144                            NaN   11.150619540638379     
        1966   6.3175690918098919                            NaN   11.152490781454288     
        1967   6.3186695567028082                            NaN   11.155418720880757     
        1968   6.3198880468574021                            NaN   11.158665918889781     
        1969   6.3211959078981934                            NaN   11.162158370284372     
        1970   6.3220972432722942                            NaN   11.164543860308020     
        1971   6.3227837164664242                            NaN   11.166375374220092     
        1972   6.3234733036888766                            NaN   11.168222612879299     
        1973   6.3245285517157681                            NaN   11.171021046049683     
        1974   6.3254459107160237                            NaN   11.173474139807940     
        1975   6.3263764709579933                            NaN   11.175954960353137     
        1976   6.3272401459309977                            NaN   11.178273901600669     
        1977   6.3277658593102419                            NaN   11.179685177832830     
        1978   6.3288123145483812                            NaN   11.182473126918584     
        1979   6.3299679407264273                            NaN   11.185573318674425     
        1980   6.3307846530563854                            NaN   11.187748404515824     
        1981   6.3317773269752387                            NaN   11.190378450430668     
        1982   6.3321791455641483                            NaN   11.191449757675315     
        1983   6.3332754777633840                            NaN   11.194382116914214     
        1984   6.3339816070508821                            NaN   11.196257879513393     
        1985   6.3344055627545490                            NaN   11.197393200052819     
        1986   6.3352136107246109                            NaN   11.199544463782406     
        1987   6.3358918800224924                            NaN   11.201377249608978     
        1988   6.3369038469286316                            NaN   11.204073255243523     
        1989   6.3377589214424841                            NaN   11.206347477942570     
        1990   6.3385263498749991                            NaN   11.208388471674379     
        1991   6.3396615859165477                            NaN   11.211405779819332     
        1992   6.3405755569875151                            NaN   11.213854280213274     
        1993   6.3411465868867145                            NaN   11.215375235181158     
        1994   6.3417546270254066                            NaN   11.216990670541286     
        1995   6.3425296304622893                            NaN   11.219054223177613     
        1996   6.3431970121833476                            NaN   11.220836395183429     
        1997   6.3438875747965877                            NaN   11.222677874151943     
        1998   6.3445976921029308                            NaN   11.224579112979928     
        1999   6.3450009014903923                            NaN   11.225658579380699     
        2000   6.3454369866497764                            NaN   11.226816361604818     
        2001   6.3466129193985932                            NaN   11.229977697803529     
        2002   6.3474540687458241                            NaN   11.232207660822050     
        2003   6.3490164525397006                            NaN   11.236404472060237     
        2004   6.3499501646555689                            NaN   11.238912318383601     
        2005   6.3510900283196072                            NaN   11.241984064348427     
        2006   6.3515618350494076                            NaN   11.243244748247514     
        2007   6.3524603478718236                            NaN   11.245625440846066     
        2008   6.3533923914540962                            NaN   11.248122720801176     
        2009   6.3545190739922432                            NaN   11.251136279180979     
        2010   6.3554814788534539                            NaN   11.253705763293418     
        2011   6.3563193244833398                            NaN   11.255962095071354     
        2012   6.3573509384023774                            NaN   11.258712951680632     
        2013   6.3579541636403700                            NaN   11.260318709401954     
        2014   6.3589069593174479                            NaN   11.262891042479584     
        2015   6.3598302895923018                            NaN   11.265386915217452     
        2016   6.3604615978937806                            NaN   11.267090493077912     
        2017   6.3612933294950968                            NaN   11.269320871964348     
        2018   6.3623522457349804                            NaN   11.272163360937038     
        2019   6.3631570414814798                            NaN   11.274314894952235     
        2020   6.3639643335938025                            NaN   11.276474140969585     
        2021   6.3645415244162802                            NaN   11.278026394746217     
        2022   6.3651960029055559                            NaN   11.279775686601422     
        2023   6.3661806440048796                            NaN   11.282413337595223     
        2024   6.3668055766005169                            NaN   11.284090422925253     
        2025   6.3674652631836599                            NaN   11.285853674579970     
        2026   6.3682093705447000                            NaN   11.287861669188958     
        2027   6.3693061472766974                            NaN   11.290817366146891     
        2028   6.3707403723421994                            NaN   11.294670662719323     
        2029   6.3717136564780201                            NaN   11.297297180971977     
        2030   6.3725546733262188                            NaN   11.299556237545520     
        2031   6.3731909535759925                            NaN   11.301276451453818     
        2032   6.3740737390851709                            NaN   11.303633794083396     
        2033   6.3750294797965781                            NaN   11.306188855387578     
        2034   6.3758229070040588                            NaN   11.308310706238689     
        2035   6.3767781432675763                            NaN   11.310889440836473     
        2036   6.3781249049611315                            NaN   11.314524977110743     
        2037   6.3789629441622058                            NaN   11.316772972797144     
        2038   6.3798447335043900                            NaN   11.319154249656544     
        2039   6.3804405575513901                            NaN   11.320755121921971     
        2040   6.3811942484468691                            NaN   11.322775267901067     
        2041   6.3818778917958445                            NaN   11.324615688052351     
        2042   6.3830671436050910                            NaN   11.327785280572815     
        2043   6.3837791477453525                            NaN   11.329692369804086     
        2044   6.3844861881952850                            NaN   11.331587356700892     
        2045   6.3851138176174160                            NaN   11.333274618634437     
        2046   6.3857144303365363                            NaN   11.334889557279299     
        2047   6.3867287194502644                            NaN   11.337629562496655     
        2048   6.3874130913653691                            NaN   11.339453018686964     
        2049   6.3884057907664458                            NaN   11.342114636521067     
        2050   6.3889349417971300                            NaN   11.343537698623075     
        2051   6.3898993101262374                            NaN   11.346107185235628     
        2052   6.3912519095752556                            NaN   11.349745719939424     
        2053   6.3923093703372436                            NaN   11.352593841217352     
        2054   6.3928404181485172                            NaN   11.354016129633306     
        2055   6.3937817817994844                            NaN   11.356565959435539     
        2056   6.3947182745978708                            NaN   11.359076033706906     
        2057   6.3956342050753259                            NaN   11.361540319560188     
        2058   6.3966644965967809                            NaN   11.364307010512647     
        2059   6.3970190049218569                            NaN   11.365258519347110     
        2060   6.3983573357353114                            NaN   11.368862538003805     
        2061   6.3989757144498389                            NaN   11.370528201786355     
        2062   6.3999099509288619                            NaN   11.373038260272356     
        2063   6.4008553436969153                            NaN   11.375584808936026     
        2064   6.4014415694871989                            NaN   11.377154323953366     
        2065   6.4024519030923930                            NaN   11.379872028155695     
        2066   6.4029541713621700                            NaN   11.381215833414803     
        2067   6.4033316194515209                            NaN   11.382227726577304     
        2068   6.4041469521041261                            NaN   11.384452626120410     
        2069   6.4057695865495976                            NaN   11.388794383361171     
        2070   6.4064068292729859                            NaN   11.390521288489387     
        2071   6.4077938591110755                            NaN   11.394263064822402     
        2072   6.4084649660973039                            NaN   11.396071100340352     
        2073   6.4092307935864454                            NaN   11.398121107640190     
        2074   6.4100231515715409                            NaN   11.400250673062938     
        2075   6.4111834290640815                            NaN   11.403364522571401     
        2076   6.4118668663020930                            NaN   11.405199572010142     
        2077   6.4124313128803410                            NaN   11.406715771895040     
        2078   6.4134098682317910                            NaN   11.409332268066663     
        2079   6.4145347035776634                            NaN   11.412376660399953     
        2080   6.4154992537965168                            NaN   11.414983964031183     
        2081   6.4160195232348229                            NaN   11.416382765699845     
        2082   6.4168664052845212                            NaN   11.418666661236625     
        2083   6.4178118914822360                            NaN   11.421203293060440     
        2084   6.4190905351287215                            NaN   11.424657433870120     
        2085   6.4197632219606620                            NaN   11.426477771951012     
        2086   6.4204104496796193                            NaN   11.428228814730115     
        2087   6.4209148477661984                            NaN   11.429587016029462     
        2088   6.4215132389096228                            NaN   11.431191972491460     
        2089   6.4225914704360019                            NaN   11.434113602043672     
        2090   6.4233082989644128                            NaN   11.436038171197998     
        2091   6.4242660444170454                            NaN   11.438629258734171     
        2092   6.4248341060331757                            NaN   11.440159301589679     
        2093   6.4258928274957867                            NaN   11.443025329130986     
        2094   6.4265451618293552                            NaN   11.444789631385511     
        2095   6.4277893643351103                            NaN   11.448159492870726     
        2096   6.4284869529587167                            NaN   11.450056865429252     
        2097   6.4294259301886427                            NaN   11.452571852170948     
        2098   6.4298323695892732                            NaN   11.453673303322244     
        2099   6.4304395447080127                            NaN   11.455308019196567     
        2100   6.4312184576813420                            NaN   11.457424275261562     
        2101   6.4317052302947078                            NaN   11.458735489253606     
        2102   6.4322947538653370                            NaN   11.460326727133488     
        2103   6.4335709161296588                            NaN   11.463758291169954     
        2104   6.4343721756015411                            NaN   11.465908303664367     
        2105   6.4349514752568853                            NaN   11.467464982897926     
        2106   6.4356477941139048                            NaN   11.469352014094737     
        2107   6.4362810919605220                            NaN   11.471065018438106     
        2108   6.4370344572109559                            NaN   11.473117147693765     
        2109   6.4376230414918538                            NaN   11.474720132747425     
        2110   6.4382164312362615                            NaN   11.476318762602505     
        2111   6.4388562941961967                            NaN   11.478051631662098     
        2112   6.4392274610493043                            NaN   11.479056081351882     
        2113   6.4402639654111011                            NaN   11.481865228320769     
        2114   6.4409921861054666                            NaN   11.483818746332446     
        2115   6.4415239271046953                            NaN   11.485261404393620     
        2116   6.4425296292536753                            NaN   11.487984533133650     
        2117   6.4429519767927372                            NaN   11.489125880004206     
        2118   6.4436109744726711                            NaN   11.490904711326916     
        2119   6.4442486329882964                            NaN   11.492632667675332     
        2120   6.4452822626427251                            NaN   11.495448813045680     
        2121   6.4468470599340080                            NaN   11.499686601910600     
        2122   6.4472546094520364                            NaN   11.500788708028525     
        2123   6.4480666111669747                            NaN   11.503005015802076     
        2124   6.4493013405436672                            NaN   11.506328369223359     
        2125   6.4502937280257324                            NaN   11.509019499070016     
        2126   6.4509972749965758                            NaN   11.510928207085563     
        2127   6.4519955963771363                            NaN   11.513614524968252     
        2128   6.4529387696527634                            NaN   11.516153208662178     
        2129   6.4538880278002875                            NaN   11.518727043876051     
        2130   6.4544200944994117                            NaN   11.520165517666971     
        2131   6.4553665845117632                            NaN   11.522725275738258     
        2132   6.4560844437102487                            NaN   11.524665191370765     
        2133   6.4570093403834150                            NaN   11.527175107361010     
        2134   6.4574459191402838                            NaN   11.528352856694884     
        2135   6.4581773454960043                            NaN   11.530322791334175     
        2136   6.4589581447084559                            NaN   11.532438415469043     
        2137   6.4602192475531073                            NaN   11.535857422103518     
        2138   6.4611714663864506                            NaN   11.538439314306499     
        2139   6.4620548371628086                            NaN   11.540828474646343     
        2140   6.4630510295410089                            NaN   11.543512306486550     
        2141   6.4639805149354599                            NaN   11.546053055806519     
        2142   6.4651528123753961                            NaN   11.549234398199435     
        2143   6.4659576533119338                            NaN   11.551424869704315     
        2144   6.4667958629688158                            NaN   11.553706872433972     
        2145   6.4682812478679921                            NaN   11.557712071356114     
        2146   6.4691448739059698                            NaN   11.560057692976782     
        2147   6.4704743431489167                            NaN   11.563645711722671     
        2148   6.4714925585760570                            NaN   11.566394785150269     
        2149   6.4721094789964315                            NaN   11.568072760294143     
        2150   6.4726958220722270                            NaN   11.569651950432876     
        2151   6.4736965392686781                            NaN   11.572362280128417     
        2152   6.4743815677825909                            NaN   11.574217369355683     
        2153   6.4749584380616607                            NaN   11.575783596086795     
        2154   6.4755747258817298                            NaN   11.577451068134456     
        2155   6.4763810772105073                            NaN   11.579653373467279     
        2156   6.4769393276344642                            NaN   11.581173872987581     
        2157   6.4779349573859166                            NaN   11.583886833345725     
        2158   6.4784736068332975                            NaN   11.585345724281812     
        2159   6.4792248115701003                            NaN   11.587388226619558     
        2160   6.4797914430835091                            NaN   11.588934446851880     
        2161   6.4805826706873235                            NaN   11.591060418758556     
        2162   6.4815809836355882                            NaN   11.593761675412159     
        2163   6.4821962337407131                            NaN   11.595431244269985     
        2164   6.4830814455159516                            NaN   11.597841092486256     
        2165   6.4842548487097762                            NaN   11.601051398052551     
        2166   6.4851860796803864                            NaN   11.603583567731679     
        2167   6.4859849031545052                            NaN   11.605758329251547     
        2168   6.4871995997004124                            NaN   11.609080026341587     
        2169   6.4878963429278782                            NaN   11.610973225618645     
        2170   6.4885627708325044                            NaN   11.612789459480961     
        2171   6.4898564219240553                            NaN   11.616303515798279     
        2172   6.4903528486206952                            NaN   11.617653584892789     
        2173   6.4909911492962449                            NaN   11.619386569163646     
        2174   6.4915004984006277                            NaN   11.620777193329351     
        2175   6.4919774139203472                            NaN   11.622074675184390     
        2176   6.4926364907236600                            NaN   11.623864678132282     
        2177   6.4934376419059472                            NaN   11.626058522137132     
        2178   6.4942395341090222                            NaN   11.628237680167551     
        2179   6.4948447691815998                            NaN   11.629882638512886     
        2180   6.4954521705813049                            NaN   11.631542595242916     
        2181   6.4959483365246999                            NaN   11.632898573174147     
        2182   6.4971980153353686                            NaN   11.636321058421178     
        2183   6.4980631256572012                            NaN   11.638668630040979     
        2184   6.4986052752311299                            NaN   11.640143353099480     
        2185   6.4992693141054776                            NaN   11.641948817369355     
        2186   6.4996909065011268                            NaN   11.643096592847524     
        2187   6.5007012861423972                            NaN   11.645851967973590     
        2188   6.5019919848628644                            NaN   11.649370733668754     
        2189   6.5024264002432144                            NaN   11.650557817382351     
        2190   6.5030226122590618                            NaN   11.652177953582779     
        2191   6.5035800561944512                            NaN   11.653693557655032     
        2192   6.5041853454300078                            NaN   11.655341942437811     
        2193   6.5051303892975385                            NaN   11.657922585572999     
        2194   6.5055829691332807                            NaN   11.659155692295879     
        2195   6.5060408362542272                            NaN   11.660403498199951     
        2196   6.5064193438154074                            NaN   11.661438577541736     
        2197   6.5070347400325117                            NaN   11.663117192104821     
        2198   6.5081089378351988                            NaN   11.666022545084086     
        2199   6.5089121713113114                            NaN   11.668219580442615     
        2200   6.5095094255272112                            NaN   11.669857979143835     
        2201   6.5099313725321668                            NaN   11.671006442062787     
        2202   6.5105064719908423                            NaN   11.672588968658765     
        2203   6.5114190455136480                            NaN   11.675071818844128     
        2204   6.5117862879509190                            NaN   11.676080983411580     
        2205   6.5122942381325544                            NaN   11.677462342717119     
        2206   6.5128417667772878                            NaN   11.678953514524437     
        2207   6.5138941358629294                            NaN   11.681826877767495     
        2208   6.5147535647739661                            NaN   11.684162031796083     
        2209   6.5164339814117174                            NaN   11.688776146710115     
        2210   6.5171938721344276                            NaN   11.690831459840796     
        2211   6.5176951042299249                            NaN   11.692197437576651     
        2212   6.5182967137421048                            NaN   11.693832718330453     
        2213   6.5188041282918032                            NaN   11.695215529023603     
        2214   6.5195877690970221                            NaN   11.697354260575185     
        2215   6.5203502213492994                            NaN   11.699442573304562     
        2216   6.5210312246045063                            NaN   11.701307164302275     
        2217   6.5216857577784335                            NaN   11.703087544632883     
        2218   6.5220392162283831                            NaN   11.704050119523254     
        2219   6.5224281353720190                            NaN   11.705102448281604     
        2220   6.5230818142029516                            NaN   11.706883162188278     
        2221   6.5237407111786023                            NaN   11.708667208916248     
        2222   6.5240123709320157                            NaN   11.709404029000657     
        2223   6.5244709799073117                            NaN   11.710654580311749     
        2224   6.5250595904888824                            NaN   11.712260880474615     
        2225   6.5258374269901847                            NaN   11.714403226632577     
        2226   6.5265551119322351                            NaN   11.716355822789081     
        2227   6.5271378766139323                            NaN   11.717946798708279     
        2228   6.5278821504979145                            NaN   11.719996804356835     
        2229   6.5286797544441502                            NaN   11.722178967370663     
        2230   6.5297295030977356                            NaN   11.725040291718114     
        2231   6.5304257593669757                            NaN   11.726940316683358     
        2232   6.5310391702873414                            NaN   11.728624552787446     
        2233   6.5318132206900517                            NaN   11.730741411970190     
        2234   6.5328026841605196                            NaN   11.733415217441470     
        2235   6.5336876452576718                            NaN   11.735836718497589     
        2236   6.5343335858838429                            NaN   11.737609592696709     
        2237   6.5352472855958483                            NaN   11.740105640702907     
        2238   6.5359776748807237                            NaN   11.742101589447918     
        2239   6.5371507011023962                            NaN   11.745289868693835     
        2240   6.5380417025066269                            NaN   11.747736271087073     
        2241   6.5388714365905276                            NaN   11.750013093187338     
        2242   6.5396139395158226                            NaN   11.752061549261814     
        2243   6.5403190615021085                            NaN   11.753992529133381     
        2244   6.5412437078923773                            NaN   11.756527176954155     
        2245   6.5420323822952442                            NaN   11.758700278822996     
        2246   6.5431366829836035                            NaN   11.761720609540685     
        2247   6.5436427970337814                            NaN   11.763112163192270     
        2248   6.5448552775148885                            NaN   11.766418685283773     
        2249   6.5454901537793235                            NaN   11.768162568841237     
        2250   6.5466342839211134                            NaN   11.771296435110091     
        2251   6.5474253680935321                            NaN   11.773456026594001     
        2252   6.5481802086352472                            NaN   11.775521612228896     
        2253   6.5492862389712716                            NaN   11.778520548510548     
        2254   6.5498833841270407                            NaN   11.780156233517049     
        2255   6.5503406937569739                            NaN   11.781405885830091     
        2256   6.5511821781172062                            NaN   11.783727674777612     
        2257   6.5517142293517736                            NaN   11.785197264382258     
        2258   6.5521827271972386                            NaN   11.786487667739006     
        2259   6.5527678653407886                            NaN   11.788094566391976     
        2260   6.5538206313493692                            NaN   11.790962828879440     
        2261   6.5546996588002928                            NaN   11.793389090364833     
        2262   6.5551514916564475                            NaN   11.794638370798282     
        2263   6.5559587912549535                            NaN   11.796851367728348     
        2264   6.5568932217655673                            NaN   11.799404825266411     
        2265   6.5577117140749221                            NaN   11.801650840689451     
        2266   6.5585199417417588                            NaN   11.803859422700436     
        2267   6.5594568326994196                            NaN   11.806434230204049     
        2268   6.5600109051237938                            NaN   11.807960814400479     
        2269   6.5608960285430298                            NaN   11.810365181223329     
        2270   6.5616103343681162                            NaN   11.812317908121477     
        2271   6.5620099975514723                            NaN   11.813411589278481     
        2272   6.5629456905839776                            NaN   11.815983745752149     
        2273   6.5638545571676676                            NaN   11.818478089315915     
        2274   6.5647822429401455                            NaN   11.821020644064063     
        2275   6.5655075995545591                            NaN   11.823008045734710     
        2276   6.5659749403242715                            NaN   11.824290481549129     
        2277   6.5666922156086596                            NaN   11.826255712357945     
        2278   6.5673675632724535                            NaN   11.828106273960502     
        2279   6.5679668919571181                            NaN   11.829745108490908     
        2280   6.5690447047259735                            NaN   11.832694859482334     
        2281   6.5704549292896415                            NaN   11.836574219870206     
        2282   6.5714258396422052                            NaN   11.839260478432299     
        2283   6.5722320537980021                            NaN   11.841499868495706     
        2284   6.5731598693370046                            NaN   11.844049312291421     
        2285   6.5738482452889873                            NaN   11.845943558962261     
        2286   6.5745007953753056                            NaN   11.847749746269788     
        2287   6.5749193922009823                            NaN   11.848898825952725     
        2288   6.5759576308230221                            NaN   11.851745182445963     
        2289   6.5767477338394329                            NaN   11.853906965382217     
        2290   6.5773516004804318                            NaN   11.855580869748836     
        2291   6.5783216641003985                            NaN   11.858270869206340     
        2292   6.5793043895970200                            NaN   11.860973409016555     
        2293   6.5799431299160576                            NaN   11.862720844951411     
        2294   6.5807424127697711                            NaN   11.864910682157594     
        2295   6.5815785818726651                            NaN   11.867203419769835     
        2296   6.5822578469526132                            NaN   11.869061639759206     
        2297   6.5828476005701528                            NaN   11.870688479723398     
        2298   6.5836268436991006                            NaN   11.872832461399600     
        2299   6.5847460090722736                            NaN   11.875907370586940     
        2300   6.5853595381207173                            NaN   11.877599920351521     
        2301   6.5862901744871367                            NaN   11.880176992040976     
        2302   6.5869487720843596                            NaN   11.881991429779884     
        2303   6.5874865857301383                            NaN   11.883478558333021     
        2304   6.5881212920191983                            NaN   11.885221493791722     
        2305   6.5886168222733374                            NaN   11.886583356081770     
        2306   6.5893431401165170                            NaN   11.888574754567918     
        2307   6.5899684373970873                            NaN   11.890288084017111     
        2308   6.5906808043048342                            NaN   11.892236697732944     
        2309   6.5916102005403969                            NaN   11.894802999838754     
        2310   6.5923781434949316                            NaN   11.896910889658118     
        2311   6.5932946025459795                            NaN   11.899462103443758     
        2312   6.5939579574576470                            NaN   11.901285351737366     
        2313   6.5944818462264081                            NaN   11.902727246331821     
        2314   6.5952457118622423                            NaN   11.904851805944951     
        2315   6.5956140784848047                            NaN   11.905859711388295     
        2316   6.5960586668365222                            NaN   11.907083193993046     
        2317   6.5969071065894171                            NaN   11.909410816442172     
        2318   6.5976366699954498                            NaN   11.911421797975381     
        2319   6.5984442415881563                            NaN   11.913650462136175     
        2320   6.5993644160848630                            NaN   11.916188320021428     
        2321   6.6002222583339645                            NaN   11.918551151491041     
        2322   6.6005786270129221                            NaN   11.919533187482530     
        2323   6.6010216094321335                            NaN   11.920760145990826     
        2324   6.6016080814451499                            NaN   11.922380724578568     
        2325   6.6020888845029946                            NaN   11.923706072901107     
        2326   6.6025597208113114                            NaN   11.925002636890108     
        2327   6.6034495516070750                            NaN   11.927459378546304     
        2328   6.6041190375616665                            NaN   11.929316843981699     
        2329   6.6049584567926107                            NaN   11.931616283220903     
        2330   6.6055801356962842                            NaN   11.933341378247865     
        2331   6.6063272789914453                            NaN   11.935386307613630     
        2332   6.6068698162166815                            NaN   11.936876450674708     
        2333   6.6075849527306589                            NaN   11.938850183751791     
        2334   6.6083522279581262                            NaN   11.940950894076675     
        2335   6.6090142087448429                            NaN   11.942780260321916     
        2336   6.6096631358775166                            NaN   11.944557773950523     
        2337   6.6106513463689485                            NaN   11.947280036285601     
        2338   6.6118734174688543                            NaN   11.950669621335059     
        2339   6.6129802257781396                            NaN   11.953710735983631     
        2340   6.6137744438462294                            NaN   11.955891050559520     
        2341   6.6143911693562218                            NaN   11.957585575889906     
        2342   6.6151357398853845                            NaN   11.959649876465871     
        2343   6.6157138168183902                            NaN   11.961243708547514     
        2344   6.6162668427304183                            NaN   11.962775604405866     
        2345   6.6171155691730474                            NaN   11.965118355561206     
        2346   6.6179840104116323                            NaN   11.967532122440371     
        2347   6.6187492652114397                            NaN   11.969655010230969     
        2348   6.6198106936020498                            NaN   11.972576016397500     
        2349   6.6208996498149491                            NaN   11.975596536043744     
        2350   6.6218172238189084                            NaN   11.978125492800114     
        2351   6.6223714236470190                            NaN   11.979659927348242     
        2352   6.6235575178216708                            NaN   11.982937248378116     
        2353   6.6244501347651035                            NaN   11.985391838866093     
        2354   6.6249962160294418                            NaN   11.986913574683161     
        2355   6.6256233187282998                            NaN   11.988656361910591     
        2356   6.6264085895677640                            NaN   11.990835299535069     
        2357   6.6272772900919463                            NaN   11.993245172678257     
        2358   6.6279458578681254                            NaN   11.995095075048720     
        2359   6.6285665097550863                            NaN   11.996809249614126     
        2360   6.6291261477523502                            NaN   11.998361072522622     
        2361   6.6297867514506308                            NaN   12.000190287623616     
        2362   6.6310000204893074                            NaN   12.003560508706244     
        2363   6.6320121658056364                            NaN   12.006368420340424     
        2364   6.6324757123871079                            NaN   12.007655251991022     
        2365   6.6334232139613363                            NaN   12.010279452418798     
        2366   6.6339833271158399                            NaN   12.011833676691285     
        2367   6.6347376061794368                            NaN   12.013931980276112     
        2368   6.6355259442463481                            NaN   12.016132856469842     
        2369   6.6362752797372391                            NaN   12.018196414776259     
        2370   6.6369227799672199                            NaN   12.019979520844380     
        2371   6.6378208108835510                            NaN   12.022463245904234     
        2372   6.6381953007960748                            NaN   12.023503510176122     
        2373   6.6388112992827244                            NaN   12.025210243572849     
        2374   6.6397404881498376                            NaN   12.027801630132739     
        2375   6.6404204478338631                            NaN   12.029684376338309     
        2376   6.6408889980602464                            NaN   12.030987641183241     
        2377   6.6419661895974986                            NaN   12.033986640569102     
        2378   6.6428035630281883                            NaN   12.036304365849123     
        2379   6.6433210906361184                            NaN   12.037734132266854     
        2380   6.6437984392205180                            NaN   12.039050046083791     
        2381   6.6448157349026093                            NaN   12.041874211255754     
        2382   6.6456091499986254                            NaN   12.044086703103144     
        2383   6.6460800591501794                            NaN   12.045389971632954     
        2384   6.6465138326376687                            NaN   12.046596116590781     
        2385   6.6475632873224528                            NaN   12.049489203443787     
        2386   6.6481668875161146                            NaN   12.051168218779656     
        2387   6.6492100875246880                            NaN   12.054065496396259     
        2388   6.6498626167324293                            NaN   12.055872870098611     
        2389   6.6509063745690797                            NaN   12.058790362859240     
        2390   6.6515295217223125                            NaN   12.060521342846274     
        2391   6.6519917528823402                            NaN   12.061803792469551     
        2392   6.6524062503219650                            NaN   12.062951711223878     
        2393   6.6530570402804274                            NaN   12.064756338868074     
        2394   6.6539099776271726                            NaN   12.067125127689367     
        2395   6.6545205367020177                            NaN   12.068828056013643     
        2396   6.6551481471977612                            NaN   12.070584995161028     
        2397   6.6559347155637791                            NaN   12.072757019216171     
        2398   6.6563028325202662                            NaN   12.073780684206586     
        2399   6.6570434351580330                            NaN   12.075849339923181     
        2400   6.6579361893508864                            NaN   12.078313845429831     
        2401   6.6585168132359103                            NaN   12.079923533802580     
        2402   6.6591698922376086                            NaN   12.081748834055441     
        2403   6.6599266809916333                            NaN   12.083858336893991     
        2404   6.6603128014383923                            NaN   12.084932275133031     
        2405   6.6609509338326065                            NaN   12.086696330648758     
        2406   6.6614436206141123                            NaN   12.088063927428792     
        2407   6.6618693056223437                            NaN   12.089247679052644     
        2408   6.6623658563894477                            NaN   12.090618384719543     
        2409   6.6631441090134036                            NaN   12.092797367808689     
        2410   6.6638203164776311                            NaN   12.094655591504161     
        2411   6.6646507609245891                            NaN   12.096976175240902     
        2412   6.6655276902554998                            NaN   12.099394203189657     
        2413   6.6664845083312070                            NaN   12.102060250670380     
        2414   6.6670825306674830                            NaN   12.103723864669707     
        2415   6.6678829936129969                            NaN   12.105967761479741     
        2416   6.6689904907075199                            NaN   12.109042478968735     
        2417   6.6696965398043346                            NaN   12.111010328649447     
        2418   6.6709348979461254                            NaN   12.114445236075721     
        2419   6.6718085778268916                            NaN   12.116885539626896     
        2420   6.6729237101276109                            NaN   12.119994887017688     
        2421   6.6741505356865591                            NaN   12.123409569337312     
        2422   6.6747770456530180                            NaN   12.125149429303917     
        2423   6.6754876044212406                            NaN   12.127136987205555     
        2424   6.6761025678202204                            NaN   12.128859190858281     
        2425   6.6765175317257333                            NaN   12.130007791424706     
        2426   6.6774056207296244                            NaN   12.132457754478409     
        2427   6.6780222182994065                            NaN   12.134160514373859     
        2428   6.6784854273732135                            NaN   12.135450049774107     
        2429   6.6794135283544591                            NaN   12.138043838989169     
        2430   6.6799219815942354                            NaN   12.139478329200603     
        2431   6.6810643847488738                            NaN   12.142655260583560     
        2432   6.6817835061171564                            NaN   12.144634136844983     
        2433   6.6826145048933299                            NaN   12.146966539075894     
        2434   6.6832279173267484                            NaN   12.148669883471735     
        2435   6.6837633078764966                            NaN   12.150155348155320     
        2436   6.6843516895674639                            NaN   12.151802951000827     
        2437   6.6847915716671977                            NaN   12.153019942497663     
        2438   6.6855476329377641                            NaN   12.155109006938670     
        2439   6.6862307429330556                            NaN   12.157017154329228     
        2440   6.6870564963710901                            NaN   12.159306155398776     
        2441   6.6879220291753709                            NaN   12.161708006701391     
        2442   6.6889677731132666                            NaN   12.164621512448928     
        2443   6.6898267674065934                            NaN   12.167030867633020     
        2444   6.6901426945582259                            NaN   12.167909701967629     
        2445   6.6908992154170024                            NaN   12.170011536531497     
        2446   6.6915403801689521                            NaN   12.171804524891781     
        2447   6.6924457880647328                            NaN   12.174328873256000     
        2448   6.6932837381636903                            NaN   12.176670978956654     
        2449   6.6940695759554263                            NaN   12.178859237392766     
        2450   6.6948033156978255                            NaN   12.180900492691192     
        2451   6.6953886034567534                            NaN   12.182552475368958     
        2452   6.6961258602326881                            NaN   12.184617934270607     
        2453   6.6967686065163647                            NaN   12.186417911525400     
        2454   6.6976757364258956                            NaN   12.188939457776614     
        2455   6.6985504166554124                            NaN   12.191363255053453     
        2456   6.6993785718190564                            NaN   12.193665063107712     
        2457   6.6999045616064432                            NaN   12.195123979518959     
        2458   6.7006160289057632                            NaN   12.197115303096925     
        2459   6.7013231387896042                            NaN   12.199086394780156     
        2460   6.7021680733654039                            NaN   12.201439343919898     
        2461   6.7030730544905621                            NaN   12.203958982054511     
        2462   6.7041769188657696                            NaN   12.207029227794647     
        2463   6.7049523980866468                            NaN   12.209191394288993     
        2464   6.7057886163799321                            NaN   12.211513409479974     
        2465   6.7068507481336130                            NaN   12.214474521802765     
        2466   6.7076564179741949                            NaN   12.216722890245315     
        2467   6.7081805748045937                            NaN   12.218186468651142     
        2468   6.7093692596965040                            NaN   12.221481029203909     
        2469   6.7100334384757563                            NaN   12.223343095620061     
        2470   6.7106536193853801                            NaN   12.225078876823957     
        2471   6.7115881194700577                            NaN   12.227675685552446     
        2472   6.7124963330639078                            NaN   12.230234766067126     
        2473   6.7132628747525356                            NaN   12.232376130295702     
        2474   6.7137492765017530                            NaN   12.233739177972391     
        2475   6.7144002529629585                            NaN   12.235564654384422     
        2476   6.7148603652275813                            NaN   12.236845310805734     
        2477   6.7158355404787873                            NaN   12.239582146903439     
        2478   6.7167593308361067                            NaN   12.242155822689210     
        2479   6.7176159888733284                            NaN   12.244560561924557     
        2480   6.7184386188911587                            NaN   12.246856527230266     
        2481   6.7189454557422978                            NaN   12.248278342990789     
        2482   6.7197067328740614                            NaN   12.250390776412820     
        2483   6.7203866990693939                            NaN   12.252293427953434     
        2484   6.7212055489131703                            NaN   12.254579491433500     
        2485   6.7221070762995057                            NaN   12.257102375216702     
        2486   6.7229547715357256                            NaN   12.259470400339300     
        2487   6.7237225801231704                            NaN   12.261617508855149     
        2488   6.7241653936736823                            NaN   12.262847401245779     
        2489   6.7246852547701597                            NaN   12.264295930039435     
        2490   6.7253996270237000                            NaN   12.266299608803408     
        2491   6.7262097375297305                            NaN   12.268592337519710     
        2492   6.7268739169212255                            NaN   12.270476458185929     
        2493   6.7274341955482058                            NaN   12.272043935427142     
        2494   6.7279067847021308                            NaN   12.273374786860709     
        2495   6.7293903303897578                            NaN   12.277520360077695     
        2496   6.7304213779850617                            NaN   12.280398586582340     
        2497   6.7313615376782892                            NaN   12.283026827933224     
        2498   6.7322416403365013                            NaN   12.285472889750599     
        2499   6.7327592546233843                            NaN   12.286916780618990     
        2500   6.7336475259464761                            NaN   12.289387091751454     
        2501   6.7342351557964433                            NaN   12.291031210084984     
        2502   6.7349557716525323                            NaN   12.293055787073204     
        2503   6.7356138303210766                            NaN   12.294889815490761     
        2504   6.7367967941824034                            NaN   12.298211907929110     
        2505   6.7382447890092250                            NaN   12.302271436374559     
        2506   6.7392810943704955                            NaN   12.305206365325613     
        2507   6.7400548616195710                            NaN   12.307368052606646     
        2508   6.7405792263213202                            NaN   12.308838583344132     
        2509   6.7410807500275975                            NaN   12.310241518059410     
        2510   6.7416437733551575                            NaN   12.311817822081739     
        2511   6.7424732056609402                            NaN   12.314151322766699     
        2512   6.7431658644166887                            NaN   12.316088587070897     
        2513   6.7437576843191662                            NaN   12.317749955449035     
        2514   6.7442818752134546                            NaN   12.319218288612388     
        2515   6.7452991924766534                            NaN   12.322064304932113     
        2516   6.7466692662207803                            NaN   12.325907500691470     
        2517   6.7479241824275631                            NaN   12.329435055880502     
        2518   6.7485708643884923                            NaN   12.331234456769906     
        2519   6.7490428179991913                            NaN   12.332565821359157     
        2520   6.7498190362867332                            NaN   12.334760999018139     
        2521   6.7504188680498585                            NaN   12.336438441212310     
        2522   6.7509017814327406                            NaN   12.337787029224026     
        2523   6.7518162231284151                            NaN   12.340355991665092     
        2524   6.7520216126047981                            NaN   12.340933418080121     
        2525   6.7530614396967339                            NaN   12.343867881328984     
        2526   6.7539479701579523                            NaN   12.346374936362077     
        2527   6.7545546342423446                            NaN   12.348099130412185     
        2528   6.7554184361217251                            NaN   12.350525790497072     
        2529   6.7559795359982049                            NaN   12.352100520529088     
        2530   6.7565704269531777                            NaN   12.353752143097612     
        2531   6.7569059223425656                            NaN   12.354694818748039     
        2532   6.7581717750252581                            NaN   12.358269847886529     
        2533   6.7589078558201097                            NaN   12.360336201509680     
        2534   6.7596108318191366                            NaN   12.362305516390059     
        2535   6.7601392263751992                            NaN   12.363786661042754     
        2536   6.7608017219367937                            NaN   12.365631702898252     
        2537   6.7612970707443028                            NaN   12.367037839421418     
        2538   6.7620365296349956                            NaN   12.369125149803377     
        2539   6.7632422190683261                            NaN   12.372541194133454     
        2540   6.7641180166128381                            NaN   12.374992628740973     
        2541   6.7647559545567635                            NaN   12.376777123892527     
        2542   6.7663569257739535                            NaN   12.381263311823719     
        2543   6.7667981764923990                            NaN   12.382510154315231     
        2544   6.7677716790669793                            NaN   12.385234490793339     
        2545   6.7685855091422198                            NaN   12.387543281426186     
        2546   6.7692636599808793                            NaN   12.389448413586262     
        2547   6.7705977578731673                            NaN   12.393196356721196     
        2548   6.7714180623522982                            NaN   12.395510905849676     
        2549   6.7719222302433195                            NaN   12.396924575870161     
        2550   6.7729786095412239                            NaN   12.399910820175769     
        2551   6.7737942217864013                            NaN   12.402196167289059     
        2552   6.7744549920064046                            NaN   12.404049273006532     
        2553   6.7750018043992153                            NaN   12.405594526330644     
        2554   6.7758546037739222                            NaN   12.407992997774041     
        2555   6.7765948249673595                            NaN   12.410080136947364     
        2556   6.7775444522001305                            NaN   12.412772717559061     
        2557   6.7785038745373907                            NaN   12.415458050301297     
        2558   6.7790474147828892                            NaN   12.416993915631775     
        2559   6.7796510257899127                            NaN   12.418698398425807     
        2560   6.7804527214852950                            NaN   12.420965831808267     
        2561   6.7812515155640636                            NaN   12.423214380481571     
        2562   6.7817944315602530                            NaN   12.424741170424440     
        2563   6.7825387342299281                            NaN   12.426840540493348     
        2564   6.7833666796143799                            NaN   12.429171830100703     
        2565   6.7844956762641191                            NaN   12.432350546335559     
        2566   6.7851982569159786                            NaN   12.434320968745109     
        2567   6.7859598512469450                            NaN   12.436492535543113     
        2568   6.7868472983985484                            NaN   12.439000972840143     
        2569   6.7875276164525173                            NaN   12.440926357960851     
        2570   6.7880053681128585                            NaN   12.442273893758507     
        2571   6.7886326678522035                            NaN   12.444041247726165     
        2572   6.7894391972136372                            NaN   12.446310352828018     
        2573   6.7902111705060859                            NaN   12.448497811758580     
        2574   6.7907883411709467                            NaN   12.450124158676596     
        2575   6.7915941848577175                            NaN   12.452383554937260     
        2576   6.7918847356204965                            NaN   12.453200647029460     
        2577   6.7925970261923467                            NaN   12.455207483145493     
        2578   6.7932694772679394                            NaN   12.457093916744764     
        2579   6.7939680093922634                            NaN   12.459051800452027     
        2580   6.7950951730096865                            NaN   12.462230420317795     
        2581   6.7956387926933361                            NaN   12.463770306632352     
        2582   6.7962592651294216                            NaN   12.465522454126525     
        2583   6.7972865897744654                            NaN   12.468401842086498     
        2584   6.7980547172207961                            NaN   12.470573073932607     
        2585   6.7987331319031146                            NaN   12.472497043792723     
        2586   6.7995608251341135                            NaN   12.474827576530064     
        2587   6.8000624189271077                            NaN   12.476243971996009     
        2588   6.8007736979309712                            NaN   12.478250201684149     
        2589   6.8011951516907514                            NaN   12.479439573910437     
        2590   6.8018833550901379                            NaN   12.481388817768581     
        2591   6.8022234293394890                            NaN   12.482351928503467     
        2592   6.8028515771454083                            NaN   12.484127139736696     
        2593   6.8035928994270787                            NaN   12.486224342189697     
        2594   6.8045462554940048                            NaN   12.488916074644475     
        2595   6.8053304051702552                            NaN   12.491148924949691     
        2596   6.8062691287582933                            NaN   12.493808311347269     
        2597   6.8066192967133432                            NaN   12.494801996181780     
        2598   6.8072132228386666                            NaN   12.496500591216469     
        2599   6.8077705782035256                            NaN   12.498063400253665     
        2600   6.8083089957659384                            NaN   12.499583606094024     
        2601   6.8088301919296184                            NaN   12.501050197752551     
        2602   6.8096120325200094                            NaN   12.503268652856860     
        2603   6.8102990137728527                            NaN   12.505219425097335     
        2604   6.8111557727637875                            NaN   12.507648544741826     
        2605   6.8117672326256029                            NaN   12.509389485553001     
        2606   6.8124502828437530                            NaN   12.511330973030089     
        2607   6.8130192492930748                            NaN   12.512944638838885     
        2608   6.8135770407413503                            NaN   12.514517391202066     
        2609   6.8141871333400843                            NaN   12.516245833060427     
        2610   6.8149705180324975                            NaN   12.518458452683664     
        2611   6.8154462873801887                            NaN   12.519810167946517     
        2612   6.8161142850504408                            NaN   12.521697850380978     
        2613   6.8168578947035341                            NaN   12.523799823131668     
        2614   6.8174692473063443                            NaN   12.525518959944531     
        2615   6.8178617656834417                            NaN   12.526626535173738     
        2616   6.8186290862600600                            NaN   12.528786157955077     
        2617   6.8190709039598234                            NaN   12.530034574019336     
        2618   6.8200269700246015                            NaN   12.532724881371299     
        2619   6.8208177593244956                            NaN   12.534956742088148     
        2620   6.8213759140057011                            NaN   12.536540510754438     
        2621   6.8217825955948257                            NaN   12.537686869781757     
        2622   6.8229114267347439                            NaN   12.540896140685049     
        2623   6.8235035445995225                            NaN   12.542576088057496     
        2624   6.8243544321675058                            NaN   12.544984200001489     
        2625   6.8249839938569110                            NaN   12.546773617562167     
        2626   6.8258307449165185                            NaN   12.549157588151129     
        2627   6.8267340504141059                            NaN   12.551708559378726     
        2628   6.8274195368056070                            NaN   12.553647614564753     
        2629   6.8279927540335592                            NaN   12.555255701092031     
        2630   6.8285546618124657                            NaN   12.556833293034453     
        2631   6.8290176016455266                            NaN   12.558150113340245     
        2632   6.8296759165624108                            NaN   12.560008706288905     
        2633   6.8300535898693173                            NaN   12.561075167710062     
        2634   6.8308206740131441                            NaN   12.563261683454662     
        2635   6.8316114944399917                            NaN   12.565508150864151     
        2636   6.8321391393723276                            NaN   12.566996645176534     
        2637   6.8329648958112301                            NaN   12.569327733136841     
        2638   6.8337956852518378                            NaN   12.571690086603684     
        2639   6.8343515793686223                            NaN   12.573279959161784     
        2640   6.8349838691099221                            NaN   12.575069037264720     
        2641   6.8355681477760868                            NaN   12.576725793467443     
        2642   6.8363303946887246                            NaN   12.578898194995322     
        2643   6.8368880526730091                            NaN   12.580478865256580     
        2644   6.8376879766125267                            NaN   12.582749743178772     
        2645   6.8380916287974589                            NaN   12.583900367831854     
        2646   6.8386813046255712                            NaN   12.585566616502861     
        2647   6.8395264139762642                            NaN   12.587960526958252     
        2648   6.8403884934795656                            NaN   12.590404683846787     
        2649   6.8413878354688560                            NaN   12.593221138994725     
        2650   6.8420416746589154                            NaN   12.595056060963792     
        2651   6.8424474978312073                            NaN   12.596209051566643     
        2652   6.8433471824937184                            NaN   12.598762790395529     
        2653   6.8441307227866304                            NaN   12.600980154742979     
        2654   6.8448810544480256                            NaN   12.603083497203563     
        2655   6.8453598496348720                            NaN   12.604444275378013     
        2656   6.8466003117911045                            NaN   12.607968123474540     
        2657   6.8471355157616429                            NaN   12.609486163046677     
        2658   6.8481167228512705                            NaN   12.612281467413947     
        2659   6.8490986961144555                            NaN   12.615073536952874     
        2660   6.8496873934882574                            NaN   12.616756559601559     
        2661   6.8504642246016534                            NaN   12.618957784086387     
        2662   6.8510252590299627                            NaN   12.620549797847264     
        2663   6.8516182012621982                            NaN   12.622234116694647     
        2664   6.8525273098328885                            NaN   12.624820703654882     
        2665   6.8532108275080077                            NaN   12.626771556262844     
        2666   6.8538066929837527                            NaN   12.628475446333789     
        2667   6.8546142931371374                            NaN   12.630777901675151     
        2668   6.8556852327707727                            NaN   12.633839835192441     
        2669   6.8563819132582555                            NaN   12.635810903929080     
        2670   6.8569061837806959                            NaN   12.637312952621768     
        2671   6.8576904843798108                            NaN   12.639558739720965     
        2672   6.8582057181769560                            NaN   12.641021178901145     
        2673   6.8594342831776931                            NaN   12.644501562323896     
        2674   6.8598105168555303                            NaN   12.645565511778226     
        2675   6.8603411573889499                            NaN   12.647077330632676     
        2676   6.8608539506602382                            NaN   12.648527061421600     
        2677   6.8617016553896217                            NaN   12.650941613037388     
        2678   6.8624510589404988                            NaN   12.653077448888073     
        2679   6.8630117630959884                            NaN   12.654660752260913     
        2680   6.8640731323017210                            NaN   12.657667956324824     
        2681   6.8646906125726961                            NaN   12.659431094795560     
        2682   6.8652946761672098                            NaN   12.661140225840420     
        2683   6.8660534085785496                            NaN   12.663309881844004     
        2684   6.8664682628020204                            NaN   12.664492513985289     
        2685   6.8671020748302265                            NaN   12.666309239921281     
        2686   6.8679274728614201                            NaN   12.668647941836857     
        2687   6.8685733370962225                            NaN   12.670489236500238     
        2688   6.8694648727388614                            NaN   12.673032609713060     
        2689   6.8698393930627075                            NaN   12.674102984656495     
        2690   6.8708699036953629                            NaN   12.677034035637897     
        2691   6.8712573995812676                            NaN   12.678135207987756     
        2692   6.8722430455078349                            NaN   12.680944431225351     
        2693   6.8728572557373155                            NaN   12.682691753345521     
        2694   6.8734652640339302                            NaN   12.684418834098246     
        2695   6.8741679550578327                            NaN   12.686414606675450     
        2696   6.8745934817645091                            NaN   12.687622828585550     
        2697   6.8752011228068515                            NaN   12.689355834827486     
        2698   6.8756632661683641                            NaN   12.690674426537878     
        2699   6.8761094274355496                            NaN   12.691945302484815     
        2700   6.8765314948012248                            NaN   12.693144686380062     
        2701   6.8774922721598672                            NaN   12.695880194102553     
        2702   6.8785506738516702                            NaN   12.698872713634335     
        2703   6.8792558455898005                            NaN   12.700891286835361     
        2704   6.8800779064484301                            NaN   12.703224376359218     
        2705   6.8807902896414745                            NaN   12.705256963225892     
        2706   6.8813199941728298                            NaN   12.706770528752578     
        2707   6.8817851043783351                            NaN   12.708096925982913     
        2708   6.8825430589078866                            NaN   12.710256945528318     
        2709   6.8835688226944542                            NaN   12.713178605786815     
        2710   6.8839570566125960                            NaN   12.714284250933151     
        2711   6.8844578726485839                            NaN   12.715708727539548     
        2712   6.8849983178846630                            NaN   12.717255201621967     
        2713   6.8857826171171208                            NaN   12.719509397961549     
        2714   6.8863899973034517                            NaN   12.721234200761657     
        2715   6.8872796313203795                            NaN   12.723763963872912     
        2716   6.8880316145822817                            NaN   12.725895811509744     
        2717   6.8890136575316490                            NaN   12.728706066437081     
        2718   6.8894971867493338                            NaN   12.730089650390378     
        2719   6.8901930396841298                            NaN   12.732081508078586     
        2720   6.8908710074963206                            NaN   12.734017396455943     
        2721   6.8920777804052680                            NaN   12.737448661082727     
        2722   6.8924808751809845                            NaN   12.738595177723955     
        2723   6.8933357061189202                            NaN   12.741037957827508     
        2724   6.8940945337450712                            NaN   12.743203126485712     
        2725   6.8945567849413525                            NaN   12.744530679508561     
        2726   6.8955054883193068                            NaN   12.747247711033500     
        2727   6.8961057141570734                            NaN   12.748963083601790     
        2728   6.8970752391689611                            NaN   12.751715901465715     
        2729   6.8977263688200665                            NaN   12.753573636967834     
        2730   6.8979447131720235                            NaN   12.754197493459392     
        2731   6.8983602743792716                            NaN   12.755382034453364     
        2732   6.8991618603735478                            NaN   12.757674288203740     
        2733   6.8998994904056756                            NaN   12.759776615964997     
        2734   6.9005141746322654                            NaN   12.761533277243391     
        2735   6.9010459233299999                            NaN   12.763052483672599     
        2736   6.9014462781836041                            NaN   12.764204261079069     
        2737   6.9022115410096845                            NaN   12.766371560902837     
        2738   6.9025584161970484                            NaN   12.767359553943248     
        2739   6.9035496441857607                            NaN   12.770193116801355     
        2740   6.9041124770547331                            NaN   12.771805029626639     
        2741   6.9049458003950166                            NaN   12.774185241691741     
        2742   6.9057999873771250                            NaN   12.776624067509903     
        2743   6.9064529632094480                            NaN   12.778494486830960     
        2744   6.9072701503690936                            NaN   12.780831811936604     
        2745   6.9081266895363598                            NaN   12.783274681162862     
        2746   6.9086642794470379                            NaN   12.784815136674805     
        2747   6.9094109691101027                            NaN   12.786944925382221     
        2748   6.9098153972690337                            NaN   12.788098008267079     
        2749   6.9102217110358115                            NaN   12.789260162556246     
        2750   6.9106923038814232                            NaN   12.790605698130689     
        2751   6.9114234917133786                            NaN   12.792694972138497     
        2752   6.9120430534092119                            NaN   12.794475756960185     
        2753   6.9131834925963931                            NaN   12.797727935480998     
        2754   6.9139102557065240                            NaN   12.799806588689902     
        2755   6.9143424105008338                            NaN   12.801049072031685     
        2756   6.9150698810651390                            NaN   12.803118106726810     
        2757   6.9162336940951263                            NaN   12.806435234380734     
        2758   6.9166704522071241                            NaN   12.807683438012935     
        2759   6.9172906937626149                            NaN   12.809450458387664     
        2760   6.9179629303460546                            NaN   12.811370147172616     
        2761   6.9185463489200272                            NaN   12.813036547874635     
        2762   6.9192641985132868                            NaN   12.815098262291269     
        2763   6.9200824732104183                            NaN   12.817450940614730     
        2764   6.9209262984915068                            NaN   12.819856075606243     
        2765   6.9212716722544751                            NaN   12.820843297902064     
        2766   6.9217374640949414                            NaN   12.822184494027434     
        2767   6.9226295925875778                            NaN   12.824735707063747     
        2768   6.9231328775861858                            NaN   12.826192235806095     
        2769   6.9241366671922631                            NaN   12.829075343584444     
        2770   6.9246570247578845                            NaN   12.830570698716963     
        2771   6.9253381054088283                            NaN   12.832531348204995     
        2772   6.9262783439174012                            NaN   12.835214978485203     
        2773   6.9268601354509984                            NaN   12.836885117740604     
        2774   6.9274596952944618                            NaN   12.838599797953108     
        2775   6.9283851885429346                            NaN   12.841248931853078     
        2776   6.9291179471089404                            NaN   12.843348698561774     
        2777   6.9298307943577715                            NaN   12.845378249563684     
        2778   6.9304646744817386                            NaN   12.847201345179219     
        2779   6.9314067137514623                            NaN   12.849908243081412     
        2780   6.9319633490086945                            NaN   12.851515471435473     
        2781   6.9323473347652653                            NaN   12.852613860938749     
        2782   6.9333779641455893                            NaN   12.855570740147442     
        2783   6.9337749974600111                            NaN   12.856707172393993     
        2784   6.9343646059847881                            NaN   12.858391133140397     
        2785   6.9350749102588107                            NaN   12.860427157953293     
        2786   6.9357289140187648                            NaN   12.862305705479717     
        2787   6.9361006768865368                            NaN   12.863366680870545     
        2788   6.9368657915262748                            NaN   12.865576472739187     
        2789   6.9374040653703277                            NaN   12.867121130054059     
        2790   6.9380970251879521                            NaN   12.869117322422928     
        2791   6.9388097443204160                            NaN   12.871178617792520     
        2792   6.9394934363236143                            NaN   12.873131489339908     
        2793   6.9401469883022413                            NaN   12.875010001136701     
        2794   6.9408063587834574                            NaN   12.876893333156469     
        2795   6.9413224516579080                            NaN   12.878375416059745     
        2796   6.9420741561389150                            NaN   12.880538218349463     
        2797   6.9428155590506249                            NaN   12.882658411572340     
        2798   6.9435095759820440                            NaN   12.884659090748690     
        2799   6.9439526437109720                            NaN   12.885928810432873     
        2800   6.9445208848998785                            NaN   12.887559254591142     
        2801   6.9453793006935651                            NaN   12.890017885564976     
        2802   6.9460287734289903                            NaN   12.891883402210420     
        2803   6.9470045413178338                            NaN   12.894675854826975     
        2804   6.9474239664839930                            NaN   12.895872694577918     
        2805   6.9477637759817386                            NaN   12.896839784746074     
        2806   6.9486326687144757                            NaN   12.899341588928513     
        2807   6.9493664020833537                            NaN   12.901446064462172     
        2808   6.9502579949637875                            NaN   12.904010154162545     
        2809   6.9507175842528657                            NaN   12.905327299246853     
        2810   6.9515732096114418                            NaN   12.907776072204467     
        2811   6.9522513962652344                            NaN   12.909725307314798     
        2812   6.9530147008908356                            NaN   12.911914177317897     
        2813   6.9536835595689368                            NaN   12.913860585760151     
        2814   6.9545071760731165                            NaN   12.916232445164123     
        2815   6.9549958322772500                            NaN   12.917648169674726     
        2816   6.9556023039474413                            NaN   12.919392309614860     
        2817   6.9565441611935466                            NaN   12.922126260594718     
        2818   6.9575177841942892                            NaN   12.924931381104694     
        2819   6.9581472503269683                            NaN   12.926733961915426     
        2820   6.9590532510567984                            NaN   12.929352362094912     
        2821   6.9597771549244314                            NaN   12.931434610466795     
        2822   6.9604918514813097                            NaN   12.933494283610219     
        2823   6.9613562722834335                            NaN   12.935973374912129     
        2824   6.9620443673699741                            NaN   12.937940869318448     
        2825   6.9629402233192135                            NaN   12.940529694669033     
        2826   6.9634559765538313                            NaN   12.942026536484045     
        2827   6.9637441383917302                            NaN   12.942858245060950     
        2828   6.9642400638433939                            NaN   12.944293415998496     
        2829   6.9648122545635855                            NaN   12.945948818763451     
        2830   6.9652708047771625                            NaN   12.947267220141651     
        2831   6.9658989812994507                            NaN   12.949075235520008     
        2832   6.9661739580104722                            NaN   12.949867524955854     
        2833   6.9668407563631689                            NaN   12.951785661480821     
        2834   6.9671729778096561                            NaN   12.952743668756181     
        2835   6.9679503626077759                            NaN   12.954978360494579     
        2836   6.9684448983718585                            NaN   12.956393835985285     
        2837   6.9691472256775810                            NaN   12.958421796612949     
        2838   6.9697622732085067                            NaN   12.960190944457489     
        2839   6.9703383353838273                            NaN   12.961852889009275     
        2840   6.9711227816422703                            NaN   12.964103209763996     
        2841   6.9721421838725082                            NaN   12.967056716650339     
        2842   6.9729269315147961                            NaN   12.969297031955250     
        2843   6.9737606483956283                            NaN   12.971705358635925     
        2844   6.9743708711129146                            NaN   12.973483323780638     
        2845   6.9753789581667247                            NaN   12.976388015122600     
        2846   6.9759536097003476                            NaN   12.978045748633097     
        2847   6.9765823322961653                            NaN   12.979861364096697     
        2848   6.9767796618066313                            NaN   12.980432578568790     
        2849   6.9770253493564294                            NaN   12.981135498819622     
        2850   6.9776073182790075                            NaN   12.982813244913430     
        2851   6.9781336297071448                            NaN   12.984336564622287     
        2852   6.9789576355430611                            NaN   12.986702972962949     
        2853   6.9797255445418527                            NaN   12.988926377380707     
        2854   6.9802689976363892                            NaN   12.990508722513905     
        2855   6.9808034678033435                            NaN   12.992058839219903     
        2856   6.9814442748914329                            NaN   12.993898719431687     
        2857   6.9821029283637275                            NaN   12.995798388226097     
        2858   6.9828456992510750                            NaN   12.997946382584541     
        2859   6.9831636104620713                            NaN   12.998871034296922     
        2860   6.9835810880718912                            NaN   13.000076250766426     
        2861   6.9842960083160595                            NaN   13.002152241165396     
        2862   6.9850586038887652                            NaN   13.004348758752510     
        2863   6.9858126805720131                            NaN   13.006512196643962     
        2864   6.9862339868761039                            NaN   13.007726954547133     
        2865   6.9869155815623172                            NaN   13.009696319000867     
        2866   6.9876653635072525                            NaN   13.011841517565529     
        2867   6.9887734733354012                            NaN   13.015035654962762     
        2868   6.9897224632750348                            NaN   13.017790105173537     
        2869   6.9906354215444653                            NaN   13.020444024374836     
        2870   6.9913851335258856                            NaN   13.022600739739000     
        2871   6.9919354192124201                            NaN   13.024196284249987     
        2872   6.9924044818637299                            NaN   13.025548367869373     
        2873   6.9928708880078618                            NaN   13.026895521445311     
        2874   6.9937075950923200                            NaN   13.029322610825762     
        2875   6.9943480468399128                            NaN   13.031170777924123     
        2876   6.9950560993912987                            NaN   13.033211755802913     
        2877   6.9957697168839674                            NaN   13.035283007374039     
        2878   6.9967670811095557                            NaN   13.038192463879701     
        2879   6.9975814519119055                            NaN   13.040546858262093     
        2880   6.9981576834062462                            NaN   13.042213144425579     
        2881   6.9987101751210430                            NaN   13.043808755458034     
        2882   6.9991696901657603                            NaN   13.045140290632389     
        2883   6.9998686710856663                            NaN   13.047157140487389     
        2884   7.0002612392767176                            NaN   13.048296640566468     
        2885   7.0012921366323422                            NaN   13.051280881499849     
        2886   7.0020035957682207                            NaN   13.053334465452309     
        2887   7.0025278505509387                            NaN   13.054856427425937     
        2888   7.0031899879085868                            NaN   13.056762559955200     
        2889   7.0039444517673797                            NaN   13.058948829707806     
        2890   7.0044416344570788                            NaN   13.060389875670817     
        2891   7.0054503475433361                            NaN   13.063334199120982     
        2892   7.0058901463662959                            NaN   13.064609448173162     
        2893   7.0069004155451848                            NaN   13.067549256714866     
        2894   7.0072790461524948                            NaN   13.068653888768788     
        2895   7.0083111777476219                            NaN   13.071637766757870     
        2896   7.0090189299001295                            NaN   13.073682237841457     
        2897   7.0096266271155816                            NaN   13.075426743253720     
        2898   7.0103569063455726                            NaN   13.077557455941436     
        2899   7.0109539970917067                            NaN   13.079285178275025     
        2900   7.0114422895774950                            NaN   13.080695907706081     
        2901   7.0127100930478461                            NaN   13.084369804177715     
        2902   7.0131169307408019                            NaN   13.085542961873069     
        2903   7.0139051966626793                            NaN   13.087821565677165     
        2904   7.0147451519031474                            NaN   13.090229574575464     
        2905   7.0154365932754406                            NaN   13.092227878398697     
        2906   7.0158795007222938                            NaN   13.093509955990868     
        2907   7.0165805727804411                            NaN   13.095531690455147     
        2908   7.0169920114136870                            NaN   13.096719054526082     
        2909   7.0179235284499937                            NaN   13.099431289069130     
        2910   7.0184949583340552                            NaN   13.101098990287616     
        2911   7.0191697014702683                            NaN   13.103051907612230     
        2912   7.0197681030980092                            NaN   13.104780855708537     
        2913   7.0203878947963094                            NaN   13.106578306366274     
        2914   7.0211851137829724                            NaN   13.108885350907695     
        2915   7.0216117486761034                            NaN   13.110121182545758     
        2916   7.0220629424514653                            NaN   13.111434934017229     
        2917   7.0224986086396468                            NaN   13.112702246637207     
        2918   7.0232655845485157                            NaN   13.114908809688654     
        2919   7.0240026135003166                            NaN   13.117045032156238     
        2920   7.0244202893306236                            NaN   13.118257684511033     
        2921   7.0252693914739037                            NaN   13.120715035249301     
        2922   7.0259113389364929                            NaN   13.122582083364785     
        2923   7.0266025141550035                            NaN   13.124587011482731     
        2924   7.0270283808418839                            NaN   13.125814853932315     
        2925   7.0282780835815970                            NaN   13.129441174826542     
        2926   7.0288918786297669                            NaN   13.131218077904938     
        2927   7.0297815185591803                            NaN   13.133805119952683     
        2928   7.0305900247721294                            NaN   13.136155228996364     
        2929   7.0310293774120201                            NaN   13.137426644722300     
        2930   7.0314140092196009                            NaN   13.138547428216992     
        2931   7.0320949245224238                            NaN   13.140531758253790     
        2932   7.0330261601849813                            NaN   13.143226437290613     
        2933   7.0336103390739266                            NaN   13.144916485384988     
        2934   7.0342764897956753                            NaN   13.146845166468813     
        2935   7.0350104617600522                            NaN   13.148975841356497     
        2936   7.0355243596956143                            NaN   13.150474304294651     
        2937   7.0358868631972582                            NaN   13.151525751933232     
        2938   7.0362683427622228                            NaN   13.152641519026357     
        2939   7.0371370468020897                            NaN   13.155150033596328     
        2940   7.0376139797389596                            NaN   13.156538889583871     
        2941   7.0381579538096757                            NaN   13.158116470275695     
        2942   7.0390427558034050                            NaN   13.160696866776480     
        2943   7.0396241358487490                            NaN   13.162386301831214     
        2944   7.0402163200678745                            NaN   13.164116142935328     
        2945   7.0407969291418437                            NaN   13.165806481204424     
        2946   7.0411796749824349                            NaN   13.166916495708639     
        2947   7.0415107234707390                            NaN   13.167878484016828     
        2948   7.0418104837536379                            NaN   13.168750792846307     
        2949   7.0425860266648739                            NaN   13.171007337293451     
        2950   7.0429541973643115                            NaN   13.172072709110534     
        2951   7.0435267785129323                            NaN   13.173737726489119     
        2952   7.0439116034023801                            NaN   13.174861508719989     
        2953   7.0448835681168047                            NaN   13.177700560432285     
        2954   7.0452529452663200                            NaN   13.178771593018222     
        2955   7.0456942731209340                            NaN   13.180056037487130     
        2956   7.0464179573825021                            NaN   13.182154026753309     
        2957   7.0470642650435495                            NaN   13.184034299465235     
        2958   7.0477389969285937                            NaN   13.185979319384575     
        2959   7.0485048586851091                            NaN   13.188214076363746     
        2960   7.0490798199314977                            NaN   13.189890764070171     
        2961   7.0496683457838571                            NaN   13.191596389200317     
        2962   7.0503184763624045                            NaN   13.193495301613357     
        2963   7.0506853901291580                            NaN   13.194559349573506     
        2964   7.0509609542272385                            NaN   13.195361445648611     
        2965   7.0518986110575286                            NaN   13.198104025691276     
        2966   7.0526376379201654                            NaN   13.200250401302629     
        2967   7.0532145969602427                            NaN   13.201921477486000     
        2968   7.0539207552550014                            NaN   13.203981003555981     
        2969   7.0547531165633703                            NaN   13.206392808591199     
        2970   7.0553278079650124                            NaN   13.208064221209431     
        2971   7.0563147146390914                            NaN   13.210931394593235     
        2972   7.0570227627667705                            NaN   13.212982235310211     
        2973   7.0574686380566929                            NaN   13.214280137043284     
        2974   7.0580255133992251                            NaN   13.215899929618320     
        2975   7.0586634837213467                            NaN   13.217767176045337     
        2976   7.0593144971514930                            NaN   13.219662125507650     
        2977   7.0596390655772208                            NaN   13.220603693881282     
        2978   7.0603003070264334                            NaN   13.222545003116243     
        2979   7.0610411294056306                            NaN   13.224683452273757     
        2980   7.0615965198398509                            NaN   13.226303732846029     
        2981   7.0622318682085972                            NaN   13.228155327858286     
        2982   7.0630274337296752                            NaN   13.230478908113270     
        2983   7.0637876671388060                            NaN   13.232683793930898     
        2984   7.0645398672960980                            NaN   13.234862705498259     
        2985   7.0650831719551359                            NaN   13.236456533222688     
        2986   7.0657327676127313                            NaN   13.238347984147726     
        2987   7.0667167355826992                            NaN   13.241209590286502     
        2988   7.0674817589550951                            NaN   13.243415524215536     
        2989   7.0679906256090064                            NaN   13.244896308585719     
        2990   7.0688033228468843                            NaN   13.247261714850373     
        2991   7.0693820753187797                            NaN   13.248940765441512     
        2992   7.0704015280372001                            NaN   13.251905152062765     
        2993   7.0710334751761312                            NaN   13.253754409754942     
        2994   7.0717936753338240                            NaN   13.255964980705475     
        2995   7.0725508253795564                            NaN   13.258163260369912     
        2996   7.0731125238250598                            NaN   13.259798109535112     
        2997   7.0741549246972095                            NaN   13.262822181136835     
        2998   7.0749392482237541                            NaN   13.265107689689959     
        2999   7.0756908975917838                            NaN   13.267290788882217     
        3000   7.0764538663413132                            NaN   13.269508964952070     
        3001   7.0771954770263674                            NaN   13.271665198509542     
        3002   7.0775959071052199                            NaN   13.272836026622306     
        3003   7.0777993948354325                            NaN   13.273426195643642     
        3004   7.0781077565474018                            NaN   13.274324171857623     
        3005   7.0786229286783424                            NaN   13.275822637865057     
        3006   7.0794549696609055                            NaN   13.278258564213747     
        3007   7.0799961851003443                            NaN   13.279837415153704     
        3008   7.0804136103301953                            NaN   13.281058935404696     
        3009   7.0808371168480893                            NaN   13.282294795304869     
        3010   7.0815213585363761                            NaN   13.284299845605904     
        3011   7.0817755495705912                            NaN   13.285042921376293     
        3012   7.0823562049870645                            NaN   13.286748346894608     
        3013   7.0828287421722420                            NaN   13.288130221766613     
        3014   7.0833212772653811                            NaN   13.289563921111323     
        3015   7.0838668199949826                            NaN   13.291158590361340     
        3016   7.0844543755752438                            NaN   13.292885967020487     
        3017   7.0849455707178066                            NaN   13.294328499962322     
        3018   7.0854650157220833                            NaN   13.295850537142229     
        3019   7.0862239896017538                            NaN   13.298056756035185     
        3020   7.0869521173996475                            NaN   13.300181391812448     
        3021   7.0873864127652029                            NaN   13.301447270296999     
        3022   7.0882006093048986                            NaN   13.303843188155687     
        3023   7.0888562072846781                            NaN   13.305751533392305     
        3024   7.0896895211365605                            NaN   13.308196086609357     
        3025   7.0903546888443785                            NaN   13.310145247943689     
        3026   7.0907719354798147                            NaN   13.311365158502118     
        3027   7.0913559927989454                            NaN   13.313064658857940     
        3028   7.0919892819733574                            NaN   13.314923038378240     
        3029   7.0924414903111481                            NaN   13.316239512278813     
        3030   7.0934477468675166                            NaN   13.319184143313851     
        3031   7.0943641915463953                            NaN   13.321848063466110     
        3032   7.0950477491705657                            NaN   13.323845821514478     
        3033   7.0958145878826837                            NaN   13.326092586753294     
        3034   7.0964602386278610                            NaN   13.327988346991029     
        3035   7.0970789887750785                            NaN   13.329791707730786     
        3036   7.0974452718029344                            NaN   13.330856170448342     
        3037   7.0979827028158144                            NaN   13.332424010704088     
        3038   7.0987988005133973                            NaN   13.334794377853450     
        3039   7.0996196741907625                            NaN   13.337197909771874     
        3040   7.1009472063786792                            NaN   13.341097103695489     
        3041   7.1018583024696040                            NaN   13.343758618387236     
        3042   7.1024350294588157                            NaN   13.345448000335912     
        3043   7.1034505948680344                            NaN   13.348417070921766     
        3044   7.1040666791027576                            NaN   13.350218653180832     
        3045   7.1050006854111274                            NaN   13.352940370627874     
        3046   7.1057241372557511                            NaN   13.355064507005304     
        3047   7.1067097328521456                            NaN   13.357952292252577     
        3048   7.1073076564754576                            NaN   13.359693754627850     
        3049   7.1080367234828739                            NaN   13.361847352982881     
        3050   7.1088477144937157                            NaN   13.364231181952565     
        3051   7.1094901306860363                            NaN   13.366115120713314     
        3052   7.1103612445780175                            NaN   13.368656940464543     
        3053   7.1109638488063869                            NaN   13.370423310203947     
        3054   7.1114079137657171                            NaN   13.371722005336803     
        3055   7.1123238321377782                            NaN   13.374392808585361     
        3056   7.1131367167764763                            NaN   13.376768545092137     
        3057   7.1138372155782763                            NaN   13.378826754284679     
        3058   7.1148314522715470                            NaN   13.381725354806203     
        3059   7.1153547377187296                            NaN   13.383262962953967     
        3060   7.1159678949493044                            NaN   13.385068195982180     
        3061   7.1166224732750880                            NaN   13.387005435601008     
        3062   7.1171417201946481                            NaN   13.388544789035777     
        3063   7.1176344992339979                            NaN   13.389988053165130     
        3064   7.1179613220327536                            NaN   13.390946755502526     
        3065   7.1186866090663443                            NaN   13.393081780016564     
        3066   7.1193837487870111                            NaN   13.395132561110330     
        3067   7.1199407583382053                            NaN   13.396769847274346     
        3068   7.1208343630884396                            NaN   13.399387848723297     
        3069   7.1216736213498661                            NaN   13.401855081072318     
        3070   7.1222536265857865                            NaN   13.403554944998305     
        3071   7.1230383279509990                            NaN   13.405868537787370     
        3072   7.1235551740880450                            NaN   13.407382133668795     
        3073   7.1241684877220361                            NaN   13.409204177197982     
        3074   7.1248963949433861                            NaN   13.411327661893534     
        3075   7.1259073340283718                            NaN   13.414289880318302     
        3076   7.1265539852460140                            NaN   13.416174712985679     
        3077   7.1272002266491992                            NaN   13.418058270198618     
        3078   7.1277972662299449                            NaN   13.419799949528107     
        3079   7.1290592188651019                            NaN   13.423512103260904     
        3080   7.1300353236000333                            NaN   13.426366852090919     
        3081   7.1306272259503611                            NaN   13.428108121898537     
        3082   7.1311880526357667                            NaN   13.429767257985841     
        3083   7.1320858172536630                            NaN   13.432403294648884     
        3084   7.1328707456864482                            NaN   13.434728480908589     
        3085   7.1334582554219867                            NaN   13.436464578007000     
        3086   7.1340336427487374                            NaN   13.438151662258695     
        3087   7.1347091086655015                            NaN   13.440124558428684     
        3088   7.1350546967501769                            NaN   13.441137174686542     
        3089   7.1354263114322691                            NaN   13.442231784191748     
        3090   7.1361824499277393                            NaN   13.444446985016503     
        3091   7.1368420714458143                            NaN   13.446385687604396     
        3092   7.1372793172314388                            NaN   13.447680584146841     
        3093   7.1379915255707669                            NaN   13.449774276909583     
        3094   7.1385894492978847                            NaN   13.451529360527781     
        3095   7.1394717134226822                            NaN   13.454117127528667     
        3096   7.1399065610704211                            NaN   13.455392101185817     
        3097   7.1407163589699980                            NaN   13.457788328124767     
        3098   7.1413044264736829                            NaN   13.459521855789006     
        3099   7.1416525865194078                            NaN   13.460551355314962     
        3100   7.1420338184894661                            NaN   13.461678872553373     
        3101   7.1428395801204729                            NaN   13.464041930865253     
        3102   7.1438445988340336                            NaN   13.466994474833001     
        3103   7.1449288421910921                            NaN   13.470184019900685     
        3104   7.1452236974589685                            NaN   13.471053038526147     
        3105   7.1457923356390980                            NaN   13.472729765590776     
        3106   7.1462535561265694                            NaN   13.474086021418774     
        3107   7.1467383897706114                            NaN   13.475515186353636     
        3108   7.1471951882584168                            NaN   13.476858149163089     
        3109   7.1476951407093123                            NaN   13.478323581263528     
        3110   7.1484375994838416                            NaN   13.480511282550271     
        3111   7.1492028118458197                            NaN   13.482761705557090     
        3112   7.1497267776803568                            NaN   13.484307593997807     
        3113   7.1501801960220988                            NaN   13.485648544506546     
        3114   7.1509074806470663                            NaN   13.487777356307532     
        3115   7.1515781316601972                            NaN   13.489751154400517     
        3116   7.1522332325962399                            NaN   13.491682326529176     
        3117   7.1531927943975919                            NaN   13.494484674570137     
        3118   7.1537929615504563                            NaN   13.496240155592016     
        3119   7.1543024045067565                            NaN   13.497729234600552     
        3120   7.1546871396201386                            NaN   13.498858110121940     
        3121   7.1551969036937306                            NaN   13.500358187733985     
        3122   7.1557324251152110                            NaN   13.501943095219474     
        3123   7.1564856833683859                            NaN   13.504170815131904     
        3124   7.1571557571254232                            NaN   13.506141366765661     
        3125   7.1574999329072089                            NaN   13.507150836655580     
        3126   7.1580845488407832                            NaN   13.508869524768690     
        3127   7.1585747532097859                            NaN   13.510315977989995     
        3128   7.1592203634938851                            NaN   13.512226055192675     
        3129   7.1597017967918104                            NaN   13.513648944927414     
        3130   7.1602294700851079                            NaN   13.515199049545618     
        3131   7.1606749626932755                            NaN   13.516517930130487     
        3132   7.1612022914082143                            NaN   13.518065750938970     
        3133   7.1615250302490647                            NaN   13.519015536728716     
        3134   7.1621966799263799                            NaN   13.520992076392270     
        3135   7.1628038508053011                            NaN   13.522767719579743     
        3136   7.1633083423860597                            NaN   13.524250495734714     
        3137   7.1639267568499081                            NaN   13.526061400779033     
        3138   7.1643182157765155                            NaN   13.527207435969874     
        3139   7.1649096574545439                            NaN   13.528950111472019     
        3140   7.1659723891492009                            NaN   13.532082645968341     
        3141   7.1665833047267737                            NaN   13.533884087746809     
        3142   7.1671876596262667                            NaN   13.535661206591357     
        3143   7.1682513395900571                            NaN   13.538831760705696     
        3144   7.1686809572872932                            NaN   13.540108517865587     
        3145   7.1690312776986405                            NaN   13.541139209502067     
        3146   7.1694890772943483                            NaN   13.542492869648393     
        3147   7.1699804571676964                            NaN   13.543937044590047     
        3148   7.1705581584437112                            NaN   13.545634773394649     
        3149   7.1711312412162345                            NaN   13.547317102452169     
        3150   7.1718028406021066                            NaN   13.549302276681834     
        3151   7.1724237995120390                            NaN   13.551137361252586     
        3152   7.1730928886123007                            NaN   13.553112025855128     
        3153   7.1734754830843368                            NaN   13.554244337300002     
        3154   7.1737677743841886                            NaN   13.555120044405587     
        3155   7.1742382983319057                            NaN   13.556514524285268     
        3156   7.1747804116592828                            NaN   13.558114337196267     
        3157   7.1754255588971931                            NaN   13.560023535383754     
        3158   7.1761391043918081                            NaN   13.562141920373781     
        3159   7.1766506318928780                            NaN   13.563651081619762     
        3160   7.1772976985538461                            NaN   13.565557946177492     
        3161   7.1776151728833479                            NaN   13.566492231906258     
        3162   7.1785571410319466                            NaN   13.569262484189315     
        3163   7.1791010157762809                            NaN   13.570878074164236     
        3164   7.1796660525145315                            NaN   13.572546453459250     
        3165   7.1802558808820196                            NaN   13.574282197073543     
        3166   7.1809282335334697                            NaN   13.576273394272494     
        3167   7.1815399531810060                            NaN   13.578071272641671     
        3168   7.1823883768324945                            NaN   13.580582240616044     
        3169   7.1830353512341150                            NaN   13.582480429629538     
        3170   7.1840265204203373                            NaN   13.585412582145434     
        3171   7.1847683442786714                            NaN   13.587599023251684     
        3172   7.1853433256860937                            NaN   13.589303158914053     
        3173   7.1860544501388990                            NaN   13.591398598412056     
        3174   7.1866059661672423                            NaN   13.593036650835808     
        3175   7.1871577287305399                            NaN   13.594661459322925     
        3176   7.1877542028504493                            NaN   13.596419815229444     
        3177   7.1880846297103105                            NaN   13.597396656795311     
        3178   7.1886380951195177                            NaN   13.599043704932479     
        3179   7.1894819346977012                            NaN   13.601530016486802     
        3180   7.1898508648946819                            NaN   13.602626516857862     
        3181   7.1905279464357843                            NaN   13.604621586544468     
        3182   7.1910824768598856                            NaN   13.606247085167515     
        3183   7.1918991642113754                            NaN   13.608664183018169     
        3184   7.1927433035779869                            NaN   13.611172332197285     
        3185   7.1933849486503929                            NaN   13.613063569746306     
        3186   7.1943717189061713                            NaN   13.615993264075565     
        3187   7.1951717108714046                            NaN   13.618384582407614     
        3188   7.1956465727323344                            NaN   13.619787726959942     
        3189   7.1960946248130977                            NaN   13.621116722696001     
        3190   7.1969147615414482                            NaN   13.623542643064727     
        3191   7.1975794483651754                            NaN   13.625521638547132     
        3192   7.1982459108446788                            NaN   13.627503512547653     
        3193   7.1988562984310294                            NaN   13.629315990056558     
        3194   7.1993862672485873                            NaN   13.630884424727057     
        3195   7.1998755403908588                            NaN   13.632336528726256     
        3196   7.2008078906267174                            NaN   13.635078072076311     
        3197   7.2014021671169388                            NaN   13.636842553723705     
        3198   7.2016865562255052                            NaN   13.637692839833178     
        3199   7.2021258435374333                            NaN   13.639005361032726     
        3200   7.2033040144453890                            NaN   13.642516857323864     
        3201   7.2040695545799549                            NaN   13.644783267182884     
        3202   7.2049104923806979                            NaN   13.647273354584929     
        3203   7.2056535323677391                            NaN   13.649466607711309     
        3204   7.2061426538327300                            NaN   13.650912400291286     
        3205   7.2066944275516374                            NaN   13.652553094984194     
        3206   7.2072418155863591                            NaN   13.654174879339404     
        3207   7.2077207160388657                            NaN   13.655599398793683     
        3208   7.2082570759964231                            NaN   13.657186281604666     
        3209   7.2086844246735451                            NaN   13.658459482392573     
        3210   7.2092035976542830                            NaN   13.660019709283057     
        3211   7.2097030961320439                            NaN   13.661492374191170     
        3212   7.2103472260308141                            NaN   13.663411433172495     
        3213   7.2110931038985244                            NaN   13.665606813988138     
        3214   7.2119032145617386                            NaN   13.668020480344547     
        3215   7.2125039084420877                            NaN   13.669802356893507     
        3216   7.2134446525417690                            NaN   13.672574133037552     
        3217   7.2140243993420174                            NaN   13.674293278335057     
        3218   7.2146417486128369                            NaN   13.676117415077403     
        3219   7.2150634858991456                            NaN   13.677371016960421     
        3220   7.2156909927890025                            NaN   13.679223060376643     
        3221   7.2162326964103851                            NaN   13.680824236042644     
        3222   7.2168557528246966                            NaN   13.682660596223419     
        3223   7.2180398996486401                            NaN   13.686160006956342     
        3224   7.2185774802176157                            NaN   13.687751173991463     
        3225   7.2194844380281236                            NaN   13.690446068312841     
        3226   7.2201260646914731                            NaN   13.692348795911446     
        3227   7.2204493588916332                            NaN   13.693307993100550     
        3228   7.2208597008769475                            NaN   13.694524132782268     
        3229   7.2212988076181377                            NaN   13.695829983313416     
        3230   7.2217086317725458                            NaN   13.697049922178845     
        3231   7.2230731498719294                            NaN   13.701096241455835     
        3232   7.2235599369867272                            NaN   13.702549019622833     
        3233   7.2242040802334957                            NaN   13.704458636561927     
        3234   7.2248906075038253                            NaN   13.706503477801997     
        3235   7.2254070627269700                            NaN   13.708043773679739     
        3236   7.2258102840458731                            NaN   13.709241491219069     
        3237   7.2262163135477451                            NaN   13.710451408958523     
        3238   7.2265595150197317                            NaN   13.711471562856271     
        3239   7.2270342752747236                            NaN   13.712881100840761     
        3240   7.2275752746142032                            NaN   13.714492020620929     
        3241   7.2283339825299491                            NaN   13.716761692892742     
        3242   7.2286760417057625                            NaN   13.717788098836399     
        3243   7.2290850717323050                            NaN   13.719003435359133     
        3244   7.2298550924214595                            NaN   13.721305172360891     
        3245   7.2305131254623944                            NaN   13.723266027290450     
        3246   7.2313582083512671                            NaN   13.725797151756947     
        3247   7.2322178092378833                            NaN   13.728335395346628     
        3248   7.2330328274106979                            NaN   13.730743640522183     
        3249   7.2335837780496117                            NaN   13.732377606667237     
        3250   7.2339941281588578                            NaN   13.733592189917967     
        3251   7.2344602288416997                            NaN   13.734981609469756     
        3252   7.2350927342308138                            NaN   13.736862058141702     
        3253   7.2357432725735489                            NaN   13.738804732040961     
        3254   7.2363035345644473                            NaN   13.740474293455700     
        3255   7.2370636315580725                            NaN   13.742735698638068     
        3256   7.2375266691049571                            NaN   13.744101379002799     
        3257   7.2381454739104685                            NaN   13.745944608258853     
        3258   7.2385607198620097                            NaN   13.747185581955312     
        3259   7.2394206699860408                            NaN   13.749755231877435     
        3260   7.2399966428292259                            NaN   13.751467803108079     
        3261   7.2405476567862763                            NaN   13.753103855401235     
        3262   7.2409764364728089                            NaN   13.754384532194626     
        3263   7.2415405109320927                            NaN   13.756061946751069     
        3264   7.2420837926437596                            NaN   13.757671015002668     
        3265   7.2424510618576976                            NaN   13.758763695636963     
        3266   7.2429391858882202                            NaN   13.760221124759386     
        3267   7.2438198610157674                            NaN   13.762844489135926     
        3268   7.2441975647702934                            NaN   13.763967112567588     
        3269   7.2448801111628995                            NaN   13.765996002311004     
        3270   7.2452261677856580                            NaN   13.767019957924285     
        3271   7.2457646711825543                            NaN   13.768621928890642     
        3272   7.2465939084979638                            NaN   13.771102832756918     
        3273   7.2474044338591286                            NaN   13.773519009939189     
        3274   7.2479804540425663                            NaN   13.775236699030591     
        3275   7.2484831820100313                            NaN   13.776734581113521     
        3276   7.2495878886040419                            NaN   13.780019808554812     
        3277   7.2502097821761824                            NaN   13.781873164880636     
        3278   7.2506433146917910                            NaN   13.783167616104786     
        3279   7.2510564438149743                            NaN   13.784390736046342     
        3280   7.2516731242763068                            NaN   13.786218273550165     
        3281   7.2519754548578614                            NaN   13.787120020514646     
        3282   7.2529749248520687                            NaN   13.790099422927380     
        3283   7.2537317254924218                            NaN   13.792341382676957     
        3284   7.2545320018900927                            NaN   13.794732163548625     
        3285   7.2552402893731980                            NaN   13.796848411075533     
        3286   7.2555704400039343                            NaN   13.797840525247603     
        3287   7.2563030388340879                            NaN   13.800015237593794     
        3288   7.2568158633967981                            NaN   13.801547549811735     
        3289   7.2572994149920991                            NaN   13.802983328279486     
        3290   7.2580978414479658                            NaN   13.805353179586422     
        3291   7.2590123343670641                            NaN   13.808082708586657     
        3292   7.2596502986747966                            NaN   13.809976027850027     
        3293   7.2602510774918780                            NaN   13.811766186029814     
        3294   7.2613156991232781                            NaN   13.814932035981363     
        3295   7.2618181091706759                            NaN   13.816421697146321     
        3296   7.2622467904835970                            NaN   13.817698500872158     
        3297   7.2628668299429275                            NaN   13.819536070831726     
        3298   7.2632668832846345                            NaN   13.820724045464463     
        3299   7.2637633782491760                            NaN   13.822209912421432     
        3300   7.2644579532431663                            NaN   13.824274620822706     
        3301   7.2651438674712470                            NaN   13.826303284468798     
        3302   7.2665096039517918                            NaN   13.830388785968054     
        3303   7.2672808924258847                            NaN   13.832665273985734     
        3304   7.2678372459882938                            NaN   13.834329439218289     
        3305   7.2684944981546575                            NaN   13.836286955877460     
        3306   7.2694809951007411                            NaN   13.839224972334387     
        3307   7.2698248248111765                            NaN   13.840251611056951     
        3308   7.2702602033345611                            NaN   13.841549580858322     
        3309   7.2710072360359863                            NaN   13.843800837004355     
        3310   7.2716374776674062                            NaN   13.845680722038676     
        3311   7.2724712455198954                            NaN   13.848182330337442     
        3312   7.2732485043327459                            NaN   13.850512943519453     
        3313   7.2737163503659756                            NaN   13.851899799926841     
        3314   7.2748172850112081                            NaN   13.855198898206329     
        3315   7.2751909804442452                            NaN   13.856313899205219     
        3316   7.2757647786668276                            NaN   13.858023623492443     
        3317   7.2763109916391358                            NaN   13.859659204611091     
        3318   7.2771781369049053                            NaN   13.862250038651755     
        3319   7.2776843027858273                            NaN   13.863760066386632     
        3320   7.2786477213585359                            NaN   13.866630504885014     
        3321   7.2793856579705309                            NaN   13.868824757495455     
        3322   7.2800369878175957                            NaN   13.870776217264742     
        3323   7.2807458103945164                            NaN   13.872889921165404     
        3324   7.2812626190691985                            NaN   13.874431939454107     
        3325   7.2817214612832144                            NaN   13.875806696402353     
        3326   7.2820954362748109                            NaN   13.876922713566703     
        3327   7.2827231781298050                            NaN   13.878801649689757     
        3328   7.2838126134895633                            NaN   13.882040319705260     
        3329   7.2845952022253639                            NaN   13.884388459371953     
        3330   7.2853860320054125                            NaN   13.886756578834214     
        3331   7.2858072709863304                            NaN   13.888010462022461     
        3332   7.2864801098545211                            NaN   13.890022208353860     
        3333   7.2872398969446808                            NaN   13.892296662514463     
        3334   7.2878338473016457                            NaN   13.894080816614444     
        3335   7.2885919326887585                            NaN   13.896355789815710     
        3336   7.2891505324951513                            NaN   13.898026635216684     
        3337   7.2896490477816895                            NaN   13.899523111406074     
        3338   7.2903744747315757                            NaN   13.901703650885699     
        3339   7.2912628512504112                            NaN   13.904349897868212     
        3340   7.2921335005845691                            NaN   13.906961532964965     
        3341   7.2925350126264856                            NaN   13.908163102436134     
        3342   7.2933867211541870                            NaN   13.910704612557890     
        3343   7.2941649087799663                            NaN   13.913025571132934     
        3344   7.2950326162922767                            NaN   13.915617508826495     
        3345   7.2955564683270229                            NaN   13.917186783033376     
        3346   7.2962261125038665                            NaN   13.919180620887934     
        3347   7.2967650265383170                            NaN   13.920799813410969     
        3348   7.2971509228308076                            NaN   13.921953644679837     
        3349   7.2978643724430272                            NaN   13.924081465808706     
        3350   7.2985060961213453                            NaN   13.925997119704622     
        3351   7.2988176654262729                            NaN   13.926932213221708     
        3352   7.2992363808436904                            NaN   13.928184357401497     
        3353   7.2995664712657016                            NaN   13.929171623922269     
        3354   7.2998635168803956                            NaN   13.930062017201976     
        3355   7.3007050380831844                            NaN   13.932567680503620     
        3356   7.3016313394619363                            NaN   13.935362235672020     
        3357   7.3022177112473532                            NaN   13.937117952124259     
        3358   7.3029805213183892                            NaN   13.939406942520810     
        3359   7.3037060778045895                            NaN   13.941585681726897     
        3360   7.3043480995681618                            NaN   13.943521639352074     
        3361   7.3051684300139668                            NaN   13.945979425763820     
        3362   7.3057380084106898                            NaN   13.947682209350006     
        3363   7.3062412806822312                            NaN   13.949193916792165     
        3364   7.3069826771967188                            NaN   13.951405904624647     
        3365   7.3076689923847580                            NaN   13.953462800834307     
        3366   7.3083986516201520                            NaN   13.955651468024826     
        3367   7.3088466631007805                            NaN   13.956999600371541     
        3368   7.3094766637064961                            NaN   13.958879041904996     
        3369   7.3101203052791561                            NaN   13.960799286056570     
        3370   7.3106549777240346                            NaN   13.962411833676025     
        3371   7.3112472790628074                            NaN   13.964182479023204     
        3372   7.3118400761725209                            NaN   13.965966227069583     
        3373   7.3125836344836044                            NaN   13.968188431755625     
        3374   7.3137538565467155                            NaN   13.971688440086215     
        3375   7.3141805631782359                            NaN   13.972972232718021     
        3376   7.3144958863016853                            NaN   13.973921123596886     
        3377   7.3149466387910493                            NaN   13.975272875685931     
        3378   7.3155701165403375                            NaN   13.977161480287270     
        3379   7.3165351928906732                            NaN   13.980056099579111     
        3380   7.3170078844163395                            NaN   13.981468142963731     
        3381   7.3173593651114048                            NaN   13.982517296766915     
        3382   7.3181355993372605                            NaN   13.984861965724935     
        3383   7.3185631875462418                            NaN   13.986144955261102     
        3384   7.3192033562794050                            NaN   13.988066322068089     
        3385   7.3197244916364683                            NaN   13.989628097181656     
        3386   7.3205994797965817                            NaN   13.992235815183193     
        3387   7.3213313564204441                            NaN   13.994416163090758     
        3388   7.3219639526517097                            NaN   13.996310810667660     
        3389   7.3222996858775149                            NaN   13.997315921276847     
        3390   7.3229369655668908                            NaN   13.999239405434025     
        3391   7.3236302436325520                            NaN   14.001324434533881     
        3392   7.3244723595839627                            NaN   14.003858352120139     
        3393   7.3250646174090832                            NaN   14.005635960213002     
        3394   7.3254356192546268                            NaN   14.006750378244515     
        3395   7.3261961543094385                            NaN   14.009025024902090     
        3396   7.3268645196213500                            NaN   14.011021817259849     
        3397   7.3276543722607670                            NaN   14.013384353369549     
        3398   7.3280752483606548                            NaN   14.014651486677256     
        3399   7.3291573087174964                            NaN   14.017908637959044     
        3400   7.3295083126281044                            NaN   14.018962678541902     
        3401   7.3300331681613624                            NaN   14.020539308110987     
        3402   7.3306732876136547                            NaN   14.022475525263218     
        3403   7.3314256421107968                            NaN   14.024752766678585     
        3404   7.3318766049691906                            NaN   14.026099990662118     
        3405   7.3324328366803631                            NaN   14.027776204095380     
        3406   7.3328165904075266                            NaN   14.028927616813377     
        3407   7.3330882815074503                            NaN   14.029745831761540     
        3408   7.3339476001131674                            NaN   14.032333500010063     
        3409   7.3347133889380727                            NaN   14.034650005825418     
        3410   7.3355448286839833                            NaN   14.037163739022722     
        3411   7.3359938887920908                            NaN   14.038518372790117     
        3412   7.3366178888380817                            NaN   14.040398184339015     
        3413   7.3376338679740227                            NaN   14.043460840756572     
        3414   7.3383274943023338                            NaN   14.045556371940544     
        3415   7.3387059758487769                            NaN   14.046693700765468     
        3416   7.3390824562402006                            NaN   14.047825759614714     
        3417   7.3395927401148668                            NaN   14.049367798319301     
        3418   7.3400644697277002                            NaN   14.050780385023321     
        3419   7.3405244344309937                            NaN   14.052164841092281     
        3420   7.3408388070457065                            NaN   14.053106671343688     
        3421   7.3411153638648035                            NaN   14.053944894149662     
        3422   7.3418914164613183                            NaN   14.056282343841550     
        3423   7.3425490354840930                            NaN   14.058254688926450     
        3424   7.3430040216201578                            NaN   14.059629487157087     
        3425   7.3436764154638059                            NaN   14.061656245770683     
        3426   7.3441489161358051                            NaN   14.063082189788190     
        3427   7.3450037200342662                            NaN   14.065669897396139     
        3428   7.3456435357547987                            NaN   14.067596222952995     
        3429   7.3461756955587862                            NaN   14.069202687873126     
        3430   7.3468151324617974                            NaN   14.071129974476259     
        3431   7.3471582972612639                            NaN   14.072164912646979     
        3432   7.3480086055573199                            NaN   14.074744656029097     
        3433   7.3484754328281436                            NaN   14.076159168490227     
        3434   7.3491698867460160                            NaN   14.078251598696960     
        3435   7.3497227261559628                            NaN   14.079916037515266     
        3436   7.3503997061202400                            NaN   14.081966109047730     
        3437   7.3512351529115225                            NaN   14.084472762662037     
        3438   7.3522961752803315                            NaN   14.087644268215641     
        3439   7.3529261384309894                            NaN   14.089542304018712     
        3440   7.3534776271860549                            NaN   14.091195937032950     
        3441   7.3543099912058292                            NaN   14.093715019191643     
        3442   7.3554517092304392                            NaN   14.097150799456315     
        3443   7.3561144036032431                            NaN   14.099156298870977     
        3444   7.3566443018413255                            NaN   14.100760927310649     
        3445   7.3577668354426340                            NaN   14.104154568797910     
        3446   7.3583394652244127                            NaN   14.105875175333647     
        3447   7.3591861208851030                            NaN   14.108452282608775     
        3448   7.3596410773202736                            NaN   14.109832347217557     
        3449   7.3599896201893245                            NaN   14.110883973918344     
        3450   7.3610966613017457                            NaN   14.114202038333906     
        3451   7.3616349336349005                            NaN   14.115824801373117     
        3452   7.3623394191002642                            NaN   14.117956023410411     
        3453   7.3626886001125609                            NaN   14.119003303671445     
        3454   7.3632911107322006                            NaN   14.120815438877861     
        3455   7.3640268122286496                            NaN   14.123029240175976     
        3456   7.3646717584570167                            NaN   14.124986368119703     
        3457   7.3651805371316623                            NaN   14.126516041717835     
        3458   7.3655056131795451                            NaN   14.127502970071244     
        3459   7.3663286160190804                            NaN   14.129976929027418     
        3460   7.3666669878524447                            NaN   14.131002575514463     
        3461   7.3672168878994615                            NaN   14.132658703365047     
        3462   7.3677468092073592                            NaN   14.134256813219190     
        3463   7.3682022967651708                            NaN   14.135625248735860     
        3464   7.3687326654088325                            NaN   14.137227258693622     
        3465   7.3690521798555908                            NaN   14.138191196638521     
        3466   7.3696349435454298                            NaN   14.139945520762367     
        3467   7.3705555743226157                            NaN   14.142729863284675     
        3468   7.3711354452644189                            NaN   14.144479603050419     
        3469   7.3719532714833944                            NaN   14.146961214445998     
        3470   7.3727060764622623                            NaN   14.149233448369241     
        3471   7.3734682123128339                            NaN   14.151530665617511     
        3472   7.3740070068683581                            NaN   14.153158187889241     
        3473   7.3746071175145316                            NaN   14.154973113669559     
        3474   7.3748590677607737                            NaN   14.155735862315041     
        3475   7.3759363089243921                            NaN   14.159000573153197     
        3476   7.3764319428190479                            NaN   14.160497163959823     
        3477   7.3767898323749934                            NaN   14.161576295990997     
        3478   7.3771416083441022                            NaN   14.162632729472042     
        3479   7.3774461069803605                            NaN   14.163544924981224     
        3480   7.3782111512993209                            NaN   14.165856504496068     
        3481   7.3791449924623098                            NaN   14.168686110145426     
        3482   7.3797144620512727                            NaN   14.170398471346664     
        3483   7.3806709042513443                            NaN   14.173278383468338     
        3484   7.3814596252613338                            NaN   14.175654489576194     
        3485   7.3820626085372352                            NaN   14.177479118685843     
        3486   7.3824961940948999                            NaN   14.178794753251571     
        3487   7.3829377560385279                            NaN   14.180137052822243     
        3488   7.3834566513069415                            NaN   14.181712861695994     
        3489   7.3841359125131421                            NaN   14.183776015764469     
        3490   7.3847972083099283                            NaN   14.185769431438427     
        3491   7.3856459224509239                            NaN   14.188334388773876     
        3492   7.3863631560911340                            NaN   14.190497490859737     
        3493   7.3868307393489969                            NaN   14.191906023257257     
        3494   7.3872302736198368                            NaN   14.193111681848066     
        3495   7.3875947622641736                            NaN   14.194221571481245     
        3496   7.3879903411862315                            NaN   14.195417526349464     
        3497   7.3886105226260694                            NaN   14.197299703697643     
        3498   7.3891194136293219                            NaN   14.198842798271979     
        3499   7.3894366693486093                            NaN   14.199804246181689     
        3500   7.3898060526242615                            NaN   14.200916702521614     
        3501   7.3905073819313172                            NaN   14.203034421580421     
        3502   7.3911745461653577                            NaN   14.205051321746543     
        3503   7.3914553422437574                            NaN   14.205906673487675     
        3504   7.3922256760410772                            NaN   14.208221763030298     
        3505   7.3925316955557845                            NaN   14.209143349285469     
        3506   7.3930365056866405                            NaN   14.210665464283238     
        3507   7.3935702142083013                            NaN   14.212289240055190     
        3508   7.3940378774385849                            NaN   14.213709579599364     
        3509   7.3944498584024885                            NaN   14.214953957046722     
        3510   7.3949964601942826                            NaN   14.216612800663080     
        3511   7.3953524397356487                            NaN   14.217685080260651     
        3512   7.3958621698425233                            NaN   14.219244453765395     
        3513   7.3964496096493777                            NaN   14.221009017877160     
        3514   7.3973664633210179                            NaN   14.223778296365600     
        3515   7.3983373396406957                            NaN   14.226688814187217     
        3516   7.3992349500184531                            NaN   14.229388167997314     
        3517   7.3998528827642192                            NaN   14.231273804679125     
        3518   7.4004961629740702                            NaN   14.233233514411534     
        3519   7.4014669430242108                            NaN   14.236177364353603     
        3520   7.4021518808160325                            NaN   14.238248074743225     
        3521   7.4028447410774731                            NaN   14.240340412836181     
        3522   7.4034334771365335                            NaN   14.242134247221776     
        3523   7.4041447150038779                            NaN   14.244285914671774     
        3524   7.4046063498137489                            NaN   14.245679726975647     
        3525   7.4052971955380729                            NaN   14.247776109003533     
        3526   7.4058051269496685                            NaN   14.249324025638035     
        3527   7.4067924197134030                            NaN   14.252329582321783     
        3528   7.4074420390382913                            NaN   14.254303681683499     
        3529   7.4079998923735531                            NaN   14.255996724491553     
        3530   7.4086832903481339                            NaN   14.258081085136336     
        3531   7.4090535460987343                            NaN   14.259201977611585     
        3532   7.4095288641533585                            NaN   14.260638230600597     
        3533   7.4098537908655455                            NaN   14.261621888066784     
        3534   7.4102723418014991                            NaN   14.262894346171048     
        3535   7.4109363184943264                            NaN   14.264904584822167     
        3536   7.4116393386847133                            NaN   14.267036692937216     
        3537   7.4123525221386428                            NaN   14.269204339175690     
        3538   7.4126055470005312                            NaN   14.269977127164202     
        3539   7.4132512453224635                            NaN   14.271940968999084     
        3540   7.4141136223226116                            NaN   14.274578638534924     
        3541   7.4147484331767091                            NaN   14.276504171706716     
        3542   7.4152408886783530                            NaN   14.277994002836939     
        3543   7.4156933196483319                            NaN   14.279376039035782     
        3544   7.4159574333185505                            NaN   14.280179737213146     
        3545   7.4169759373050894                            NaN   14.283274956965361     
        3546   7.4174482089190095                            NaN   14.284710956976738     
        3547   7.4181315646966528                            NaN   14.286776084318115     
        3548   7.4185257879899877                            NaN   14.287982063376811     
        3549   7.4192697620406829                            NaN   14.290244977468015     
        3550   7.4201858380975496                            NaN   14.293030983807062     
        3551   7.4207427338404512                            NaN   14.294720231643804     
        3552   7.4210356590452182                            NaN   14.295609482273965     
        3553   7.4218387840837199                            NaN   14.298034693743096     
        3554   7.4223140481514873                            NaN   14.299468053558414     
        3555   7.4230293866101604                            NaN   14.301634611033908     
        3556   7.4237673487279681                            NaN   14.303886483829359     
        3557   7.4243135878942352                            NaN   14.305538336446144     
        3558   7.4251825446589788                            NaN   14.308168370216999     
        3559   7.4259938339513880                            NaN   14.310623114873000     
        3560   7.4266260234904538                            NaN   14.312539691731406     
        3561   7.4271789516037714                            NaN   14.314214157864694     
        3562   7.4278446860225218                            NaN   14.316239873916553     
        3563   7.4286174611861897                            NaN   14.318608454245155     
        3564   7.4290664132078987                            NaN   14.319963592487431     
        3565   7.4294409842228912                            NaN   14.321094929879777     
        3566   7.4303175010598208                            NaN   14.323754965681413     
        3567   7.4308905368612388                            NaN   14.325506719093543     
        3568   7.4316513402597293                            NaN   14.327813797460763     
        3569   7.4323734480371586                            NaN   14.329996331620785     
        3570   7.4328417554119994                            NaN   14.331415921701122     
        3571   7.4332229396159857                            NaN   14.332566659937152     
        3572   7.4340480675438885                            NaN   14.335078449995397     
        3573   7.4348260024783697                            NaN   14.337445765412264     
        3574   7.4353318423893286                            NaN   14.338972758538253     
        3575   7.4361684955778342                            NaN   14.341522528757324     
        3576   7.4366638168780268                            NaN   14.343021979702124     
        3577   7.4369809991770994                            NaN   14.343994123146468     
        3578   7.4376445666888173                            NaN   14.346012642432029     
        3579   7.4382836985677034                            NaN   14.347967553930932     
        3580   7.4390608783613299                            NaN   14.350316805098981     
        3581   7.4400425471282414                            NaN   14.353312310578028     
        3582   7.4405680451400515                            NaN   14.354903717268988     
        3583   7.4410931482338567                            NaN   14.356495217007836     
        3584   7.4416894946932075                            NaN   14.358315992848526     
        3585   7.4423360248680837                            NaN   14.360279862005077     
        3586   7.4432296215245959                            NaN   14.363012297370620     
        3587   7.4438493832751007                            NaN   14.364886056357411     
        3588   7.4445308308461504                            NaN   14.366936104962367     
        3589   7.4451803313732139                            NaN   14.368913591653826     
        3590   7.4456381088966435                            NaN   14.370314430349373     
        3591   7.4461610392481372                            NaN   14.371903210858685     
        3592   7.4469598672964992                            NaN   14.374330042666562     
        3593   7.4474897408871872                            NaN   14.375948050949711     
        3594   7.4482050444622647                            NaN   14.378115373429122     
        3595   7.4487774069949451                            NaN   14.379857488396514     
        3596   7.4495481340794329                            NaN   14.382208026765166     
        3597   7.4502354370284065                            NaN   14.384283557921929     
        3598   7.4512233859087420                            NaN   14.387312328462542     
        3599   7.4517895479800389                            NaN   14.389033579816362     
        3600   7.4525837130787664                            NaN   14.391442412644029     
        3601   7.4529271369062116                            NaN   14.392493236006690     
        3602   7.4535170158039934                            NaN   14.394299074024428     
        3603   7.4542026748595003                            NaN   14.396383912163582     
        3604   7.4547353195027970                            NaN   14.398001426565477     
        3605   7.4553055048064465                            NaN   14.399737779297308     
        3606   7.4557301042392314                            NaN   14.401039802106585     
        3607   7.4566155275467647                            NaN   14.403753227480333     
        3608   7.4574918958195866                            NaN   14.406422750223049     
        3609   7.4583173326987646                            NaN   14.408955513260519     
        3610   7.4588908104656069                            NaN   14.410708183951858     
        3611   7.4594457047005776                            NaN   14.412400641668608     
        3612   7.4601394084611226                            NaN   14.414513384738360     
        3613   7.4607414026191039                            NaN   14.416348352998986     
        3614   7.4614881002430122                            NaN   14.418638083501639     
        3615   7.4623277767100733                            NaN   14.421199577055281     
        3616   7.4630280142383700                            NaN   14.423331043725948     
        3617   7.4637316971128174                            NaN   14.425471785244003     
        3618   7.4641649574117919                            NaN   14.426795830741543     
        3619   7.4648000011623292                            NaN   14.428731828147065     
        3620   7.4652678938179040                            NaN   14.430167388855477     
        3621   7.4657758686584916                            NaN   14.431712880561145     
        3622   7.4664521845944538                            NaN   14.433777743707083     
        3623   7.4667129437704958                            NaN   14.434567337300573     
        3624   7.4675828209356592                            NaN   14.437218541188964     
        3625   7.4680613350694980                            NaN   14.438676140778389     
        3626   7.4687870680689930                            NaN   14.440878752952710     
        3627   7.4693419947942798                            NaN   14.442558004061720     
        3628   7.4700968561278671                            NaN   14.444863434141585     
        3629   7.4704108541298595                            NaN   14.445817718484198     
        3630   7.4709708239294654                            NaN   14.447509532148374     
        3631   7.4714246992618216                            NaN   14.448891433766221     
        3632   7.4724388708694702                            NaN   14.451970583278012     
        3633   7.4730143030816141                            NaN   14.453728903882965     
        3634   7.4736935635944164                            NaN   14.455791570513185     
        3635   7.4742270808758224                            NaN   14.457415247555138     
        3636   7.4748043069354129                            NaN   14.459168719112210     
        3637   7.4753829681458228                            NaN   14.460931914005707     
        3638   7.4760080801678281                            NaN   14.462826257021822     
        3639   7.4764783876604000                            NaN   14.464261119407785     
        3640   7.4773409697108608                            NaN   14.466914967936670     
        3641   7.4779794804178863                            NaN   14.468862059443527     
        3642   7.4785777344105755                            NaN   14.470699234811445     
        3643   7.4794271090481725                            NaN   14.473296020182911     
        3644   7.4798385707021566                            NaN   14.474560811437090     
        3645   7.4805511042803898                            NaN   14.476738390913832     
        3646   7.4814303389004753                            NaN   14.479438216971491     
        3647   7.4818972558891561                            NaN   14.480866855887612     
        3648   7.4822045083351956                            NaN   14.481800507704639     
        3649   7.4825579157280107                            NaN   14.482887029055721     
        3650   7.4830873219368055                            NaN   14.484511350544315     
        3651   7.4834495145712356                            NaN   14.485620078840352     
        3652   7.4839541906055560                            NaN   14.487168254327178     
        3653   7.4846270830433497                            NaN   14.489218844542387     
        3654   7.4852245252780332                            NaN   14.491031498510935     
        3655   7.4857213029530643                            NaN   14.492555918712872     
        3656   7.4861797431517827                            NaN   14.493958331603295     
        3657   7.4866378342634778                            NaN   14.495360160896320     
        3658   7.4876318962881383                            NaN   14.498405799197352     
        3659   7.4883066046307976                            NaN   14.500463428073795     
        3660   7.4889179230663476                            NaN   14.502331846721674     
        3661   7.4894855835685821                            NaN   14.504065741949091     
        3662   7.4898666445449162                            NaN   14.505232234790412     
        3663   7.4904706816917352                            NaN   14.507077159028180     
        3664   7.4915659148504492                            NaN   14.510441308976207     
        3665   7.4921272017312806                            NaN   14.512173022835560     
        3666   7.4927699439600701                            NaN   14.514125332168087     
        3667   7.4932254948325063                            NaN   14.515516235463849     
        3668   7.4934916970961325                            NaN   14.516338452079555     
        3669   7.4940662253365371                            NaN   14.518091554324528     
        3670   7.4947721775135223                            NaN   14.520240329073790     
        3671   7.4949319840061408                            NaN   14.520729439454495     
        3672   7.4956278829520020                            NaN   14.522876324775797     
        3673   7.4963496180658726                            NaN   14.525079942398310     
        3674   7.4969401997853975                            NaN   14.526897527833119     
        3675   7.4974753328810140                            NaN   14.528539533935923     
        3676   7.4986664417065869                            NaN   14.532192571337148     
        3677   7.4992956650830420                            NaN   14.534123919102527     
        3678   7.4998057387210988                            NaN   14.535671892626596     
        3679   7.5005608795755787                            NaN   14.537982365440351     
        3680   7.5012554938211498                            NaN   14.540110805458568     
        3681   7.5025418408179947                            NaN   14.544035836339507     
        3682   7.5031320549719114                            NaN   14.545849108553639     
        3683   7.5036062457911754                            NaN   14.547297146958112     
        3684   7.5038956876778684                            NaN   14.548191383383415     
        3685   7.5044163769655778                            NaN   14.549790934017341     
        3686   7.5049089591127665                            NaN   14.551302159349735     
        3687   7.5053700889682062                            NaN   14.552720146437309     
        3688   7.5058798399564015                            NaN   14.554276402079221     
        3689   7.5062780060604197                            NaN   14.555498768161829     
        3690   7.5069697454875639                            NaN   14.557626748523040     
        3691   7.5075607119578338                            NaN   14.559442844514610     
        3692   7.5082826993737042                            NaN   14.561668704718111     
        3693   7.5093080678550859                            NaN   14.564807517724651     
        3694   7.5098472711914521                            NaN   14.566446640926069     
        3695   7.5103732374625896                            NaN   14.568063206625888     
        3696   7.5112814122441121                            NaN   14.570839411139826     
        3697   7.5117079554518940                            NaN   14.572145798081184     
        3698   7.5123383783511244                            NaN   14.574079883423844     
        3699   7.5131837690824499                            NaN   14.576679358163679     
        3700   7.5137116531400352                            NaN   14.578291338461762     
        3701   7.5140875178332509                            NaN   14.579446044606817     
        3702   7.5148152201123368                            NaN   14.581699829116740     
        3703   7.5153082974510870                            NaN   14.583208910106441     
        3704   7.5162469628862052                            NaN   14.586097045433402     
        3705   7.5172193012315844                            NaN   14.589098931200301     
        3706   7.5181986682316779                            NaN   14.592114705136890     
        3707   7.5191001567965632                            NaN   14.594898193193021     
        3708   7.5196061325181756                            NaN   14.596461272469977     
        3709   7.5205586791109322                            NaN   14.599391488596817     
        3710   7.5211514666337020                            NaN   14.601197152288529     
        3711   7.5217989020858509                            NaN   14.603196169945647     
        3712                       NaN                       NaN   14.605318404743764     
        3713   7.5229358089411402                            NaN   14.606690804054679     
        3714   7.5238013835099533                            NaN   14.609354344062917     
        3715   7.5243415967469236                            NaN   14.611013565172332     
        3716   7.5250036763897610                            NaN   14.613028454632204     
        3717   7.5251683006267189                            NaN   14.613534915369751     
        3718   7.5258781563919426                            NaN   14.615720502930341     
        3719   7.5263291549223537                            NaN   14.617107522687002     
        3720   7.5269810694846440                            NaN   14.619097266429293     
        3721   7.5278899935376327                            NaN   14.621879408030429     
        3722   7.5285884765257025                            NaN   14.624038194693956     
        3723   7.5292959459590731                            NaN   14.626203196989721     
        3724   7.5299181144806280                            NaN   14.628130026075613     
        3725   7.5307339029665261                            NaN   14.630634682497377     
        3726   7.5315931170455030                            NaN   14.633256110770470     
        3727   7.5322237850321132                            NaN   14.635192497816792     
        3728   7.5325913008106609                            NaN   14.636325172656843     
        3729   7.5332111826119545                            NaN   14.638238361543653     
        3730   7.5340069626492312                            NaN   14.640679066778088     
        3731   7.5345615618640220                            NaN   14.642386744316600     
        3732   7.5351634614958929                            NaN   14.644233297516550     
        3733   7.5356109568175045                            NaN   14.645607387152641     
        3734   7.5362689606688793                            NaN   14.647643798289192     
        3735   7.5369706269809429                            NaN   14.649802388639506     
        3736   7.5379114051290559                            NaN   14.652710375205809     
        3737   7.5385238952804325                            NaN   14.654594980000279     
        3738   7.5389821365647478                            NaN   14.656011988570389     
        3739   7.5397476576257434                            NaN   14.658379386707363     
        3740   7.5404028185869212                            NaN   14.660412109567002     
        3741   7.5407634524230476                            NaN   14.661525793965046     
        3742   7.5413293300203490                            NaN   14.663265482034424     
        3743   7.5419513802070117                            NaN   14.665188490114009     
        3744   7.5424552660458861                            NaN   14.666739656081043     
        3745   7.5428656063933968                            NaN   14.668003751510620     
        3746   7.5439895801009289                            NaN   14.671489392937655     
        3747   7.5446220229991265                            NaN   14.673426665885501     
        3748   7.5451968346406471                            NaN   14.675196230969771     
        3749   7.5463736759909112                            NaN   14.678814357404212     
        3750   7.5467686277859141                            NaN   14.680026001240952     
        3751   7.5474926427542695                            NaN   14.682241004962686     
        3752   7.5480653953702301                            NaN   14.683997556772102     
        3753   7.5487066115368409                            NaN   14.685984007618703     
        3754   7.5490536605401690                            NaN   14.687057807114900     
        3755   7.5497439246228115                            NaN   14.689180585101031     
        3756   7.5504265111590456                            NaN   14.691286513010350     
        3757   7.5516414294103669                            NaN   14.695022916325616     
        3758   7.5525545754539705                            NaN   14.697826939791460     
        3759   7.5532437113288795                            NaN   14.699942252097809     
        3760   7.5539437182148621                            NaN   14.702093376047932     
        3761   7.5545925283284774                            NaN   14.704093818713966     
        3762   7.5552463965250585                            NaN   14.706109397181928     
        3763   7.5558666674337163                            NaN   14.708018705265378     
        3764   7.5563969953143042                            NaN   14.709648171843815     
        3765   7.5569709022551281                            NaN   14.711411596693136     
        3766   7.5576463079805603                            NaN   14.713503821756143     
        3767   7.5580768816307371                            NaN   14.714837693357126     
        3768   7.5587316703100003                            NaN   14.716849973408845     
        3769   7.5591346290599990                            NaN   14.718096314836455     
        3770   7.5598484054528967                            NaN   14.720316511380322     
        3771   7.5604400491220218                            NaN   14.722150167784161     
        3772   7.5611190954850374                            NaN   14.724243976356785     
        3773   7.5618101206819306                            NaN   14.726381461114695     
        3774   7.5627962323568685                            NaN   14.729422529993542     
        3775   7.5634125248967852                            NaN   14.731336183456790     
        3776   7.5644551716031661                            NaN   14.734573880014697     
        3777   7.5652349605352125                            NaN   14.736982105734876     
        3778   7.5656218686322934                            NaN   14.738176048877325     
        3779   7.5662917024281926                            NaN   14.740254060993475     
        3780   7.5668961919897102                            NaN   14.742117432125690     
        3781   7.5674307290515772                            NaN   14.743772833458896     
        3782   7.5678449822115494                            NaN   14.745049967316845     
        3783   7.5683688535634390                            NaN   14.746671159785999     
        3784   7.5689197317777328                            NaN   14.748369126257302     
        3785   7.5695778867565027                            NaN   14.750401848058880     
        3786   7.5702009990684802                            NaN   14.752318430934517     
        3787   7.5705771411866305                            NaN   14.753475303936479     
        3788   7.5713062649689693                            NaN   14.755719987026234     
        3789   7.5718896496521264                            NaN   14.757523550517211     
        3790   7.5728280898608471                            NaN   14.760423261511665     
        3791   7.5735169746159627                            NaN   14.762552082549092     
        3792   7.5739059685454437                            NaN   14.763742157039086     
        3793   7.5743200542126061                            NaN   14.765027133764928     
        3794   7.5748251287837416                            NaN   14.766584412020853     
        3795   7.5756857807513978                            NaN   14.769246240936791     
        3796   7.5763850281561860                            NaN   14.771409489282698     
        3797   7.5772947411350273                            NaN   14.774203056531025     
        3798   7.5776798684508604                            NaN   14.775396250212058     
        3799   7.5780205928562143                            NaN   14.776450630750073     
        3800   7.5788140684882093                            NaN   14.778912546848961     
        3801   7.5797507579517998                            NaN   14.781783943470321     
        3802   7.5803630380507503                            NaN   14.783681167145293     
        3803   7.5809189172950706                            NaN   14.785404976387621     
        3804   7.5813781553455133                            NaN   14.786819958287220     
        3805   7.5820207666386867                            NaN   14.788823375344265     
        3806   7.5828538827453658                            NaN   14.791389594173740     
        3807   7.5831277029472703                            NaN   14.792235071682921     
        3808   7.5836993456512491                            NaN   14.794020254788233     
        3809   7.5844380887473877                            NaN   14.796286326456030     
        3810   7.5849243024032305                            NaN   14.797790065621172     
        3811   7.5856141996309301                            NaN   14.799915249345890     
        3812   7.5865355775217820                            NaN   14.802765609082229     
        3813   7.5873005923729595                            NaN   14.805128822934876     
        3814   7.5881444386312351                            NaN   14.807751773985512     
        3815   7.5884439645844513                            NaN   14.808674364179732     
        3816   7.5889803756422962                            NaN   14.810337422842499     
        3817   7.5897573058852981                            NaN   14.812742043800920     
        3818   7.5905580541881319                            NaN   14.815216319381847     
        3819   7.5909424452690528                            NaN   14.816404765742741     
        3820   7.5914024335518420                            NaN   14.817833109090149     
        3821   7.5919705013982464                            NaN   14.819590421391132     
        3822   7.5928450229106925                            NaN   14.822309029817163     
        3823   7.5934843693992988                            NaN   14.824294839127509     
        3824   7.5943292133950937                            NaN   14.826907993708769     
        3825   7.5952438386773151                            NaN   14.829752369525000     
        3826   7.5962084651110073                            NaN   14.832758819127857     
        3827   7.5968388570716687                            NaN   14.834720203030145     
        3828   7.5974497202210456                            NaN   14.836622851023957     
        3829   7.5981458248580029                            NaN   14.838792089050648     
        3830   7.5987768137490805                            NaN   14.840755408178984     
        3831   7.5994239715611984                            NaN   14.842769987327136     
        3832   7.6000361007671788                            NaN   14.844681280278783     
        3833   7.6007379727169235                            NaN   14.846859064368052     
        3834   7.6013035128309641                            NaN   14.848618342708244     
        3835   7.6019394337941701                            NaN   14.850586879369985     
        3836   7.6031408506147971                            NaN   14.854324916046181     
        3837   7.6038276308459603                            NaN   14.856456911585738     
        3838   7.6043295706156302                            NaN   14.858016775352350     
        3839   7.6054188722299454                            NaN   14.861391286610715     
        3840   7.6059142975282352                            NaN   14.862931671363947     
        3841   7.6064323494483705                            NaN   14.864532304125197     
        3842   7.6069858638097614                            NaN   14.866251073812823     
        3843   7.6074192308577722                            NaN   14.867594960844636     
        3844   7.6080251693540522                            NaN   14.869478462562697     
        3845   7.6085848011319994                            NaN   14.871211502692933     
        3846   7.6095051440486543                            NaN   14.874062956546458     
        3847   7.6100101679789987                            NaN   14.875630541204416     
        3848   7.6108691762566680                            NaN   14.878299697651077     
        3849   7.6118918956999213                            NaN   14.881472196285054     
        3850   7.6129073874833013                            NaN   14.884615826829819     
        3851   7.6138045751015735                            NaN   14.887399298825704     
        3852   7.6144491129849925                            NaN   14.889404680191348     
        3853   7.6152215674695114                            NaN   14.891794483186747     
        3854   7.6156969418518781                            NaN   14.893274972692897     
        3855   7.6161801871544244                            NaN   14.894775982062338     
        3856   7.6164369961261897                            NaN   14.895576242179384     
        3857   7.6170641911268646                            NaN   14.897534389145667     
        3858   7.6177597958992012                            NaN   14.899706293987089     
        3859   7.6185734315775093                            NaN   14.902230811490188     
        3860   7.6195089587793152                            NaN   14.905128338521674     
        3861   7.6202885919591523                            NaN   14.907547755395294     
        3862   7.6208525751262544                            NaN   14.909302901619546     
        3863   7.6214366431193197                            NaN   14.911123819693426     
        3864   7.6218714840482988                            NaN   14.912469211590112     
        3865   7.6231898752499969                            NaN   14.916557799880039     
        3866   7.6241696417147367                            NaN   14.919607401482139     
        3867   7.6249343295914516                            NaN   14.921986098964481     
        3868   7.6257897823513705                            NaN   14.924654597892964     
        3869   7.6265876530121002                            NaN   14.927127503640719     
        3870   7.6271895630858682                            NaN   14.929006749504401     
        3871   7.6277631607469063                            NaN   14.930802745964371     
        3872   7.6282248857098338                            NaN   14.932234660166660     
        3873   7.6291350840059851                            NaN   14.935075307958195     
        3874   7.6296595408282686                            NaN   14.936710524565125     
        3875   7.6301435889019142                            NaN   14.938227208055531     
        3876   7.6306366961726537                            NaN   14.939759667515299     
        3877   7.6311902754926608                            NaN   14.941493275194919     
        3878   7.6318956565716318                            NaN   14.943690762198401     
        3879   7.6325202567247388                            NaN   14.945637123981868     
        3880   7.6335362591521250                            NaN   14.948792864543247     
        3881   7.6343148296452643                            NaN   14.951216221674105     
        3882   7.6348719296029710                            NaN   14.952940283644526     
        3883   7.6354015546717333                            NaN   14.954594065234355     
        3884   7.6359817559793104                            NaN   14.956397737833447     
        3885   7.6366169265137769                            NaN   14.958376413750695     
        3886   7.6370101190857698                            NaN   14.959593501399320     
        3887   7.6377587334882264                            NaN   14.961930178261582     
        3888   7.6384070259855132                            NaN   14.963957075084647     
        3889   7.6390671044310023                            NaN   14.966005236526129     
        3890   7.6399880034257324                            NaN   14.968875077624649     
        3891   7.6410928249469210                            NaN   14.972329490819936     
        3892   7.6416911233258942                            NaN   14.974199879428994     
        3893   7.6426403728658769                            NaN   14.977172588773309     
        3894   7.6434608378831523                            NaN   14.979730201058317     
        3895   7.6442702196110943                            NaN   14.982261106725947     
        3896   7.6450242701033844                            NaN   14.984605866451762     
        3897   7.6453856796838142                            NaN   14.985731576594272     
        3898   7.6459428669400538                            NaN   14.987476218876177     
        3899   7.6468171391155577                            NaN   14.990213739479580     
        3900   7.6474867633063806                            NaN   14.992293066933092     
        3901   7.6481605360052427                            NaN   14.994386809288150     
        3902   7.6488814864983894                            NaN   14.996644190707183     
        3903   7.6496510508266535                            NaN   14.999032258620622     
        3904   7.6503253178143833                            NaN   15.001131516932912     
        3905   7.6509552888274781                            NaN   15.003087110126586     
        3906   7.6513586877035227                            NaN   15.004336608391750     
        3907   7.6518469004402192                            NaN   15.005856285739849     
        3908   7.6524470781350731                            NaN   15.007735168075618     
        3909   7.6532728638642338                            NaN   15.010320418864122     
        3910   7.6539548390006589                            NaN   15.012448474591135     
        3911   7.6543884897693264                            NaN   15.013792318429907     
        3912   7.6554330131878077                            NaN   15.017075137097951     
        3913   7.6559300675084909                            NaN   15.018638667935244     
        3914   7.6563633424138047                            NaN   15.019996551652003     
        3915   7.6570210177086064                            NaN   15.022047027316399     
        3916   7.6579412693421958                            NaN   15.024918768236407     
        3917   7.6589118446934492                            NaN   15.027952058864475     
        3918   7.6596894852961181                            NaN   15.030375218332878     
        3919   7.6602580330771586                            NaN   15.032154792282956     
        3920   7.6609109208615722                            NaN   15.034175126982182     
        3921   7.6614115144837127                            NaN   15.035737032044320     
        3922   7.6619047271007901                            NaN   15.037275992290219     
        3923   7.6627503943555100                            NaN   15.039902572985431     
        3924   7.6632854721810348                            NaN   15.041581636937957     
        3925   7.6637573606112186                            NaN   15.043050570154577     
        3926   7.6643993688323020                            NaN   15.045048133871134     
        3927   7.6650670271963959                            NaN   15.047136807894152     
        3928   7.6656752238589663                            NaN   15.049050590061626     
        3929   7.6661838218526537                            NaN   15.050649201804129     
        3930   7.6668436258401345                            NaN   15.052701648301914     
        3931   7.6677181879390828                            NaN   15.055432193426839     
        3932   7.6686599826719561                            NaN   15.058372689262361     
        3933   7.6693156779058498                            NaN   15.060421321963924     
        3934   7.6699850901791065                            NaN   15.062510979968579     
        3935   7.6707474508453668                            NaN   15.064899493093298     
        3936   7.6717012260826252                            NaN   15.067880184949507     
        3937   7.6724026210144327                            NaN   15.070068978429237     
        3938   7.6727765102485366                            NaN   15.071231786382082     
        3939   7.6733572152662841                            NaN   15.073050571982042     
        3940   7.6745235985671965                            NaN   15.076674433519358     
        3941   7.6751662357040926                            NaN   15.078666638642764     
        3942   7.6758200336231415                            NaN   15.080718988593777     
        3943   7.6764288079455527                            NaN   15.082626252335057     
        3944   7.6771713396226531                            NaN   15.084965238133986     
        3945   7.6783140349806214                            NaN   15.088517328464738     
        3946   7.6790387855250959                            NaN   15.090793319678008     
        3947   7.6798077537067915                            NaN   15.093179763316376     
        3948   7.6806935578766824                            NaN   15.095940980554740     
        3949   7.6811322946262433                            NaN   15.097315226228222     
        3950   7.6817211305197901                            NaN   15.099156220774134     
        3951   7.6825055592159774                            NaN   15.101608598663924     
        3952   7.6831198793736899                            NaN   15.103536303355899     
        3953   7.6838735539627221                            NaN   15.105899683670447     
        3954   7.6844401959657684                            NaN   15.107683468503998     
        3955   7.6848001474350269                            NaN   15.108812053163035     
        3956   7.6854089581538716                            NaN   15.110736504233364     
        3957   7.6860789458664103                            NaN   15.112833713764104     
        3958   7.6865284128238658                            NaN   15.114236160452990     
        3959   7.6869828409940339                            NaN   15.115657463019829     
        3960   7.6875017006409934                            NaN   15.117277311102882     
        3961   7.6884332982182588                            NaN   15.120180180607571     
        3962   7.6888113698898000                            NaN   15.121366550788897     
        3963   7.6892454510310673                            NaN   15.122725867657405     
        3964   7.6900009525988846                            NaN   15.125101960778437     
        3965   7.6908542587892921                            NaN   15.127770437494712     
        3966   7.6912798811349159                            NaN   15.129093307513514     
        3967   7.6923083425240311                            NaN   15.132315359085831     
        3968   7.6930574828540372                            NaN   15.134671948238159     
        3969   7.6934848761893875                            NaN   15.136010890262735     
        3970   7.6941547267757304                            NaN   15.138106166850207     
        3971   7.6946916564545429                            NaN   15.139784652207101     
        3972   7.6952686787340454                            NaN   15.141579128265727     
        3973   7.6965521544095115                            NaN   15.145636938670417     
        3974   7.6969713531183661                            NaN   15.146950114594935     
        3975   7.6975849976095292                            NaN   15.148862464983035     
        3976   7.6984237862041081                            NaN   15.151501752950622     
        3977   7.6994576033047917                            NaN   15.154754884747380     
        3978   7.6998936415812027                            NaN   15.156135624674343     
        3979   7.7006397799631134                            NaN   15.158480520901472     
        3980   7.7012775841079986                            NaN   15.160496446618694     
        3981   7.7018182027882744                            NaN   15.162183908883799     
        3982   7.7024761448169770                            NaN   15.164238754495614     
        3983   7.7028335023458965                            NaN   15.165360717104809     
        3984   7.7035101752746327                            NaN   15.167483053538746     
        3985   7.7042873168824375                            NaN   15.169922462046481     
        3986   7.7047295643246088                            NaN   15.171310342971775     
        3987   7.7054680880044986                            NaN   15.173622782258281     
        3988   7.7059464981366999                            NaN   15.175133492092101     
        3989   7.7064899259396311                            NaN   15.176839297054048     
        3990   7.7074436916378657                            NaN   15.179829637559191     
        3991   7.7081668805788386                            NaN   15.182103159025559     
        3992   7.7087594410838065                            NaN   15.183946056939888     
        3993   7.7098278171810248                            NaN   15.187305118294978     
        3994   7.7103870924471760                            NaN   15.189056903322344     
        3995   7.7111157103602865                            NaN   15.191355290129163     
        3996   7.7121203708020598                            NaN   15.194486582425901     
        3997   7.7125406013077678                            NaN   15.195813361456974     
        3998   7.7131855689162787                            NaN   15.197842498943796     
        3999   7.7139179360941439                            NaN   15.200127611894768     
        4000   7.7147627007690005                            NaN   15.202774632318000     
        4001   7.7151670305422346                            NaN   15.204052780651384     
        4002   7.7155105020848023                            NaN   15.205132385467101     
        4003   7.7161132155345626                            NaN   15.207022976668394     
        4004   7.7170649642472622                            NaN   15.210010761202417     
        4005   7.7177877439657108                            NaN   15.212266499476522     
        4006   7.7186601650586129                            NaN   15.215023156856976     
        4007   7.7190172628876059                            NaN   15.216145652164673     
        4008   7.7196485561024177                            NaN   15.218126647400123     
        4009   7.7199187580578315                            NaN   15.218976506258688     
        4010   7.7202577193123592                            NaN   15.220036895614701     
        4011   7.7206464831248196                            NaN   15.221262814843314     
        4012   7.7217499578176900                            NaN   15.224733925274748     
        4013   7.7225926494792621                            NaN   15.227417214585319     
        4014   7.7234667802577750                            NaN   15.230169248983717     
        4015   7.7238755885404284                            NaN   15.231454118214225     
        4016   7.7248149187712487                            NaN   15.234401467087356     
        4017   7.7258040785928612                            NaN   15.237521682410057     
        4018   7.7267674751197601                            NaN   15.240546879442736     
        4019   7.7272586619643011                            NaN   15.242094223340635     
        4020   7.7280695331166358                            NaN   15.244660759268362     
        4021   7.7290319379990864                            NaN   15.247685937208876     
        4022   7.7297917415615931                            NaN   15.250084372662712     
        4023   7.7305833568848783                            NaN   15.252566347857600     
        4024   7.7317815174659614                            NaN   15.256334325495569     
        4025   7.7325505209012677                            NaN   15.258750061340644     
        4026   7.7331366015153291                            NaN   15.260607258085960     
        4027   7.7339197898224068                            NaN   15.263072756342112     
        4028   7.7345428352876935                            NaN   15.265038728300024     
        4029   7.7351146002645859                            NaN   15.266832091882748     
        4030   7.7357998460163131                            NaN   15.268990114877454     
        4031   7.7368359158596576                            NaN   15.272255235943266     
        4032   7.7374296034960413                            NaN   15.274134280946262     
        4033   7.7382385975256014                            NaN   15.276685587019433     
        4034   7.7387358162559563                            NaN   15.278246177371665     
        4035   7.7392868934637224                            NaN   15.279975140829825     
        4036   7.7397804604557665                            NaN   15.281521860954319     
        4037   7.7401085569116175                            NaN   15.282554501946791     
        4038   7.7408165295547722                            NaN   15.284791022147326     
        4039   7.7413717094675416                            NaN   15.286535129759454     
        4040   7.7420546333303761                            NaN   15.288670827159915     
        4041   7.7429509368810034                            NaN   15.291485786892761     
        4042   7.7434966908149132                            NaN   15.293210727530155     
        4043   7.7441478211188057                            NaN   15.295269858952508     
        4044   7.7448392167048876                            NaN   15.297431471994511     
        4045   7.7457550738578487                            NaN   15.300295377244288     
        4046   7.7463042526566852                            NaN   15.302018133666298     
        4047   7.7469360694594114                            NaN   15.304011212228648     
        4048   7.7477718035248007                            NaN   15.306636913099037     
        4049   7.7488159495138529                            NaN   15.309922326592361     
        4050   7.7496012903038700                            NaN   15.312387048206428     
        4051   7.7502615532089525                            NaN   15.314471180086912     
        4052   7.7510970856048731                            NaN   15.317112409741389     
        4053   7.7515915378418345                            NaN   15.318671054557148     
        4054   7.7518720700477264                            NaN   15.319561622371708     
        4055   7.7526641610280098                            NaN   15.322053722994102     
        4056   7.7541103376404150                            NaN   15.326594658299772     
        4057   7.7544672199659388                            NaN   15.327716954229842     
        4058   7.7554623842175472                            NaN   15.330874452752823     
        4059   7.7558492956509157                            NaN   15.332096558593548     
        4060   7.7566229506095015                            NaN   15.334503368468040     
        4061   7.7575304280592876                            NaN   15.337366009305750     
        4062   7.7582558041836025                            NaN   15.339656160417629     
        4063   7.7589255767153613                            NaN   15.341766553924009     
        4064   7.7595863829378944                            NaN   15.343845525771147     
        4065   7.7602460716220367                            NaN   15.345924234132573     
        4066   7.7607366614235094                            NaN   15.347474339483492     
        4067   7.7612281722961995                            NaN   15.349035813144534     
        4068   7.7619177707639171                            NaN   15.351207071478257     
        4069   7.7623812045107830                            NaN   15.352678120184986     
        4070   7.7631879955726886                            NaN   15.355225539874663     
        4071   7.7641302066942917                            NaN   15.358182543545022     
        4072   7.7648292570658839                            NaN   15.360403834588894     
        4073   7.7658924763946064                            NaN   15.363758413545224     
        4074   7.7663828628689853                            NaN   15.365309388972998     
        4075   7.7669097008634989                            NaN   15.366972455273530     
        4076   7.7677103145732715                            NaN   15.369514936103268     
        4077   7.7679359216300004                            NaN   15.370230823376058     
        4078   7.7686509641764134                            NaN   15.372495735353061     
        4079   7.7695486769395403                            NaN   15.375330393284443     
        4080   7.7703257727701169                            NaN   15.377785956372339     
        4081   7.7708367677709500                            NaN   15.379407346942884     
        4082   7.7714423992387847                            NaN   15.381337356525535     
        4083   7.7721396015290951                            NaN   15.383541328917101     
        4084   7.7729740160899752                            NaN   15.386178353785658     
        4085   7.7736621821660208                            NaN   15.388370830208743     
        4086   7.7744878139875269                            NaN   15.390980121825223     
        4087   7.7749891389437469                            NaN   15.392576889455592     
        4088   7.7757620399902949                            NaN   15.395031887306903     
        4089   7.7763624647312408                            NaN   15.396938597164560     
        4090   7.7770651917582310                            NaN   15.399163855253004     
        4091   7.7779803927224389                            NaN   15.402041697599586     
        4092   7.7785829724176780                            NaN   15.403938355995233     
        4093   7.7792349599192248                            NaN   15.405999606731658     
        4094   7.7798235325020615                            NaN   15.407856630463845     
        4095   7.7805796974791530                            NaN   15.410254711092870     
        4096   7.7812632266115855                            NaN   15.412423037809242     
        4097   7.7821248993053800                            NaN   15.415134711465878     
        4098   7.7825578882726969                            NaN   15.416508578211785     
        4099   7.7834492658022940                            NaN   15.419325742454802     
        4100   7.7841813595988780                            NaN   15.421648630635001     
        4101   7.7847891236660747                            NaN   15.423568157137035     
        4102   7.7855824877838726                            NaN   15.426062760522139     
        4103   7.7861985844574786                            NaN   15.428020901264651     
        4104   7.7868844543451514                            NaN   15.430195646846595     
        4105   7.7874048487314109                            NaN   15.431858277591715     
        4106   7.7880882836747842                            NaN   15.434018791453036     
        4107   7.7887956421792683                            NaN   15.436250602573404     
        4108   7.7893327993401345                            NaN   15.437964215215606     
        4109   7.7897756416416346                            NaN   15.439371031473238     
        4110   7.7909207548737980                            NaN   15.442997612353082     
        4111   7.7917491051551391                            NaN   15.445632222545168     
        4112   7.7924006561308925                            NaN   15.447691623293442     
        4113   7.7931607927786191                            NaN   15.450110455594437     
        4114   7.7939821676593271                            NaN   15.452720692607354     
        4115   7.7946477187446330                            NaN   15.454839478335421     
        4116   7.7955817598712640                            NaN   15.457804293728646     
        4117   7.7960679484776634                            NaN   15.459340690380202     
        4118   7.7963856448209565                            NaN   15.460348797434374     
        4119   7.7971394257546605                            NaN   15.462741763731824     
        4120   7.7976398229576684                            NaN   15.464335549385993     
        4121   7.7987679365276410                            NaN   15.467931241287840     
        4122   7.7998259994743480                            NaN   15.471266428199465     
        4123   7.8004394703462108                            NaN   15.473207678065711     
        4124   7.8011802556796113                            NaN   15.475547329046725     
        4125   7.8016471464939841                            NaN   15.477032484932314     
        4126   7.8024983213956700                            NaN   15.479733703184056     
        4127   7.8027854434872408                            NaN   15.480651954089947     
        4128   7.8036359127686810                            NaN   15.483351385158368     
        4129   7.8048568361148698                            NaN   15.487227176478189     
        4130   7.8053383838962462                            NaN   15.488755308080551     
        4131   7.8057200948784056                            NaN   15.489970944966322     
        4132   7.8069428492056705                            NaN   15.493841938071588     
        4133   7.8078942470038681                            NaN   15.496870711767755     
        4134   7.8088701762597736                            NaN   15.499977980635695     
        4135   7.8096066777556432                            NaN   15.502307698403333     
        4136   7.8100656250873923                            NaN   15.503755925188097     
        4137   7.8109726887190236                            NaN   15.506623771861593     
        4138   7.8121910359343882                            NaN   15.510494639676020     
        4139   7.8125001105297844                            NaN   15.511481906763880     
        4140   7.8135903846640247                            NaN   15.514927286795395     
        4141   7.8144982808907599                            NaN   15.517808460171574     
        4142   7.8152215774818146                            NaN   15.520103822144597     
        4143   7.8159878180748139                            NaN   15.522549936373455     
        4144   7.8164161721731249                            NaN   15.523910489884912     
        4145   7.8171131190476526                            NaN   15.526134920415799     
        4146   7.8180486878528299                            NaN   15.529118225138808     
        4147   7.8183608590630129                            NaN   15.530113983734472     
        4148   7.8190822508020048                            NaN   15.532402808179683     
        4149   7.8197566672626424                            NaN   15.534555284174422     
        4150   7.8203898425946194                            NaN   15.536556985199521     
        4151   7.8210046463656600                            NaN   15.538511432081270     
        4152   7.8226973003109048                            NaN   15.543939441921802     
        4153   7.8236392088370721                            NaN   15.546939152571564     
        4154   7.8242916406292622                            NaN   15.549009995922438     
        4155   7.8251611531982750                            NaN   15.551773285397189     
        4156   7.8261215124196308                            NaN   15.554828243591279     
        4157   7.8268373916272607                            NaN   15.557116364935885     
        4158   7.8281564457341215                            NaN   15.561329991200527     
        4159   7.8288594446691047                            NaN   15.563559668323382     
        4160   7.8297140349846996                            NaN   15.566289775088203     
        4161   7.8308747228048192                            NaN   15.569971353983757     
        4162   7.8319659849344401                            NaN   15.573457022937882     
        4163   7.8329995707535058                            NaN   15.576763447818450     
        4164   7.8343001506729735                            NaN   15.580878974317960     
        4165   7.8346271205367186                            NaN   15.581915966478181     
        4166   7.8355020176289853                            NaN   15.584693625602814     
        4167   7.8360373755617756                            NaN   15.586402743348893     
        4168   7.8370237251269401                            NaN   15.589534175131742     
        4169   7.8376957254168245                            NaN   15.591670566244066     
        4170   7.8381205328612866                            NaN   15.593029956345024     
        4171   7.8390332284559605                            NaN   15.595960215436282     
        4172   7.8395570766935005                            NaN   15.597634325266682     
        4173   7.8401174962143356                            NaN   15.599427121956106     
        4174   7.8407347345034584                            NaN   15.601399124843558     
        4175   7.8420159454719496                            NaN   15.605504879938021     
        4176   7.8425855374265172                            NaN   15.607323388083699     
        4177   7.8430700548699601                            NaN   15.608875564705187     
        4178   7.8436235022655607                            NaN   15.610650116973417     
        4179   7.8444296690779041                            NaN   15.613228046692523     
        4180   7.8450143875924070                            NaN   15.615098479236599     
        4181   7.8456247397931849                            NaN   15.617044499776451     
        4182   7.8462079924153567                            NaN   15.618891013406465     
        4183   7.8466707348721716                            NaN   15.620375788021509     
        4184   7.8470325474956510                            NaN   15.621529751700862     
        4185   7.8477822110316122                            NaN   15.623923100404587     
        4186   7.8485928191006336                            NaN   15.626499839957194     
        4187   7.8490376833579818                            NaN   15.627921322695846     
        4188   7.8503818109787344                            NaN   15.632210984256584     
        4189   7.8514595842781194                            NaN   15.635650391205052     
        4190   7.8521421160452407                            NaN   15.637812088914675     
        4191   7.8530240970787464                            NaN   15.640638446824212     
        4192   7.8536109649867099                            NaN   15.642514939989297     
        4193   7.8542999067388424                            NaN   15.644711177721325     
        4194   7.8554420463955861                            NaN   15.648364440412513     
        4195   7.8558507926327623                            NaN   15.649669237943911     
        4196   7.8573299642140144                            NaN   15.654403332375932     
        4197   7.8579522299410254                            NaN   15.656394387073892     
        4198   7.8589706160777242                            NaN   15.659664199958376     
        4199   7.8599339657067535                            NaN   15.662756502097116     
        4200   7.8606787726832108                            NaN   15.665130637245023     
        4201   7.8611345458955366                            NaN   15.666582951623889     
        4202   7.8615655511947313                            NaN   15.667960236858704     
        4203   7.8620504270600593                            NaN   15.669507187778100     
        4204   7.8625208105002882                            NaN   15.670996689886589     
        4205   7.8629556262776577                            NaN   15.672390236027519     
        4206   7.8634521921553162                            NaN   15.673989998079758     
        4207   7.8645006340674204                            NaN   15.677330050427571     
        4208   7.8652949603116555                            NaN   15.679873519291508     
        4209   7.8659323939365509                            NaN   15.681920067514465     
        4210   7.8664620528174041                            NaN   15.683610620042995     
        4211   7.8671723339483135                            NaN   15.685889996245512     
        4212   7.8680327662485041                            NaN   15.688646518322264     
        4213   7.8686639221254611                            NaN   15.690669356545589     
        4214   7.8694344785717520                            NaN   15.693126443481159     
        4215   7.8702140569092816                            NaN   15.695640494627193     
        4216   7.8709105722174346                            NaN   15.697867528541527     
        4217   7.8718001372919293                            NaN   15.700735005756334     
        4218   7.8726315961944637                            NaN   15.703409332600454     
        4219   7.8735011138773148                            NaN   15.706183573108509     
        4220   7.8742218390010263                            NaN   15.708485718287548     
        4221   7.8748391312617656                            NaN   15.710451087944666     
        4222   7.8757136156864247                            NaN   15.713240942042091     
        4223   7.8761995538106948                            NaN   15.714786275156666     
        4224   7.8773300776942223                            NaN   15.718423239998765     
        4225   7.8787639793017830                            NaN   15.723011175186553     
        4226   7.8792255076646445                            NaN   15.724484280065600     
        4227   7.8805597676426640                            NaN   15.728762303542165     
        4228   7.8817369267723150                            NaN   15.732502634446623     
        4229   7.8828254006133704                            NaN   15.735971871386671     
        4230   7.8839548493403058                            NaN   15.739595599019447     
        4231   7.8848055943493307                            NaN   15.742310992000418     
        4232   7.8854287044511917                            NaN   15.744313814412134     
        4233   7.8864058807862678                            NaN   15.747432255142646     
        4234   7.8870305950839903                            NaN   15.749440797372012     
        4235   7.8875983035281392                            NaN   15.751268454260003     
        4236   7.8883561923501144                            NaN   15.753683903739713     
        4237   7.8889943309713004                            NaN   15.755732772375799     
        4238   7.8902390576704580                            NaN   15.759722541651396     
        4239   7.8906710394394866                            NaN   15.761109790793649     
        4240   7.8912296630025462                            NaN   15.762896300829954     
        4241   7.8916589812609148                            NaN   15.764281022388875     
        4242   7.8925232499524016                            NaN   15.767053593445677     
        4243   7.8931906323507617                            NaN   15.769177744092062     
        4244   7.8945396249945050                            NaN   15.773507646405625     
        4245   7.8949354391828210                            NaN   15.774770509788549     
        4246   7.8956347459180618                            NaN   15.777004235261000     
        4247   7.8964584007699559                            NaN   15.779632255893000     
        4248   7.8970680036244945                            NaN   15.781594244751124     
        4249   7.8977556826066460                            NaN   15.783815886907018     
        4250   7.8983726499354345                            NaN   15.785793855377189     
        4251   7.8989131039533662                            NaN   15.787534805112950     
        4252   7.8994805986313779                            NaN   15.789352320071625     
        4253   7.9001852400936574                            NaN   15.791607534016617     
        4254   7.9012030274071776                            NaN   15.794878998652319     
        4255   7.9019179892556242                            NaN   15.797153449846761     
        4256   7.9024381455723383                            NaN   15.798826373443490     
        4257   7.9037747385451720                            NaN   15.803127908791614     
        4258   7.9043846389962749                            NaN   15.805083181514579     
        4259   7.9051019032680232                            NaN   15.807379365064595     
        4260   7.9055805794509242                            NaN   15.808909226411435     
        4261   7.9061863421625871                            NaN   15.810840219743307     
        4262   7.9066945038736467                            NaN   15.812466770722661     
        4263   7.9076331975350183                            NaN   15.815495306548707     
        4264   7.9086142402881903                            NaN   15.818645247450121     
        4265   7.9098192675169425                            NaN   15.822553572480592     
        4266   7.9102816190780771                            NaN   15.824035671524253     
        4267   7.9108863916849801                            NaN   15.825970708079790     
        4268   7.9115612547159131                            NaN   15.828122271111729     
        4269   7.9129971074361523                            NaN   15.832731230619677     
        4270   7.9134833932907966                            NaN   15.834296865634915     
        4271   7.9146288528917932                            NaN   15.837998466584486     
        4272   7.9151695359305574                            NaN   15.839742216615250     
        4273   7.9157414068053260                            NaN   15.841579290749342     
        4274   7.9165780593472972                            NaN   15.844265807685085     
        4275   7.9169882928252919                            NaN   15.845592637394281     
        4276   7.9173697680898814                            NaN   15.846815896203475     
        4277   7.9183149164772741                            NaN   15.849832535425392     
        4278   7.9190903134156603                            NaN   15.852313269443680     
        4279   7.9203250462295287                            NaN   15.856286244447016     
        4280   7.9210297205054498                            NaN   15.858545204072346     
        4281   7.9218396997563731                            NaN   15.861165783119876     
        4282   7.9224181016676667                            NaN   15.863023902562741     
        4283   7.9227894519328288                            NaN   15.864218324278813     
        4284   7.9239197184819687                            NaN   15.867857101930431     
        4285   7.9249484963781809                            NaN   15.871164919120593     
        4286   7.9255702526980443                            NaN   15.873159111317182     
        4287   7.9266753072304867                            NaN   15.876735449559245     
        4288   7.9280489269900816                            NaN   15.881144744551870     
        4289   7.9288322569308693                            NaN   15.883656097123344     
        4290   7.9294840874833401                            NaN   15.885751868792903     
        4291   7.9306052263409086                            NaN   15.889356976968568     
        4292   7.9317524716978811                            NaN   15.893031643767253     
        4293   7.9324260269226983                            NaN   15.895183354522345     
        4294   7.9332833677568786                            NaN   15.897952414527008     
        4295   7.9341755996300778                            NaN   15.900803481284067     
        4296   7.9346405284955370                            NaN   15.902310643652143     
        4297   7.9354712928163762                            NaN   15.904990184736576     
        4298   7.9362128788101627                            NaN   15.907376795023868     
        4299   7.9371700502111135                            NaN   15.910485044947871     
        4300   7.9382762713256882                            NaN   15.914063114694367     
        4301   7.9390221000344114                            NaN   15.916465302097157     
        4302   7.9396817104826054                            NaN   15.918601758045288     
        4303   7.9401536927041176                            NaN   15.920127088478157     
        4304   7.9410339345569385                            NaN   15.922963844149209     
        4305   7.9418951165691043                            NaN   15.925729021562901     
        4306   7.9422890591135484                            NaN   15.926999773396213     
        4307   7.9428466395457891                            NaN   15.928781716575916     
        4308   7.9434326955470809                            NaN   15.930680391317100     
        4309   7.9446401952768921                            NaN   15.934612500412044     
        4310   7.9455467806670281                            NaN   15.937548286655971     
        4311   7.9464566243402048                            NaN   15.940485946640914     
        4312   7.9468316877553820                            NaN   15.941696745161488     
        4313   7.9482702298531720                            NaN   15.946363051680184     
        4314   7.9492511606636311                            NaN   15.949537447491219     
        4315   7.9501028417985697                            NaN   15.952301446945228     
        4316   7.9513677026998719                            NaN   15.956390752572933     
        4317   7.9521040189034817                            NaN   15.958766329126487     
        4318   7.9528582852729404                            NaN   15.961195114123218     
        4319   7.9535904099422243                            NaN   15.963579097292603     
        4320   7.9541834697821781                            NaN   15.965483649888307     
        4321   7.9549275118971794                            NaN   15.967886929194567     
        4322   7.9560143142671267                            NaN   15.971374921108787     
        4323   7.9568655599579143                            NaN   15.974140476899075     
        4324   7.9579161772348712                            NaN   15.977537711883887     
        4325   7.9589139937952238                            NaN   15.980771930119534     
        4326   7.9596388206536357                            NaN   15.983136038968704     
        4327   7.9600827254020770                            NaN   15.984563251939949     
        4328   7.9612622963594273                            NaN   15.988366343664717     
        4329   7.9624579704322400                            NaN   15.992220353624862     
        4330   7.9635337308151124                            NaN   15.995679976850457     
        4331   7.9644561071483100                            NaN   15.998670043373213     
        4332   7.9654508126209809                            NaN   16.001876243231351     
        4333   7.9659926667918866                            NaN   16.003612650535025     
        4334   7.9667323912034060                            NaN   16.006008939448453     
        4335   7.9681138172482378                            NaN   16.010474386154897     
        4336   7.9686965941983372                            NaN   16.012359467345085     
        4337   7.9698296983280699                            NaN   16.016034166868327     
        4338   7.9706420474487816                            NaN   16.018665222145479     
        4339   7.9710028523475982                            NaN   16.019838774296055     
        4340   7.9721370065399455                            NaN   16.023499931885937     
        4341   7.9730887125994201                            NaN   16.026575972329429     
        4342   7.9739370621659331                            NaN   16.029323732071735     
        4343   7.9748106207803620                            NaN   16.032153753009744     
        4344   7.9754395210034144                            NaN   16.034195464559915     
        4345   7.9764486422917971                            NaN   16.037461296053745     
        4346   7.9771153905253085                            NaN   16.039619529147718     
        4347   7.9776804880405319                            NaN   16.041456485748547     
        4348   7.9785841130924053                            NaN   16.044358041408717     
        4349   7.9792602167013609                            NaN   16.046564540341237     
        4350   7.9796692178067214                            NaN   16.047893652181376     
        4351   7.9802859144772356                            NaN   16.049880568609240     
        4352   7.9808952707790368                            NaN   16.051844980876247     
        4353   7.9816830250623338                            NaN   16.054396507362021     
        4354   7.9821580419052678                            NaN   16.055933575006677     
        4355   7.9832264242890520                            NaN   16.059389336473732     
        4356   7.9840148376660975                            NaN   16.061945050578608     
        4357   7.9845975129922708                            NaN   16.063821574832819     
        4358   7.9853981685858475                            NaN   16.066415104211693     
        4359   7.9866771151276765                            NaN   16.070580182489898     
        4360   7.9875195450161955                            NaN   16.073293516640526     
        4361   7.9881047716730098                            NaN   16.075192933141153     
        4362   7.9887078007739971                            NaN   16.077141449387412     
        4363   7.9893612568709740                            NaN   16.079241795379708     
        4364   7.9903039533129316                            NaN   16.082290308568503     
        4365   7.9911650756035773                            NaN   16.085104288024276     
        4366   7.9919013219247974                            NaN   16.087496174098025     
        4367   7.9926175349519468                            NaN   16.089822945640289     
        4368   7.9941520079630166                            NaN   16.094801405218540     
        4369   7.9950034133177921                            NaN   16.097588598370876     
        4370   7.9956824422079391                            NaN   16.099789166160882     
        4371   7.9963645263782039                            NaN   16.102012421571516     
        4372   7.9974279631845873                            NaN   16.105456175989325     
        4373   7.9982943072005011                            NaN   16.108281883527120     
        4374   7.9988451803481935                            NaN   16.110064518915273     
        4375   7.9995161175607903                            NaN   16.112251393371618     
        4376   8.0001703456692024                            NaN   16.114373922448056     
        4377   8.0006903767892599                            NaN   16.116052954580638     
        4378   8.0016170681656273                            NaN   16.119063300776244     
        4379   8.0025730488106159                            NaN   16.122159786798907     
        4380   8.0032955807694179                            NaN   16.124500185607491     
        4381   8.0040302879749277                            NaN   16.126879481213727     
        4382   8.0047202385805090                            NaN   16.129131977688253     
        4383   8.0058138813309370                            NaN   16.132642066989153     
        4384   8.0064864950633190                            NaN   16.134810901448695     
        4385   8.0074172380331170                            NaN   16.137828335012230     
        4386   8.0080168676871022                            NaN   16.139790548855657     
        4387   8.0087357892893305                            NaN   16.142129729835563     
        4388   8.0097633626536737                            NaN   16.145468742467330     
        4389   8.0105970439102006                            NaN   16.148166032169531     
        4390   8.0113516274275263                            NaN   16.150620897891947     
        4391   8.0119948500476355                            NaN   16.152741690264801     
        4392   8.0125390490988515                            NaN   16.154509961092803     
        4393   8.0134273178654496                            NaN   16.157419576709902     
        4394   8.0141482904330168                            NaN   16.159746339957493     
        4395   8.0150514691270036                            NaN   16.162675823131728     
        4396   8.0159624032564487                            NaN   16.165638266024388     
        4397   8.0166048922678428                            NaN   16.167744404759901     
        4398   8.0175809370450128                            NaN   16.170918811354440     
        4399   8.0184327946190628                            NaN   16.173682703466600     
        4400   8.0191266873919780                            NaN   16.175941090813179     
        4401   8.0197993164265942                            NaN   16.178116303896367     
        4402   8.0203859896207241                            NaN   16.180028757688227     
        4403   8.0211167320715226                            NaN   16.182430688278668     
        4404   8.0221963361662336                            NaN   16.185906489882125     
        4405   8.0226339867439460                            NaN   16.187330198666004     
        4406   8.0233153689818497                            NaN   16.189528489238612     
        4407   8.0242712450715246                            NaN   16.192641786852228     
        4408   8.0251713420174049                            NaN   16.195566435343032     
        4409   8.0263963516225125                            NaN   16.199541651626564     
        4410   8.0273611829724665                            NaN   16.202687626707014     
        4411   8.0283757987406794                            NaN   16.206006589540468     
        4412   8.0293693977121574                            NaN   16.209259705602371     
        4413   8.0299207346848913                            NaN   16.211042510945624     
        4414   8.0315427477952692                            NaN   16.216357032622756     
        4415   8.0323336129880918                            NaN   16.218929478664542     
        4416   8.0334100664558115                            NaN   16.222424991233044     
        4417   8.0340967528023164                            NaN   16.224657787113205     
        4418   8.0358103517775685                            NaN   16.230258774546328     
        4419   8.0370844668929990                            NaN   16.234386807443229     
        4420   8.0378767626926333                            NaN   16.236960324376952     
        4421   8.0386713652061665                            NaN   16.239506284266700     
        4422   8.0398406074099267                            NaN   16.243306960724343     
        4423   8.0406999708336730                            NaN   16.246092260026948     
        4424   8.0416883178723371                            NaN   16.249309199403733     
        4425   8.0425405897051085                            NaN   16.252074334531066     
        4426   8.0433344124398491                            NaN   16.254671054047556     
        4427   8.0443293645603404                            NaN   16.257943438726748     
        4428   8.0457889694610021                            NaN   16.262735545227535     
        4429   8.0470231070460052                            NaN   16.266770908427098     
        4430   8.0486047141748376                            NaN   16.271961791240265     
        4431   8.0499475545100818                            NaN   16.276377303448179     
        4432   8.0505589384023022                            NaN   16.278382050227673     
        4433   8.0515954246025956                            NaN   16.281765954502269     
        4434   8.0522731814011888                            NaN   16.284001111921498     
        4435   8.0535655242138180                            NaN   16.288214157337030     
        4436   8.0542413978308396                            NaN   16.290417671131262     
        4437   8.0553139304108807                            NaN   16.293933488390785     
        4438   8.0559664359700704                            NaN   16.296069823545441     
        4439   8.0564802251878831                            NaN   16.297751556259481     
        4440   8.0574124406089194                            NaN   16.300808525457533     
        4441   8.0583987363184075                            NaN   16.304023991540447     
        4442   8.0591147442990163                            NaN   16.306363657693741     
        4443   8.0599489537446622                            NaN   16.309091183350780     
        4444   8.0612066455662355                            NaN   16.313207103018293     
        4445   8.0618106264600407                            NaN   16.315198254038378     
        4446   8.0626598690944853                            NaN   16.317983408748059     
        4447   8.0633088049178294                            NaN   16.320116282880242     
        4448   8.0642379825573975                            NaN   16.323170739265141     
        4449   8.0653283610129787                            NaN   16.326733155913853     
        4450   8.0664124323661781                            NaN   16.330290680687636     
        4451   8.0676136480944223                            NaN   16.334208350576340     
        4452   8.0683129231311881                            NaN   16.336514086374628     
        4453   8.0692695517780493                            NaN   16.339635284851841     
        4454   8.0696825706397401                            NaN   16.340970088181315     
        4455   8.0715339193492355                            NaN   16.347046112243579     
        4456   8.0724461898843387                            NaN   16.350030639224734     
        4457   8.0735884003764831                            NaN   16.353762977985490     
        4458   8.0745830139820818                            NaN   16.357016507595567     
        4459   8.0751796841972290                            NaN   16.358984969535733     
        4460   8.0761602688914849                            NaN   16.362187322412151     
        4461   8.0771937575641406                            NaN   16.365580841842831     
        4462   8.0782984324345417                            NaN   16.369181655174735     
        4463   8.0788748993388051                            NaN   16.371075153059135     
        4464   8.0794399918034507                            NaN   16.372913339170530     
        4465   8.0804168961961391                            NaN   16.376106220965312     
        4466   8.0810042298611258                            NaN   16.378040118338102     
        4467   8.0818434587052099                            NaN   16.380784835324597     
        4468   8.0831614089380199                            NaN   16.385128356136693     
        4469   8.0840210932037344                            NaN   16.387927552558370     
        4470   8.0844642523046364                            NaN   16.389383552605011     
        4471   8.0852833011069265                            NaN   16.392059765955487     
        4472   8.0860307516910463                            NaN   16.394510197468456     
        4473   8.0869150379365475                            NaN   16.397434263854045     
        4474   8.0876613047992691                            NaN   16.399887157190587     
        4475   8.0885570893822063                            NaN   16.402807804048560     
        4476   8.0899743759608835                            NaN   16.407451108998323     
        4477   8.0907013221910251                            NaN   16.409848926899869     
        4478   8.0918931881800216                            NaN   16.413789962545774     
        4479   8.0924525183007177                            NaN   16.415650908535916     
        4480   8.0931221264961213                            NaN   16.417848156441782     
        4481   8.0938518870951075                            NaN   16.420260053241556     
        4482   8.0946078147255740                            NaN   16.422734124110562     
        4483   8.0955077508992659                            NaN   16.425710349613489     
        4484   8.0962127424088450                            NaN   16.428015403767674     
        4485   8.0971390446603788                            NaN   16.431075474983299     
        4486   8.0977765145250675                            NaN   16.433174251144600     
        4487   8.0981251686440707                            NaN   16.434321431595993     
        4488   8.0993054984510664                            NaN   16.438213566931509     
        4489   8.1000452366436022                            NaN   16.440635525067037     
        4490   8.1011582631983181                            NaN   16.444305860593396     
        4491   8.1018594653039102                            NaN   16.446620960276633     
        4492   8.1033573141224444                            NaN   16.451550297914011     
        4493   8.1040470222779870                            NaN   16.453828497796984     
        4494   8.1058388649724833                            NaN   16.459744450684322     
        4495   8.1077737057608612                            NaN   16.466077093307302     
        4496   8.1091352503366920                            NaN   16.470569153510819     
        4497   8.1101129573505926                            NaN   16.473762137618486     
        4498   8.1108585725262117                            NaN   16.476210771191198     
        4499   8.1120896985680755                            NaN   16.480241440583836     
        4500   8.1130568895497053                            NaN   16.483425376138921     
        4501   8.1138698038701609                            NaN   16.486098298857769     
        4502   8.1145957580165948                            NaN   16.488493955180747     
        4503   8.1153276948311053                            NaN   16.490913510023624     
        4504   8.1162213755950834                            NaN   16.493853458050395     
        4505   8.1172837517944281                            NaN   16.497318837018774     
        4506   8.1179902710114611                            NaN   16.499650196745549     
        4507   8.1187790104590452                            NaN   16.502245680529171     
        4508   8.1200064147099571                            NaN   16.506274459402210     
        4509   8.1205440027228128                            NaN   16.508042789242523     
        4510   8.1220910032506808                            NaN   16.513125562026524     
        4511   8.1232130256337101                            NaN   16.516842939589697     
        4512   8.1243658007186905                            NaN   16.520617570123964     
        4513   8.1253649069185450                            NaN   16.523925853167349     
        4514   8.1261979673163491                            NaN   16.526698717847673     
        4515   8.1276494950342801                            NaN   16.531462763404370     
        4516   8.1288667582924745                            NaN   16.535485306907756     
        4517   8.1293096734370174                            NaN   16.536947931148980     
        4518   8.1303356609560016                            NaN   16.540319986133632     
        4519   8.1312624513293343                            NaN   16.543382766697555     
        4520   8.1319777324818681                            NaN   16.545738080865004     
        4521   8.1328596281464609                            NaN   16.548649307260046     
        4522   8.1342549441857326                            NaN   16.553281120037688     
        4523   8.1352279051852143                            NaN   16.556488615840177     
        4524   8.1359364006587782                            NaN   16.558817590594952     
        4525   8.1368694180498800                            NaN   16.561854300145903     
        4526   8.1379204620355861                            NaN   16.565346481898452     
        4527   8.1386473603029170                            NaN   16.567718093710223     
        4528   8.1400301421391763                            NaN   16.572306766043223     
        4529   8.1416327844864593                            NaN   16.577584344790321     
        4530   8.1431838686685794                            NaN   16.582674367206344     
        4531   8.1445435366264345                            NaN   16.587134882351943     
        4532   8.1453009030318597                            NaN   16.589632307514858     
        4533   8.1458534676992773                            NaN   16.591453658009186     
        4534   8.1462898435594919                            NaN   16.592898797597513     
        4535   8.1471395074364885                            NaN   16.595690717627271     
        4536   8.1481216392826195                            NaN   16.598904717994575     
        4537   8.1489898769993587                            NaN   16.601771679818516     
        4538   8.1498410095709346                            NaN   16.604568197403836     
        4539                       NaN                       NaN   16.608128609411438     
        4540   8.1513742695363476                            NaN   16.609659941207074     
        4541   8.1526865290406167                            NaN   16.613978338292839     
        4542   8.1538166702401842                            NaN   16.617723889920718     
        4543   8.1543075707264556                            NaN   16.619344175797973     
        4544   8.1552702094726506                            NaN   16.622530041181427     
        4545   8.1559730685948004                            NaN   16.624840046834116     
        4546   8.1571444055945221                            NaN   16.628671894022222     
        4547   8.1582315572709216                            NaN   16.632278284785070     
        4548   8.1593726949146443                            NaN   16.636073092673151     
        4549   8.1607113663745601                            NaN   16.640523919878493     
        4550   8.1615791979205845                            NaN   16.643371258724933     
        4551   8.1626342531731435                            NaN   16.646856040831661     
        4552   8.1634985458161378                            NaN   16.649704405895520     
        4553   8.1642488412965637                            NaN   16.652192832928552     
        4554   8.1652798517115919                            NaN   16.655592668685035     
        4555   8.1661423082936668                            NaN   16.658450442827114     
        4556   8.1675987918154824                            NaN   16.663284716858961     
        4557   8.1689269784090222                            NaN   16.667688576179739     
        4558   8.1703002514332468                            NaN   16.672220065924744     
        4559   8.1708662703787791                            NaN   16.674090258597136     
        4560   8.1716156791829118                            NaN   16.676561355631446     
        4561   8.1722638480684786                            NaN   16.678715041917663     
        4562   8.1737546592875301                            NaN   16.683682979348287     
        4563   8.1751495129852891                            NaN   16.688293275800682     
        4564   8.1760949675349224                            NaN   16.691400847587332     
        4565   8.1778590354612550                            NaN   16.697237079123870     
        4566   8.1786368516772292                            NaN   16.699799710878757     
        4567   8.1798144865484925                            NaN   16.703733434140840     
        4568   8.1812182097969597                            NaN   16.708382894811020     
        4569   8.1818580264616294                            NaN   16.710495632321589     
        4570   8.1830211172132401                            NaN   16.714362636616610     
        4571   8.1844158611619200                            NaN   16.718980011559612     
        4572   8.1857109392075920                            NaN   16.723323878942516     
        4573   8.1867085262747885                            NaN   16.726640787312952     
        4574   8.1874504012865295                            NaN   16.729098616763672     
        4575   8.1884528149270128                            NaN   16.732412877279362     
        4576   8.1889787550127160                            NaN   16.734153306916170     
        4577   8.1906606567812332                            NaN   16.739766197747219     
        4578   8.1916803403042113                            NaN   16.743172179267344     
        4579   8.1920710395576872                            NaN   16.744471368936807     
        4580   8.1928014823672637                            NaN   16.746881037566652     
        4581   8.1935939284715538                            NaN   16.749504940398328     
        4582   8.1948604815682558                            NaN   16.753749734782957     
        4583   8.1956661486528279                            NaN   16.756426817445750     
        4584   8.1966703065349957                            NaN   16.759760875360648     
        4585   8.1981716960120039                            NaN   16.764733885241668     
        4586   8.1993518353929851                            NaN   16.768607468569311     
        4587   8.2002720105366969                            NaN   16.771678304684702     
        4588   8.2019506653649170                            NaN   16.777285168934007     
        4589   8.2034287141359208                            NaN   16.782231173788926     
        4590   8.2042580001222145                            NaN   16.784990375387480     
        4591   8.2055509749773758                            NaN   16.789274532738723     
        4592   8.2069678160310424                            NaN   16.793991418176859     
        4593   8.2079337428140544                            NaN   16.797208918624442     
        4594   8.2086746417330225                            NaN   16.799676695076759     
        4595   8.2097096493396453                            NaN   16.803099753793756     
        4596   8.2107656076512292                            NaN   16.806625950908415     
        4597   8.2118801921474436                            NaN   16.810361568020539     
        4598   8.2126218007135954                            NaN   16.812831713484904     
        4599   8.2138357141815632                            NaN   16.816860137575176     
        4600   8.2153704095503191                            NaN   16.821980078930064     
        4601   8.2159720184805227                            NaN   16.823991700337821     
        4602   8.2169376569230170                            NaN   16.827187884482100     
        4603   8.2188657328977364                            NaN   16.833640540436992     
        4604   8.2195575062808128                            NaN   16.835928121913494     
        4605   8.2211246332194499                            NaN   16.841161049695017     
        4606   8.2217395002068869                            NaN   16.843190280053022     
        4607   8.2225190812233784                            NaN   16.845762400692518     
        4608   8.2233123723602795                            NaN   16.848395535281725     
        4609   8.2247021771045166                            NaN   16.852992380355971     
        4610   8.2251531816024066                            NaN   16.854491242845707     
        4611   8.2257340669414809                            NaN   16.856442025115221     
        4612   8.2269795846939324                            NaN   16.860594303631316     
        4613   8.2280135478839593                            NaN   16.864049820297218     
        4614   8.2293824306285206                            NaN   16.868626135316813     
        4615   8.2305629335513633                            NaN   16.872575791549597     
        4616   8.2313323619836503                            NaN   16.875150689646013     
        4617   8.2321682116385961                            NaN   16.877922890663363     
        4618   8.2336391559128081                            NaN   16.882819871827959     
        4619   8.2351883947160420                            NaN   16.887981181051348     
        4620   8.2359759381324853                            NaN   16.890603394236575     
        4621   8.2370289513220012                            NaN   16.894096114075491     
        4622   8.2386223897025896                            NaN   16.899376573498863     
        4623   8.2393135182903023                            NaN   16.901669417612531     
        4624   8.2407653156417418                            NaN   16.906521429421524     
        4625   8.2419615540372799                            NaN   16.910536135121173     
        4626   8.2430328122684511                            NaN   16.914092113342214     
        4627   8.2436117760019396                            NaN   16.916013083145938     
        4628   8.2443847276977120                            NaN   16.918602697027460     
        4629   8.2452928015261229                            NaN   16.921612238134994     
        4630   8.2462907706309103                            NaN   16.924980223141009     
        4631   8.2472397511804694                            NaN   16.928166184878144     
        4632   8.2487937954349242                            NaN   16.933387195537652     
        4633   8.2501187615450160                            NaN   16.937841846084130     
        4634   8.2517175727454362                            NaN   16.943194115168673     
        4635   8.2533795152313534                            NaN   16.948739677618487     
        4636   8.2545014734103361                            NaN   16.952493207572573     
        4637   8.2559600206369748                            NaN   16.957352767684245     
        4638   8.2566436439828195                            NaN   16.959621781047964     
        4639   8.2572560952878735                            NaN   16.961666924242781     
        4640   8.2584372873957346                            NaN   16.965585596721251     
        4641   8.2596361813318744                            NaN   16.969574209905971     
        4642   8.2608368466867468                            NaN   16.973581401862450     
        4643   8.2616574577809541                            NaN   16.976337076640572     
        4644   8.2631080269619126                            NaN   16.981213663664469     
        4645   8.2640376746472111                            NaN   16.984313880342494     
        4646   8.2657245097686847                            NaN   16.989955862128522     
        4647   8.2671706035256953                            NaN   16.994868519996480     
        4648   8.2686454600792949                            NaN   16.999816045878351     
        4649   8.2693992520347557                            NaN   17.002365512131256     
        4650   8.2698655963237471                            NaN   17.003915213454782     
        4651   8.2711048090888752                            NaN   17.008092776268064     
        4652   8.2717152111872814                            NaN   17.010121594567114     
        4653   8.2726975026413925                            NaN   17.013387575483268     
        4654   8.2739443047097350                            NaN   17.017587138870621     
        4655   8.2754647263854864                            NaN   17.022699577614979     
        4656   8.2764026938323205                            NaN   17.025827213134203     
        4657   8.2776759990992783                            NaN   17.030144427270393     
        4658   8.2790378311847057                            NaN   17.034715665390927     
        4659   8.2800775953021564                            NaN   17.038200506929535     
        4660   8.2813748150758499                            NaN   17.042547700617909     
        4661   8.2823423088759576                            NaN   17.045758762917604     
        4662   8.2829743368420630                            NaN   17.047889313306733     
        4663   8.2845186816819023                            NaN   17.053100965004543     
        4664   8.2859791505659484                            NaN   17.057976412751152     
        4665   8.2872332270962250                            NaN   17.062211787468790     
        4666   8.2890187970699287                            NaN   17.068223578957674     
        4667   8.2904803056204539                            NaN   17.073090829704920     
        4668   8.2921466857350836                            NaN   17.078667017962417     
        4669   8.2928342624689613                            NaN   17.080949387914409     
        4670   8.2941627063885655                            NaN   17.085410288144843     
        4671   8.2953846085381393                            NaN   17.089520057638172     
        4672   8.2964693444826416                            NaN   17.093148640815944     
        4673   8.2976386973169802                            NaN   17.097069768624959     
        4674   8.2985176661470934                            NaN   17.100042646657251     
        4675   8.2998364505588267                            NaN   17.104478322963963     
        4676   8.3007382184120750                            NaN   17.107507153332676     
        4677   8.3026106660179906                            NaN   17.113785112521619     
        4678   8.3034856337948248                            NaN   17.116704793766381     
        4679   8.3043078322926327                            NaN   17.119465886004036     
        4680   8.3052475768142777                            NaN   17.122600930012872     
        4681   8.3057994336472998                            NaN   17.124433138398548     
        4682   8.3070740295776666                            NaN   17.128751823516843     
        4683   8.3084097485020845                            NaN   17.133214918103210     
        4684   8.3095956443383656                            NaN   17.137232036519190     
        4685   8.3114230105102500                            NaN   17.143373296871420     
        4686   8.3125367282477427                            NaN   17.147113891207574     
        4687   8.3143045136760882                            NaN   17.153139729719335     
        4688   8.3152590898623000                            NaN   17.156410321443573     
        4689   8.3171633907737252                            NaN   17.162775740237201     
        4690   8.3177874822589573                            NaN   17.164882159477550     
        4691   8.3188650313051493                            NaN   17.168483145042490     
        4692   8.3200979025401729                            NaN   17.172598229133030     
        4693   8.3212701755299481                            NaN   17.176511592474661     
        4694   8.3222744527554742                            NaN   17.179864902421510     
        4695   8.3235471919424082                            NaN   17.184114028205478     
        4696   8.3247223456637851                            NaN   17.188075659488923     
        4697   8.3267773487354741                            NaN   17.195049051258259     
        4698   8.3280312538734584                            NaN   17.199312765385834     
        4699   8.3288931889444093                            NaN   17.202202688569592     
        4700   8.3308253379876653                            NaN   17.208636024817160     
        4701   8.3317348323850666                            NaN   17.211670507684559     
        4702   8.3331497955503373                            NaN   17.216430668225183     
        4703   8.3339790258353794                            NaN   17.219194885840388     
        4704   8.3352127534873617                            NaN   17.223293422628505     
        4705   8.3369345947800717                            NaN   17.229096480783834     
        4706   8.3381543440920076                            NaN   17.233234322098134     
        4707   8.3396225658510303                            NaN   17.238245178913367     
        4708   8.3409432786832092                            NaN   17.242702829089680     
        4709   8.3422147215273412                            NaN   17.247004503530182     
        4710   8.3437013684770971                            NaN   17.251992921718927     
        4711   8.3460759665425019                            NaN   17.259996131841717     
        4712   8.3478992545400708                            NaN   17.266179202856161     
        4713   8.3493080630287988                            NaN   17.270930475970090     
        4714   8.3508715456579470                            NaN   17.276251695877917     
        4715   8.3524902809068919                            NaN   17.281674727490973     
        4716   8.3536702271207623                            NaN   17.285643119585419     
        4717   8.3542904864116743                            NaN   17.287744650556984     
        4718   8.3549847193023545                            NaN   17.290102234755125     
        4719   8.3561907880511850                            NaN   17.294189925152438     
        4720   8.3568047651802893                            NaN   17.296260250153299     
        4721   8.3582816805330751                            NaN   17.301239713112736     
        4722   8.3592281575468554                            NaN   17.304468184157614     
        4723   8.3604659324777373                            NaN   17.308638513207633     
        4724   8.3615936702508069                            NaN   17.312421514414634     
        4725   8.3634059475787872                            NaN   17.318461272245340     
        4726   8.3644408654507600                            NaN   17.321959682949906     
        4727   8.3658635711451375                            NaN   17.326796189661348     
        4728   8.3664332694388168                            NaN   17.328736937155760     
        4729   8.3686372203820749                            NaN   17.336320252721158     
        4730   8.3700704605307354                            NaN   17.341108432923527     
        4731   8.3712904616722277                            NaN   17.345202517059203     
        4732   8.3725092514556163                            NaN   17.349306636474807     
        4733   8.3743397457113424                            NaN   17.355460696331669     
        4734   8.3750175810228260                            NaN   17.357738851436455     
        4735   8.3768790522055419                            NaN   17.364019718062256     
        4736   8.3791337366291341                            NaN   17.371619766639100     
        4737   8.3804849936997314                            NaN   17.376213257305803     
        4738   8.3815002884444070                            NaN   17.379639105950005     
        4739   8.3825001799639853                            NaN   17.383053921315913     
        4740   8.3840801256152151                            NaN   17.388421352359934     
        4741   8.3853116088313460                            NaN   17.392629847348278     
        4742   8.3865341587669473                            NaN   17.396790419972504     
        4743   8.3877585183837500                            NaN   17.400903370854767     
        4744   8.3890077648825478                            NaN   17.405091013154827     
        4745   8.3901653967228409                            NaN   17.409003050626556     
        4746   8.3917490526274179                            NaN   17.414352020625739     
        4747   8.3927092219837256                            NaN   17.417602409050971     
        4748   8.3948946366684805                            NaN   17.425020123164554     
        4749   8.3965110981007687                            NaN   17.430520246606235     
        4750   8.3980627894404911                            NaN   17.435856303120698     
        4751   8.3989008921182418                            NaN   17.438693833687019     
        4752   8.3999745489505919                            NaN   17.442346502551640     
        4753   8.4013609333806674                            NaN   17.447045219565791     
        4754   8.4028598683738132                            NaN   17.452144199768679     
        4755   8.4039379779013981                            NaN   17.455800121569236     
        4756   8.4046226296081592                            NaN   17.458121681020636     
        4757   8.4056968350612298                            NaN   17.461765045523553     
        4758   8.4076770570248645                            NaN   17.468441763530734     
        4759   8.4098407405158380                            NaN   17.475829842777205     
        4760   8.4108130865356880                            NaN   17.479135359057153     
        4761   8.4128203022811014                            NaN   17.485998590241888     
        4762   8.4143743366694501                            NaN   17.491277135421317     
        4763   8.4165063147373296                            NaN   17.498573798187856     
        4764   8.4179849743494177                            NaN   17.503581676596390     
        4765   8.4190501283165737                            NaN   17.507230421681999     
        4766   8.4201456115762277                            NaN   17.510952397395574     
        4767   8.4214316401208560                            NaN   17.515353021974516     
        4768   8.4224800868751615                            NaN   17.518946331303155     
        4769   8.4244376589131047                            NaN   17.525630153750811     
        4770   8.4266254350016627                            NaN   17.533082109919484     
        4771   8.4277897445451000                            NaN   17.537040151985298     
        4772   8.4308282460371267                            NaN   17.547393078637715     
        4773   8.4321617616099793                            NaN   17.551913040658643     
        4774   8.4330986040100111                            NaN   17.555070408382399     
        4775   8.4341459957150242                            NaN   17.558634935803816     
        4776   8.4355237229332243                            NaN   17.563329240917859     
        4777   8.4363538021389708                            NaN   17.566177325370575     
        4778   8.4373508351810749                            NaN   17.569597616676063     
        4779   8.4389980035033236                            NaN   17.575239557329386     
        4780   8.4408642665776039                            NaN   17.581640666175108     
        4781   8.4415836361211625                            NaN   17.584106862698427     
        4782   8.4431204882356461                            NaN   17.589311553369804     
        4783   8.4442081087054230                            NaN   17.592991349143873     
        4784   8.4453089008081683                            NaN   17.596751566345127     
        4785   8.4474763428595558                            NaN   17.604129130580514     
        4786   8.4487100912230098                            NaN   17.608319804855981     
        4787   8.4495931808306217                            NaN   17.611335507521250     
        4788   8.4511753051740559                            NaN   17.616799868542962     
        4789   8.4527679879877660                            NaN   17.622228534245384     
        4790   8.4545667048306221                            NaN   17.628388901132109     
        4791   8.4556591989104568                            NaN   17.632082503142893     
        4792   8.4574148880590876                            NaN   17.638076954721544     
        4793   8.4600825722283979                            NaN   17.647310176717291     
        4794   8.4614840193344811                            NaN   17.652116353468017     
        4795   8.4622983090457389                            NaN   17.654909829462838     
        4796   8.4635651656933213                            NaN   17.659248660081158     
        4797   8.4651371207185466                            NaN   17.664685772278794     
        4798   8.4661379768633029                            NaN   17.668107939327616     
        4799   8.4677177130123731                            NaN   17.673456635494347     
        4800   8.4700351542176175                            NaN   17.681340618197318     
        4801   8.4712958463980588                            NaN   17.685603422888555     
        4802   8.4752455384293288                            NaN   17.699132962057714     
        4803   8.4766319729503934                            NaN   17.703896969095187     
        4804   8.4781698261142235                            NaN   17.709123853963476     
        4805   8.4793333483201199                            NaN   17.713102643975173     
        4806   8.4806747067304400                            NaN   17.717728263746658     
        4807   8.4819630112978146                            NaN   17.722130745849952     
        4808   8.4832529443177886                            NaN   17.726497149580489     
        4809   8.4842557065396846                            NaN   17.729929291061875     
        4810   8.4856455122900325                            NaN   17.734722718489159     
        4811   8.4873899156636448                            NaN   17.740584660680128     
        4812   8.4885949817324420                            NaN   17.744717804095735     
        4813   8.4905948388621493                            NaN   17.751546601672249     
        4814   8.4920401695224434                            NaN   17.756547836728394     
        4815   8.4936131800554762                            NaN   17.761955967253808     
        4816   8.4952041880183380                            NaN   17.767338669400765     
        4817   8.4966200238234730                            NaN   17.772210669924469     
        4818   8.4985737685820588                            NaN   17.778871217658832     
        4819   8.5002869666745688                            NaN   17.784733635180899     
        4820   8.5033873750675486                            NaN   17.795462293787608     
        4821   8.5049164985272654                            NaN   17.800721438215763     
        4822   8.5071859104772720                            NaN   17.808619540371392     
        4823   8.5085283065170323                            NaN   17.813228547076246     
        4824   8.5111529464899576                            NaN   17.822302582897954     
        4825   8.5121031805263669                            NaN   17.825561719662918     
        4826   8.5140490624975165                            NaN   17.832201335223523     
        4827   8.5156761448724296                            NaN   17.837761438908739     
        4828   8.5172730518419453                            NaN   17.843218587976146     
        4829   8.5202941517768700                            NaN   17.853634729790432     
        4830   8.5223785334227724                            NaN   17.860759496921379     
        4831   8.5247674508334406                            NaN   17.869100470677051     
        4832   8.5259176419976139                            NaN   17.873071194690862     
        4833   8.5281854766500480                            NaN   17.880899166211925     
        4834   8.5294435246056537                            NaN   17.885206822743594     
        4835   8.5309412571320884                            NaN   17.890414631495585     
        4836   8.5327024779828342                            NaN   17.896496646063358     
        4837   8.5344201876905963                            NaN   17.902390093036338     
        4838   8.5364489300756716                            NaN   17.909348694967129     
        4839   8.5375148050635001                            NaN   17.912980746295538     
        4840   8.5391423164340949                            NaN   17.918549474197921     
        4841   8.5412125464386826                            NaN   17.925766786517066     
        4842   8.5429060660099250                            NaN   17.931627218074290     
        4843   8.5444311012104741                            NaN   17.936887162366091     
        4844   8.5453787057208874                            NaN   17.940105651966427     
        4845   8.5477680907120295                            NaN   17.948488771027169     
        4846   8.5497642745510394                            NaN   17.955398733516738     
        4847   8.5509433844509211                            NaN   17.959505421270222     
        4848   8.5533532826717202                            NaN   17.967860330476615     
        4849   8.5548903516265220                            NaN   17.973214396044618     
        4850   8.5569449507145094                            NaN   17.980312260991127     
        4851   8.5585390815958888                            NaN   17.985812526847983     
        4852   8.5596582450075562                            NaN   17.989676409915692     
        4853   8.5613941426042128                            NaN   17.995707469566661     
        4854   8.5640224906850602                            NaN   18.004798907266860     
        4855   8.5662828925554617                            NaN   18.012618638832901     
        4856   8.5680898991716692                            NaN   18.018844047915501     
        4857   8.5694164109698132                            NaN   18.023403140106119     
        4858   8.5715871609416148                            NaN   18.030874125833062     
        4859   8.5730663513324590                            NaN   18.035941914741986     
        4860   8.5756618551409787                            NaN   18.044902684584063     
        4861   8.5777765086671351                            NaN   18.052133193890409     
        4862   8.5802907898917553                            NaN   18.060798794618705     
        4863   8.5828968686089517                            NaN   18.069761765768952     
        4864   8.5844208568015485                            NaN   18.075006468214060     
        4865   8.5859941137930278                            NaN   18.080417308245440     
        4866   8.5880528095124262                            NaN   18.087594421988992     
        4867   8.5890189776840451                            NaN   18.090923975519495     
        4868   8.5908807130184446                            NaN   18.097378176768778     
        4869   8.5923036916042967                            NaN   18.102331798257488     
        4870   8.5944223047482655                            NaN   18.109652706179876     
        4871   8.5982710895584837                            NaN   18.122897377021321     
        4872   8.6000348270982947                            NaN   18.128981281768244     
        4873   8.6032664365333780                            NaN   18.140234791994267     
        4874   8.6059282700860660                            NaN   18.149477663870414     
        4875   8.6079995550495561                            NaN   18.156590213636839     
        4876   8.6106047974049336                            NaN   18.165633628483004     
        4877   8.6123363930750756                            NaN   18.171669176912431     
        4878   8.6149846065420501                            NaN   18.180944957128649     
        4879   8.6195663417152737                            NaN   18.196965524253130     
        4880   8.6219802040363813                            NaN   18.205415547124719     
        4881   8.6257450092306147                            NaN   18.218644296172410     
        4882   8.6289314064773244                            NaN   18.229651729111435     
        4883   8.6306627325080889                            NaN   18.235711252400108     
        4884   8.6323338932801832                            NaN   18.241523427630277     
        4885   8.6350637570734641                            NaN   18.251117904625424     
        4886   8.6379683322732408                            NaN   18.261236117305280     
        4887   8.6410097756925630                            NaN   18.271776789572819     
        4888   8.6429318501208332                            NaN   18.278439245311983     
        4889   8.6441305042862577                            NaN   18.282599016548630     
        4890   8.6469316617433574                            NaN   18.292355832101272     
        4891   8.6493547823539565                            NaN   18.300774446201522     
        4892   8.6517352276768715                            NaN   18.309103001806182     
        4893   8.6540745569837778                            NaN   18.317295972419330     
        4894   8.6556643861920399                            NaN   18.322861391068813     
        4895   8.6585931167567463                            NaN   18.333132135639747     
        4896   8.6603043902779291                            NaN   18.339068432252311     
        4897   8.6617676433364963                            NaN   18.344178841479394     
        4898   8.6651126809628387                            NaN   18.355873425423518     
        4899   8.6676434642079716                            NaN   18.364727077407380     
        4900   8.6697389351283931                            NaN   18.372089337259567     
        4901   8.6719504143289097                            NaN   18.379755322103151     
        4902   8.6737273295549233                            NaN   18.385991432366016     
        4903   8.6755358369807460                            NaN   18.392363851476688     
        4904   8.6790381503732767                            NaN   18.404531011211585     
        4905   8.6813713400873098                            NaN   18.412684600528941     
        4906   8.6837802595957676                            NaN   18.420974919961047     
        4907   8.6867527267943565                            NaN   18.431334470660502     
        4908   8.6890547960997448                            NaN   18.439462307626549     
        4909   8.6923764221084650                            NaN   18.451115210804236     
        4910   8.6948471486686341                            NaN   18.459689732054859     
        4911   8.6989414303122548                            NaN   18.474094045557216     
        4912   8.7022466112028880                            NaN   18.485743830840516     
        4913   8.7045620001884529                            NaN   18.493945437277496     
        4914   8.7061978683405155                            NaN   18.499723309668980     
        4915   8.7080954843799336                            NaN   18.506412416369205     
        4916   8.7109691278789185                            NaN   18.516482973426847     
        4917   8.7124656639042168                            NaN   18.521748211792367     
        4918   8.7143414092576812                            NaN   18.528386582742929     
        4919   8.7163323638220227                            NaN   18.535323999544961     
        4920   8.7189074106373958                            NaN   18.544237065525532     
        4921   8.7214703648925802                            NaN   18.553262863458038     
        4922   8.7235105095459904                            NaN   18.560462875841136     
        4923   8.7257852177496389                            NaN   18.568405081456213     
        4924   8.7282943822411276                            NaN   18.577219808762766     
        4925   8.7302838921012071                            NaN   18.584171013663447     
        4926   8.7324660811032011                            NaN   18.591918472665633     
        4927   8.7340300822004853                            NaN   18.597435250964359     
        4928   8.7377958987896385                            NaN   18.610669629117041     
        4929   8.7404308789406020                            NaN   18.620084558595458     
        4930   8.7434755098229182                            NaN   18.630762754595729     
        4931   8.7467898257602528                            NaN   18.642600010169225     
        4932   8.7492498183668772                            NaN   18.651299409964373     
        4933   8.7523660278731974                            NaN   18.662326786273631     
        4934   8.7575970712145423                            NaN   18.680930018378227     
        4935   8.7592875840405782                            NaN   18.686823677663035     
        4936   8.7626046118079088                            NaN   18.698401156640649     
        4937   8.7662451499700342                            NaN   18.711218905685193     
        4938   8.7689135076859692                            NaN   18.720584883162594     
        4939   8.7722647492586479                            NaN   18.732407835451777     
        4940   8.7742310925744320                            NaN   18.739236527277402     
        4941   8.7780620241698539                            NaN   18.752807479230775     
        4942   8.7809310752530543                            NaN   18.763068937010338     
        4943   8.7842976727350024                            NaN   18.775037527476709     
        4944   8.7883049489400058                            NaN   18.789040674909160     
        4945   8.7922115288205926                            NaN   18.802795774437172     
        4946   8.7949174933273362                            NaN   18.812275256333528     
        4947   8.7980377910784870                            NaN   18.823317709809110     
        4948   8.8022684145001602                            NaN   18.838275107736759     
        4949   8.8055830383558860                            NaN   18.849924715585072     
        4950   8.8088778093276598                            NaN   18.861693547371896     
        4951   8.8147530495012187                            NaN   18.882657506628949     
        4952   8.8183271789045108                            NaN   18.895506040165728     
        4953   8.8225354885606304                            NaN   18.910338170295720     
        4954   8.8268933548199193                            NaN   18.925918143291291     
        4955   8.8307702368379601                            NaN   18.939779347034008     
        4956   8.8363640830426640                            NaN   18.959665774901200     
        4957   8.8402982079080257                            NaN   18.973779602779430     
        4958   8.8452941800970670                            NaN   18.991821788658026     
        4959   8.8503437322754870                            NaN   19.009681053064636     
        4960   8.8534659494551740                            NaN   19.021061082319981     
        4961   8.8570087431063680                            NaN   19.033820015210587     
        4962   8.8636179995369062                            NaN   19.057567351224741     
        4963   8.8716300408309259                            NaN   19.085992070955825     
        4964   8.8769295008485312                            NaN   19.104847946623369     
        4965   8.8832633295659242                            NaN   19.127423241431664     
        4966   8.8899096803215549                            NaN   19.151551833970750     
        4967   8.8943862404467815                            NaN   19.167494387053541     
        4968   8.9020450354181211                            NaN   19.194638196852630     
        4969   8.9058399816901730                            NaN   19.208129105842286     
        4970   8.9127392959806802                            NaN   19.233435795740231     
        4971   8.9163620294580657                            NaN   19.246398255334885     
        4972   8.9219712400562603                            NaN   19.266573604165497     
        4973   8.9266216517313381                            NaN   19.283175253096992     
        4974   8.9347063376544433                            NaN   19.312410382500222     
        4975   8.9413113932506505                            NaN   19.336062151533227     
        4976   8.9457277273455027                            NaN   19.352150573764700     
        4977   8.9525523585237305                            NaN   19.376583167687549     
        4978   8.9588978349578152                            NaN   19.399624051823533     
        4979   8.9643114057101752                            NaN   19.419118228094458     
        4980   8.9686326269215328                            NaN   19.434653565065762     
        4981   8.9751360313184652                            NaN   19.458445112918845     
        4982   8.9829216687255578                            NaN   19.486845145562299     
        4983   8.9891360302318226                            NaN   19.509384598208811     
        4984   8.9943209632599537                            NaN   19.528338719272220     
        4985   9.0011674257441108                            NaN   19.553061281471859     
        4986   9.0072004748382462                            NaN   19.574746112117680     
        4987   9.0121655312915774                            NaN   19.592646643846756     
        4988   9.0178953996653490                            NaN   19.613417703913932     
        4989   9.0327630801346448                            NaN   19.667509234553634     
        4990   9.0440964293269452                            NaN   19.709131460318623     
        4991   9.0535203195854130                            NaN   19.743524279961857     
        4992   9.0647811840972672                            NaN   19.784830492116608     
        4993   9.0846776853008659                            NaN   19.858022217908459     
        4994   9.1069763869618008                            NaN   19.940694410165626     
        4995   9.1253687558891166                            NaN   20.007848184030451     
        4996   9.1452290687535953                            NaN   20.082330001963342     
        4997   9.1751953182406485                            NaN   20.190638200665905     
        4998   9.2091468390496356                            NaN   20.317228820479311     
        4999   9.2474116017535177                            NaN   20.458002524888908     
        5000   9.3336458098579254                            NaN   20.784403755925947     
