           1   1.4979958112523336E-003
           2   1.3728023995316896E-003
           3   1.2633464526288702E-003
           4   1.7145575518826360E-003
           5   1.7939052837254450E-003
           6   1.5393816411243143E-003
           7   1.2299835274316622E-003
           8   1.3351321303855664E-003
           9   1.2062613935020178E-003
          10   1.4733349778485541E-003
          11   1.6185073772660712E-003
          12   1.0906186951090311E-003
          13   1.3653876204458035E-003
          14   1.0877900552743647E-003
          15   1.4326755767074993E-003
          16   7.3758190096188394E-004
          17   1.6977065573852564E-003
          18   2.1028354690906222E-003
          19   1.5958278955738787E-003
          20   1.3696893781680137E-003
          21   1.3167342442411936E-003
          22   8.4144406488420034E-004
          23   1.3575681905649583E-003
          24   1.5854466541156626E-003
          25   7.1338129204870685E-004
          26   1.7625045249217281E-003
          27   1.3989242397965680E-003
          28   1.3551767698225905E-003
          29   9.1004904848376855E-004
          30   7.3328030543418229E-004
          31   1.8904656016041162E-003
          32   1.4357560589195529E-003
          33   1.5100462093755249E-003
          34   1.2340032695964806E-003
          35   1.1235729135126737E-003
          36   8.8911064271102072E-004
          37   1.3037789856132438E-003
          38   1.3103238726024785E-003
          39   8.6433941902345341E-004
          40   8.4778484377536054E-004
          41   1.1589542986235983E-003
          42   8.0883201434782631E-004
          43   9.5731900152862541E-004
          44   1.5362439254298422E-003
          45   9.5927619400590597E-004
          46   6.3612734292328287E-004
          47   1.0722605996039071E-003
          48   1.4703261749735804E-003
          49   9.7955528780590130E-004
          50   1.2888813573523634E-003
          51   1.6654457032104688E-003
          52   1.5745160748610670E-003
          53   1.1796554323996301E-003
          54   1.4958370670678247E-003
          55   1.2998563579389266E-003
          56   1.5960967578470531E-003
          57   1.4200684072420361E-003
          58   8.5563535969962652E-004
          59   1.4575842752086144E-003
          60   1.6890759421512307E-003
          61   6.3052204593726929E-004
          62   1.5455036726403782E-003
          63   1.2612588544198321E-003
          64   8.9417552425638254E-004
          65   1.1480434407323877E-003
          66   9.8524352165797811E-004
          67   1.4299193605082970E-003
          68   1.0880956778482743E-003
          69   1.5237620381428575E-003
          70   1.4735902894040969E-003
          71   1.4466437556675095E-003
          72   1.2159787433596520E-003
          73   8.0505770584303796E-004
          74   1.0367320791616378E-003
          75   9.2561537191579609E-004
          76   1.8499452815097361E-003
          77   1.0773619802509795E-003
          78   8.6239044030128349E-004
          79   1.3138035053326970E-003
          80   1.1618996285906351E-003
          81   1.7777607253882703E-003
          82   9.2213655232341145E-004
          83   1.3598390132089780E-003
          84   1.2519244287750358E-003
          85   1.1914672018564884E-003
          86   9.4047734119864540E-004
          87   1.4254377369150111E-003
          88   9.7867592349046967E-004
          89   1.4517429380249125E-003
          90   9.0819233604497033E-004
          91   1.3428576613530128E-003
          92   9.0979261719167340E-004
          93   1.0678442922667690E-003
          94   1.2560655474961274E-003
          95   1.8345520278621819E-003
          96   1.2316810121004488E-003
          97   1.2493534390463055E-003
          98   1.1767221478833595E-003
          99   1.2587653430888119E-003
         100   1.4219678699869363E-003
         101   1.3450439340676578E-003
         102   1.5535363502788111E-003
         103   9.8966907612025733E-004
         104   1.4737388632992492E-003
         105   1.4867913288388781E-003
         106   7.5838803233281094E-004
         107   1.1711404033752392E-003
         108   1.1283024114069216E-003
         109   9.3812473096783154E-004
         110   1.3553463991746813E-003
         111   5.8301233228038110E-004
         112   1.8840623407500182E-003
         113   1.7297308729594327E-003
         114   1.8155992857759873E-003
         115   1.2169227637384410E-003
         116   1.3313740620135768E-003
         117   1.1179257968479352E-003
         118   1.3682010333210238E-003
         119   1.4708137045734905E-003
         120   1.1485540963370050E-003
         121   1.5703174808007370E-003
         122   1.0165505782134400E-003
         123   1.6946405269158884E-003
         124   9.7949651135828954E-004
         125   9.6060421551028322E-004
         126   1.2884946461090207E-003
         127   1.6663309483620737E-003
         128   6.9120824361335433E-004
         129   1.9827768269025589E-003
         130   9.9471057416349886E-004
         131   1.5064359365211208E-003
         132   1.4821105942954597E-003
         133   1.2799886645787956E-003
         134   8.7830623374362984E-004
         135   1.2890776657451368E-003
         136   1.4223894970319061E-003
         137   1.3021059466559169E-003
         138   9.5130058277017899E-004
         139   1.1999947201434401E-003
         140   1.7313783046930742E-003
         141   1.4717546573614936E-003
         142   8.6942027197475346E-004
         143   1.4358439575662750E-003
         144   1.5751236346568224E-003
         145   1.2287989626392039E-003
         146   8.8673520077891296E-004
         147   9.6743542649433550E-004
         148   1.3150992169679316E-003
         149   1.0734492401473831E-003
         150   1.3091237562954019E-003
         151   1.1236696470170351E-003
         152   1.6955414202176442E-003
         153   1.5344921126499236E-003
         154   4.7772083094772312E-004
         155   1.2550006674516580E-003
         156   8.9632997734701188E-004
         157   1.0817545372836807E-003
         158   1.7186764108732802E-003
         159   9.4075375918361139E-004
         160   1.1596244265052872E-003
         161   1.5943072377801175E-003
         162   1.7107672106957182E-003
         163   1.0494527362410794E-003
         164   8.5410393410019004E-004
         165   1.0323160581290360E-003
         166   1.3834173731563811E-003
         167   1.0917589199787542E-003
         168   1.2735831818440351E-003
         169   1.2797546704562191E-003
         170   1.5904094054443800E-003
         171   1.2603411434417317E-003
         172   7.5993787263287983E-004
         173   1.5677524617730043E-003
         174   1.4747221154251828E-003
         175   7.5321363047248203E-004
         176   1.3710808003742211E-003
         177   1.7238696531245907E-003
         178   1.6593467848135045E-003
         179   1.3724352915162378E-003
         180   1.4194535262857123E-003
         181   1.3650746221236510E-003
         182   7.8044157720274132E-004
         183   1.1493681071560609E-003
         184   1.1716218731733211E-003
         185   6.8030299361766106E-004
         186   1.1556274366157169E-003
         187   1.3905355067313854E-003
         188   1.4226231708250332E-003
         189   1.6772245284522086E-003
         190   2.0172556545777626E-003
         191   9.8126732591431363E-004
         192   1.3330210832014138E-003
         193   7.1821703159679869E-004
         194   8.8609870911856420E-004
         195   1.7415243342702286E-003
         196   1.0911531554851596E-003
         197   1.1136000760286616E-003
         198   7.8555382560782758E-004
         199   1.4659449151822343E-003
         200   1.1258686970102530E-003
         201   8.7836568077784825E-004
         202   1.3967811593783583E-003
         203   9.8044433923136481E-004
         204   1.4900768241565992E-003
         205   1.2389605859093964E-003
         206   1.5231471027668695E-003
         207   9.0577682524669884E-004
         208   1.2766055842822483E-003
         209   1.1827932971075423E-003
         210   9.9163610869437723E-004
         211   1.2296542206721125E-003
         212   1.3672458132204432E-003
         213   1.2555809663212373E-003
         214   1.1677230321590168E-003
         215   1.3175199626971126E-003
         216   1.1954199558370155E-003
         217   1.1183036912841052E-003
         218   1.3188951516497234E-003
         219   1.0387956393494153E-003
         220   1.1200830625502313E-003
         221   1.0790599683474134E-003
         222   1.8427507675837173E-003
         223   1.4695443862839041E-003
         224   1.5022835599121478E-003
         225   1.7711683608652050E-003
         226   1.3250610044687203E-003
         227   1.1003248766839661E-003
         228   1.1965097260839140E-003
         229   9.4808285945009827E-004
         230   1.3122733306615423E-003
         231   1.1326787169371841E-003
         232   1.0792299063963667E-003
         233   1.1029141518473279E-003
         234   1.2646921836242235E-003
         235   1.0299036131948180E-003
         236   1.3147264830758222E-003
         237   6.5729201680805220E-004
         238   1.1040842552315691E-003
         239   1.1872350976939643E-003
         240   1.2075141747211636E-003
         241   1.4446957010385867E-003
         242   7.3984961935436900E-004
         243   1.5808468672778425E-003
         244   1.5182979513363290E-003
         245   1.0230160981870226E-003
         246   1.2990703359022858E-003
         247   1.5786837995545391E-003
         248   3.6102925534980674E-004
         249   1.5069030780938289E-003
         250   8.1896316452948663E-004
         251   1.6736080757360934E-003
         252   8.9645428009831605E-004
         253   1.2802188932506122E-003
         254   1.2877748869185280E-003
         255   1.8697639189188728E-003
         256   1.3306244678665897E-003
         257   1.2973260032360359E-003
         258   9.4703531560323510E-004
         259   1.1045247560242774E-003
         260   1.2742026786377891E-003
         261   8.3833870292751697E-004
         262   1.2076580777474219E-003
         263   8.3338530877885791E-004
         264   8.5758481249770160E-004
         265   6.0127192031181635E-004
         266   1.5194151023818433E-003
         267   1.2421816028138828E-003
         268   1.3388436268675663E-003
         269   1.2781119751879427E-003
         270   1.7670791100208910E-003
         271   1.6845144188619282E-003
         272   1.3033234699807842E-003
         273   1.1128187058929090E-003
         274   1.3336533431822554E-003
         275   1.6501896267694118E-003
         276   6.3773081879195685E-004
         277   9.5215342640932741E-004
         278   1.1691694189029302E-003
         279   1.1707170373618429E-003
         280   2.1163364010496639E-003
         281   1.1236649455508790E-003
         282   1.7331919455866028E-003
         283   1.5234862837977265E-003
         284   2.0088735958668459E-003
         285   1.0246397912962444E-003
         286   1.6064278599808581E-003
         287   9.4678499678088168E-004
         288   9.2500909494735593E-004
         289   1.6039911788509667E-003
         290   1.8078819620130204E-003
         291   1.7585787734908560E-003
         292   1.6142375346744559E-003
         293   7.1530272775128948E-004
         294   7.7009049304048601E-004
         295   1.1179394535667517E-003
         296   1.2003975346254537E-003
         297   8.9440769720008819E-004
         298   2.0965856952898159E-003
         299   1.3211033357794508E-003
         300   8.3074897586979195E-004
         301   1.1835964324852235E-003
         302   1.9767557822531110E-003
         303   1.2274956730869181E-003
         304   5.0343974779029329E-004
         305   1.3569663483926088E-003
         306   1.2860112042583983E-003
         307   1.1190465945023404E-003
         308   1.5875169587305611E-003
         309   1.1953415667744242E-003
         310   1.4033369337433615E-003
         311   1.9468049273286194E-003
         312   1.6036641263526680E-003
         313   1.2204103157731460E-003
         314   1.6592312495357746E-003
         315   9.3612172372552638E-004
         316   8.0481109379017929E-004
         317   1.7553435538304534E-003
         318   1.5949403270885125E-003
         319   1.1416299287506251E-003
         320   1.2183820008795409E-003
         321   1.9790501435041322E-003
         322   1.5109873236120175E-003
         323   1.0616692668197290E-003
         324   7.0978922187832176E-004
         325   7.9763513263267805E-004
         326   1.1415629798886811E-003
         327   1.8019176437826033E-003
         328   9.5963717493387115E-004
         329   1.4944837848517968E-003
         330   1.4596272064546481E-003
         331   9.0490836491069612E-004
         332   1.4371326928091298E-003
         333   1.2800961182231247E-003
         334   1.3896242542198447E-003
         335   1.8604376653696146E-003
         336   1.0831830717671694E-003
         337   1.0837306542399758E-003
         338   1.1363231359234731E-003
         339   1.2346311621874242E-003
         340   1.3670930304004536E-003
         341   1.3887756618130871E-003
         342   1.3663342620787835E-003
         343   1.1928844691968280E-003
         344   1.6090442372853819E-003
         345   2.0461587708241070E-003
         346   1.1732949330400888E-003
         347   1.2811020742071058E-003
         348   1.6360393889979694E-003
         349   1.2064470417702487E-003
         350   1.4635667675796577E-003
         351   1.2714697466044630E-003
         352   1.2430957830296067E-003
         353   1.3145031512612664E-003
         354   1.1413111248680043E-003
         355   1.0706320524851531E-003
         356   1.1627301017789469E-003
         357   1.0213590274544741E-003
         358   1.7598911496458196E-003
         359   6.5392345468697790E-004
         360   9.1812733257324761E-004
         361   8.7621150857032789E-004
         362   1.4516684964195252E-003
         363   6.7573877900153130E-004
         364   1.5305757659823103E-003
         365   1.2870155823378141E-003
         366   1.3637854809587298E-003
         367   1.7629849795881541E-003
         368   1.4972178953686702E-003
         369   1.1911863787806680E-003
         370   1.4273939311553569E-003
         371   1.0562817387459820E-003
         372   1.5746332757899982E-003
         373   8.0687575282360053E-004
         374   1.1513643939856410E-003
         375   1.6453318839179487E-003
         376   1.2158867132492702E-003
         377   2.1174200099549861E-003
         378   1.2701341919355844E-003
         379   7.0070200978193870E-004
         380   1.3939102127211440E-003
         381   1.2061278305769351E-003
         382   1.1793074563137473E-003
         383   1.0908537870026685E-003
         384   1.3702641177767508E-003
         385   1.4286763046928196E-003
         386   7.6849018870413872E-004
         387   1.2905082783233239E-003
         388   1.7381772604249037E-003
         389   2.1417430222678982E-003
         390   1.7008487529319865E-003
         391   1.5124591606464415E-003
         392   6.3629459646890338E-004
         393   8.5377717047932262E-004
         394   9.5358646179958769E-004
         395   1.2084737145875884E-003
         396   9.8693775528632395E-004
         397   1.6875038739929365E-003
         398   1.3128902850187074E-003
         399   6.0556883537946278E-004
         400   9.5657101601730437E-004
         401   1.3467380204365729E-003
         402   9.1484776211692490E-004
         403   1.0710877045369647E-003
         404   1.1820008135147813E-003
         405   9.4644978867715714E-004
         406   8.2837339339779511E-004
         407   1.4789084582958222E-003
         408   1.2933197118693250E-003
         409   1.3407931869040422E-003
         410   1.0794404213030067E-003
         411   9.9437809354744190E-004
         412   8.4017118967908485E-004
         413   1.6291854177890080E-003
         414   1.4308543423597099E-003
         415   1.3358349227114404E-003
         416   9.5889603253108242E-004
         417   1.2306989601643182E-003
         418   1.3780769876572353E-003
         419   1.8637241076681125E-003
         420   1.2747445949550422E-003
         421   3.5118768173729632E-004
         422   1.3974045125603131E-003
         423   1.6159761966242289E-003
         424   8.4659908337523365E-004
         425   1.3699187550776516E-003
         426   1.8329250834707494E-003
         427   1.5710327317951546E-003
         428   1.4429638291693283E-003
         429   1.7114782146027793E-003
         430   1.2616027206202424E-003
         431   1.9009272370370403E-003
         432   1.5120090055674490E-003
         433   1.2606229668346706E-003
         434   1.6999721305160228E-003
         435   1.1389402186648499E-003
         436   1.3657815242289107E-003
         437   1.0352398771027427E-003
         438   1.4621695619443582E-003
         439   1.2059511945272635E-003
         440   1.4017550457798677E-003
         441   1.0106141410730096E-003
         442   1.0716019736446631E-003
         443   8.7594548259053409E-004
         444   1.8664499838799266E-003
         445   1.3145978287353451E-003
         446   1.2966854128762971E-003
         447   9.2343689685405611E-004
         448   1.5741023397514711E-003
         449   1.2177693869640013E-003
         450   1.1289272933955314E-003
         451   1.2842034881440604E-003
         452   1.1709686491307701E-003
         453   7.8512484026820766E-004
         454   5.6843882737705109E-004
         455   6.9583610171931735E-004
         456   1.3800084208450199E-003
         457   1.3375957565968679E-003
         458   1.1346776946069941E-003
         459   1.2141186325823749E-003
         460   1.3057681817394853E-003
         461   1.3031970452964785E-003
         462   1.3247747331876507E-003
         463   1.4299390838148308E-003
         464   1.1277386057776842E-003
         465   1.0513410084366567E-003
         466   1.7341523584093466E-003
         467   1.3180772282698158E-003
         468   1.1856152964760550E-003
         469   8.8568634097448877E-004
         470   1.6282288427265498E-003
         471   1.0477044543712015E-003
         472   1.1736539463098159E-003
         473   1.7599467223471531E-003
         474   1.9144149183183742E-003
         475   8.3307307981767822E-004
         476   1.6688136329333467E-003
         477   9.7660180222047767E-004
         478   1.3090736345553672E-003
         479   1.4834245956519359E-003
         480   1.0405314871830334E-003
         481   1.6027536198826538E-003
         482   7.8165021058845894E-004
         483   1.6348601707456673E-003
         484   1.1530470553899133E-003
         485   1.1577822037149496E-003
         486   7.8689014401161930E-004
         487   1.2805146440227080E-003
         488   1.2323238632531779E-003
         489   1.1541118408681199E-003
         490   1.6137028278273219E-003
         491   8.4412262798873349E-004
         492   1.3063480836458790E-003
         493   1.2074297780400535E-003
         494   1.4566180510502114E-003
         495   1.2365791949461747E-003
         496   1.2052402748098650E-003
         497   1.0724180692924142E-003
         498   9.6720445980083124E-004
         499   1.7464806251148136E-003
         500   1.5726191641081456E-003
         501   9.5772649034118833E-004
         502   8.9474405964270077E-004
         503   1.5377278954062420E-003
         504   9.3246902555969445E-004
         505   1.0862396248565308E-003
         506   1.7086395065342664E-003
         507   1.7161853081937182E-003
         508   9.0437130587226909E-004
         509   1.2126274208466667E-003
         510   1.7065825310215966E-003
         511   1.3713740877176386E-003
         512   1.7846740349535626E-003
         513   9.4451525229553325E-004
         514   9.1744158525195092E-004
         515   1.4624776612438737E-003
         516   1.2415986034913756E-003
         517   8.8112600631896074E-004
         518   9.3777063813090531E-004
         519   1.0047575275772685E-003
         520   1.3587069080691831E-003
         521   6.0235431277059722E-004
         522   1.6303962968059469E-003
         523   1.4362010275679649E-003
         524   1.9245290243974137E-003
         525   1.1079050188413985E-003
         526   1.1682465405778589E-003
         527   1.6124062555430293E-003
         528   1.3018745074574751E-003
         529   1.2868532517359770E-003
         530   8.4309227181143809E-004
         531   1.2476572619820941E-003
         532   1.7473920266940393E-003
         533   1.1092719474568636E-003
         534   1.1811874506568714E-003
         535   1.1686118830351274E-003
         536   1.3351835189633465E-003
         537   9.9806632003463652E-004
         538   1.0240210852351858E-003
         539   2.0137057412453726E-003
         540   1.8448290472873662E-003
         541   1.3486684713454194E-003
         542   7.0245798702288321E-004
         543   1.0489747347323239E-003
         544   1.0130036023670006E-003
         545   1.6191468131751562E-003
         546   9.4562919403006623E-004
         547   1.3256423072306790E-003
         548   1.3415613231621841E-003
         549   8.9893034149305696E-004
         550   8.8076689123120554E-004
         551   1.6329864835995459E-003
         552   1.7709610435214318E-003
         553   7.6139962088088789E-004
         554   1.5608691436431719E-003
         555   1.0908132260740709E-003
         556   1.2292288953613198E-003
         557   1.0997878516608192E-003
         558   1.3458883498413698E-003
         559   1.6390942996805670E-003
         560   1.7564298107469380E-003
         561   8.3839044709050801E-004
         562   1.1948163990124865E-003
         563   1.0339944512049086E-003
         564   1.3437784999198975E-003
         565   1.3906051575999548E-003
         566   3.4713664915860605E-004
         567   1.2567539313321275E-003
         568   1.6896735323428860E-003
         569   1.2047910886873250E-003
         570   1.0874161368232204E-003
         571   1.0126407918288108E-003
         572   1.1151821046817263E-003
         573   1.1049494767804507E-003
         574   1.5277788644792636E-003
         575   1.0661670468465614E-003
         576   1.4113131219693014E-003
         577   1.4641608333752505E-003
         578   1.0662420339052304E-003
         579   1.0087799866998345E-003
         580   1.2740424243479001E-003
         581   1.1147174435070133E-003
         582   2.0674311208625797E-003
         583   6.1053705258845862E-004
         584   1.4764761027079108E-003
         585   1.7569129304241089E-003
         586   1.6880638934192195E-003
         587   1.7023433241253804E-003
         588   1.3892800989138570E-003
         589   8.4806467694951895E-004
         590   1.3855793735802918E-003
         591   8.7622995294953001E-004
         592   1.2775929501624192E-003
         593   1.0563667709351993E-003
         594   9.0456498869577028E-004
         595   1.1454079623139867E-003
         596   1.2990614221436104E-003
         597   1.6417511662780615E-003
         598   1.2292310122657330E-003
         599   1.2785711255483094E-003
         600   7.4207255072425025E-004
         601   8.6961242655459662E-004
         602   1.5120889905092339E-003
         603   1.4422078229108443E-003
         604   9.1472568091357847E-004
         605   8.1360729366708353E-004
         606   1.1598295931851924E-003
         607   8.5999849766484147E-004
         608   1.3815590254460095E-003
         609   1.0601667808346552E-003
         610   6.6135465144671402E-004
         611   1.2137586411697882E-003
         612   1.4644750855306885E-003
         613   1.5349902335635118E-003
         614   8.8308583428747594E-004
         615   1.2866851193987553E-003
         616   6.5705245189387571E-004
         617   1.6099619716853748E-003
         618   1.0228973736466391E-003
         619   1.0044653057855225E-003
         620   5.7895392591076136E-004
         621   1.2875640514344289E-003
         622   1.1269666909599161E-003
         623   1.4311084074914461E-003
         624   1.4920020237307399E-003
         625   1.1929860561286233E-003
         626   1.2745032496611691E-003
         627   1.4037312908615099E-003
         628   1.0637291166596234E-003
         629   2.0343131693545758E-003
         630   1.0117448594367845E-003
         631   8.7055273808117595E-004
         632   1.2446653682433304E-003
         633   9.1918243792056184E-004
         634   6.0677460217009333E-004
         635   1.4773007947578071E-003
         636   1.2348100439734159E-003
         637   1.3255236401893858E-003
         638   1.4179590858253671E-003
         639   1.0471390718411308E-003
         640   7.2845736881875717E-004
         641   1.2212132602888064E-003
         642   1.8805949062268845E-003
         643   1.2457043750353095E-003
         644   9.7303544431481088E-004
         645   1.7908141837293147E-003
         646   1.2377467765924872E-003
         647   7.2887284115822053E-004
         648   1.6396630205727338E-003
         649   9.8406401048672107E-004
         650   1.3364995523261717E-003
         651   1.5314873894702618E-003
         652   1.9109727456115869E-003
         653   9.2257997799878241E-004
         654   9.4806452616661362E-004
         655   1.3069327096443878E-003
         656   1.9606080194681033E-003
         657   1.6261515319127954E-003
         658   1.0745117505264385E-003
         659   1.0668229334221411E-003
         660   1.0392605352820361E-003
         661   1.4024105357900549E-003
         662   7.9327220183849950E-004
         663   1.1182297753774481E-003
         664   1.5820938583946055E-003
         665   9.4779134220888094E-004
         666   1.6309120384985049E-003
         667   1.6169487426944394E-003
         668   1.0678115226644930E-003
         669   1.1985082061915391E-003
         670   1.2587695671060627E-003
         671   1.2344114469518602E-003
         672   1.3695695275808347E-003
         673   1.4421898591565289E-003
         674   8.3884489146161128E-004
         675   8.7227376876120846E-004
         676   4.5783272016768637E-004
         677   8.2214589410968899E-004
         678   1.0151999863431511E-003
         679   9.7029668581455168E-004
         680   5.0655454472618906E-004
         681   1.6198150868412125E-003
         682   1.5624173114505314E-003
         683   1.2726444605005085E-003
         684   1.9568628392191679E-003
         685   1.3676791690690070E-003
         686   7.8500215495784737E-004
         687   1.0482569105181483E-003
         688   8.6623674963480859E-004
         689   1.0153456531902868E-003
         690   1.1129679200738347E-003
         691   7.4640580738975348E-004
         692   8.4602090604615071E-004
         693   1.1243700941084213E-003
         694   5.8341964589921536E-004
         695   1.0944295350211698E-003
         696   1.0430721177194903E-003
         697   1.2471250030177644E-003
         698   1.2209952743369057E-003
         699   1.7309487443060991E-003
         700   1.3474129527644796E-003
         701   1.1465226683451978E-003
         702   1.1415328709983921E-003
         703   1.0011224696549329E-003
         704   9.8565814607279030E-004
         705   1.4051461910427412E-003
         706   8.6994704162479013E-004
         707   1.4948291117848696E-003
         708   1.1700382585370915E-003
         709   1.3934516734054252E-003
         710   1.2583201030171227E-003
         711   1.2793593031874045E-003
         712   1.1097838045762778E-003
         713   1.1812707025299907E-003
         714   6.3357671458613143E-004
         715   1.8822250620322840E-003
         716   9.2339839842762897E-004
         717   1.1990227394719575E-003
         718   1.2244286499138229E-003
         719   8.3718493834676448E-004
         720   1.0603918924504431E-003
         721   9.9578857805192171E-004
         722   8.3953190836198385E-004
         723   1.3447629277349099E-003
         724   1.4218139270934923E-003
         725   1.4856149491802042E-003
         726   1.1703653909176418E-003
         727   1.1740737227371246E-003
         728   1.4471736658631220E-003
         729   5.2219229586201977E-004
         730   1.1426935731203565E-003
         731   1.5071722679163607E-003
         732   1.2524230016267102E-003
         733   1.2283146707225609E-003
         734   1.1299295692604391E-003
         735   1.5192834332761849E-003
         736   1.0485274477386242E-003
         737   1.0509619568783190E-003
         738   1.3428820579609022E-003
         739   7.2848522141746538E-004
         740   1.2439941141595442E-003
         741   1.0101273815049689E-003
         742   1.4146417260361942E-003
         743   8.0237684790816072E-004
         744   9.5335544445375019E-004
         745   1.5755290418666603E-003
         746   1.6722877463965491E-003
         747   1.3533802486156079E-003
         748   1.2203061919834055E-003
         749   1.2044734573256211E-003
         750   1.0845201237358925E-003
         751   1.7439613542839720E-003
         752   1.5718291310696673E-003
         753   1.2503609975495528E-003
         754   1.5528249429309260E-003
         755   1.3992884426703310E-003
         756   1.0046054141468769E-003
         757   1.0046834869107083E-003
         758   1.7221897571149864E-003
         759   1.0128016734573203E-003
         760   1.6498323041831209E-003
         761   1.0024406660121827E-003
         762   1.1451997402874520E-003
         763   1.4967684787160129E-003
         764   6.6165893939713145E-004
         765   1.3523654665203062E-003
         766   2.0698600553379029E-003
         767   9.6405603905526827E-004
         768   8.3362407144047792E-004
         769   1.5598013899421109E-003
         770   7.9402636978816231E-004
         771   1.4891122743285723E-003
         772   8.7102951017209733E-004
         773   1.6193038959110687E-003
         774   1.2884852923321268E-003
         775   1.1295627971343674E-003
         776   1.6517517571417529E-003
         777   1.9006319744173284E-003
         778   1.1903108240314730E-003
         779   1.5988911952433747E-003
         780   1.2709075069889679E-003
         781   7.6155630485694084E-004
         782   1.3262299203117096E-003
         783   5.9580576925256923E-004
         784   1.1284045134184024E-003
         785   1.4486792176440885E-003
         786   1.4135826411025986E-003
         787   8.0865841140033976E-004
         788   1.5143443149555726E-003
         789   1.7750946924769530E-003
         790   8.3106550370007891E-004
         791   1.6019927340288173E-003
         792   1.1966144108233731E-003
         793   1.9872589725096470E-003
         794   1.5227579221965715E-003
         795   1.3197017799788204E-003
         796   1.2080382565316228E-003
         797   9.7622899881207633E-004
         798   1.3241584259288137E-003
         799   1.5365307695478609E-003
         800   1.2207968924741388E-003
         801   1.2522594688822962E-003
         802   1.1874070106049374E-003
         803   9.8362414178854119E-004
         804   1.3422280251080396E-003
         805   8.0482715378192072E-004
         806   1.5569063001390361E-003
         807   1.3347514220732961E-003
         808   1.7925036637690252E-003
         809   1.3009382097715176E-003
         810   1.0365725432595217E-003
         811   1.2076508958607777E-003
         812   1.3191103768747194E-003
         813   1.0516491588258713E-003
         814   1.4337746197247338E-003
         815   1.3741253709240637E-003
         816   1.7089777855096265E-003
         817   1.6549228291661291E-003
         818   1.0750835576153583E-003
         819   1.8519228741826210E-003
         820   1.2532375974920391E-003
         821   1.3042506932001785E-003
         822   1.4225602603139566E-003
         823   1.3049091947092055E-003
         824   1.1687996430890762E-003
         825   1.0457339086545260E-003
         826   1.0400541546028929E-003
         827   1.2636150909555873E-003
         828   1.5883999423618028E-003
         829   1.6658438965894511E-003
         830   8.0095610889513371E-004
         831   5.4077134346236142E-004
         832   8.9884248718337357E-004
         833   1.3827871687075643E-003
         834   1.2691531043792970E-003
         835   9.1582204456745200E-004
         836   9.9266795007945090E-004
         837   1.6248769928995852E-003
         838   1.6237457809201434E-003
         839   9.7529756207824893E-004
         840   1.4450370293396181E-003
         841   1.0604061227448432E-003
         842   1.3089847169227009E-003
         843   1.2203689646391701E-003
         844   1.6352334616117051E-003
         845   9.4404174051699176E-004
         846   1.3640676818299734E-003
         847   1.1859492271717306E-003
         848   6.3532910945059921E-004
         849   1.1544996940728114E-003
         850   1.5291936019661545E-003
         851   1.2096567442754676E-003
         852   1.4404241850991422E-003
         853   3.9434796528970388E-004
         854   1.3025229918995696E-003
         855   1.7740442418120147E-003
         856   1.2302570255234007E-003
         857   1.3705741664032109E-003
         858   1.5050514710922692E-003
         859   2.0073827020243573E-003
         860   1.0959486414437768E-003
         861   7.0187075876607065E-004
         862   1.1442504251242115E-003
         863   1.5206172357717456E-003
         864   1.2508417701039300E-003
         865   1.5758513415829441E-003
         866   8.0868743622296540E-004
         867   1.5527444859552472E-003
         868   1.0914926509554422E-003
         869   1.2761350168190647E-003
         870   1.2386865532549652E-003
         871   1.0671866011052081E-003
         872   5.7935224652153842E-004
         873   1.0438830426642677E-003
         874   1.1115208221402989E-003
         875   1.5688508289685708E-003
         876   1.2442668966034590E-003
         877   1.1046700703997588E-003
         878   1.2614558075904391E-003
         879   1.1809020613127959E-003
         880   1.1879979984599353E-003
         881   1.1984185149089743E-003
         882   6.6232980243610131E-004
         883   1.3225669896231682E-003
         884   1.2755675103116855E-003
         885   8.7339573202216587E-004
         886   1.0089998375624972E-003
         887   1.0766222957132598E-003
         888   1.4909749854552252E-003
         889   1.3960842090122657E-003
         890   1.3143071437208909E-003
         891   1.1011795815674889E-003
         892   1.3295583105227878E-003
         893   1.3592147081680390E-003
         894   2.6396197735715750E-004
         895   1.3126544526201446E-003
         896   1.3887150074282204E-003
         897   9.0314819689084618E-004
         898   1.4606784951260649E-003
         899   7.9031487476991132E-004
         900   1.3266406166562088E-003
         901   1.2445906099761237E-003
         902   1.5296051896992414E-003
         903   1.2486902689551557E-003
         904   1.3901192803949063E-003
         905   1.1266174117302965E-003
         906   1.4760572730973941E-003
         907   9.5977925294836095E-004
         908   1.2582281014481217E-003
         909   1.0146832337982786E-003
         910   9.6126794500833983E-004
         911   1.3282169051650279E-003
         912   1.2250667200597370E-003
         913   1.3536316322575563E-003
         914   1.3563310029895464E-003
         915   1.4018026716957498E-003
         916   1.3353157806316773E-003
         917   1.1077381664131639E-003
         918   1.2641325326519647E-003
         919   1.3684377394350051E-003
         920   7.9465034627599837E-004
         921   1.4308766577098210E-003
         922   1.1899063360609511E-003
         923   7.2517136233913606E-004
         924   1.2468830538695348E-003
         925   1.0802684441042773E-003
         926   1.4184843027664172E-003
         927   1.6617187960349042E-003
         928   1.2458735281069950E-003
         929   9.5812633430589341E-004
         930   1.3269012421947672E-003
         931   1.2968087389785186E-003
         932   1.6960640256828761E-003
         933   9.2817895148449394E-004
         934   1.1520463983619913E-003
         935   1.4641612987176074E-003
         936   1.3008202645463558E-003
         937   1.2745314996396935E-003
         938   1.3986056913346066E-003
         939   1.2080403157782931E-003
         940   1.4154820590426699E-003
         941   1.3807209072918981E-003
         942   1.1878737559567702E-003
         943   1.1869021015147431E-003
         944   8.9660409582989486E-004
         945   8.1145751402053427E-004
         946   1.2106737707206483E-003
         947   1.0813620151790930E-003
         948   1.6224050669589815E-003
         949   1.5290842789628016E-003
         950   7.7344697860759037E-004
         951   1.8120339805897077E-003
         952   9.2804743630263593E-004
         953   6.3692118630571243E-004
         954   8.6706505381849142E-004
         955   1.0430642408088169E-003
         956   1.8619215997155165E-003
         957   8.2610573498551271E-004
         958   1.5965349608855089E-003
         959   1.4374260028814862E-003
         960   2.1531384887554053E-003
         961   8.4617819510945014E-004
         962   1.3233775678163065E-003
         963   1.2342692985651675E-003
         964   1.9061308530009616E-003
         965   2.0216432540790309E-003
         966   8.4458604160676559E-004
         967   9.9981040259432036E-004
         968   1.4697134179605029E-003
         969   1.3792058126154991E-003
         970   1.3321660738434731E-003
         971   9.4927513908514593E-004
         972   1.4330891359757823E-003
         973   2.1809939607696344E-003
         974   8.3611005641646692E-004
         975   1.1262421805823054E-003
         976   8.7651319858785990E-004
         977   1.5057092710847573E-003
         978   1.8130202114634314E-003
         979   1.3112333544229521E-003
         980   1.6337022470504635E-003
         981   1.5456391587236216E-003
         982   1.3338223640218766E-003
         983   1.4634292268122186E-003
         984   8.7445634102003298E-004
         985   1.7361382197535863E-003
         986   1.6883225014050372E-003
         987   1.1028969941227604E-003
         988   1.2821525939769633E-003
         989   1.4186772635093822E-003
         990   1.3122243162372480E-003
         991   1.5390755691523778E-003
         992   1.1526439262219063E-003
         993   1.8323836213879395E-003
         994   1.7276876113128121E-003
         995   1.3632705191027731E-003
         996   1.1909598198321754E-003
         997   1.0045049591554925E-003
         998   1.4727745754294424E-003
         999   1.1530835764928741E-003
        1000   9.7250154853883530E-004
        1001   1.2313389071605030E-003
        1002   1.5378930303254815E-003
        1003   1.2819727336253453E-003
        1004   1.3684542594180325E-003
        1005   1.1385396076454275E-003
        1006   1.4279323822191730E-003
        1007   1.4499367320112550E-003
        1008   1.5297302144688212E-003
        1009   1.3741071027739428E-003
        1010   1.2947310584693985E-003
        1011   1.3662426725419899E-003
        1012   1.2918909754089532E-003
        1013   1.2825036489689055E-003
        1014   1.2474218555509320E-003
        1015   1.3771053408661905E-003
        1016   8.8714721247857805E-004
        1017   1.0204286853938720E-003
        1018   1.2720957090257396E-003
        1019   1.7679132690110830E-003
        1020   1.6337417498089881E-003
        1021   8.7364430116483366E-004
        1022   9.2009247894963512E-004
        1023   1.4379593838050751E-003
        1024   1.2842585889523725E-003
        1025   7.5863229049064030E-004
        1026   1.1483309554633845E-003
        1027   1.4057977458941744E-003
        1028   1.0863583259443129E-003
        1029   7.7490257583849738E-004
        1030   1.2265600147382402E-003
        1031   9.5555432702296465E-004
        1032   1.4118764498748406E-003
        1033   1.6674802026746221E-003
        1034   1.2714852716401157E-003
        1035   1.1323597757103405E-003
        1036   1.2668493877584410E-003
        1037   1.8233761119410374E-003
        1038   1.4478175471680300E-003
        1039   1.3331533558561936E-003
        1040   1.2883837411447657E-003
        1041   1.5922566111780752E-003
        1042   1.0361535397530083E-003
        1043   7.3973183337190023E-004
        1044   1.8087333783968309E-003
        1045   1.1026012037180591E-003
        1046   1.5474844425202566E-003
        1047   1.6874350436874544E-003
        1048   1.7018332782670464E-003
        1049   1.8034398871695962E-003
        1050   1.6576120294971187E-003
        1051   1.3486920755601860E-003
        1052   1.1871130848697168E-003
        1053   8.4434684203468801E-004
        1054   1.0845619842166456E-003
        1055   1.4525257644890785E-003
        1056   1.0052915221427305E-003
        1057   1.1333711377942994E-003
        1058   1.2212554294854122E-003
        1059   9.3477164493347917E-004
        1060   9.3779463959668815E-004
        1061   1.5786231763784879E-003
        1062   9.4865849967269928E-004
        1063   8.0288253620595571E-004
        1064   1.1527080196531104E-003
        1065   1.1773738625561886E-003
        1066   1.4269872970069368E-003
        1067   9.4371418589359079E-004
        1068   1.6943390847833477E-003
        1069   1.4581081016941072E-003
        1070   1.6457414272420959E-003
        1071   1.1289802695025762E-003
        1072   1.2629871597928703E-003
        1073   1.2511253706993081E-003
        1074   1.5237199360288475E-003
        1075   1.1511086904642167E-003
        1076   1.3803937568074951E-003
        1077   1.1392926507683878E-003
        1078   1.3629623229598894E-003
        1079   1.4056393789152284E-003
        1080   8.5961118107030234E-004
        1081   1.2250531028933475E-003
        1082   1.1607817041547311E-003
        1083   9.2126137735624840E-004
        1084   1.3130818878724379E-003
        1085   9.3042698964578582E-004
        1086   1.5297298090105659E-003
        1087   1.2618991126767968E-003
        1088   1.2849048058400495E-003
        1089   1.4996982093679623E-003
        1090   1.3089274777578449E-003
        1091   1.0965718974718435E-003
        1092   1.4332184919541538E-003
        1093   8.8898077524956825E-004
        1094   1.4718027217685524E-003
        1095   1.0367264025276253E-003
        1096   2.0829093181120965E-003
        1097   9.9033735465929801E-004
        1098   1.0975606221176053E-003
        1099   8.2785777942752023E-004
        1100   6.3636088621156267E-004
        1101   1.0872585969285318E-003
        1102   1.1444955100665467E-003
        1103   1.2579906160780730E-003
        1104   1.5235373838878355E-003
        1105   1.1258156649198950E-003
        1106   1.3304564175640611E-003
        1107   1.6886805312098521E-003
        1108   2.2232040458673575E-003
        1109   1.6505634614205555E-003
        1110   1.3126709746781441E-003
        1111   1.5848520142142813E-003
        1112   1.1685455135915892E-003
        1113   1.9822505878763184E-003
        1114   1.1930226055799483E-003
        1115   9.9928638393138760E-004
        1116   1.1350743791907444E-003
        1117   8.6893004296244877E-004
        1118   1.5694888784000638E-003
        1119   1.3870290648118828E-003
        1120   1.5342722915075578E-003
        1121   1.0411988775285090E-003
        1122   1.2392015359806638E-003
        1123   8.4813506736540847E-004
        1124   1.6395772146303098E-003
        1125   1.0943064112758365E-003
        1126   1.2672852919226106E-003
        1127   1.7381142702740714E-003
        1128   1.4916867298372942E-003
        1129   1.7157242424989934E-003
        1130   1.2356126055640796E-003
        1131   1.3215291169513441E-003
        1132   1.1857299223542992E-003
        1133   1.5123148084824935E-003
        1134   1.1888620732907673E-003
        1135   9.8483904490326182E-004
        1136   6.6621389915706816E-004
        1137   1.4913769568039763E-003
        1138   1.2049955008901737E-003
        1139   9.3434665673215777E-004
        1140   1.5466322597652239E-003
        1141   1.2644674321427769E-003
        1142   8.8536112190394829E-004
        1143   7.8358316934050984E-004
        1144   1.2762731439804474E-003
        1145   1.2058058741238069E-003
        1146   9.8404751291714782E-004
        1147   1.7576224331877985E-003
        1148   1.0260395295972270E-003
        1149   1.2772253493912368E-003
        1150   1.3514026501335115E-003
        1151   1.0198042916827270E-003
        1152   1.3176732530420043E-003
        1153   1.9513610289406773E-003
        1154   1.2796710127085148E-003
        1155   1.2891357014379560E-003
        1156   1.3209096773069227E-003
        1157   1.0708412793094834E-003
        1158   1.2411730262075064E-003
        1159   1.5521724917706757E-003
        1160   1.4365483198566838E-003
        1161   6.4939122097400540E-004
        1162   1.0738944122970103E-003
        1163   7.4717776396156341E-004
        1164   4.6501681282787305E-004
        1165   7.9610647371352770E-004
        1166   1.8537779079784251E-003
        1167   9.4830789610652298E-004
        1168   7.1697756185827187E-004
        1169   1.5337362306130132E-003
        1170   1.1015250461274744E-003
        1171   1.3771323203681622E-003
        1172   1.2443300223533820E-003
        1173   8.3086364942825416E-004
        1174   1.1246641231907749E-003
        1175   1.0374011954860818E-003
        1176   1.4526999872279877E-003
        1177   1.7190719094517509E-003
        1178   1.1995419104397663E-003
        1179   1.0423752267692803E-003
        1180   6.2408461680440834E-004
        1181   9.1455099161752982E-004
        1182   1.0998282010082341E-003
        1183   1.0859028968166504E-003
        1184   9.1459293539396832E-004
        1185   1.7095845649069614E-003
        1186   1.0382431861782101E-003
        1187   1.3067230468866509E-003
        1188   1.2939865072693030E-003
        1189   1.3497305655513902E-003
        1190   1.3271143584414993E-003
        1191   6.8182537884229038E-004
        1192   1.4149759332794708E-003
        1193   1.0561241507890372E-003
        1194   1.4277605708403157E-003
        1195   1.1708349878727983E-003
        1196   1.4745008726797727E-003
        1197   1.7501362434026210E-003
        1198   1.4450401328786691E-003
        1199   1.4416188539741687E-003
        1200   1.4383352595045914E-003
        1201   1.4010829138463052E-003
        1202   9.5667224930581383E-004
        1203   1.3788665437685279E-003
        1204   9.9499038596992254E-004
        1205   4.6069853105506456E-004
        1206   1.2261311485752293E-003
        1207   2.0906936265697833E-003
        1208   6.5540975067798486E-004
        1209   1.0227574870849349E-003
        1210   7.5150706041865641E-004
        1211   8.6003820491011159E-004
        1212   1.0340406994760688E-003
        1213   1.4194189956889184E-003
        1214   1.4532459370722797E-003
        1215   1.4565929115608273E-003
        1216   1.2656317435585213E-003
        1217   1.4013922028465878E-003
        1218   9.8880413372725694E-004
        1219   1.2488843405062085E-003
        1220   1.2332821959676102E-003
        1221   1.3454170606591997E-003
        1222   1.2084229965724769E-003
        1223   1.6596272901831920E-003
        1224   1.1517767160154977E-003
        1225   1.6461094735765154E-003
        1226   1.0939507435756063E-003
        1227   1.2753764937419837E-003
        1228   1.5455396552392236E-003
        1229   1.1550493169407415E-003
        1230   1.1212726181743487E-003
        1231   5.4097484577683415E-004
        1232   1.0676693531028738E-003
        1233   1.2847966410530428E-003
        1234   8.9072567155715167E-004
        1235   1.2215278438529413E-003
        1236   1.4817034989514444E-003
        1237   1.8299402973896634E-003
        1238   1.5531255369280383E-003
        1239   1.5153498636509245E-003
        1240   9.0603788374076844E-004
        1241   1.1044743700567732E-003
        1242   1.3629347702009183E-003
        1243   1.6508246143457513E-003
        1244   1.2029550037665256E-003
        1245   9.3283723201951238E-004
        1246   1.1270067023846399E-003
        1247   1.4015114491050579E-003
        1248   1.1562377196146598E-003
        1249   1.2320579045448114E-003
        1250   1.8456657450136884E-003
        1251   1.3085154911118475E-003
        1252   7.3920076683881627E-004
        1253   7.0788462625628553E-004
        1254   1.5629786975007913E-003
        1255   1.2195483909818168E-003
        1256   1.0790920029367355E-003
        1257   1.5966970756609560E-003
        1258   1.3260251441870542E-003
        1259   1.2329162531339031E-003
        1260   1.2106235048776270E-003
        1261   1.7921966685818579E-003
        1262   1.4078505779289647E-003
        1263   1.6302370444434221E-003
        1264   1.3446308636623214E-003
        1265   8.1176195913369145E-004
        1266   9.4846461715149765E-004
        1267   1.9796327395939705E-003
        1268   1.6650535909272669E-003
        1269   8.5956551317637245E-004
        1270   1.1418145186596436E-003
        1271   1.0984580162850426E-003
        1272   1.2127804776152491E-003
        1273   1.2618312720128813E-003
        1274   9.7252376423567256E-004
        1275   8.6421743947162600E-004
        1276   1.7988417213553622E-003
        1277   1.2723830662327508E-003
        1278   1.5629564483673540E-003
        1279   1.2120093006172932E-003
        1280   1.1195375873837966E-003
        1281   1.8774528845656982E-003
        1282   1.1059435681103735E-003
        1283   7.0966850422738608E-004
        1284   1.5985825410566019E-003
        1285   1.0898785772189333E-003
        1286   1.2159634606798261E-003
        1287   1.2783524538898666E-003
        1288   1.1344882716436864E-003
        1289   1.2737777705853291E-003
        1290   1.2812394482123110E-003
        1291   1.5020952753678242E-003
        1292   1.5674268772577005E-003
        1293   1.4314309652399501E-003
        1294   1.2539942798805996E-003
        1295   8.3515506548407180E-004
        1296   1.2985502469299213E-003
        1297   1.2437227435161383E-003
        1298   1.2452764456018874E-003
        1299   8.6101565865222740E-004
        1300   1.4261508033715938E-003
        1301   1.6654008854821143E-003
        1302   1.1789720074247890E-003
        1303   1.2966984851087715E-003
        1304   1.2935213300324080E-003
        1305   1.4468265827977693E-003
        1306   1.4649510353279039E-003
        1307   1.6797269202249222E-003
        1308   1.3787409221213930E-003
        1309   1.0274397556322946E-003
        1310   1.6690447746483845E-003
        1311   1.4891755320817414E-003
        1312   1.3523827756013857E-003
        1313   6.2757959096476439E-004
        1314   1.7618138024799123E-003
        1315   1.2282997378832213E-003
        1316   1.4707479338014031E-003
        1317   1.7787951465256149E-003
        1318   1.3417136557296104E-003
        1319   1.2864077741629345E-003
        1320   8.9033362785495562E-004
        1321   2.0830044103899836E-003
        1322   1.8644922781243861E-003
        1323   1.4905756230941965E-003
        1324   1.0072986706286364E-003
        1325   1.1679228391609264E-003
        1326   1.7736287433805337E-003
        1327   1.4690294189953594E-003
        1328   9.5080691866321169E-004
        1329   9.4665973455803254E-004
        1330   1.1838877171475412E-003
        1331   5.7357737251320694E-004
        1332   1.4398528770188466E-003
        1333   1.2055361172457239E-003
        1334   9.0912474533191606E-004
        1335   1.1652699207571919E-003
        1336   1.3226239009456143E-003
        1337   1.9031403360680087E-003
        1338   7.5997563909824132E-004
        1339   9.5836573405904378E-004
        1340   9.4108161998060957E-004
        1341   8.5904764608604885E-004
        1342   1.5075536652505142E-003
        1343   1.0205379496937823E-003
        1344   8.8707703718381322E-004
        1345   1.3238088809589528E-003
        1346   1.6553570112824822E-003
        1347   1.3368909004814035E-003
        1348   1.0810677042235460E-003
        1349   9.6015950838630845E-004
        1350   9.2793315366881078E-004
        1351   1.6664071744437485E-003
        1352   1.2442398824503882E-003
        1353   1.2153612920761268E-003
        1354   1.4483604458154157E-003
        1355   1.2476682722458959E-003
        1356   8.4927990143964535E-004
        1357   1.4404940564337893E-003
        1358   1.2988959824377225E-003
        1359   1.2407068564938679E-003
        1360   1.8832434379666267E-003
        1361   1.4012626336499616E-003
        1362   1.0726779110594793E-003
        1363   1.2640342038239688E-003
        1364   1.1731120036346965E-003
        1365   1.2934093477626860E-003
        1366   1.9649366210380344E-003
        1367   1.2064625769865073E-003
        1368   9.0830074974629425E-004
        1369   1.5707770173006698E-003
        1370   1.5879445493643968E-003
        1371   1.3876168998297755E-003
        1372   1.6743481283108398E-003
        1373   1.6674099356398901E-003
        1374   1.8862690987786021E-003
        1375   9.7346183388053494E-004
        1376   1.2918169019262894E-003
        1377   1.2374707225638183E-003
        1378   1.4415081880901344E-003
        1379   6.5839518248010155E-004
        1380   1.6017218857312769E-003
        1381   8.8071077462262043E-004
        1382   1.4924030408748259E-003
        1383   1.3880553743895298E-003
        1384   1.4509989344362413E-003
        1385   8.4156407258488531E-004
        1386   1.5338503506755884E-003
        1387   9.3278406890513798E-004
        1388   1.0440286589531529E-003
        1389   1.2359186447081683E-003
        1390   1.4357620161016610E-003
        1391   1.2163306317325171E-003
        1392   1.3211617469205128E-003
        1393   1.2545720073034903E-003
        1394   1.4400930416472652E-003
        1395   1.5389574376093937E-003
        1396   1.4974968653763850E-003
        1397   1.2570536080771379E-003
        1398   9.6323885054852044E-004
        1399   1.4143626889232331E-003
        1400   1.0091025918039708E-003
        1401   1.2410965421985555E-003
        1402   1.2728069175165248E-003
        1403   1.1697821770088900E-003
        1404   1.3973517391771295E-003
        1405   1.6101493247766691E-003
        1406   1.6681166538195043E-003
        1407   1.2266896128239827E-003
        1408   1.6042551955228524E-003
        1409   1.7846166069720767E-003
        1410   1.3753964187294631E-003
        1411   2.9005202855999015E-004
        1412   1.0969459993639618E-003
        1413   1.1881739166757445E-003
        1414   8.6056400474933045E-004
        1415   7.8133158110017798E-004
        1416   1.3697744754473519E-003
        1417   1.2324264060078873E-003
        1418   1.2383603808836931E-003
        1419   1.6164814577000564E-003
        1420   1.3974633080463732E-003
        1421   8.7959978782055262E-004
        1422   7.7049807227475052E-004
        1423   6.2412863408642090E-004
        1424   1.1108623200982229E-003
        1425   1.7106796427555186E-003
        1426   1.6607882483423509E-003
        1427   1.6610200480395374E-003
        1428   1.3277509785429398E-003
        1429   1.6028906601470072E-003
        1430   1.0482448467612486E-003
        1431   1.4083551133755681E-003
        1432   1.3281439871269676E-003
        1433   1.3888386591235044E-003
        1434   1.2384994609020356E-003
        1435   1.3394283167896524E-003
        1436   1.3057928919324533E-003
        1437   7.5093284139134099E-004
        1438   1.3161000825299819E-003
        1439   1.0530864316939319E-003
        1440   1.3489889159189613E-003
        1441   1.0978622935025643E-003
        1442   1.2189808508522120E-003
        1443   1.1332257359334870E-003
        1444   1.3317937373378407E-003
        1445   1.2507704395959330E-003
        1446   8.5654209049953035E-004
        1447   1.2774592721233632E-003
        1448   1.4109030212273927E-003
        1449   1.6468174391076837E-003
        1450   1.2205431994674182E-003
        1451   1.3436443859559113E-003
        1452   9.1917348227039909E-004
        1453   1.1525922105189840E-003
        1454   1.0428936573362549E-003
        1455   1.3706373419049812E-003
        1456   1.0114825488926845E-003
        1457   1.3120908824862574E-003
        1458   1.8482883434572011E-003
        1459   1.4104163471407765E-003
        1460   1.5422150291157513E-003
        1461   1.4344809190102678E-003
        1462   1.2651080547037175E-003
        1463   1.2715920417114431E-003
        1464   1.3464978846316606E-003
        1465   6.7221451098147509E-004
        1466   1.2776769275371711E-003
        1467   1.5133139683242561E-003
        1468   1.3891065679331894E-003
        1469   1.0644015123316127E-003
        1470   1.4131613851027568E-003
        1471   1.3827941457128022E-003
        1472   1.2589978004718574E-003
        1473   1.2386627423492458E-003
        1474   1.3517741340770767E-003
        1475   9.8324894384163391E-004
        1476   1.0705920994659817E-003
        1477   1.0778605182404084E-003
        1478   1.2249174174303783E-003
        1479   1.4251795134174643E-003
        1480   6.6858699821331668E-004
        1481   1.4296411738926847E-003
        1482   1.2298526752473882E-003
        1483   8.3655820074489439E-004
        1484   1.5155504677344266E-003
        1485   1.4829205909451095E-003
        1486   1.7220396307790146E-003
        1487   1.0712843840891290E-003
        1488   8.9773280526418448E-004
        1489   1.6525230316695324E-003
        1490   6.7808738037030845E-004
        1491   9.8313999817146915E-004
        1492   1.0646261491233703E-003
        1493   1.4914262146390601E-003
        1494   1.0703200931286845E-003
        1495   1.0960522602662974E-003
        1496   1.0973047755134201E-003
        1497   1.2418587668732663E-003
        1498   8.7660359364264892E-004
        1499   1.7750015250994500E-003
        1500   1.2767643738994798E-003
        1501   1.0038554508825569E-003
        1502   1.4390514495077661E-003
        1503   4.0949401954684612E-004
        1504   1.2319982396444087E-003
        1505   9.9197414493154448E-004
        1506   1.0879545727272852E-003
        1507   1.4496832730141629E-003
        1508   1.0846855004765920E-003
        1509   1.3497531556828765E-003
        1510   1.3833978641895656E-003
        1511   9.1974137657840893E-004
        1512   1.2022631531481882E-003
        1513   8.8993078158618373E-004
        1514   1.2698574107710440E-003
        1515   8.4592834712690537E-004
        1516   1.2947696739958822E-003
        1517   1.2135612953635489E-003
        1518   9.1655662592526996E-004
        1519   1.4141722397237224E-003
        1520   1.5454655158451730E-003
        1521   1.1440608749814457E-003
        1522   6.2818715366321984E-004
        1523   1.2671890902304105E-003
        1524   9.2476782379927430E-004
        1525   1.1405488785521348E-003
        1526   1.4129228884290903E-003
        1527   1.6774240910829715E-003
        1528   9.5537768517379236E-004
        1529   7.0138539164083132E-004
        1530   1.1643835813708941E-003
        1531   1.1810107944619358E-003
        1532   1.6284724070646424E-003
        1533   1.1666233516710617E-003
        1534   1.5091342291001385E-003
        1535   1.4036749336486477E-003
        1536   1.4800436929875828E-003
        1537   1.3219861460029108E-003
        1538   9.9095193404238674E-004
        1539   5.3327578096950699E-004
        1540   1.4770531759331880E-003
        1541   1.3748545962771145E-003
        1542   1.2632277883604705E-003
        1543   1.0888782207281362E-003
        1544   1.3389068580473467E-003
        1545   1.4461474470814824E-003
        1546   1.1543783097447899E-003
        1547   1.2046493578666908E-003
        1548   1.3380691660703548E-003
        1549   1.6371236173632479E-003
        1550   1.5404472772777050E-003
        1551   1.5842936379831802E-003
        1552   1.7127376069620925E-003
        1553   7.1797143910216888E-004
        1554   1.0781269176017079E-003
        1555   1.6962552585409597E-003
        1556   2.0862386751252862E-003
        1557   6.5438180965009241E-004
        1558   1.0248557323978874E-003
        1559   1.1614952570500260E-003
        1560   8.8610316444064400E-004
        1561   1.0708601130038921E-003
        1562   1.2967487877303271E-003
        1563   7.5251745050469569E-004
        1564   1.9517677361075055E-003
        1565   1.1857222492988075E-003
        1566   1.5194669919620396E-003
        1567   1.0576539766266038E-003
        1568   1.1188608010875740E-003
        1569   1.4626384201833114E-003
        1570   1.4155424345334534E-003
        1571   1.2778831945781204E-003
        1572   1.2837348379846707E-003
        1573   1.5408004517583451E-003
        1574   1.4428825494278397E-003
        1575   1.6938664647839197E-003
        1576   2.1915234688475354E-003
        1577   1.0245682281276448E-003
        1578   1.0420210332798860E-003
        1579   7.0436551034821896E-004
        1580   1.7591075867114821E-003
        1581   1.1499953332140525E-003
        1582   1.2752495731620966E-003
        1583   1.3089199039123852E-003
        1584   6.7067093363111377E-004
        1585   1.3882001579470721E-003
        1586   1.0045480900660441E-003
        1587   1.3866988678195810E-003
        1588   1.6824185399730055E-003
        1589   1.1387699246745370E-003
        1590   1.5900766346054623E-003
        1591   7.2667257164727665E-004
        1592   7.5537813538058675E-004
        1593   1.3379071449011648E-003
        1594   1.2150682718739623E-003
        1595   1.1155932922650789E-003
        1596   1.1068731386447612E-003
        1597   9.3875905068446742E-004
        1598   1.2801730238533053E-003
        1599   1.2811328061674949E-003
        1600   1.3120923678977328E-003
        1601   1.5467199207638957E-003
        1602   1.2787308366012098E-003
        1603   1.3470133920416574E-003
        1604   1.4758668519097636E-003
        1605   1.3630352731049877E-003
        1606   1.4424517030389931E-003
        1607   1.3451054790803113E-003
        1608   8.7716957629109798E-004
        1609   1.1110747851432203E-003
        1610   9.1632654074933395E-004
        1611   1.3842726593252803E-003
        1612   1.2109789150700817E-003
        1613   1.7833293308383304E-003
        1614   1.2048062438723120E-003
        1615   1.1069006691389555E-003
        1616   9.5037816135489330E-004
        1617   1.3511813584053272E-003
        1618   1.7588652824595649E-003
        1619   9.6770984246318057E-004
        1620   1.5280339633409613E-003
        1621   1.6141244070083818E-003
        1622   1.1599665208204455E-003
        1623   1.4203108036244261E-003
        1624   1.8018827333732550E-003
        1625   1.8908888749474390E-003
        1626   9.3888602413079523E-004
        1627   1.4771211080590327E-003
        1628   1.0254191707036579E-003
        1629   1.0630064116970311E-003
        1630   1.1714026800875104E-003
        1631   1.2574169213869497E-003
        1632   7.2662370384875426E-004
        1633   1.8807470401270262E-003
        1634   9.3514511311412307E-004
        1635   1.3027939627954061E-003
        1636   1.3972885714533380E-003
        1637   9.0883786391796875E-004
        1638   1.4039803125757036E-003
        1639   1.0745823038123250E-003
        1640   1.6752393269213847E-003
        1641   9.2909192025285878E-004
        1642   1.0216522033763987E-003
        1643   1.4816355325344100E-003
        1644   1.1659388184252154E-003
        1645   1.2974081287946105E-003
        1646   1.1132829100398824E-003
        1647   1.3228501037773385E-003
        1648   1.0045654878706564E-003
        1649   1.1229512916269438E-003
        1650   1.3966827821163053E-003
        1651   6.7777389905820668E-004
        1652   1.3733574125020219E-003
        1653   1.3446968399783378E-003
        1654   1.0067085241857966E-003
        1655   1.5123721354230982E-003
        1656   1.1162239890289449E-003
        1657   1.1995990042401017E-003
        1658   1.0253787012063803E-003
        1659   1.6528935474198030E-003
        1660   9.2118533596795087E-004
        1661   1.0168873544372065E-003
        1662   9.2789830256763981E-004
        1663   1.3648616994897133E-003
        1664   1.0838300388835982E-003
        1665   2.0192498551571732E-003
        1666   1.6588812643905477E-003
        1667   1.1227236910798591E-003
        1668   8.3675562869081719E-004
        1669   6.8350861710619046E-004
        1670   1.0205775287132992E-003
        1671   1.7422873650533479E-003
        1672   8.3542254949152243E-004
        1673   1.2692240437322513E-003
        1674   1.4828921830334514E-003
        1675   7.6004642538540356E-004
        1676   1.6657603795751576E-003
        1677   1.2734380597754396E-003
        1678   6.0103668516944971E-004
        1679   1.2031711047352062E-003
        1680   9.4273289482947186E-004
        1681   1.2583541108904506E-003
        1682   1.1862014641857764E-003
        1683   1.4603086114030675E-003
        1684   1.0817574568722109E-003
        1685   1.4014622783929426E-003
        1686   1.0709903667618875E-003
        1687   1.4188034842844159E-003
        1688   1.0012230491329135E-003
        1689   1.4699872038901481E-003
        1690   1.8116849014590357E-003
        1691   1.1023724307864585E-003
        1692   7.0142458524501702E-004
        1693   1.3577189406564869E-003
        1694   1.2194572769110990E-003
        1695   9.1083644580125165E-004
        1696   1.1104265203556000E-003
        1697   1.1983283504717489E-003
        1698   1.6281259359641745E-003
        1699   8.6571020823137323E-004
        1700   1.3713855529153176E-003
        1701   1.5640846043234011E-003
        1702   1.1569907512958661E-003
        1703   1.2058298148528487E-003
        1704   1.7062930399190190E-003
        1705   1.4393010737114341E-003
        1706   1.1665334671240343E-003
        1707   1.5039647592437855E-003
        1708   1.0972592398143285E-003
        1709   7.6408859750352225E-004
        1710   1.0313315604351808E-003
        1711   9.9058910581424804E-004
        1712   9.9746711063254082E-004
        1713   1.1523787133320526E-003
        1714   8.2077673019402846E-004
        1715   1.4254975530338691E-003
        1716   1.1615681897936532E-003
        1717   1.5465312464374101E-003
        1718   9.1179498824037739E-004
        1719   9.7586432462780696E-004
        1720   1.4149838573165895E-003
        1721   1.9283346396577841E-003
        1722   9.6416092952080433E-004
        1723   1.4005193805302085E-003
        1724   1.7593546121295173E-003
        1725   1.6193300617372514E-003
        1726   1.3347369616228527E-003
        1727   1.4208054527908877E-003
        1728   1.4189611365090233E-003
        1729   9.9439694451197973E-004
        1730   8.4883331565822223E-004
        1731   1.2332394792239185E-003
        1732   9.4975129782650194E-004
        1733   6.1007825320918193E-004
        1734   1.0814043803359908E-003
        1735   1.3645810790415406E-003
        1736   8.9947949994539163E-004
        1737   1.6819417739842102E-003
        1738   1.8667173079946870E-003
        1739   8.3886034339132533E-004
        1740   1.2214368394146313E-003
        1741   5.8993348633765825E-004
        1742   7.0353940512734518E-004
        1743   1.5161845710802300E-003
        1744   1.0698909810365127E-003
        1745   1.7390599105721470E-003
        1746   1.1021820919621733E-003
        1747   1.1756273883567314E-003
        1748   1.4154494821897292E-003
        1749   1.1312964676427528E-003
        1750   1.4232997345747134E-003
        1751   6.9752121292144316E-004
        1752   1.4914183510989793E-003
        1753   1.4259175473708171E-003
        1754   1.3090956455669598E-003
        1755   1.6101247939985857E-003
        1756   1.4001760504476258E-003
        1757   1.1116389541170120E-003
        1758   1.4477677149452122E-003
        1759   1.3917828949655546E-003
        1760   1.0904788591281412E-003
        1761   6.7741697817387547E-004
        1762   1.4967157113624776E-003
        1763   1.3988208736819630E-003
        1764   1.1446665299769581E-003
        1765   1.2377373238715494E-003
        1766   1.0798855009036509E-003
        1767   7.3998634129948096E-004
        1768   1.4574368380524231E-003
        1769   4.4937914074417166E-004
        1770   8.3255633698777311E-004
        1771   1.6426433942970408E-003
        1772   1.0304937202624499E-003
        1773   5.0873692309029135E-004
        1774   1.1984093573990226E-003
        1775   1.4948717454263637E-003
        1776   8.6471053061865067E-004
        1777   1.1508245974840463E-003
        1778   1.3670495483560554E-003
        1779   1.2736078652175156E-003
        1780   7.3463745096248687E-004
        1781   1.8269896361341196E-003
        1782   1.5029408734972016E-003
        1783   1.0643941242561427E-003
        1784   6.3158570197272099E-004
        1785   1.0589952362496018E-003
        1786   1.0818987513686806E-003
        1787   1.2928405908885800E-003
        1788   1.7454483256898320E-003
        1789   1.2978128306180157E-003
        1790   7.1287852926796931E-004
        1791   7.4553654922339136E-004
        1792   1.5411137107056341E-003
        1793   1.0175761029416271E-003
        1794   8.3227084780178404E-004
        1795   1.2993253923965907E-003
        1796   1.6077814373995859E-003
        1797   9.7445295874890568E-004
        1798   1.4696858344316276E-003
        1799   8.2445469511685022E-004
        1800   1.5952028893075165E-003
        1801   1.3583691702069812E-003
        1802   1.5946362044978761E-003
        1803   1.7662328648041167E-003
        1804   8.9291676680669171E-004
        1805   1.0900839724015863E-003
        1806   1.6498793085830408E-003
        1807   1.1756671877316785E-003
        1808   1.5421246150724717E-003
        1809   1.0198130092803721E-003
        1810   1.3255528671646465E-003
        1811   1.3579991605550165E-003
        1812   1.0524733175875118E-003
        1813   1.5898201046061959E-003
        1814   1.4771586288011907E-003
        1815   1.5856204174036004E-003
        1816   1.5547338566641014E-003
        1817   1.1774627775157842E-003
        1818   1.4639118578742708E-003
        1819   7.1551955237189992E-004
        1820   1.5282518102645679E-003
        1821   1.5097040882188174E-003
        1822   1.3718856218771127E-003
        1823   1.3803651291928126E-003
        1824   1.1500148369046575E-003
        1825   1.8506948723288176E-003
        1826   1.6766593864457253E-003
        1827   6.6517985531903609E-004
        1828   1.6493103666242622E-003
        1829   1.0905528719767324E-003
        1830   1.4161996056856801E-003
        1831   1.5217137629442252E-003
        1832   1.2913449627399481E-003
        1833   1.0224316005283838E-003
        1834   1.1493688226519065E-003
        1835   1.5961064651303148E-003
        1836   1.0357639994098150E-003
        1837   1.1184801236709268E-003
        1838   1.1519405968188647E-003
        1839   1.5671207446167352E-003
        1840   1.3231843959891851E-003
        1841   1.8416412642779658E-003
        1842   1.4367650009302385E-003
        1843   6.1378955978301183E-004
        1844   1.0210847412794881E-003
        1845   1.1288833630228165E-003
        1846   7.2737956058542249E-004
        1847   1.1865254562747492E-003
        1848   1.9409946730224398E-003
        1849   1.5238186839119598E-003
        1850   1.0394942174088175E-003
        1851   9.5801087233226884E-004
        1852   1.7518744567401306E-003
        1853   1.2320993642162216E-003
        1854   1.1842755977733972E-003
        1855   1.8537505819725528E-003
        1856   1.5039071769124659E-003
        1857   7.8983930870839443E-004
        1858   1.1321875247013943E-003
        1859   6.6361397020776825E-004
        1860   1.1629993707146301E-003
        1861   1.7742450484752688E-003
        1862   1.1066291701974627E-003
        1863   1.4858195196586989E-003
        1864   1.8262412827295528E-003
        1865   1.0201366238266668E-003
        1866   1.4005236947523811E-003
        1867   1.0857268236730993E-003
        1868   1.0669608560777036E-003
        1869   9.8451175995604447E-004
        1870   8.4015458075279597E-004
        1871   1.4242206774500615E-003
        1872   1.3857692395779734E-003
        1873   1.2355125847892765E-003
        1874   1.8848582480659115E-003
        1875   1.3953900182836080E-003
        1876   1.3650814715954005E-003
        1877   8.2238360159101571E-004
        1878   8.5456324000535134E-004
        1879   8.5014840734121805E-004
        1880   1.5082065045989644E-003
        1881   1.0435494787650605E-003
        1882   8.1235714781463704E-004
        1883   1.2733840408583983E-003
        1884   1.0495542456299451E-003
        1885   1.0134208679522449E-003
        1886   1.0169618758708908E-003
        1887   1.5043373609852687E-003
        1888   1.2013545549965769E-003
        1889   1.2719917888060887E-003
        1890   1.0508691632702164E-003
        1891   7.7228291835184217E-004
        1892   1.0448810141810432E-003
        1893   1.3827401347501096E-003
        1894   9.3851781191655009E-004
        1895   1.0841778356486767E-003
        1896   7.7008067779911395E-004
        1897   3.9304500212517993E-004
        1898   1.1516047644339806E-003
        1899   9.4068568822104593E-004
        1900   9.4370929155874811E-004
        1901   9.7865047300617889E-004
        1902   1.1171764384655710E-003
        1903   1.0132306724656211E-003
        1904   9.7959422491343670E-004
        1905   7.8252212816927078E-004
        1906   1.1650876375248315E-003
        1907   8.6927236181123216E-004
        1908   1.3103914759646075E-003
        1909   1.3322718871266678E-003
        1910   8.0504549887095626E-004
        1911   1.1746690990939526E-003
        1912   7.9104262812580814E-004
        1913   1.1569093492545392E-003
        1914   1.5243902825784808E-003
        1915   1.5333822643540454E-003
        1916   1.2414120850812284E-003
        1917   7.5138286736586531E-004
        1918   6.5653311664479923E-004
        1919   1.2825459078006499E-003
        1920   1.3255842373424206E-003
        1921   1.6261848478844754E-003
        1922   7.5134816492746436E-004
        1923   1.2348253973114250E-003
        1924   1.0134209259225343E-003
        1925   1.1932160656003405E-003
        1926   1.3622694777152783E-003
        1927   1.2235852866099074E-003
        1928   1.4968616722193626E-003
        1929   1.9367949537580604E-004
        1930   1.9681499133296777E-003
        1931   1.1850908569382783E-003
        1932   1.4717290329198476E-003
        1933   1.2962200314039943E-003
        1934   1.3215812168744945E-003
        1935   1.4874830667506653E-003
        1936   8.4359550926264609E-004
        1937   1.3204074951381974E-003
        1938   1.1014982180777835E-003
        1939   1.3704485315795528E-003
        1940   1.4189740631901937E-003
        1941   8.9284502142459308E-004
        1942   1.1105908830434882E-003
        1943   9.3543998398562154E-004
        1944   1.0465123570972314E-003
        1945   1.6070756809566564E-003
        1946   1.4430061703618717E-003
        1947   1.6875568483820842E-003
        1948   1.6755297204393655E-003
        1949   1.3516470356542928E-003
        1950   1.0440237387102720E-003
        1951   1.1537433871909569E-003
        1952   1.2088557534792488E-003
        1953   1.7239634083271785E-003
        1954   7.2334341134792435E-004
        1955   1.8124940927460053E-003
        1956   1.1987251400801121E-003
        1957   7.6471972977659730E-004
        1958   1.3970766961823944E-003
        1959   1.3486971628852578E-003
        1960   1.8267346171252092E-003
        1961   1.2002782788165937E-003
        1962   1.4658127925139030E-003
        1963   1.3941040586763819E-003
        1964   1.5693583331194720E-003
        1965   1.3908601000156286E-003
        1966   1.4403681347096816E-003
        1967   1.2183014942390271E-003
        1968   1.8469421094338620E-003
        1969   5.3087076301708475E-004
        1970   1.1685757268518238E-003
        1971   1.9122827805358525E-003
        1972   1.0451579730970304E-003
        1973   1.6793940746499562E-003
        1974   1.5552253686711955E-003
        1975   1.1950066394574455E-003
        1976   1.2427204181593465E-003
        1977   1.1335278208589917E-003
        1978   1.2437394648333394E-003
        1979   8.1301322425368823E-004
        1980   9.2206871723516477E-004
        1981   1.4252700348827095E-003
        1982   1.0109356009973141E-003
        1983   9.2225868376287089E-004
        1984   1.0708047688039119E-003
        1985   1.5349160515360960E-003
        1986   1.4845125161825770E-003
        1987   1.0396399045149328E-003
        1988   8.9336349752811830E-004
        1989   1.4623601524457977E-003
        1990   7.7758547574608837E-004
        1991   1.8053053232347856E-003
        1992   1.7417356736532000E-003
        1993   1.1341624911066406E-003
        1994   1.3168090009078744E-003
        1995   7.1098648222915780E-004
        1996   1.2323980548112339E-003
        1997   1.0745389139567478E-003
        1998   1.0549033365304169E-003
        1999   9.5911225345383184E-004
        2000   1.3015961320921822E-003
        2001   8.7819484837747320E-004
        2002   1.0915342638525961E-003
        2003   7.5080764275532892E-004
        2004   1.1216589091471725E-003
        2005   1.1228439842643474E-003
        2006   9.9070981412068644E-004
        2007   2.1875212549937197E-003
        2008   1.4771785370783750E-003
        2009   1.1468628413962467E-003
        2010   1.2534495533002329E-003
        2011   1.6884233105301644E-003
        2012   8.0041814261626852E-004
        2013   9.7535853022700147E-004
        2014   1.1686692263840107E-003
        2015   1.5319348652055461E-003
        2016   8.7667163116857908E-004
        2017   1.4584150408226029E-003
        2018   1.1870477069473562E-003
        2019   1.0025346041062275E-003
        2020   1.1756441831319848E-003
        2021   1.5423629801383288E-003
        2022   1.5598939147358696E-003
        2023   1.4119295865282905E-003
        2024   1.3450635757721963E-003
        2025   1.1850628874709359E-003
        2026   1.1342532849689744E-003
        2027   1.0863410399466996E-003
        2028   1.5989605910362460E-003
        2029   1.0332658490797848E-003
        2030   9.0891551230697304E-004
        2031   1.9543137044751150E-003
        2032   1.4778024526927727E-003
        2033   1.3036653706023117E-003
        2034   2.0796331770723876E-003
        2035   7.7100882694739229E-004
        2036   1.5653721957622900E-003
        2037   1.7632679964968588E-003
        2038   1.4818208788278525E-003
        2039   1.3885953542053416E-003
        2040   1.5477095509479849E-003
        2041   2.1224337267818235E-003
        2042   1.0652940256571611E-003
        2043   1.2409044599924171E-003
        2044   9.2644237817953725E-004
        2045   7.1677674430316979E-004
        2046   1.4724302590270906E-003
        2047   4.6570783171488001E-004
        2048   1.4426208168478382E-003
        2049   1.1201890799882662E-003
        2050   1.0343028471281571E-003
        2051   1.4627278513101671E-003
        2052   1.4131809341466517E-003
        2053   1.1802601428435725E-003
        2054   1.3396397893698094E-003
        2055   1.1622576070402586E-003
        2056   1.1828292873130777E-003
        2057   1.3480553862340893E-003
        2058   7.6485923823906726E-004
        2059   1.2512812681793005E-003
        2060   1.1156653556335459E-003
        2061   4.5688867538624771E-004
        2062   1.1353153458130857E-003
        2063   7.5770804440131840E-004
        2064   1.0802345832367736E-003
        2065   1.2410167747337539E-003
        2066   9.4042224194722680E-004
        2067   1.0871319797042507E-003
        2068   1.1902699546971131E-003
        2069   1.1519269203298657E-003
        2070   1.6474915731038101E-003
        2071   1.2225620643578361E-003
        2072   1.2665352474047547E-003
        2073   1.1580850758934212E-003
        2074   1.3351737981406860E-003
        2075   1.1717921140447724E-003
        2076   1.1087580289584524E-003
        2077   7.5968138514827417E-004
        2078   1.6228337634374142E-003
        2079   1.5135989420920527E-003
        2080   1.0981395906852502E-003
        2081   1.2103801356812742E-003
        2082   1.7453853276105079E-003
        2083   1.9017117036353671E-003
        2084   1.7813924443802773E-003
        2085   1.3087653126368228E-003
        2086   1.2354322788536401E-003
        2087   1.7403987188897218E-003
        2088   1.6957440725679539E-003
        2089   1.2365810950934481E-003
        2090   7.1976404567484055E-004
        2091   1.4256777669450901E-003
        2092   1.0121273134031873E-003
        2093   1.2898841232518506E-003
        2094   1.5075719083152959E-003
        2095   9.3393143008790012E-004
        2096   1.6821303709529613E-003
        2097   1.6903645418364008E-003
        2098   1.3110550250418007E-003
        2099   9.6225120065305397E-004
        2100   1.5420485284448934E-003
        2101   1.2861366200049380E-003
        2102   7.1137034571187060E-004
        2103   1.0593753542795389E-003
        2104   1.4214153211825624E-003
        2105   1.7164685727817947E-003
        2106   1.7937298680528698E-003
        2107   1.1773169084179091E-003
        2108   1.5063137628984590E-003
        2109   1.4472352107850139E-003
        2110   1.2236172382241888E-003
        2111   1.6941761064127774E-003
        2112   1.1126103655858277E-003
        2113   1.0200278263392249E-003
        2114   5.4339181224544576E-004
        2115   1.3831262044978170E-003
        2116   1.5756768410160984E-003
        2117   1.4375800092695939E-003
        2118   7.2414397012441191E-004
        2119   1.1465760968126179E-003
        2120   7.1888580804497387E-004
        2121   1.1657241481738598E-003
        2122   1.3447069760119965E-003
        2123   1.5889533088814210E-003
        2124   8.3357025206220038E-004
        2125   1.0956221793491439E-003
        2126   7.8931411415586212E-004
        2127   1.4344414691046445E-003
        2128   8.1212806654614692E-004
        2129   1.1449262619842807E-003
        2130   6.8567551579716177E-004
        2131   1.2274992949725604E-003
        2132   1.6019865440670372E-003
        2133   1.3639620330718164E-003
        2134   1.3685586539126636E-003
        2135   1.0360655270160325E-003
        2136   1.1587380263116381E-003
        2137   1.5256224138866872E-003
        2138   9.2904310773226511E-004
        2139   1.2042272579170460E-003
        2140   1.3961448291582772E-003
        2141   1.3659371221419634E-003
        2142   9.1965713053203933E-004
        2143   1.5138839038693929E-003
        2144   1.1512718376767549E-003
        2145   1.6151170156499801E-003
        2146   1.5364932941690048E-003
        2147   8.0649273738172894E-004
        2148   1.0722304780021177E-003
        2149   1.3238056815305253E-003
        2150   1.4843016436510705E-003
        2151   1.4962433007196531E-003
        2152   1.4378390963125961E-003
        2153   1.2511257321087567E-003
        2154   1.3293724489494144E-003
        2155   7.3272779678451821E-004
        2156   1.3016402100865536E-003
        2157   1.0481900016370979E-003
        2158   1.7675150172759883E-003
        2159   1.3919278647452861E-003
        2160   1.5703337023601389E-003
        2161   1.0183007999075503E-003
        2162   1.6162106799428493E-003
        2163   1.4197016054676849E-003
        2164   1.2081408395673381E-003
        2165   1.0019616939432685E-003
        2166   1.6184301114387648E-003
        2167   1.0787305256158301E-003
        2168   1.7363350638409795E-003
        2169   1.6448837810039542E-003
        2170   1.4251425322128742E-003
        2171   1.8416316839550539E-003
        2172   1.2923786146064452E-003
        2173   7.1736566289145763E-004
        2174   2.0293899931794232E-003
        2175   1.5307322830814907E-003
        2176   1.2793328119405877E-003
        2177   1.3125757686883628E-003
        2178   8.5084372092272798E-004
        2179   1.3062373919027650E-003
        2180   1.1484620949848100E-003
        2181   1.1147400164815524E-003
        2182   1.2486808726941843E-003
        2183   1.4451914126164390E-003
        2184   1.0344693174533369E-003
        2185   1.0632083683682081E-003
        2186   1.6583848959028195E-003
        2187   1.4508249107437385E-003
        2188   1.3298920694146423E-003
        2189   1.6618613653681816E-003
        2190   1.1754927722358818E-003
        2191   9.8711291920794181E-004
        2192   1.5163935340176292E-003
        2193   7.8650231634171380E-004
        2194   1.0936060999361403E-003
        2195   9.2383764276764212E-004
        2196   1.7726818942698330E-003
        2197   1.6156917295403242E-003
        2198   1.1075180719612931E-003
        2199   1.3429331089912565E-003
        2200   1.3621138285246036E-003
        2201   6.7417146642251540E-004
        2202   1.5045609376735615E-003
        2203   8.9652808160808407E-004
        2204   1.2332577910920540E-003
        2205   1.1058465861602106E-003
        2206   1.6462566164108037E-003
        2207   1.1627363262074325E-003
        2208   1.8639416918859964E-003
        2209   1.3023328267880291E-003
        2210   1.0614102325755121E-003
        2211   1.7232754247089898E-003
        2212   1.1481445726363984E-003
        2213   1.2348876471822931E-003
        2214   1.0663076616345571E-003
        2215   1.0948088903251518E-003
        2216   1.4550208960905297E-003
        2217   1.5102652840144162E-003
        2218   1.1157531779447893E-003
        2219   1.4072669416517630E-003
        2220   8.6734772707792584E-004
        2221   1.2501487014123039E-003
        2222   7.0137189392932662E-004
        2223   1.0016808634403791E-003
        2224   1.2637578871054767E-003
        2225   1.2660109086482525E-003
        2226   1.3119363669404100E-003
        2227   8.6475949338571303E-004
        2228   5.0679409263572632E-004
        2229   1.0082117901055695E-003
        2230   1.4817481329015211E-003
        2231   7.4462316865718558E-004
        2232   1.6366612427467920E-003
        2233   1.3164677005557991E-003
        2234   1.0559392221857870E-003
        2235   1.2139553794169079E-003
        2236   1.4960975439328374E-003
        2237   1.3370433812778244E-003
        2238   1.0328292105196777E-003
        2239   7.4533465485510683E-004
        2240   1.9428909585143036E-003
        2241   1.6097630114097405E-003
        2242   1.2767379486342437E-003
        2243   1.6441690415432053E-003
        2244   1.6755020678961576E-003
        2245   1.5560310804018987E-003
        2246   7.2023462762896501E-004
        2247   1.8319590368449377E-003
        2248   1.0115022551655290E-003
        2249   1.6366498993128265E-003
        2250   1.1339996012378400E-003
        2251   7.6507924413806881E-004
        2252   1.3204550051296850E-003
        2253   1.8085459682117108E-003
        2254   9.5224277523036705E-004
        2255   1.0997792341592375E-003
        2256   1.4675871314510491E-003
        2257   1.2299036032157344E-003
        2258   9.6367359925259737E-004
        2259   1.3325563474095340E-003
        2260   1.7428920006152420E-003
        2261   1.2331209649304082E-003
        2262   1.4625155078908775E-003
        2263   1.1114539854272464E-003
        2264   1.3257736937650555E-003
        2265   9.4630595627625809E-004
        2266   1.2767898730573317E-003
        2267   1.3526945772943592E-003
        2268   1.2501710426011633E-003
        2269   1.1626806093988358E-003
        2270   1.2560527430706837E-003
        2271   1.4713703095076138E-003
        2272   9.7068405502084582E-004
        2273   1.2610703086633869E-003
        2274   1.3935852197721214E-003
        2275   1.7896421170286144E-003
        2276   1.2444428013446743E-003
        2277   1.2725277131649317E-003
        2278   1.7300462146250207E-003
        2279   1.2066216343105723E-003
        2280   1.7254869078145436E-003
        2281   1.0707143982488160E-003
        2282   9.7386826700991377E-004
        2283   1.2251972630842650E-003
        2284   1.3070788477366660E-003
        2285   1.5796086803771428E-003
        2286   1.5212884576776835E-003
        2287   1.5500238059637738E-003
        2288   9.1393740125355119E-004
        2289   1.2770317282711366E-003
        2290   9.2797871168699968E-004
        2291   6.3608240601541438E-004
        2292   9.8681231332630663E-004
        2293   1.2020165439582445E-003
        2294   9.5607023042540787E-004
        2295   1.3402065678666494E-003
        2296   1.4182854809084539E-003
        2297   8.1532668080763141E-004
        2298   8.1117342031707302E-004
        2299   1.3537839816616230E-003
        2300   1.1610978753635120E-003
        2301   1.6976931258222091E-003
        2302   1.3587369989331657E-003
        2303   1.1907035881398814E-003
        2304   1.7077031749393968E-003
        2305   1.3728243762568056E-003
        2306   6.0909092955814927E-004
        2307   1.4165628678829488E-003
        2308   1.0318108369910622E-003
        2309   9.4804240513139887E-004
        2310   1.3050143633944733E-003
        2311   8.2804280174039388E-004
        2312   9.5626744823532257E-004
        2313   1.2524579092376563E-003
        2314   1.6748346449520152E-003
        2315   1.4730877902330620E-003
        2316   1.4629385439791575E-003
        2317   1.1141380985903136E-003
        2318   1.3235939608340246E-003
        2319   1.4107734955215391E-003
        2320   1.2165246626215226E-003
        2321   1.1724747833377824E-003
        2322   8.7591641094021688E-004
        2323   8.8023258841767374E-004
        2324   9.0550337756930860E-004
        2325   6.0994527125495814E-004
        2326   1.2020448174656334E-003
        2327   1.3441265204429307E-003
        2328   8.7656029602115829E-004
        2329   9.8381493495823666E-004
        2330   1.1626891045905794E-003
        2331   9.4264713590350006E-004
        2332   1.5013748817736083E-003
        2333   8.3688527958251664E-004
        2334   9.3135826175116531E-004
        2335   1.2418887843772116E-003
        2336   1.7156356563904488E-003
        2337   1.7619428808208163E-003
        2338   6.9677003095251170E-004
        2339   1.1243826593836347E-003
        2340   1.2508725196971099E-003
        2341   1.2793665669568626E-003
        2342   1.0892970995270267E-003
        2343   1.4244431256835257E-003
        2344   1.2010752262831882E-003
        2345   9.8706154089111663E-004
        2346   1.2546597429511383E-003
        2347   5.3612440871468917E-004
        2348   1.2308462311195663E-003
        2349   1.0751652871228707E-003
        2350   1.1752985573974099E-003
        2351   1.4823363383412327E-003
        2352   8.7483915451360783E-004
        2353   1.2178226883085403E-003
        2354   1.5541756341838639E-003
        2355   1.3658605419348410E-003
        2356   1.1253316711754230E-003
        2357   1.2927156680370374E-003
        2358   7.5273824452532520E-004
        2359   1.1366967500298672E-003
        2360   1.6548739124138141E-003
        2361   1.4665014435058183E-003
        2362   1.4703732721393396E-003
        2363   1.1381015882269826E-003
        2364   1.3558625658545555E-003
        2365   1.3438453932039256E-003
        2366   1.1196449952232889E-003
        2367   1.1433632610448673E-003
        2368   1.4669312008234250E-003
        2369   1.2352276483092253E-003
        2370   1.5753100663048602E-003
        2371   1.1869172754959655E-003
        2372   1.1932336298488111E-003
        2373   1.4410517850154062E-003
        2374   1.0828865612325629E-003
        2375   1.0010066498743557E-003
        2376   9.4532055507352733E-004
        2377   1.2381607606990852E-003
        2378   1.5091847645040729E-003
        2379   1.1356621877407374E-003
        2380   8.3691036237564626E-004
        2381   1.1228517321285470E-003
        2382   1.8473088432980306E-003
        2383   1.4707115319649356E-003
        2384   1.3014108246555910E-003
        2385   1.0393838365932218E-003
        2386   9.7811520942460493E-004
        2387   1.1226629231895012E-003
        2388   9.9817677568749355E-004
        2389   6.3458606330712378E-004
        2390   1.1544917284079376E-003
        2391   1.5559135203875958E-003
        2392   1.3097999620437352E-003
        2393   1.8959257347895601E-003
        2394   7.2416325182109089E-004
        2395   1.0002066749100734E-003
        2396   1.0169151735036476E-003
        2397   1.0286693346872454E-003
        2398   1.4872383493293544E-003
        2399   1.8109137181458210E-003
        2400   1.3558748851797567E-003
        2401   8.7259202694729883E-004
        2402   1.2667506239194689E-003
        2403   1.0926964735973189E-003
        2404   1.3673033499057190E-003
        2405   1.6721171379957124E-003
        2406   1.8689141581425791E-003
        2407   1.8808030181512155E-003
        2408   1.2302080412040382E-003
        2409   1.7739547622249911E-003
        2410   1.0913456377660805E-003
        2411   1.1905048158296146E-003
        2412   1.3628972069689702E-003
        2413   1.0438602565438705E-003
        2414   1.1027459635696271E-003
        2415   8.9761683104523085E-004
        2416   1.3478719209076568E-003
        2417   6.6123601704633911E-004
        2418   1.0236004204938988E-003
        2419   1.3542502526580546E-003
        2420   1.6240889766285800E-003
        2421   1.6190004490547203E-003
        2422   1.2255432056714965E-003
        2423   1.3156618120582987E-003
        2424   1.4468094071168557E-003
        2425   1.0165606673540742E-003
        2426   1.1923895471141685E-003
        2427   1.5464402060659692E-003
        2428   1.1960047349683352E-003
        2429   1.0732714060814291E-003
        2430   1.2050414876229958E-003
        2431   1.2623361704012306E-003
        2432   1.4464017660145224E-003
        2433   1.1755734454703243E-003
        2434   6.4326038113179181E-004
        2435   1.1530459054352716E-003
        2436   1.0478626598032551E-003
        2437   1.2424073568939765E-003
        2438   1.3264730154548406E-003
        2439   1.4015284062598382E-003
        2440   1.5671850792110817E-003
        2441   1.2432733528019513E-003
        2442   1.4930524308988226E-003
        2443   1.6259574673103305E-003
        2444   1.2928108100090944E-003
        2445   1.4658436891873483E-003
        2446   1.4568773425842200E-003
        2447   1.3878250444140513E-003
        2448   6.9965817962594555E-004
        2449   1.2405449514724960E-003
        2450   9.6424390683049735E-004
        2451   1.6380265000177203E-003
        2452   1.5966765098880226E-003
        2453   1.3856507911303390E-003
        2454   1.2384454212216837E-003
        2455   1.8331412950478758E-003
        2456   1.2959754070142608E-003
        2457   1.0889220008259101E-003
        2458   1.1193388350085117E-003
        2459   1.4785307948771260E-003
        2460   1.7418308322421599E-003
        2461   9.8840959724926240E-004
        2462   1.3087201807412516E-003
        2463   9.0026216894100721E-004
        2464   1.2378901599778187E-003
        2465   1.2188926215604586E-003
        2466   1.3308888781439000E-003
        2467   1.2578942816260327E-003
        2468   1.9200701209980508E-003
        2469   1.6912259436099931E-003
        2470   1.1190444116572849E-003
        2471   1.0291841779302238E-003
        2472   1.4196540273249496E-003
        2473   1.0119213640444201E-003
        2474   1.4544276174130455E-003
        2475   1.1968570070426856E-003
        2476   1.4693366014387641E-003
        2477   1.0943474407302857E-003
        2478   1.4046696647622449E-003
        2479   1.0121906091931944E-003
        2480   1.3660133051991252E-003
        2481   1.4027216042017212E-003
        2482   1.2632504659676246E-003
        2483   1.4458139168375881E-003
        2484   1.0841241379118845E-003
        2485   1.0919427323672207E-003
        2486   1.1446552757076699E-003
        2487   1.3162849790769582E-003
        2488   6.1713568958790381E-004
        2489   1.3074141473618447E-003
        2490   1.2961117188640481E-003
        2491   1.0059131775728202E-003
        2492   1.4838138643347679E-003
        2493   1.2122800787981829E-003
        2494   1.2618119259429680E-003
        2495   1.2399423307452840E-003
        2496   1.4898974942164167E-003
        2497   1.4601131937803042E-003
        2498   9.9476730636413623E-004
        2499   8.5039907733626483E-004
        2500   1.4793465193193053E-003
        2501   1.7316456459642005E-003
        2502   1.4638941922791395E-003
        2503   1.1576418829437171E-003
        2504   2.0420208272661652E-003
        2505   1.4139000873211599E-003
        2506   1.7617316082943824E-003
        2507   1.2702913079653871E-003
        2508   1.5786318168349702E-003
        2509   1.3426153846101806E-003
        2510   1.1899305426731485E-003
        2511   1.0136598224474956E-003
        2512   1.6331096097761861E-003
        2513   1.6222207838431076E-003
        2514   1.7253154643490460E-003
        2515   1.2789248002775841E-003
        2516   1.1951240138313656E-003
        2517   1.2176508477099118E-003
        2518   9.4523576847880782E-004
        2519   1.3690621837227700E-003
        2520   1.3214604830672052E-003
        2521   7.3991560989786112E-004
        2522   1.0440703661142754E-003
        2523   1.1298231436815142E-003
        2524   1.4832385396738974E-003
        2525   1.0911399484782945E-003
        2526   1.4340368088188637E-003
        2527   8.3370322167557252E-004
        2528   1.1769123744488803E-003
        2529   1.2336524116381606E-003
        2530   8.2767795948427520E-004
        2531   1.4776608681454314E-003
        2532   9.3368117527828647E-004
        2533   5.4129757261957561E-004
        2534   7.0878116749579188E-004
        2535   1.2484738793396882E-003
        2536   1.8817751365073363E-003
        2537   1.4020662312257983E-003
        2538   1.3209816044957271E-003
        2539   1.2892077443890462E-003
        2540   1.6491880236904372E-003
        2541   1.4927925100043744E-003
        2542   1.5689520939091779E-003
        2543   1.1398783424176342E-003
        2544   8.9098355561663064E-004
        2545   1.1949598908521854E-003
        2546   1.0223018180666892E-003
        2547   1.6160667159670471E-003
        2548   1.1260163346283401E-003
        2549   1.7627210182832979E-003
        2550   1.6141250028368691E-003
        2551   9.5641590410399074E-004
        2552   1.5355573813421416E-003
        2553   1.0158919206448283E-003
        2554   1.4270010859473074E-003
        2555   1.2187806164855159E-003
        2556   1.2581055399118991E-003
        2557   7.8850932190475996E-004
        2558   8.9551332865735753E-004
        2559   1.3376598743374878E-003
        2560   1.3127121553391618E-003
        2561   1.0198175950244031E-003
        2562   1.0974276613892411E-003
        2563   1.1952957307134757E-003
        2564   1.5241747352018012E-003
        2565   1.8480140943826862E-003
        2566   1.1764148360330531E-003
        2567   1.3252650905557293E-003
        2568   1.7198978945181210E-003
        2569   1.1459872024757538E-003
        2570   1.0438989981396017E-003
        2571   7.5678852699741716E-004
        2572   1.2890047079638363E-003
        2573   1.2860077060318788E-003
        2574   1.1385527017570734E-003
        2575   1.8466031486983313E-003
        2576   8.6358452855918809E-004
        2577   1.1702119996733827E-003
        2578   5.8527238861374987E-004
        2579   1.2796735613973349E-003
        2580   1.5568225944693928E-003
        2581   1.2330283423426993E-003
        2582   1.0527709807478900E-003
        2583   1.0745654008926535E-003
        2584   1.4524644815256636E-003
        2585   1.4801040136829754E-003
        2586   1.0752876842651906E-003
        2587   1.2965173067113096E-003
        2588   5.1144224602451269E-004
        2589   9.9638901382960183E-004
        2590   1.0725237727666440E-003
        2591   1.5788994774005567E-003
        2592   1.5357844081944601E-003
        2593   1.0340155861815160E-003
        2594   1.0801820178300769E-003
        2595   1.4354498694848544E-003
        2596   1.7216115872078757E-003
        2597   8.5761305068089353E-004
        2598   1.1614441288297708E-003
        2599   1.3020670978802567E-003
        2600   1.3669331147957773E-003
        2601   1.3677330037883844E-003
        2602   1.2243888561611126E-003
        2603   1.2125310271102608E-003
        2604   1.0848715008558833E-003
        2605   1.2408911208276877E-003
        2606   1.0146938932852473E-003
        2607   1.6142453536623939E-003
        2608   1.4148065063283915E-003
        2609   1.0375973734344417E-003
        2610   9.9599363427617642E-004
        2611   1.5719165053646343E-003
        2612   1.0531253313972352E-003
        2613   1.5243398224213584E-003
        2614   1.7766669691598824E-003
        2615   9.9348250572624014E-004
        2616   1.0129122443763630E-003
        2617   1.3939727379993399E-003
        2618   1.3228595824366952E-003
        2619   1.5491740384959134E-003
        2620   1.3872036369669374E-003
        2621   1.3462669765809312E-003
        2622   7.3892039202472779E-004
        2623   1.1420119557559595E-003
        2624   1.1854991051565382E-003
        2625   1.2242854411899987E-003
        2626   1.6531590854322942E-003
        2627   1.0757480121304939E-003
        2628   1.0461949372021499E-003
        2629   1.3248871902686809E-003
        2630   7.6911434154058119E-004
        2631   1.4584505608304813E-003
        2632   1.8107423965657056E-003
        2633   7.9225577408783578E-004
        2634   1.2132764425985935E-003
        2635   1.3628636853359720E-003
        2636   1.1891078392722001E-003
        2637   1.0209599687330075E-003
        2638   1.1870254353375171E-003
        2639   5.8700678350862207E-004
        2640   7.0289781702202595E-004
        2641   1.4153172489779710E-003
        2642   9.7821726469426605E-004
        2643   1.5018492263555090E-003
        2644   1.0206050589738459E-003
        2645   1.3646232093455972E-003
        2646   1.0607387711733499E-003
        2647   1.0221005843215924E-003
        2648   1.5063354507551302E-003
        2649   6.1985754687176697E-004
        2650   7.8298220563179511E-004
        2651   1.5531687267721674E-003
        2652   1.1878606700992667E-003
        2653   1.0069148647393704E-003
        2654   1.4805837473604066E-003
        2655   1.2354647707995554E-003
        2656   1.7091678906130891E-003
        2657   1.5988502196932182E-003
        2658   1.1773373339450863E-003
        2659   8.7140422334398805E-004
        2660   1.4241778533125198E-003
        2661   1.5563320266261892E-003
        2662   9.1015599517267458E-004
        2663   1.0642912072230321E-003
        2664   1.2460616820696669E-003
        2665   1.0405320528528912E-003
        2666   1.4199316578173519E-003
        2667   1.1468935257988998E-003
        2668   9.4220116612749537E-004
        2669   1.1868799410228125E-003
        2670   7.0488470285629272E-004
        2671   8.8520026394751006E-004
        2672   1.3094537252611024E-003
        2673   6.7032154075201173E-004
        2674   1.6243253128997164E-003
        2675   1.3656203392082556E-003
        2676   1.4660129463503573E-003
        2677   1.5191647901707840E-003
        2678   1.3107705755571442E-003
        2679   2.0181781091744653E-003
        2680   1.0036723546779341E-003
        2681   1.1381955591525546E-003
        2682   1.0338359256421737E-003
        2683   1.0913117686231805E-003
        2684   1.0984703465015749E-003
        2685   1.0101130924636873E-003
        2686   8.3578876071873211E-004
        2687   1.0721270410913881E-003
        2688   1.2389808565848816E-003
        2689   1.5944328687652312E-003
        2690   1.3422772036347889E-003
        2691   6.2034356465290590E-004
        2692   1.2168464993826003E-003
        2693   1.1742548449187665E-003
        2694   1.7880754874632276E-003
        2695   1.1832534010808016E-003
        2696   7.0734280887498687E-004
        2697   1.5235036424701527E-003
        2698   1.5992575254520811E-003
        2699   8.6470300590150994E-004
        2700   1.6943437760676481E-003
        2701   9.5579818130641953E-004
        2702   8.1430664878825337E-004
        2703   8.5538861414676242E-004
        2704   1.2067614949015097E-003
        2705   1.7854550941180324E-003
        2706   1.6128181644762399E-003
        2707   1.8963884766409716E-003
        2708   1.2402921941400899E-003
        2709   1.1773835725937579E-003
        2710   1.1684663100354469E-003
        2711   1.2434503615559045E-003
        2712   9.2415661782834847E-004
        2713   1.8834765147596180E-003
        2714   1.8147253268831702E-003
        2715   1.4779445193427924E-003
        2716   6.8689550056931893E-004
        2717   9.5336145838507524E-004
        2718   1.0752784618037992E-003
        2719   9.7111996125995076E-004
        2720   7.5926824727680212E-004
        2721   1.2565713730891932E-003
        2722   1.3137810035499437E-003
        2723   1.3914818074686321E-003
        2724   1.1301756831893267E-003
        2725   1.5776495713571968E-003
        2726   1.3584626768024892E-003
        2727   9.3802981417149807E-004
        2728   1.6649748918257234E-003
        2729   1.0874920504485618E-003
        2730   7.8596950772787219E-004
        2731   1.1039012640827483E-003
        2732   1.0720305822569652E-003
        2733   1.4286658534214279E-003
        2734   7.7880359518928501E-004
        2735   7.4391569651123144E-004
        2736   9.5094741933421790E-004
        2737   1.2857753675963718E-003
        2738   7.1896807326455334E-004
        2739   1.5387116799178611E-003
        2740   1.3606446837311147E-003
        2741   1.3184571069537149E-003
        2742   1.3838529566180557E-003
        2743   1.6627997649266146E-003
        2744   1.6255073012553171E-003
        2745   8.3135003466873198E-004
        2746   1.3915183566985206E-003
        2747   1.4562768935034525E-003
        2748   1.2874909335077623E-003
        2749   1.2905338612389855E-003
        2750   1.3503499779166659E-003
        2751   1.3009912210681230E-003
        2752   9.4347675393877887E-004
        2753   1.1546474919305360E-003
        2754   8.6717012218130501E-004
        2755   1.2827264263163187E-003
        2756   1.3950099370362555E-003
        2757   1.4945749876656661E-003
        2758   1.0207857774139004E-003
        2759   8.6264852791188601E-004
        2760   9.4281556437942628E-004
        2761   1.6574874606029458E-003
        2762   1.5302337697856614E-003
        2763   1.3692088927871498E-003
        2764   1.3290408736749623E-003
        2765   1.1151707061535837E-003
        2766   1.2940448714676353E-003
        2767   1.3905541904244438E-003
        2768   8.1326751445101272E-004
        2769   1.0002335354227499E-003
        2770   1.4721061898142868E-003
        2771   9.8538460618784922E-004
        2772   7.8331771874633259E-004
        2773   8.2726114712150414E-004
        2774   1.1376717849094972E-003
        2775   1.2943990574126737E-003
        2776   1.1961307989285621E-003
        2777   7.9514080398307365E-004
        2778   1.5208760679030976E-003
        2779   1.4215127469522134E-003
        2780   1.0422102639096795E-003
        2781   9.7932116243204807E-004
        2782   9.1767600363106222E-004
        2783   1.0159016901931061E-003
        2784   1.2856915003680029E-003
        2785   1.0314515704291940E-003
        2786   1.0154241311645682E-003
        2787   1.4702178947786923E-003
        2788   1.5752188716043457E-003
        2789   1.5873530915169901E-003
        2790   1.5089454728718274E-003
        2791   1.0282922372837351E-003
        2792   1.1004666787688372E-003
        2793   7.7399468360814987E-004
        2794   1.2121560924630123E-003
        2795   1.2529140420740202E-003
        2796   1.5670123009786764E-003
        2797   1.3709046824553069E-003
        2798   1.4736167312497295E-003
        2799   9.9859884786943748E-004
        2800   1.2560952055797789E-003
        2801   8.9735445845871451E-004
        2802   7.3017678731279246E-004
        2803   5.5204103224025471E-004
        2804   1.5891313364208559E-003
        2805   7.4428154772745374E-004
        2806   1.0591012264943346E-003
        2807   1.3455654063418677E-003
        2808   1.4733956785916939E-003
        2809   1.2873313178998209E-003
        2810   1.9485950597604924E-003
        2811   8.9372994322390079E-004
        2812   9.8255122142805636E-004
        2813   1.1873563491149632E-003
        2814   9.1092256230145170E-004
        2815   1.3552510514691211E-003
        2816   1.1010114602384722E-003
        2817   1.4748097692858259E-003
        2818   1.5206253413562719E-003
        2819   1.3718339660719957E-003
        2820   1.1814051018870216E-003
        2821   8.9150648812199988E-004
        2822   1.8438501913435584E-003
        2823   1.2561365441684424E-003
        2824   9.3605565386096915E-004
        2825   1.5290467044348553E-003
        2826   9.4185513649869376E-004
        2827   1.5412739554925847E-003
        2828   1.2809483696422943E-003
        2829   1.1599907564119789E-003
        2830   1.4519393004765110E-003
        2831   1.2769036913492431E-003
        2832   1.5836297843923445E-003
        2833   1.4029050854750624E-003
        2834   1.1618872709806109E-003
        2835   1.0731099745038388E-003
        2836   1.2721444487365288E-003
        2837   1.0973570204214442E-003
        2838   9.3080678510506750E-004
        2839   1.6741683462891284E-003
        2840   1.2151538529586016E-003
        2841   8.4493546203878191E-004
        2842   1.2626410274480574E-003
        2843   1.1623229815457641E-003
        2844   9.8364447183901739E-004
        2845   1.2917579708345019E-003
        2846   9.2465542310001252E-004
        2847   1.0599407953917209E-003
        2848   9.0540833613285583E-004
        2849   1.3878436637596891E-003
        2850   9.8337680429868971E-004
        2851   5.1468715316453574E-004
        2852   9.9399661558996467E-004
        2853   1.1604278964631621E-003
        2854   1.5112726689338412E-003
        2855   8.2029792845049964E-004
        2856   8.0282681286758799E-004
        2857   6.8345200603711013E-004
        2858   1.5257527402031861E-003
        2859   7.0335602337083384E-004
        2860   1.2729018496917628E-003
        2861   9.3084745132197659E-004
        2862   9.6635696260563596E-004
        2863   1.6782095957836867E-003
        2864   6.5968253536707996E-004
        2865   1.6050798889344791E-003
        2866   1.7684044838944086E-003
        2867   6.9508462962978614E-004
        2868   1.0806550154518651E-003
        2869   1.5156456662795857E-003
        2870   1.2755578816381673E-003
        2871   1.0955925094549451E-003
        2872   1.2450867222281619E-003
        2873   1.1168171906751870E-003
        2874   1.2884932726927461E-003
        2875   1.0440267086289381E-003
        2876   7.0429329769555835E-004
        2877   8.4458275826977702E-004
        2878   7.3834717475633135E-004
        2879   1.5813268693243103E-003
        2880   1.4476738608031952E-003
        2881   1.0359523275547402E-003
        2882   1.0048293003178527E-003
        2883   7.3461609448608378E-004
        2884   1.2454348593523878E-003
        2885   1.0971853463240305E-003
        2886   1.1636111813236490E-003
        2887   1.3714779242287806E-003
        2888   1.1194460039868897E-003
        2889   1.5706928191213559E-003
        2890   1.1025978636935501E-003
        2891   1.0992973231854905E-003
        2892   1.2324765002262943E-003
        2893   8.3873097679374982E-004
        2894   1.1203969399107986E-003
        2895   1.1021991936905448E-003
        2896   1.2197643909783919E-003
        2897   1.3407608082239403E-003
        2898   1.7206292283909754E-003
        2899   1.4216975670547462E-003
        2900   8.5720902283729927E-004
        2901   1.0327399345745325E-003
        2902   1.1802136339887387E-003
        2903   1.6256490629857640E-003
        2904   1.4189905254476222E-003
        2905   1.5576308034621323E-003
        2906   9.3768489200196723E-004
        2907   7.7146438791538636E-004
        2908   1.0479957247694208E-003
        2909   1.3604219470964498E-003
        2910   1.7743528782572277E-003
        2911   1.6051713038331276E-003
        2912   1.7276858477508045E-003
        2913   8.7014107581112902E-004
        2914   4.9505733933086400E-004
        2915   8.3527188817380670E-004
        2916   1.0809957101546263E-003
        2917   1.0816517021445878E-003
        2918   1.0397216200510638E-003
        2919   1.4537142267280435E-003
        2920   1.0669166850938783E-003
        2921   1.0477009835365364E-003
        2922   9.7439468345438419E-004
        2923   8.1787999330673632E-004
        2924   1.5047929114556688E-003
        2925   1.4931484929014485E-003
        2926   1.5397873918904621E-003
        2927   1.2378634009253069E-003
        2928   1.2363645010146349E-003
        2929   1.1015891295642721E-003
        2930   1.3883992611425288E-003
        2931   1.0799951018693426E-003
        2932   1.0892256116699435E-003
        2933   1.1624862672878706E-003
        2934   5.7195106134664110E-004
        2935   1.6972065586746091E-003
        2936   8.1931237618752773E-004
        2937   9.4378634124672180E-004
        2938   7.4892924504495163E-004
        2939   1.0109452548454079E-003
        2940   9.1242420859535757E-004
        2941   1.0524100354176759E-003
        2942   1.6759419878748837E-003
        2943   1.2306539081228345E-003
        2944   1.1558066788914211E-003
        2945   1.2723580005402715E-003
        2946   1.6276227289786160E-003
        2947   1.0129981103557059E-003
        2948   1.4778095293952439E-003
        2949   1.2851554950848844E-003
        2950   8.7896042470527705E-004
        2951   1.1520145259809934E-003
        2952   7.6856846831338879E-004
        2953   6.7685102777942689E-004
        2954   1.7204311425465526E-003
        2955   8.3540482455447232E-004
        2956   1.7533524801473235E-003
        2957   1.2801935696595444E-003
        2958   1.1112203389018905E-003
        2959   8.8766359398213021E-004
        2960   7.1570037246049419E-004
        2961   1.4338489258077355E-003
        2962   1.1402378218387842E-003
        2963   1.2335723868889801E-003
        2964   8.8841533396095984E-004
        2965   1.3297555076133344E-003
        2966   1.1778911299555289E-003
        2967   1.0851685343639939E-003
        2968   8.4325329692307638E-004
        2969   1.5231002254467892E-003
        2970   5.5078517254161840E-004
        2971   1.5505211906425851E-003
        2972   3.5434908910927427E-004
        2973   1.3171580156506669E-003
        2974   1.2169384277643581E-003
        2975   1.4063402853479751E-003
        2976   6.9192970062856003E-004
        2977   1.1040837136062961E-003
        2978   9.5222110369618353E-004
        2979   1.4629124615914801E-003
        2980   1.1311256163075007E-003
        2981   1.4514380123565132E-003
        2982   1.1703685900815851E-003
        2983   1.1422799528990235E-003
        2984   1.5634627547284363E-003
        2985   1.9560888003380171E-003
        2986   1.3763395368603013E-003
        2987   1.1905936683315854E-003
        2988   1.0889645838392857E-003
        2989   5.7593485411003406E-004
        2990   6.5107566049702717E-004
        2991   1.0789678798514468E-003
        2992   1.3247247393022102E-003
        2993   1.1492288276022022E-003
        2994   1.6065229577263682E-003
        2995   8.7273202423372546E-004
        2996   1.1212089136520781E-003
        2997   1.6805496357659947E-003
        2998   1.7014850257918478E-003
        2999   6.8949790761700159E-004
        3000   1.2695790942780431E-003
        3001   1.6638533243627975E-003
        3002   1.6666190666141823E-003
        3003   1.6252704302008264E-003
        3004   1.3825338490364395E-003
        3005   1.4976957174255737E-003
        3006   1.5671903736127299E-003
        3007   1.3934381651214572E-003
        3008   1.1590176927352253E-003
        3009   1.0028301845235025E-003
        3010   1.2871602876588745E-003
        3011   1.3427590380111908E-003
        3012   1.0070066898935815E-003
        3013   1.1626127405361369E-003
        3014   1.2472772342435514E-003
        3015   1.0340731629564419E-003
        3016   1.8604655886617202E-003
        3017   1.2502702199388483E-003
        3018   1.3296063758057755E-003
        3019   1.1909704570583113E-003
        3020   1.1648545005017510E-003
        3021   1.7562423365221356E-003
        3022   1.4516408288792156E-003
        3023   1.5126452973510988E-003
        3024   1.2926635879005892E-003
        3025   8.6424982535049876E-004
        3026   1.5083158942603237E-003
        3027   1.3223358760698937E-003
        3028   1.3056931291923239E-003
        3029   1.1825898526403044E-003
        3030   1.3584919354356823E-003
        3031   1.5043622080838062E-003
        3032   1.3894235698859664E-003
        3033   1.0242532105810792E-003
        3034   1.3066871272759829E-003
        3035   1.9492760211122977E-003
        3036   1.3820502015912002E-003
        3037   6.1673653483864093E-004
        3038   1.3063893121075412E-003
        3039   1.5173427123584909E-003
        3040   7.9305658034450931E-004
        3041   8.5651140993839477E-004
        3042   1.1377837489432085E-003
        3043   1.2334971829482601E-003
        3044   8.8096488720531760E-004
        3045   8.2441239868194440E-004
        3046   1.0872455737413491E-003
        3047   1.3111895445535302E-003
        3048   1.2684813079334805E-003
        3049   1.1180098553261707E-003
        3050   1.1733250859955349E-003
        3051   1.5752403098634820E-003
        3052   1.8385412747778027E-003
        3053   1.1973147384353670E-003
        3054   6.7727885778915212E-004
        3055   1.3188467911793343E-003
        3056   1.7837888180256677E-003
        3057   1.4012570915273813E-003
        3058   6.1228645648556709E-004
        3059   1.4409243526152921E-003
        3060   1.7912919228098006E-003
        3061   1.3306720730421400E-003
        3062   1.4131115493964668E-003
        3063   1.2005898966740930E-003
        3064   1.1898611065215535E-003
        3065   1.3870157407795613E-003
        3066   9.2274823192780350E-004
        3067   1.0244956126047996E-003
        3068   1.3510425217356306E-003
        3069   6.3320170134950865E-004
        3070   8.7964484309242157E-004
        3071   9.9890705509921452E-004
        3072   1.1492643533895161E-003
        3073   1.6779147807672824E-003
        3074   1.2175199607522590E-003
        3075   1.4862654651303087E-003
        3076   1.2999663341237413E-003
        3077   1.3430196635518560E-003
        3078   1.2683342732981854E-003
        3079   1.4676732719343154E-003
        3080   1.3190732845813099E-003
        3081   1.2774128676525357E-003
        3082   1.6747902421820019E-003
        3083   1.2335865487344709E-003
        3084   1.3508542933257746E-003
        3085   9.1592682167022520E-004
        3086   8.7950159914896827E-004
        3087   1.0021287989480871E-003
        3088   1.6073752705327905E-003
        3089   1.8669711129013790E-003
        3090   1.1957710067251124E-003
        3091   1.7198024087773814E-003
        3092   1.8470712938219976E-003
        3093   1.3627871022668999E-003
        3094   1.2929440843766358E-003
        3095   1.7179216775017529E-003
        3096   8.6263066393796719E-004
        3097   1.2342380864089452E-003
        3098   1.4352127054489709E-003
        3099   1.3190550983184139E-003
        3100   1.5168481368837716E-003
        3101   1.5216848280787201E-003
        3102   1.0804178486430651E-003
        3103   1.3411445910196736E-003
        3104   1.8533577963096167E-003
        3105   1.4501737068598052E-003
        3106   1.2306087494783863E-003
        3107   1.4149634014189619E-003
        3108   1.0841380480322714E-003
        3109   9.7040772183503007E-004
        3110   1.2093595994999635E-003
        3111   2.1183917396438178E-003
        3112   7.9623667123540859E-004
        3113   4.1443678213452768E-004
        3114   1.1997537890823247E-003
        3115   9.2048673754460881E-004
        3116   1.0932359203710310E-003
        3117   1.6678127293638801E-003
        3118   4.2575388628411523E-004
        3119   1.2517413219973088E-003
        3120   1.2511433939853347E-003
        3121   1.4719406081320021E-003
        3122   8.4836337422678843E-004
        3123   1.1740408511366209E-003
        3124   1.5647584865660729E-003
        3125   9.9667398385101845E-004
        3126   1.4232462228349401E-003
        3127   1.1687286278678555E-003
        3128   1.1402063600858625E-003
        3129   1.3042947861318605E-003
        3130   1.1858787477993533E-003
        3131   1.2140844110041296E-003
        3132   1.1961706094615202E-003
        3133   9.7159962232307661E-004
        3134   1.5178663960787068E-003
        3135   1.1724684490899086E-003
        3136   1.1433061625927665E-003
        3137   9.1505198754171686E-004
        3138   9.1987923274604387E-004
        3139   2.0159493699899978E-003
        3140   9.5058860801903848E-004
        3141   1.3690994811586398E-003
        3142   9.6183554640996130E-004
        3143   5.5385269538651982E-004
        3144   1.3888490944353623E-003
        3145   8.9780579281237825E-004
        3146   1.7364299325604066E-003
        3147   8.4781319370984287E-004
        3148   9.3670451734400510E-004
        3149   1.2195098413350261E-003
        3150   1.5955926703901903E-003
        3151   1.2066546403924369E-003
        3152   8.8576028156183112E-004
        3153   1.0067599435956943E-003
        3154   7.6463923343842734E-004
        3155   9.5601531215598785E-004
        3156   1.1999208009305696E-003
        3157   1.1814622367586512E-003
        3158   1.0925132699502382E-003
        3159   1.4343276868088186E-003
        3160   1.2905826150208287E-003
        3161   1.5000866546999981E-003
        3162   1.2096687719617720E-003
        3163   1.1872822210931106E-003
        3164   1.2403515495075144E-003
        3165   1.1337125936494313E-003
        3166   7.7969105707539899E-004
        3167   1.2193173849729126E-003
        3168   1.3944280224719588E-003
        3169   1.0156402560648782E-003
        3170   1.1141823062840446E-003
        3171   1.4373408756937186E-003
        3172   1.1183401511018643E-003
        3173   1.3604765132620227E-003
        3174   7.3503707703670743E-004
        3175   1.2248557752517954E-003
        3176   1.4542825013068401E-003
        3177   1.5409682851579539E-003
        3178   1.1080473397343763E-003
        3179   1.6581374968689911E-003
        3180   6.9895616388778380E-004
        3181   1.0121679935270074E-003
        3182   1.0831176892555664E-003
        3183   1.0538245134192462E-003
        3184   7.1755309458550675E-004
        3185   1.0230061810741387E-003
        3186   6.8673453480454975E-004
        3187   1.3424714475125921E-003
        3188   1.0737382435032255E-003
        3189   1.0310491452030577E-003
        3190   9.2755508224476682E-004
        3191   9.1995329609318637E-004
        3192   1.4272708845678801E-003
        3193   1.1047906660847627E-003
        3194   1.3983343833851207E-003
        3195   9.0125840824050807E-004
        3196   9.9379664115177872E-004
        3197   1.4029299270192678E-003
        3198   1.2312775395119098E-003
        3199   1.4199357472660381E-003
        3200   1.2251675023737878E-003
        3201   1.1947873117257460E-003
        3202   1.7382781955649137E-003
        3203   1.6644689125079651E-003
        3204   1.3531084081977039E-003
        3205   1.1462940600401354E-003
        3206   6.2562430802750365E-004
        3207   1.6353370093041765E-003
        3208   1.1839079710640509E-003
        3209   7.4935217296252668E-004
        3210   1.5146069714687288E-003
        3211   8.6219155852510236E-004
        3212   1.1865711489838138E-003
        3213   1.3211347574029035E-003
        3214   9.1975171676152850E-004
        3215   6.4786332869509560E-004
        3216   1.0491802846320005E-003
        3217   1.6014679092351408E-003
        3218   8.3927643635099615E-004
        3219   1.3637285829466537E-003
        3220   1.4884481541841362E-003
        3221   1.4151943631848310E-003
        3222   1.6480823885868326E-003
        3223   1.2216815320112567E-003
        3224   1.1211883144705088E-003
        3225   7.9406020419042745E-004
        3226   1.4028736992449109E-003
        3227   1.5452560921658202E-003
        3228   1.6462348504060480E-003
        3229   1.1231788240682605E-003
        3230   1.2362703608723381E-003
        3231   1.4647069438633931E-003
        3232   1.2133814605070061E-003
        3233   7.7971659156837801E-004
        3234   1.2163521310319038E-003
        3235   1.0185317975111535E-003
        3236   1.1119305212102218E-003
        3237   9.7687182000540606E-004
        3238   9.0477063673560668E-004
        3239   6.8640663146904424E-004
        3240   1.4508441975498189E-003
        3241   7.0837971323239564E-004
        3242   9.3579097815030092E-004
        3243   1.6647008524256809E-003
        3244   4.9751771431600083E-004
        3245   8.0204331741347160E-004
        3246   1.0346583802034065E-003
        3247   9.9221867003765384E-004
        3248   1.0189886287738611E-003
        3249   1.1260482700988902E-003
        3250   1.0580145975937064E-003
        3251   1.3103222469638921E-003
        3252   1.3195011511197001E-003
        3253   8.9988965693402494E-004
        3254   9.7192798782705912E-004
        3255   1.2679829447884503E-003
        3256   1.3401808431424624E-003
        3257   1.1951193387694187E-003
        3258   1.6978859107976987E-003
        3259   1.4769738735783565E-003
        3260   1.8846541037658025E-003
        3261   1.4826234617735807E-003
        3262   1.5515275780050267E-003
        3263   1.1427280404706817E-003
        3264   1.1224046554633535E-003
        3265   1.6202105917117291E-003
        3266   8.5015637975159337E-004
        3267   9.7077688850190412E-004
        3268   1.2897264230823915E-003
        3269   1.7148331123543752E-003
        3270   1.1891269550097401E-003
        3271   1.2260398809213996E-003
        3272   1.5036466498635323E-003
        3273   1.4527702149115208E-003
        3274   1.1950175257710524E-003
        3275   1.3303030947210376E-003
        3276   2.0914553806078134E-003
        3277   1.5207363459334544E-003
        3278   1.1738349682006155E-003
        3279   1.3092604000648433E-003
        3280   9.5885663028679705E-004
        3281   1.7203887320363148E-003
        3282   1.2539432975622710E-003
        3283   8.8784281391895872E-004
        3284   9.2098953889340504E-004
        3285   1.1428049260261634E-003
        3286   1.3735886592280970E-003
        3287   1.7605497911962161E-003
        3288   1.2147906447800096E-003
        3289   1.3905326340831925E-003
        3290   1.7707710979345511E-003
        3291   1.5011506842484204E-003
        3292   7.6436184074948768E-004
        3293   1.4175802575957170E-003
        3294   1.4179530481134713E-003
        3295   1.5447238236236205E-003
        3296   1.5607198224530563E-003
        3297   1.1577555100939509E-003
        3298   8.3925420901550987E-004
        3299   1.4540290312538102E-003
        3300   1.3945133094398101E-003
        3301   1.0956207919272348E-003
        3302   1.1713773061421270E-003
        3303   1.1884364466280676E-003
        3304   9.5726427845771391E-004
        3305   1.0237420621493968E-003
        3306   1.1272532977235014E-003
        3307   9.2066032447485357E-004
        3308   1.1746964480147302E-003
        3309   1.0895578316896335E-003
        3310   8.2768064190204228E-004
        3311   8.0235511427641075E-004
        3312   9.6552227259293576E-004
        3313   9.9732680874460556E-004
        3314   1.0454127458510269E-003
        3315   1.7572002415159175E-003
        3316   1.2158858073923892E-003
        3317   1.2081683386029663E-003
        3318   1.2077014797784603E-003
        3319   1.2726674073110071E-003
        3320   8.9092189485455615E-004
        3321   1.4024771244115458E-003
        3322   1.0916679414997965E-003
        3323   1.3708730635157791E-003
        3324   1.0639209929608005E-003
        3325   1.5458045650373099E-003
        3326   1.2519100298013189E-003
        3327   1.3356511785259958E-003
        3328   1.5345340625214383E-003
        3329   1.4370877663136047E-003
        3330   1.1287433258381587E-003
        3331   1.4315351626184786E-003
        3332   1.6112609162311426E-003
        3333   1.2860403368692474E-003
        3334   1.3360614176079761E-003
        3335   1.0010475911025000E-003
        3336   9.5759171076622142E-004
        3337   1.4559802201888454E-003
        3338   1.2267420132020786E-003
        3339   1.1203848065330650E-003
        3340   7.3021660636655441E-004
        3341   1.2458775798470231E-003
        3342   1.5560387638221375E-003
        3343   1.7219730202696318E-003
        3344   1.4430087583553711E-003
        3345   1.5146747214358910E-003
        3346   1.1231892281553923E-003
        3347   1.3488932811413746E-003
        3348   8.0823428938022401E-004
        3349   1.4285917587758944E-003
        3350   9.1423939708573979E-004
        3351   8.8603334309512983E-004
        3352   1.1314166589040291E-003
        3353   1.3283230357197396E-003
        3354   9.3352418734183717E-004
        3355   1.7549361816273663E-003
        3356   1.1487272519035468E-003
        3357   1.4410466507251212E-003
        3358   9.1588933809758847E-004
        3359   1.1824946794501835E-003
        3360   1.2923215372271156E-003
        3361   1.1313636447046452E-003
        3362   1.8798078428903266E-003
        3363   1.3859241698398522E-003
        3364   1.5622938505627300E-003
        3365   1.1825814301785168E-003
        3366   1.2710968492407105E-003
        3367   1.1316906555669296E-003
        3368   1.8442905113471855E-003
        3369   8.8512987863636279E-004
        3370   1.3795423733866448E-003
        3371   1.1428374195927805E-003
        3372   1.6648987183450388E-003
        3373   1.0165683116354002E-003
        3374   8.5354490025885349E-004
        3375   9.4151321825868429E-004
        3376   1.6974365947946704E-003
        3377   1.2129125533182834E-003
        3378   1.3950382377874008E-003
        3379   4.3815010233218477E-004
        3380   1.0798156245974103E-003
        3381   1.6086009213226095E-003
        3382   1.1642103045632205E-003
        3383   1.0636542112323877E-003
        3384   1.0651870261636823E-003
        3385   1.8961684756325472E-003
        3386   1.4105350236593328E-003
        3387   1.5344591734441464E-003
        3388   6.3781500998788359E-004
        3389   1.0123037887983014E-003
        3390   1.3978486588433179E-003
        3391   9.9904178333551949E-004
        3392   1.7400007169351532E-003
        3393   1.9503293398007713E-003
        3394   1.7103210440379641E-003
        3395   9.9309796115961356E-004
        3396   8.3742314841502811E-004
        3397   9.9619636562826549E-004
        3398   1.3427517510084482E-003
        3399   1.4110658605603424E-003
        3400   1.0138326409181453E-003
        3401   1.0704788791509711E-003
        3402   8.4436033645315619E-004
        3403   1.2279942485482673E-003
        3404   1.5837514624234951E-003
        3405   1.2700907978578672E-003
        3406   9.9190784274097378E-004
        3407   1.7603889193028791E-003
        3408   1.2798774597016379E-003
        3409   1.6772568804116375E-003
        3410   7.6956439701368205E-004
        3411   1.5907544983123638E-003
        3412   9.2662654646954946E-004
        3413   1.2660133408663569E-003
        3414   1.7239535394583164E-003
        3415   1.5134292626826481E-003
        3416   1.2834589945652855E-003
        3417   1.4372862288732475E-003
        3418   1.1505092045158104E-003
        3419   1.4726161681941630E-003
        3420   1.4792588586480359E-003
        3421   1.2554296033699072E-003
        3422   1.5061253898815117E-003
        3423   1.0448477706954614E-003
        3424   8.9958314294141155E-004
        3425   7.7058307659375914E-004
        3426   1.2206657795000915E-003
        3427   1.4607027227188439E-003
        3428   1.3816379181618966E-003
        3429   1.2946386330975408E-003
        3430   1.0291535671837471E-003
        3431   6.5774954064152190E-004
        3432   1.3360090657876728E-003
        3433   1.7857270680489482E-003
        3434   1.0430507219273573E-003
        3435   1.1783185003681892E-003
        3436   1.7569298775460859E-003
        3437   1.1492212242068358E-003
        3438   1.1604686678995937E-003
        3439   1.2284638611797223E-003
        3440   1.4899272068939957E-003
        3441   1.4124805360997326E-003
        3442   1.4247345661569486E-003
        3443   9.0457221614460175E-004
        3444   1.0078258837072766E-003
        3445   1.5748422234513090E-003
        3446   1.5314363273558011E-003
        3447   1.1995810252739109E-003
        3448   1.9177188190694892E-003
        3449   1.1243523418989466E-003
        3450   9.3337618435011067E-004
        3451   1.2987600631424604E-003
        3452   9.9243170605158937E-004
        3453   1.0760500276386974E-003
        3454   1.3757225164172584E-003
        3455   1.0372523307362307E-003
        3456   1.6573228355485335E-003
        3457   1.3954638442541447E-003
        3458   1.2183228817419698E-003
        3459   1.5707974033309807E-003
        3460   1.4437485565445627E-003
        3461   1.6265220398973843E-003
        3462   1.2524527819345981E-003
        3463   1.3260756483127550E-003
        3464   1.1070170322456522E-003
        3465   9.0639969337197193E-004
        3466   1.2913546034865862E-003
        3467   1.0048478596836386E-003
        3468   1.4415864518764420E-003
        3469   1.3911409890408535E-003
        3470   1.1443044933205516E-003
        3471   9.3296863662826991E-004
        3472   1.1023155211056818E-003
        3473   1.9056804587177024E-003
        3474   1.1779994016212828E-003
        3475   1.6811996988358366E-003
        3476   1.0588912927071651E-003
        3477   1.1899521863540363E-003
        3478   1.6505258914607294E-003
        3479   1.7308881065823175E-003
        3480   1.2614370012733185E-003
        3481   9.6025858101440366E-004
        3482   8.6459806813711211E-004
        3483   1.3285928145498876E-003
        3484   9.2390415136410194E-004
        3485   6.4915622523506759E-004
        3486   1.2937822375155904E-003
        3487   1.4241969065969028E-003
        3488   1.6722882573477215E-003
        3489   1.4349187040220805E-003
        3490   1.2306750057012965E-003
        3491   7.1288168468589528E-004
        3492   1.0188636632774081E-003
        3493   8.2401526971983706E-004
        3494   1.0021184161148676E-003
        3495   1.5161140683277419E-003
        3496   1.6719040706364840E-003
        3497   1.2386486176314644E-003
        3498   1.1072407391331648E-003
        3499   1.5658818176761014E-003
        3500   1.7201378218067954E-003
        3501   1.1943592324780592E-003
        3502   1.2018244385416019E-003
        3503   1.6704472867941184E-003
        3504   9.3398678635893742E-004
        3505   1.5895085800303093E-003
        3506   1.5435947431486508E-003
        3507   7.6341815335937303E-004
        3508   1.1517871859675300E-003
        3509   7.2795621254475337E-004
        3510   1.2753123677284835E-003
        3511   1.1840318717451050E-003
        3512   1.0776344444197417E-003
        3513   1.7751049651406608E-003
        3514   1.4373565433635949E-003
        3515   1.2554477014495877E-003
        3516   1.5323985192196704E-003
        3517   1.5357046241330052E-003
        3518   1.1716066316531488E-003
        3519   9.8527366380830655E-004
        3520   1.1095795169328020E-003
        3521   1.3015335437974547E-003
        3522   1.3098094037284451E-003
        3523   9.9632473361334177E-004
        3524   1.3567381151608014E-003
        3525   1.4038851166803595E-003
        3526   7.4292443311192171E-004
        3527   1.8067992077905508E-003
        3528   1.1853673008261649E-003
        3529   1.0457120507934060E-003
        3530   9.2211906773493940E-004
        3531   8.6541153284501340E-004
        3532   1.3792816044895463E-003
        3533   1.6131656727489724E-003
        3534   1.3655048384813087E-003
        3535   1.1988411783854045E-003
        3536   9.5627476721930622E-004
        3537   1.4383676520741532E-003
        3538   1.4183338349432382E-003
        3539   1.4429403266851637E-003
        3540   1.5009441098151231E-003
        3541   1.7219824610526324E-003
        3542   1.1986173780845462E-003
        3543   1.0041816632243680E-003
        3544   1.7464753328752134E-003
        3545   1.9393896763757028E-003
        3546   1.3399868252966958E-003
        3547   1.1229787614213027E-003
        3548   1.3310878140468812E-003
        3549   1.5704140235291997E-003
        3550   1.3011243045275367E-003
        3551   9.5367821663103224E-004
        3552   8.8674332436122934E-004
        3553   1.5798504483634209E-003
        3554   1.4548078957543340E-003
        3555   1.0603533075889343E-003
        3556   1.1768115632562817E-003
        3557   1.6127062975018077E-003
        3558   1.0788525394690794E-003
        3559   1.2510059648797346E-003
        3560   1.2601316957829311E-003
        3561   1.5893266580259723E-003
        3562   1.3764337380059734E-003
        3563   1.4319873676500877E-003
        3564   9.2919533772197946E-004
        3565   8.2915559482742683E-004
        3566   9.6604096205283924E-004
        3567   1.6824379563015743E-003
        3568   1.4147743651902417E-003
        3569   9.7127612374922590E-004
        3570   1.3780925145365258E-003
        3571   1.6597148371957199E-003
        3572   1.2648204295653870E-003
        3573   1.1483214136350434E-003
        3574   1.7740410705250991E-003
        3575   1.2210931347670412E-003
        3576   1.2636548721581607E-003
        3577   6.9042774565276422E-004
        3578   1.3232891653310059E-003
        3579   1.5183575367454457E-003
        3580   1.2345894603230975E-003
        3581   1.2709894988737576E-003
        3582   9.8427024101353290E-004
        3583   1.4767700632497157E-003
        3584   1.5254100944173286E-003
        3585   8.3427393969063939E-004
        3586   1.6441850031759355E-003
        3587   9.8299539581976798E-004
        3588   8.2131884442812684E-004
        3589   1.0698236826552790E-003
        3590   9.6804305094614555E-004
        3591   1.0726278707672921E-003
        3592   1.0487719654677554E-003
        3593   1.0883601946045057E-003
        3594   1.5030474524126169E-003
        3595   1.2849817037951111E-003
        3596   1.2112525632752579E-003
        3597   9.8223352435199292E-004
        3598   1.6009517677021520E-003
        3599   1.6837716136573605E-003
        3600   8.3040855002222572E-004
        3601   9.8249122396176693E-004
        3602   1.8482533016965913E-003
        3603   1.6431407434000561E-003
        3604   1.0247172166178411E-003
        3605   1.4705753615985545E-003
        3606   1.2986983549568769E-003
        3607   1.1340032508746804E-003
        3608   1.5020968550082977E-003
        3609   2.1142027420992002E-003
        3610   1.2180718027941374E-003
        3611   1.6456617858751918E-003
        3612   1.3142582244000133E-003
        3613   1.0339038576473237E-003
        3614   8.1357144950265300E-004
        3615   1.2493268590462873E-003
        3616   9.6673768779297618E-004
        3617   1.3060428586543196E-003
        3618   1.0905867901478345E-003
        3619   1.5676864151053980E-003
        3620   1.1266275680198584E-003
        3621   8.6738324328356061E-004
        3622   9.1735661652177854E-004
        3623   1.1021976529195076E-003
        3624   1.7545751905919857E-003
        3625   1.3128717775289936E-003
        3626   6.9159560388206852E-004
        3627   1.3303308465882188E-003
        3628   1.3197708996862598E-003
        3629   1.2222947279898039E-003
        3630   1.1414572775506778E-003
        3631   1.5175165023502417E-003
        3632   1.5273215548141654E-003
        3633   1.0998200511468062E-003
        3634   1.4865523200945758E-003
        3635   1.4006478658690630E-003
        3636   1.2057486397184733E-003
        3637   7.4728226433581207E-004
        3638   1.8587811607440970E-003
        3639   4.7966754072096938E-004
        3640   5.1901247395884820E-004
        3641   9.1636365081987597E-004
        3642   9.4895210543679089E-004
        3643   9.7467578631584061E-004
        3644   1.4916040408055825E-003
        3645   1.1419683666718580E-003
        3646   1.4398161375738514E-003
        3647   9.9435515253890592E-004
        3648   1.2420875590159759E-003
        3649   1.5795911172446185E-003
        3650   1.2004287270065965E-003
        3651   1.4262558867464668E-003
        3652   1.4201804608301376E-003
        3653   1.3531181155485004E-003
        3654   9.1867286604499921E-004
        3655   1.1785146952376258E-003
        3656   1.4967434730613694E-003
        3657   1.5989351229584970E-003
        3658   1.1808492774294009E-003
        3659   1.2362945185204119E-003
        3660   1.4459339166529466E-003
        3661   1.1113630250815729E-003
        3662   1.3065695221027920E-003
        3663   1.3537036167667680E-003
        3664   1.3563167931493316E-003
        3665   1.1647992573577679E-003
        3666   8.9465275691411636E-004
        3667   5.9403762719702387E-004
        3668   1.2098600991397406E-003
        3669   5.2932650188441011E-004
        3670   1.1610363766353558E-003
        3671   1.6400079110887741E-003
        3672   1.7593829151240656E-003
        3673   7.1235676868987329E-004
        3674   1.2272565732746781E-003
        3675   1.1248098598365109E-003
        3676   8.1627974254764321E-004
        3677   1.9291159450008110E-003
        3678   1.4093943955580974E-003
        3679   9.2914337485032310E-004
        3680   1.5050212163885170E-003
        3681   1.5808356459414612E-003
        3682   9.4833619261824116E-004
        3683   1.4828001715142944E-003
        3684   1.2020097702285387E-003
        3685   1.2874719347665123E-003
        3686   9.4601125414259398E-004
        3687   1.2106951494241954E-003
        3688   8.8107141307501634E-004
        3689   1.8893275844742887E-003
        3690   9.0317171272064837E-004
        3691   8.1262453120715538E-004
        3692   1.7970997809490879E-003
        3693   1.3233758427562254E-003
        3694   4.2296519971105474E-004
        3695   1.0944836450066471E-003
        3696   1.3687099062856059E-003
        3697   9.1527606163022916E-004
        3698   1.0623941486610131E-003
        3699   8.3899084771302062E-004
        3700   1.1444164316700475E-003
        3701   7.0732315955880924E-004
        3702   1.1196416259555771E-003
        3703   8.4414444246181796E-004
        3704   8.3634201782142891E-004
        3705   1.3230054038178560E-003
        3706   7.8748436309892980E-004
        3707   1.0513026067408521E-003
        3708   1.1639789968386736E-003
        3709   1.0119929069448178E-003
        3710   8.5819432642019779E-004
        3711   8.6798505430183629E-004
        3712   6.6707915003538364E-004
        3713   1.4873490820791599E-003
        3714   1.2932945666194451E-003
        3715   1.5921135578230575E-003
        3716   1.1786097278299031E-003
        3717   6.5843728468697907E-004
        3718   1.3179921073032607E-003
        3719   1.3507790521873793E-003
        3720   1.2348268417253763E-003
        3721   1.5322032014534522E-003
        3722   1.0930405255928563E-003
        3723   1.1962608706453342E-003
        3724   9.1261190620054084E-004
        3725   9.9027024897485865E-004
        3726   1.3533628880248168E-003
        3727   9.2042883118536971E-004
        3728   1.5827987791970882E-003
        3729   1.7654182151380258E-003
        3730   1.6074920973584213E-003
        3731   1.1672292385127823E-003
        3732   1.3111630397221034E-003
        3733   6.3050862974118097E-004
        3734   1.3814108584100349E-003
        3735   9.3325970000213262E-004
        3736   1.6208111419476221E-003
        3737   1.2021261249124703E-003
        3738   9.4678301518998000E-004
        3739   4.5623674094063594E-004
        3740   6.8118784225636359E-004
        3741   8.2848122432252382E-004
        3742   1.1097594365242136E-003
        3743   1.5340270205453606E-003
        3744   1.2427685260299663E-003
        3745   1.1761169409627069E-003
        3746   1.1364327574616767E-003
        3747   1.3400682011696595E-003
        3748   7.5757522773614442E-004
        3749   7.8371125347029779E-004
        3750   1.2302309912190282E-003
        3751   1.5980359338056934E-003
        3752   1.4108694223175465E-003
        3753   1.3126359736514814E-003
        3754   1.3198141516269320E-003
        3755   1.5700388426942119E-003
        3756   6.6021203794168720E-004
        3757   1.3247611528397038E-003
        3758   1.1684219746595505E-003
        3759   1.6853591706420708E-003
        3760   9.2738488859034601E-004
        3761   1.2582917936465195E-003
        3762   1.2533316963757191E-003
        3763   1.4096085026885827E-003
        3764   7.8814296812040549E-004
        3765   1.6537233615166787E-003
        3766   8.8203242308769578E-004
        3767   1.1600753960433704E-003
        3768   9.5727473932706564E-004
        3769   1.1716729984271828E-003
        3770   7.1953242181517117E-004
        3771   1.8113117641036997E-003
        3772   1.6069861190033796E-003
        3773   1.2655234639769558E-003
        3774   1.2878077975167291E-003
        3775   1.3710476188826468E-003
        3776   1.9458275054841771E-003
        3777   1.6213692298423315E-003
        3778   1.0316186638464667E-003
        3779   9.4740994407292224E-004
        3780   1.8394212371934402E-003
        3781   1.2576678198297029E-003
        3782   1.0471605866022298E-003
        3783   1.3812399913977977E-003
        3784   1.4554487161086054E-003
        3785   1.3111286873331250E-003
        3786   2.0419469678645895E-003
        3787   1.6008784344869057E-003
        3788   1.6028733985986570E-003
        3789   1.0996541703083456E-003
        3790   1.4367051480252218E-003
        3791   1.0458229477526241E-003
        3792   9.7879800174541925E-004
        3793   1.1742380896608649E-003
        3794   1.5532736739089525E-003
        3795   5.8697736491644182E-004
        3796   1.0297378631761323E-003
        3797   7.7836140335547390E-004
        3798   1.5156173704437886E-003
        3799   1.5201701696337664E-003
        3800   1.0963417425907814E-003
        3801   1.6982565831747693E-003
        3802   9.6569297470077634E-004
        3803   1.1494761824754206E-003
        3804   8.1882868608944401E-004
        3805   1.0261181489521383E-003
        3806   1.3526065383294779E-003
        3807   9.6637391406266017E-004
        3808   1.2007957141718692E-003
        3809   7.7455958941796026E-004
        3810   1.0248738943295461E-003
        3811   1.0826171482903337E-003
        3812   9.9033177846095271E-004
        3813   1.4920967142691469E-003
        3814   8.9372448815856417E-004
        3815   1.1107089964092693E-003
        3816   1.6465888379764333E-003
        3817   9.1456219023170404E-004
        3818   1.3561510562143198E-003
        3819   6.7847957741458019E-004
        3820   1.1311655354220968E-003
        3821   1.2903402242060240E-003
        3822   9.9889402307405781E-004
        3823   1.6187558757173154E-003
        3824   1.1110960145853969E-003
        3825   1.0659659363637069E-003
        3826   1.5897270405126945E-003
        3827   1.2285565046982105E-003
        3828   1.5500819151522353E-003
        3829   1.2643147200110279E-003
        3830   1.8491998112519909E-003
        3831   1.0713983090333294E-003
        3832   1.4049422672994802E-003
        3833   1.2797382164658625E-003
        3834   1.1315037976417110E-003
        3835   1.0427201994933082E-003
        3836   1.2574174621623742E-003
        3837   1.1310128508992016E-003
        3838   7.8779282120263958E-004
        3839   1.2231253560683112E-003
        3840   1.0540900076937158E-003
        3841   1.0248080956762569E-003
        3842   1.3921588427783687E-003
        3843   1.4281676110743261E-003
        3844   1.5274270136716177E-003
        3845   1.6151776878525652E-003
        3846   9.8334577408317695E-004
        3847   1.4992515821744656E-003
        3848   9.0379955294977619E-004
        3849   1.5670694880604674E-003
        3850   1.7120131785771299E-003
        3851   1.4272942195842082E-003
        3852   1.1830725314120462E-003
        3853   1.0828699123869444E-003
        3854   1.3484347912788514E-003
        3855   1.8055987211131200E-003
        3856   1.1960197442160820E-003
        3857   8.6592078290259752E-004
        3858   9.0252872439924804E-004
        3859   7.4986712656408135E-004
        3860   1.0492095198346544E-003
        3861   7.5340175601179571E-004
        3862   1.2393754275483201E-003
        3863   1.4021847320201623E-003
        3864   1.1169980305880227E-003
        3865   1.0258042743315266E-003
        3866   1.0945124113505421E-003
        3867   1.0741367197577292E-003
        3868   1.2497349957586665E-003
        3869   1.2141190455847376E-003
        3870   9.8954974684553436E-004
        3871   7.2693920762455645E-004
        3872   1.6025889507066975E-003
        3873   1.6243803891203687E-003
        3874   1.3405168817454307E-003
        3875   1.2337025161376009E-003
        3876   1.1011093401965307E-003
        3877   8.1422447229231420E-004
        3878   1.9377074215096858E-003
        3879   1.0215569736596608E-003
        3880   1.5263887159500096E-003
        3881   1.1381974679500356E-003
        3882   1.0482400100303322E-003
        3883   1.9015045363201580E-003
        3884   1.3145814382452925E-003
        3885   1.3032889287676582E-003
        3886   1.0326839513310605E-003
        3887   1.4217945373705657E-003
        3888   1.2223239115081936E-003
        3889   1.3449130503226632E-003
        3890   1.8610129010372750E-003
        3891   8.9193240770032739E-004
        3892   1.6196281507229763E-003
        3893   1.3988308445994049E-003
        3894   1.3722057384052105E-003
        3895   9.5217022492934177E-004
        3896   7.8464181800418466E-004
        3897   1.3361592978509908E-003
        3898   1.5258730196280568E-003
        3899   9.6185235914969579E-004
        3900   8.9649106907987476E-004
        3901   1.6114636599684829E-003
        3902   1.3636095206510327E-003
        3903   1.6251826063805094E-003
        3904   7.5615551995482204E-004
        3905   1.1505274098956980E-003
        3906   8.7338239227162569E-004
        3907   1.1465227153636638E-003
        3908   1.5582683367752494E-003
        3909   1.5641404512783525E-003
        3910   1.1610663588627012E-003
        3911   1.5715092489635252E-003
        3912   9.9227492555355006E-004
        3913   1.8418332225192510E-003
        3914   8.7756059075082184E-004
        3915   1.2739353355563446E-003
        3916   1.0627664070823278E-003
        3917   1.2668399094843206E-003
        3918   1.5316716115384517E-003
        3919   7.0348652986374264E-004
        3920   9.7389583717147094E-004
        3921   1.4381757122012401E-003
        3922   7.3195683689573259E-004
        3923   9.3554297081595815E-004
        3924   8.3420436215048588E-004
        3925   1.3949314227573704E-003
        3926   1.0456264619449211E-003
        3927   1.3698181817880211E-003
        3928   1.4344668191683205E-003
        3929   1.2274577425693196E-003
        3930   1.0623001216949375E-003
        3931   8.6400850045643550E-004
        3932   1.0969955350846646E-003
        3933   8.8970423142688054E-004
        3934   1.5125259972058323E-003
        3935   9.1487876291132791E-004
        3936   1.5952331700015694E-003
        3937   8.1031117773164177E-004
        3938   1.1880744240715050E-003
        3939   1.1355824127095365E-003
        3940   1.0878430341199738E-003
        3941   8.2044533769935377E-004
        3942   1.2447930844172487E-003
        3943   8.2486276720277407E-004
        3944   9.2781417669597795E-004
        3945   1.1521375944587994E-003
        3946   6.9218740761758826E-004
        3947   8.8525061074142854E-004
        3948   1.4139416469813066E-003
        3949   1.0538770347458303E-003
        3950   1.9666187383688884E-003
        3951   1.3212104954786743E-003
        3952   9.1406280632106004E-004
        3953   9.9502201668699372E-004
        3954   1.5214523673899626E-003
        3955   1.1223064750747814E-003
        3956   1.8909877601855345E-003
        3957   7.4042563419618457E-004
        3958   1.1772059312486450E-003
        3959   8.6189334465806627E-004
        3960   1.1927126110149134E-003
        3961   5.1692510254300350E-004
        3962   1.3341759804511985E-003
        3963   1.2268003724729408E-003
        3964   1.5259730233953682E-003
        3965   1.3555727878463316E-003
        3966   1.1196447663986331E-003
        3967   1.0523613517003372E-003
        3968   1.3464306688301664E-003
        3969   1.1089660221319029E-003
        3970   9.4432024192692696E-004
        3971   1.1285793563428886E-003
        3972   1.3048952493294802E-003
        3973   1.4246938751066869E-003
        3974   9.5788274764940610E-004
        3975   5.5472838192616722E-004
        3976   1.5940954982449729E-003
        3977   1.1040989384368397E-003
        3978   1.5976161717245650E-003
        3979   1.3461027192759683E-003
        3980   1.1790556737569212E-003
        3981   6.2357066796301654E-004
        3982   1.1624255540773590E-003
        3983   1.1377106118642501E-003
        3984   6.9469471204707380E-004
        3985   9.9544923074176232E-004
        3986   8.9832880084885272E-004
        3987   1.0621721902965007E-003
        3988   1.3957392885952612E-003
        3989   1.5021841138954128E-003
        3990   1.0424107477417152E-003
        3991   1.4422208413302250E-003
        3992   1.2718166268913401E-003
        3993   1.2871242289383055E-003
        3994   1.5251505486620536E-003
        3995   1.6274845643836707E-003
        3996   8.1103490462265562E-004
        3997   1.0142155654669250E-003
        3998   8.7198726355159923E-004
        3999   1.3544230624610919E-003
        4000   1.2020705746813426E-003
        4001   1.2506475621284706E-003
        4002   1.4079487766377899E-003
        4003   9.9961076366538414E-004
        4004   1.1361991839294251E-003
        4005   1.3536201504032726E-003
        4006   1.1937095536235702E-003
        4007   1.5349896863579961E-003
        4008   6.7376224063263985E-004
        4009   8.7105005344831636E-004
        4010   1.1233791839528077E-003
        4011   1.4107125485456689E-003
        4012   1.3219665936458416E-003
        4013   1.0511465173983182E-003
        4014   8.4961965844702826E-004
        4015   1.7406192813103033E-003
        4016   1.6800044800675987E-003
        4017   1.0975837293331645E-003
        4018   1.0400341632021022E-003
        4019   8.6022792777523519E-004
        4020   1.4576840888623024E-003
        4021   1.2046377915243774E-003
        4022   1.0435367305852449E-003
        4023   1.3729560712451969E-003
        4024   2.2551463691462643E-003
        4025   1.6461499683790872E-003
        4026   7.3545753959175931E-004
        4027   1.9141358648459620E-003
        4028   9.9129988424886029E-004
        4029   1.4064523299380295E-003
        4030   1.1101853465194658E-003
        4031   1.3363117476859255E-003
        4032   1.5255270737230613E-003
        4033   7.9665509280006327E-004
        4034   1.4292296197748182E-003
        4035   6.9126141797171050E-004
        4036   1.3342554555961610E-003
        4037   1.0034559336351693E-003
        4038   1.3130364424056640E-003
        4039   6.5686882119044129E-004
        4040   1.4444439721737229E-003
        4041   1.5422147416536171E-003
        4042   9.2510025269042261E-004
        4043   1.6010519593198775E-003
        4044   1.2654374115710063E-003
        4045   8.6254858235150207E-004
        4046   1.0406482176883577E-003
        4047   6.9278468739635154E-004
        4048   9.1233204072515563E-004
        4049   1.5140149503174976E-003
        4050   1.3054935674511035E-003
        4051   1.2993860689552536E-003
        4052   1.1929672839183392E-003
        4053   1.0907732087288525E-003
        4054   1.0866387044698919E-003
        4055   1.1933523478039141E-003
        4056   1.3994775297599569E-003
        4057   9.0746011912550841E-004
        4058   5.9807575346881219E-004
        4059   1.1639163033688835E-003
        4060   1.2597508721001163E-003
        4061   9.8938466935781857E-004
        4062   1.4191502366043447E-003
        4063   4.2419990675417678E-004
        4064   1.5786581492021913E-003
        4065   1.5571694833696056E-003
        4066   7.4308265171945461E-004
        4067   6.5024878708383287E-004
        4068   8.3720158969878501E-004
        4069   1.8859082586227573E-003
        4070   1.0808220079318546E-003
        4071   1.7142379931105150E-003
        4072   1.7530485243977519E-003
        4073   1.8229954098574570E-003
        4074   1.0658543444024159E-003
        4075   1.0375652963194447E-003
        4076   8.3244230731479934E-004
        4077   1.1487985023383095E-003
        4078   1.0782733347637135E-003
        4079   1.0506607952246083E-003
        4080   5.2982001377975898E-004
        4081   1.6745475815547785E-003
        4082   8.8185448288420783E-004
        4083   1.4894136346488469E-003
        4084   9.8957183398101344E-004
        4085   1.1714704923610785E-003
        4086   1.2190362402318465E-003
        4087   1.2874096634801139E-003
        4088   1.4331799275614516E-003
        4089   4.1250541920219598E-004
        4090   1.7691799196036197E-003
        4091   1.7440015598750274E-003
        4092   8.7602780446013233E-004
        4093   1.6282638060702715E-003
        4094   1.4290684967675166E-003
        4095   1.5581317779188562E-003
        4096   1.4793402742668557E-003
        4097   1.6952833571653593E-003
        4098   9.7438262995709049E-004
        4099   1.5578567418855290E-003
        4100   1.0461511612538050E-003
        4101   8.8842996238824249E-004
        4102   1.7093749736362739E-003
        4103   1.3627406966420013E-003
        4104   1.7333469387587107E-003
        4105   1.2638225965863701E-003
        4106   1.5353298018412477E-003
        4107   1.3271584715688328E-003
        4108   1.2672315815955126E-003
        4109   1.1235124840452795E-003
        4110   8.5183419840243336E-004
        4111   1.3981827999789839E-003
        4112   1.7127977181859500E-003
        4113   6.6000724562580387E-004
        4114   1.6454029462362510E-003
        4115   9.6736330823911842E-004
        4116   8.5040004391263543E-004
        4117   1.2002562341654980E-003
        4118   1.2664753661649044E-003
        4119   1.1452657379369172E-003
        4120   1.3334305242178135E-003
        4121   1.2928114963910056E-003
        4122   1.3567186193413959E-003
        4123   1.0537396031010966E-003
        4124   5.5090349611089569E-004
        4125   1.4054433571847099E-003
        4126   1.2451119609274187E-003
        4127   1.9949788834307020E-003
        4128   1.5048466434195945E-003
        4129   9.1535147892524637E-004
        4130   1.1597696697274445E-003
        4131   1.5199396481047102E-003
        4132   1.1435192744803505E-003
        4133   1.6375605414584730E-003
        4134   1.4652479029563651E-003
        4135   1.5609234099333786E-003
        4136   1.3358147452615541E-003
        4137   1.3673750829828518E-003
        4138   1.4627351226196143E-003
        4139   8.4514486865924407E-004
        4140   1.1489891156717376E-003
        4141   1.6574045370018361E-003
        4142   1.1684995548741630E-003
        4143   9.5113843506863013E-004
        4144   9.7661421333514252E-004
        4145   9.4821617047678112E-004
        4146   1.1141148678453210E-003
        4147   1.3123103044441102E-003
        4148   1.3766933351482507E-003
        4149   1.5622351392387780E-003
        4150   1.6494656732291470E-003
        4151   7.7560045159118295E-004
        4152   1.3727693664340628E-003
        4153   1.6230358994567397E-003
        4154   1.3083358036440199E-003
        4155   1.0235183515024272E-003
        4156   1.4289945659744512E-003
        4157   1.4915862199411109E-003
        4158   7.3863593735060964E-004
        4159   9.5268079185910045E-004
        4160   1.1497714713432931E-003
        4161   6.6534809212181654E-004
        4162   1.6293255654960882E-003
        4163   9.9249697965008007E-004
        4164   1.2878045115504043E-003
        4165   1.0048971504876311E-003
        4166   1.1681166018721720E-003
        4167   1.1877389376370941E-003
        4168   1.3789808536278682E-003
        4169   1.4241616443335309E-003
        4170   9.5699022569419934E-004
        4171   1.0272134455430303E-003
        4172   1.0336499210324970E-003
        4173   1.4331315843695621E-003
        4174   9.8547573689846540E-004
        4175   1.5805991191664324E-003
        4176   1.4579788263239461E-003
        4177   1.6076367399886994E-003
        4178   1.1748327092754468E-003
        4179   1.3782970310854236E-003
        4180   1.5028477944201506E-003
        4181   1.1263012589970880E-003
        4182   1.1612502424299376E-003
        4183   1.2557011466501433E-003
        4184   1.4178710272343335E-003
        4185   1.0731096437122914E-003
        4186   1.1663264218542662E-003
        4187   1.0834943199004986E-003
        4188   1.5419678714678441E-003
        4189   1.0399880356656303E-003
        4190   1.3639350743898473E-003
        4191   1.4183918664145360E-003
        4192   1.2962095895661448E-003
        4193   1.2142276371703376E-003
        4194   1.5170448576209126E-003
        4195   1.0317274245009993E-003
        4196   1.0950135301102057E-003
        4197   1.4511236975670472E-003
        4198   1.9335545342257013E-003
        4199   8.5439924751604113E-004
        4200   1.6283792979388597E-003
        4201   1.0952637440565756E-003
        4202   1.0950894169123641E-003
        4203   1.6256527780514241E-003
        4204   1.2289315664971174E-003
        4205   1.5471989590928566E-003
        4206   9.6411438899351868E-004
        4207   1.1341236568276037E-003
        4208   1.2765232039559811E-003
        4209   1.0770725766706844E-003
        4210   1.1794088663144538E-003
        4211   1.1232004342855580E-003
        4212   1.3407662452565479E-003
        4213   1.1289609532566807E-003
        4214   1.5168254981278687E-003
        4215   9.7913253556166399E-004
        4216   1.2764817957322424E-003
        4217   1.2588596155421222E-003
        4218   1.3588988228789007E-003
        4219   1.1048159610147874E-003
        4220   1.0599548341146386E-003
        4221   9.7696569555846477E-004
        4222   6.7207715121528778E-004
        4223   8.6725817551486770E-004
        4224   5.2960734505537726E-004
        4225   6.3051967687874529E-004
        4226   1.0510753780695198E-003
        4227   1.5645457440701662E-003
        4228   1.0547260067493281E-003
        4229   1.1853263119138016E-003
        4230   9.9374198988407166E-004
        4231   1.2793377672368359E-003
        4232   1.4668857019978769E-003
        4233   1.5861301842818140E-003
        4234   3.7212633477915087E-004
        4235   1.0508601452332883E-003
        4236   8.3766597179139347E-004
        4237   1.2308831088760652E-003
        4238   1.4195749463682902E-003
        4239   1.5471436802533046E-003
        4240   1.1890963818877427E-003
        4241   1.1570480666923202E-003
        4242   1.1104717260566608E-003
        4243   1.1747098648662426E-003
        4244   1.1339804844736688E-003
        4245   1.3222413072733366E-003
        4246   1.0041478201780433E-003
        4247   1.1202994927185198E-003
        4248   1.0112469496749643E-003
        4249   9.4820573356886617E-004
        4250   7.5142379485409615E-004
        4251   1.2590625918189433E-003
        4252   1.1454791309297707E-003
        4253   1.3454004222579370E-003
        4254   1.4934026820585804E-003
        4255   1.2738305372276253E-003
        4256   1.2972675856851208E-003
        4257   1.0431135846385537E-003
        4258   1.1449012164281751E-003
        4259   1.2775704503000718E-003
        4260   1.3061646009340873E-003
        4261   1.5938381845331752E-003
        4262   1.0404851386359236E-003
        4263   8.0615028206680681E-004
        4264   1.5273971761476715E-003
        4265   1.0845368180320786E-003
        4266   1.6003823165529141E-003
        4267   1.4073478834230116E-003
        4268   6.8531281150904116E-004
        4269   8.7689808856581623E-004
        4270   1.2884359363220211E-003
        4271   1.0184873556397444E-003
        4272   1.2883527184921221E-003
        4273   1.1287642941391906E-003
        4274   8.9370839645300075E-004
        4275   9.2877801663148742E-004
        4276   1.1184500440171953E-003
        4277   1.8374853253454013E-003
        4278   1.1120004566407570E-003
        4279   1.0985023040725086E-003
        4280   1.4755421471264996E-003
        4281   1.3549956304079987E-003
        4282   1.3611246013603489E-003
        4283   1.4359497533017141E-003
        4284   1.3106393763772867E-003
        4285   1.5468301661213269E-003
        4286   9.7706914716031595E-004
        4287   1.4124425611700961E-003
        4288   1.7027005178319656E-003
        4289   1.0134990454804399E-003
        4290   6.9328430498840450E-004
        4291   1.0200810847817443E-003
        4292   1.4008899060873881E-003
        4293   1.4893775908390102E-003
        4294   1.1162842008796976E-003
        4295   1.6150109139736017E-003
        4296   1.2554841554414846E-003
        4297   1.1479174093489562E-003
        4298   1.4337733889940947E-003
        4299   1.2186782729017174E-003
        4300   1.3092768059409497E-003
        4301   2.1717814032018628E-003
        4302   1.1527966151604712E-003
        4303   1.3595794118466905E-003
        4304   5.2213283750089331E-004
        4305   9.6081609113369615E-004
        4306   9.2584319646812701E-004
        4307   1.3852170117075726E-003
        4308   1.3249685712196381E-003
        4309   1.2902108438076227E-003
        4310   1.6174462415588509E-003
        4311   1.1375344386630984E-003
        4312   1.3826499783491765E-003
        4313   1.2394797764788842E-003
        4314   1.0236526139243357E-003
        4315   1.3530967674910621E-003
        4316   1.4755486927734748E-003
        4317   1.4288077084436128E-003
        4318   4.1530469615738594E-004
        4319   1.1111486798895632E-003
        4320   2.0143354306202260E-003
        4321   5.0821614862606005E-004
        4322   1.7438250029805449E-003
        4323   1.3511898846540330E-003
        4324   1.6580704436605219E-003
        4325   1.2007699620387494E-003
        4326   1.4668513348461919E-003
        4327   1.2596781659902144E-003
        4328   6.8950597486178850E-004
        4329   1.7567495693795792E-003
        4330   1.0896499773805702E-003
        4331   9.0718375045286521E-004
        4332   1.2274357871758096E-003
        4333   1.4537112859771444E-003
        4334   1.0944475612727086E-003
        4335   1.2028498487486803E-003
        4336   1.2874134937842147E-003
        4337   1.4491162185613401E-003
        4338   1.0467405033411320E-003
        4339   1.1051699109690311E-003
        4340   1.2635406437585483E-003
        4341   1.0281283257314461E-003
        4342   1.0670851510686773E-003
        4343   1.4102778801354551E-003
        4344   1.5478277764245855E-003
        4345   1.1602549603948725E-003
        4346   1.2518166489789624E-003
        4347   9.2178418803043978E-004
        4348   9.2439133523893253E-004
        4349   1.1458072342150566E-003
        4350   1.0138349048650591E-003
        4351   9.0842548692071873E-004
        4352   1.2439506130947563E-003
        4353   9.8206976526850429E-004
        4354   1.0501991959334532E-003
        4355   1.5264004454608809E-003
        4356   1.7925350141623142E-003
        4357   1.4161001984957127E-003
        4358   1.1083033004594541E-003
        4359   1.7329953304127638E-003
        4360   9.9978334370354736E-004
        4361   1.4702350715094753E-003
        4362   1.1029423749664244E-003
        4363   1.2435273983175898E-003
        4364   1.3449505866050830E-003
        4365   1.3452837669724372E-003
        4366   9.2791388480171978E-004
        4367   1.0675666977225759E-003
        4368   8.9463180105756946E-004
        4369   1.3081838853540881E-003
        4370   1.1486913094364282E-003
        4371   1.3219332900717749E-003
        4372   1.4792900216838282E-003
        4373   1.3267434814180539E-003
        4374   1.2506576092908006E-003
        4375   1.5677934024400700E-003
        4376   1.4052207294843304E-003
        4377   1.4730712805815702E-003
        4378   1.0467086846502917E-003
        4379   1.4116579011782659E-003
        4380   9.4035229597078823E-004
        4381   1.2516198594561020E-003
        4382   1.3815017521687702E-003
        4383   1.7280323008019920E-003
        4384   1.6448811684117229E-003
        4385   1.1878729372666265E-003
        4386   9.4724409306095594E-004
        4387   4.2626890254948631E-004
        4388   1.0699398929804524E-003
        4389   1.0168584385297291E-003
        4390   1.1928655010196468E-003
        4391   1.2817888271087075E-003
        4392   1.1265416036270609E-003
        4393   1.1050077687933240E-003
        4394   9.7159222840268486E-004
        4395   1.1665045250803027E-003
        4396   1.1595262843208803E-003
        4397   1.0280812274884919E-003
        4398   1.7309677081470778E-003
        4399   1.5589109642245634E-003
        4400   1.2436370387956910E-003
        4401   1.2154909026236189E-003
        4402   1.2468312418483390E-003
        4403   1.0897141718730667E-003
        4404   1.3639372150885008E-003
        4405   8.9446513115952334E-004
        4406   9.6675429018526081E-004
        4407   1.0547695570749633E-003
        4408   1.0973796442357504E-003
        4409   1.3013435615600846E-003
        4410   7.7050264445090459E-004
        4411   1.3010173672342057E-003
        4412   9.2014095336665424E-004
        4413   8.9707406889138607E-004
        4414   8.3552311667362390E-004
        4415   1.2945877690893814E-003
        4416   1.0961449525692792E-003
        4417   9.6248802532197710E-004
        4418   9.6177413823161299E-004
        4419   7.0204672367049365E-004
        4420   1.2711297903777806E-003
        4421   1.3677516492345393E-003
        4422   1.1253750284290031E-003
        4423   5.9795225379521890E-004
        4424   1.3647101827697829E-003
        4425   1.4430100628321050E-003
        4426   1.3759548820201249E-003
        4427   1.3697674936852654E-003
        4428   1.4082894436081891E-003
        4429   1.4556447650348246E-003
        4430   1.5873564709167991E-003
        4431   7.3122816112376646E-004
        4432   1.2037490248696730E-003
        4433   1.4804272873437604E-003
        4434   1.8876886633869183E-003
        4435   1.2039537007690151E-003
        4436   1.9679906191761463E-003
        4437   1.3633922160307247E-003
        4438   1.3418891274710664E-003
        4439   1.1536146657752612E-003
        4440   1.4434391014273291E-003
        4441   1.1808676025745323E-003
        4442   1.4999702534242375E-003
        4443   1.1230465187174066E-003
        4444   1.2707162338001640E-003
        4445   1.4516987679027802E-003
        4446   1.2442823537371127E-003
        4447   7.0325807875634618E-004
        4448   1.2548433162164925E-003
        4449   1.5992376797247243E-003
        4450   1.2592815840831544E-003
        4451   4.5261696987970382E-004
        4452   1.1641026158731036E-003
        4453   1.6286638775643279E-003
        4454   1.2650525864294608E-003
        4455   8.3923046688992554E-004
        4456   1.2286617584853611E-003
        4457   1.0475047325306623E-003
        4458   1.1258906288370938E-003
        4459   1.3905621671248273E-003
        4460   1.0116988034331090E-003
        4461   1.1833791021024361E-003
        4462   1.0214857878947127E-003
        4463   1.1888132824957984E-003
        4464   8.8595289775898853E-004
        4465   1.2428553610757734E-003
        4466   1.0867132412437116E-003
        4467   1.3148107515622688E-003
        4468   1.0294866541840960E-003
        4469   8.8576743536961414E-004
        4470   7.7770643224141201E-004
        4471   1.2544732854349154E-003
        4472   6.8009709362988125E-004
        4473   1.3053768551167346E-003
        4474   1.0687645591681222E-003
        4475   1.4598225572438051E-003
        4476   1.5201928775224107E-003
        4477   1.1244075704841270E-003
        4478   1.4822273682111233E-003
        4479   8.9914498334451578E-004
        4480   1.0259066621025814E-003
        4481   1.2339908876563711E-003
        4482   7.9581772813421762E-004
        4483   9.7702290567019110E-004
        4484   1.9779672158547700E-003
        4485   1.0367031530292537E-003
        4486   1.4460223723285364E-003
        4487   1.5588134780250985E-003
        4488   1.6119253400874349E-003
        4489   1.3769957247266264E-003
        4490   1.4048318930940322E-003
        4491   1.1746049186378738E-003
        4492   1.0054790060783335E-003
        4493   1.1867579775964173E-003
        4494   1.2195167923042829E-003
        4495   1.4973855333379308E-003
        4496   1.2925731432355625E-003
        4497   1.3454525761303605E-003
        4498   1.6624244841614861E-003
        4499   1.6071403757600888E-003
        4500   1.4406671300686200E-003
        4501   9.7691706254366979E-004
        4502   1.6752187646507861E-003
        4503   1.4431604907650174E-003
        4504   9.0739302302245660E-004
        4505   1.5326376088994828E-003
        4506   1.3474172405964450E-003
        4507   7.3301178928779343E-004
        4508   1.2196072777611946E-003
        4509   1.2200701894579087E-003
        4510   1.4858400878694075E-003
        4511   1.3744178676274841E-003
        4512   1.6010217460286789E-003
        4513   1.0123358152952337E-003
        4514   1.8811154799513268E-003
        4515   1.4470856588263662E-003
        4516   1.6833304189679168E-003
        4517   1.6931671369802481E-003
        4518   1.3542125232706645E-003
        4519   1.2796072678195596E-003
        4520   1.0662014051703668E-003
        4521   5.3436042877924215E-004
        4522   1.2100948331531603E-003
        4523   1.1257832047381611E-003
        4524   1.3728343827367976E-003
        4525   1.2072862020736156E-003
        4526   1.3601810377553624E-003
        4527   9.2192420458992851E-004
        4528   1.3073298619771497E-003
        4529   1.0190506244311356E-003
        4530   1.5290964499519596E-003
        4531   1.2184691886448237E-003
        4532   1.5966845532225775E-003
        4533   1.2154865628997633E-003
        4534   1.3468881351565471E-003
        4535   1.3117931368053198E-003
        4536   1.6804103185420320E-003
        4537   1.2993880145563178E-003
        4538   1.2441789140529814E-003
        4539   1.0691616317689513E-003
        4540   1.4339887212387601E-003
        4541   1.3177520826277683E-003
        4542   1.3447154091885182E-003
        4543   1.1433142257368471E-003
        4544   1.1207361727210406E-003
        4545   1.1024968515590146E-003
        4546   1.7764707188139583E-003
        4547   8.1091471815430082E-004
        4548   1.4461821368186752E-003
        4549   1.2448496415753201E-003
        4550   1.3939853240552253E-003
        4551   6.7118966817420389E-004
        4552   1.0919476106669148E-003
        4553   1.2018058545152151E-003
        4554   1.0632571561867846E-003
        4555   1.1104645428199544E-003
        4556   1.3800218672900221E-003
        4557   1.0912019133515723E-003
        4558   1.1588471907153434E-003
        4559   1.7498796204490105E-003
        4560   1.1342884923336528E-003
        4561   1.3959214869655851E-003
        4562   8.3262322388528921E-004
        4563   9.5135828643632574E-004
        4564   1.6212477617849230E-003
        4565   9.5181350901589316E-004
        4566   1.0505025819826179E-003
        4567   1.0568841629182938E-003
        4568   3.9779862957442708E-004
        4569   1.4334336079243745E-003
        4570   1.7971301175757155E-003
        4571   1.3015905708186680E-003
        4572   1.0464621739368883E-003
        4573   9.5040870894516714E-004
        4574   9.0092258427449214E-004
        4575   1.7338694884659596E-003
        4576   1.4585021383222657E-003
        4577   9.3413690285251596E-004
        4578   1.3122592878483230E-003
        4579   1.6272096786516357E-003
        4580   1.0005860165629417E-003
        4581   8.5156510548585636E-004
        4582   1.3568303184242462E-003
        4583   5.5224960481765949E-004
        4584   1.0080498928144968E-003
        4585   1.0769944387267166E-003
        4586   8.5085591306995956E-004
        4587   1.4467597764316067E-003
        4588   7.0332437179107380E-004
        4589   9.3999318313314198E-004
        4590   1.2887729913823420E-003
        4591   9.4845608553165541E-004
        4592   1.5899256770064629E-003
        4593   8.4095061367693731E-004
        4594   1.1090919548307704E-003
        4595   8.2736561501164907E-004
        4596   1.3413988648373070E-003
        4597   1.7376476211326403E-003
        4598   1.3271862777100684E-003
        4599   1.1656992092147543E-003
        4600   1.2363999631327426E-003
        4601   1.2570520473480762E-003
        4602   1.0145480208461717E-003
        4603   1.2214173839445032E-003
        4604   1.7936305348271754E-003
        4605   1.1815152391947286E-003
        4606   1.1729860882488108E-003
        4607   1.1790752871372373E-003
        4608   1.8493946064795676E-003
        4609   1.3574395160455604E-003
        4610   1.2667980612631087E-003
        4611   1.0665316032482980E-003
        4612   1.7213683962123930E-003
        4613   7.4854323329364466E-004
        4614   8.8342846973202282E-004
        4615   1.4152047866046824E-003
        4616   1.2483796995873490E-003
        4617   1.2021048181056937E-003
        4618   8.5290170564412829E-004
        4619   6.3673117520689204E-004
        4620   1.0555787023039745E-003
        4621   1.5109880357504150E-003
        4622   1.2428697609836610E-003
        4623   1.1864803447166619E-003
        4624   1.1359653439696447E-003
        4625   1.1255464838978361E-003
        4626   1.1845559866274450E-003
        4627   1.1305161112094358E-003
        4628   7.3870978627372413E-004
        4629   1.4072784347256061E-003
        4630   1.5835522209336048E-003
        4631   1.0340787648857950E-003
        4632   1.6620403214122593E-003
        4633   8.9712604782127411E-004
        4634   1.2018300147937260E-003
        4635   1.1522344537456377E-003
        4636   1.5644665814158842E-003
        4637   6.7076310446441867E-004
        4638   1.2398133486569549E-003
        4639   9.2529414327153527E-004
        4640   1.3063812356806737E-003
        4641   1.2942923700586706E-003
        4642   1.5631454563465126E-003
        4643   1.1339272027548490E-003
        4644   1.1440222099451842E-003
        4645   1.3313228919255846E-003
        4646   1.0938893979384082E-003
        4647   1.0412889508482949E-003
        4648   1.1471721507616019E-003
        4649   1.0249783310571181E-003
        4650   1.4127122668331476E-003
        4651   1.0274005220833678E-003
        4652   1.1818110810865627E-003
        4653   1.6251737269193697E-003
        4654   1.3740766150062160E-003
        4655   9.6964981732257556E-004
        4656   1.1567736474044073E-003
        4657   1.7111666678278940E-003
        4658   7.0953450875399407E-004
        4659   6.4774377242368772E-004
        4660   1.5434857692748678E-003
        4661   1.9001352177312897E-003
        4662   1.3377916437798218E-003
        4663   1.0201369298062641E-003
        4664   1.4239153226262478E-003
        4665   9.3209394381263129E-004
        4666   1.5533871940557572E-003
        4667   6.5906188310188064E-004
        4668   1.0138066694236818E-003
        4669   1.3560719520379616E-003
        4670   1.3661697654812446E-003
        4671   9.9614631132924391E-004
        4672   1.5281933470101500E-003
        4673   1.2606972852964578E-003
        4674   9.5607638716294953E-004
        4675   7.6264103530267061E-004
        4676   1.1491310945507570E-003
        4677   1.1556976538010942E-003
        4678   1.1569068538387088E-003
        4679   1.0649893203409999E-003
        4680   9.8995046488513957E-004
        4681   1.0995245343045767E-003
        4682   8.6151569956950777E-004
        4683   7.1251843276366592E-004
        4684   1.2620669079081508E-003
        4685   1.1631562075354179E-003
        4686   1.1587188360557272E-003
        4687   8.8640382847787757E-004
        4688   9.5414586217685150E-004
        4689   7.4610599559658960E-004
        4690   1.2046406930634192E-003
        4691   1.3155306516854991E-003
        4692   9.6103220431684058E-004
        4693   9.6638131771705784E-004
        4694   8.6117275383459728E-004
        4695   1.4990213773658852E-003
        4696   2.1139246562644019E-003
        4697   1.6754564481445201E-003
        4698   1.5728324188066143E-003
        4699   8.4399313457029200E-004
        4700   1.1362332499181807E-003
        4701   1.4524873915012044E-003
        4702   1.6368243422531534E-003
        4703   6.8749402121922893E-004
        4704   1.3767030677506486E-003
        4705   1.0424288333466703E-003
        4706   1.1440369346017274E-003
        4707   1.1567881870589633E-003
        4708   1.1538915924391054E-003
        4709   1.1157323102872925E-003
        4710   1.3594842045488655E-003
        4711   7.5381874789728779E-004
        4712   1.0824298364482874E-003
        4713   1.2707831558132438E-003
        4714   1.5150735308398445E-003
        4715   1.7556191873095979E-003
        4716   9.1228072416470348E-004
        4717   1.7756864858681177E-003
        4718   1.2022303881118310E-003
        4719   1.2430019944195600E-003
        4720   7.2404073280971050E-004
        4721   1.1301037854904046E-003
        4722   1.1220215629365502E-003
        4723   1.1773787797598591E-003
        4724   1.5357299391952058E-003
        4725   2.1567036941489712E-003
        4726   6.5589736877128338E-004
        4727   1.5203460573679096E-003
        4728   1.1361370858353039E-003
        4729   1.1823306891518119E-003
        4730   9.4346001122311578E-004
        4731   1.1450828076120620E-003
        4732   7.2491051774516819E-004
        4733   8.2453239369225382E-004
        4734   1.0931442820759107E-003
        4735   1.2008236050697284E-003
        4736   1.3655508165508581E-003
        4737   8.8499178824428691E-004
        4738   8.6622319442202563E-004
        4739   6.3809996638438521E-004
        4740   6.1598056281886662E-004
        4741   8.1453990741403560E-004
        4742   1.1070228858267523E-003
        4743   1.0932638400406166E-003
        4744   8.2602510928250262E-004
        4745   7.7008053821394165E-004
        4746   1.5485700642754283E-003
        4747   1.7220693646764658E-003
        4748   1.0947831229270526E-003
        4749   1.2651536604656153E-003
        4750   1.4789786423606997E-003
        4751   1.2667118343992765E-003
        4752   1.4118784827165639E-003
        4753   1.3923147447930568E-003
        4754   1.2700070058458781E-003
        4755   1.7352017669502832E-003
        4756   1.0695557725816313E-003
        4757   1.5866896926909361E-003
        4758   1.3197059390459502E-003
        4759   4.3957659919074634E-004
        4760   1.3331105628494235E-003
        4761   1.0441153621646639E-003
        4762   1.4351628215401014E-003
        4763   1.3587999884048406E-003
        4764   1.3752167234170427E-003
        4765   1.1317843790018944E-003
        4766   1.4021803592185699E-003
        4767   1.3744202892309733E-003
        4768   1.1091727903996748E-003
        4769   1.6082594624113665E-003
        4770   1.0833297970350840E-003
        4771   1.4436330258116741E-003
        4772   1.5360664469169017E-003
        4773   1.4245276648707460E-003
        4774   1.3443830962068600E-003
        4775   1.4097572072587603E-003
        4776   1.2118531538385031E-003
        4777   7.9444510155362962E-004
        4778   7.2122119756328298E-004
        4779   1.2285291605185834E-003
        4780   9.8666499853205039E-004
        4781   1.9824692693736269E-003
        4782   1.2432416065399441E-003
        4783   1.0578044983800738E-003
        4784   1.2953612362777661E-003
        4785   9.2565564646088965E-004
        4786   5.4452493393649575E-004
        4787   9.8794361567425574E-004
        4788   1.6253485705854537E-003
        4789   1.5721094435029680E-003
        4790   6.8076855540324997E-004
        4791   6.9610454908699659E-004
        4792   1.9495217706144857E-003
        4793   1.2785514507950440E-003
        4794   7.6790007959970212E-004
        4795   1.2494410729479305E-003
        4796   1.2570363315643877E-003
        4797   1.5789465319157195E-003
        4798   1.0603662274608747E-003
        4799   8.2319705535788008E-004
        4800   7.6433087931431843E-004
        4801   1.4927469496482375E-003
        4802   1.1739233702300423E-003
        4803   1.6624143019549002E-003
        4804   9.9533793214050454E-004
        4805   7.9043561791881879E-004
        4806   9.1965359328209856E-004
        4807   8.4096188950706402E-004
        4808   1.4828576840544569E-003
        4809   9.3606269679667622E-004
        4810   1.1447006646498085E-003
        4811   1.5426620324768977E-003
        4812   1.2357034634823995E-003
        4813   1.0645536125556661E-003
        4814   9.8316551560426570E-004
        4815   1.4456082145452402E-003
        4816   1.5218091746360479E-003
        4817   1.6980426055406663E-003
        4818   1.5006122953123257E-003
        4819   1.4132747923571963E-003
        4820   1.6489499517308164E-003
        4821   9.9153659982040786E-004
        4822   1.2366964412933083E-003
        4823   1.3202514559635047E-003
        4824   1.4536672513301915E-003
        4825   1.2228900161164293E-003
        4826   1.3297198102406912E-003
        4827   1.7218526896366161E-003
        4828   1.0460470320992662E-003
        4829   1.2753820410260081E-003
        4830   1.1246694394684842E-003
        4831   1.4443767526883878E-003
        4832   1.0404231536203191E-003
        4833   7.4758613431024626E-004
        4834   1.2315439975924174E-003
        4835   8.8106411398323949E-004
        4836   8.8539441173453748E-004
        4837   1.8162958965854089E-003
        4838   1.1625468545975418E-003
        4839   1.2090076038584966E-003
        4840   9.9086997744747378E-004
        4841   1.1049536059004204E-003
        4842   1.3318293556089688E-003
        4843   1.1083211800148999E-003
        4844   1.3774012609060679E-003
        4845   1.0991913899725033E-003
        4846   1.2749587470197085E-003
        4847   1.6863245561341937E-003
        4848   1.2567426754387572E-003
        4849   1.2620874537562429E-003
        4850   1.2352489213825486E-003
        4851   8.2900597769287074E-004
        4852   1.0390710389917557E-003
        4853   1.2748360518401189E-003
        4854   1.3000012464564155E-003
        4855   1.4256815150648450E-003
        4856   9.1665028984315954E-004
        4857   1.0563186605744583E-003
        4858   4.4864484890055911E-004
        4859   1.3399514282653143E-003
        4860   1.3744977157177478E-003
        4861   1.3143554514241415E-003
        4862   1.2380749203452469E-003
        4863   9.5385689697522814E-004
        4864   1.2149874137182808E-003
        4865   1.1065925625595979E-003
        4866   1.1305781078679439E-003
        4867   1.3950084128768350E-003
        4868   3.7787089337032920E-004
        4869   1.7030594996509788E-003
        4870   1.8218403962785088E-003
        4871   1.0275390718795100E-003
        4872   1.1089793248672502E-003
        4873   1.1882295627681267E-003
        4874   1.4663902722573965E-003
        4875   1.2121977408554019E-003
        4876   1.0583804192525975E-003
        4877   1.3233561083077141E-003
        4878   8.6423305757729098E-004
        4879   1.0963921879278799E-003
        4880   1.7064008140957551E-003
        4881   1.1336907158747635E-003
        4882   1.6453460290572800E-003
        4883   1.3687605755880994E-003
        4884   1.7498331482031205E-003
        4885   1.5075598133158781E-003
        4886   1.5491381886899389E-003
        4887   1.2597684387201313E-003
        4888   1.6548792746977777E-003
        4889   1.2494952479111265E-003
        4890   1.7140918041344141E-003
        4891   1.0199728319613373E-003
        4892   1.4553742091405403E-003
        4893   6.5349566926219344E-004
        4894   9.1448972377868531E-004
        4895   6.3401451564659651E-004
        4896   8.5000415369492399E-004
        4897   1.3802133890128206E-003
        4898   1.1929803793133884E-003
        4899   9.2460459680282806E-004
        4900   1.1277712430918022E-003
        4901   1.1822164562832682E-003
        4902   9.4121149454768423E-004
        4903   1.2740708627584621E-003
        4904   1.4258368966126055E-003
        4905   1.1220028580894146E-003
        4906   1.5043529699404576E-003
        4907   9.5076459425639083E-004
        4908   1.3026491209660871E-003
        4909   1.9315302611482951E-003
        4910   1.2641956589105898E-003
        4911   1.7732440038428674E-003
        4912   1.4690060830254365E-003
        4913   6.6862904771426864E-004
        4914   1.1747769449047141E-003
        4915   9.1122062327393541E-004
        4916   1.0130483419846239E-003
        4917   1.9813214099402049E-003
        4918   1.1740049551235514E-003
        4919   1.1250942940773353E-003
        4920   8.1421489206824182E-004
        4921   8.3611920534370349E-004
        4922   1.1119903125656320E-003
        4923   1.1294217512201009E-003
        4924   8.3388757250679735E-004
        4925   1.4407532743724606E-003
        4926   1.5944125530712799E-003
        4927   1.2523940476990350E-003
        4928   7.3868355832979523E-004
        4929   1.1995413270716566E-003
        4930   1.5727218232893150E-003
        4931   1.0447363975349538E-003
        4932   8.1868298640064643E-004
        4933   1.4675007592078093E-003
        4934   1.1015456807853840E-003
        4935   1.6983875116984169E-003
        4936   1.4446601874438341E-003
        4937   6.1612123589654293E-004
        4938   1.4053653330197498E-003
        4939   1.2248773312189896E-003
        4940   1.3189535081929657E-003
        4941   1.0892740086329517E-003
        4942   1.3641819630392862E-003
        4943   1.3633334920869671E-003
        4944   1.0687314119406739E-003
        4945   1.4686475399987304E-003
        4946   2.0187750886808430E-003
        4947   6.9563777945422071E-004
        4948   6.6619404918040047E-004
        4949   1.0601117268106003E-003
        4950   1.7169869039840293E-003
        4951   1.2258209052492593E-003
        4952   1.7875744776560604E-003
        4953   1.4169125632868108E-003
        4954   1.0272085474381117E-003
        4955   1.1294669564929495E-003
        4956   9.5495680249587918E-004
        4957   1.2098525709020079E-003
        4958   1.0358836158618631E-003
        4959   1.2664129477308851E-003
        4960   1.1200985085640495E-003
        4961   1.2547403326739523E-003
        4962   1.5760022928880504E-003
        4963   1.1484848869124449E-003
        4964   1.0876021132119064E-003
        4965   9.3862520110782701E-004
        4966   1.2191738392653142E-003
        4967   1.2906477819340217E-003
        4968   1.4481061259304408E-003
        4969   6.7116306829853156E-004
        4970   1.4066939829356735E-003
        4971   1.4414041123218006E-003
        4972   8.5312491781217123E-004
        4973   8.6557527647139910E-004
        4974   1.1850626007825272E-003
        4975   1.2177675518684730E-003
        4976   1.4101514409036952E-003
        4977   1.0914849077207711E-003
        4978   1.1875481954752738E-003
        4979   1.0011791095157143E-003
        4980   9.2325115905188748E-004
        4981   7.0452685915285793E-004
        4982   1.1158587356160012E-003
        4983   1.0839585819734513E-003
        4984   1.3486472568938815E-003
        4985   1.0993781171517824E-003
        4986   1.2560323151160804E-003
        4987   1.2928548794974841E-003
        4988   5.7649418265974604E-004
        4989   1.2222172957088106E-003
        4990   1.1531101315989160E-003
        4991   1.3254001481546528E-003
        4992   9.3089780323554305E-004
        4993   1.2245225954189527E-003
        4994   1.3434700525668138E-003
        4995   1.7423335904469611E-003
        4996   1.0480813173523824E-003
        4997   1.1583589346828974E-003
        4998   7.5632675451390902E-004
        4999   1.5771530421768826E-003
        5000   1.3322622842563887E-003
