           2  0.25975496433100481       0.26043203672102794       0.26043027494264237     
           3  0.64895214397906931       0.65320033103866282       0.65317265055466578     
           4  0.67163160037687142       0.67618329714335412       0.67615261671646465     
           5   1.0127554657146045        1.0231528413815127        1.0230468752355648     
           6   1.0730075209124332        1.0846883898492727        1.0845622313649983     
           7   1.0741677031985803        1.0858740299044138        1.0857474913639535     
           8   1.2291043076972001        1.2444635113514961        1.2442733202532565     
           9   1.2554660830037647        1.2714969521509154        1.2712941787630143     
          10   1.3055764522523148        1.3229244047228963        1.3226961524939895     
          11   1.3798940311080090        1.3992928500379682        1.3990229509436460     
          12   1.5210222897436063        1.5446375356643078        1.5442749799765565     
          13   1.5621500091302780        1.5870736355674597        1.5866805596772124     
          14   1.5758488324403843        1.6012162541667949        1.6008126727393162     
          15   1.6104635117626533        1.6369701662529179        1.6365391190382113     
          16   1.6198263358138196        1.6466455327065828        1.6462068819607580     
          17   1.6623772152596776        1.6906404165037598        1.6901658790745557     
          18   1.6721693773223190        1.7007703664945943        1.7002873391125632     
          19   1.7399507501955116        1.7709462353880985        1.7704012779364575     
          20   1.7420486303820737        1.7731197990464207        1.7725728963491463     
          21   1.7979594517272091        1.8310825113056914        1.8304805381292582     
          22   1.8084983341206948        1.8420156943640034        1.8414029839216255     
          23   1.8644983684725398        1.9001510444693415        1.8994788437166648     
          24   1.8886814636485878        1.9252771687627996        1.9245781489718610     
          25   1.9134932568899252        1.9510696372490066        1.9503423568290401     
          26   1.9201422531823273        1.9579836932522063        1.9572487542996555     
          27   1.9757007677382528        2.0157944294798269        2.0149928850888941     
          28   1.9766457823179833        2.0167783312670609        2.0159756808246598     
          29   1.9789992999741026        2.0192287799753075        2.0184232778483491     
          30   2.0138821478665583        2.0555623872338962        2.0547129231766164     
          31   2.1232107839491583        2.1696092972650347        2.1686114438009554     
          32   2.1326347147692957        2.1794521235872235        2.1784407767156395     
          33   2.1456786062693514        2.1930790163221077        2.1920487630261150     
          34   2.1593382952346452        2.2073532118985617        2.2063029007027737     
          35   2.1781856393217334        2.2270551316972473        2.2259766862778605     
          36   2.1789852661068889        2.2278911868327249        2.2268116022228526     
          37   2.1947749724061190        2.2444030840546247        2.2432995328575487     
          38   2.1950488140577442        2.2446894988089841        2.2435855966681331     
          39   2.2035921811860160        2.2536259482812180        2.2525089576637356     
          40   2.2313090277324039        2.2826290546928925        2.2814687181637936     
          41   2.2367788015958445        2.2883546533325645        2.2871856867501563     
          42   2.2980093604554703        2.3524937947141957        2.3512244756905787     
          43   2.3036570572782851        2.3584139157595554        2.3571351232041664     
          44   2.3372358269984486        2.3936268829182756        2.3922904025026099     
          45   2.3539331563768937        2.4111460669779259        2.4097802928825089     
          46   2.3603644947866198        2.4178955983911834        2.4165184717292476     
          47   2.3615060093433313        2.4190936850471023        2.4177145980291215     
          48   2.3669305744422791        2.4247874775118023        2.4233987671988331     
          49   2.3996384934393271        2.4591324758242346        2.4576843867291203     
          50   2.4157809926482479        2.4760916295634994        2.4746136496629774     
          51   2.4356878198716063        2.4970134738029031        2.4954980415071972     
          52   2.4402910733916836        2.5018526863013206        2.5003285621192646     
          53   2.4820090984532066        2.5457305122961866        2.5441254235059247     
          54   2.4937782814451088        2.5581159693431781        2.5564875800337177     
          55   2.5074276365375896        2.5724838940123678        2.5708281823197794     
          56   2.5182257644187365        2.5838534146266956        2.5821758851128749     
          57   2.5232531899739126        2.5891477531426603        2.5874600419384279     
          58   2.5262949253235085        2.5923512506370301        2.5906573903543730     
          59   2.5282366500843163        2.5943963453540162        2.5926985806613416     
          60   2.5317234614751909        2.5980689911548644        2.5963641355902070     
          61   2.5540301317981635        2.6215709116267005        2.6198197741413267     
          62   2.5721775906123865        2.6406989116549231        2.6389095137678851     
          63   2.5809258905824870        2.6499225133808357        2.6481145126694798     
          64   2.6232994445540552        2.6946223503636135        2.6927220587078011     
          65   2.6339033286509599        2.7058146356226667        2.7038908215135677     
          66   2.6353635040380752        2.7073560312570040        2.7054290348669525     
          67   2.6537772857103534        2.7267981332871671        2.7248297108391526     
          68   2.6628686262340135        2.7363999694575845        2.7344109154840979     
          69   2.7079675985069098        2.7840586127668554        2.7819646919043137     
          70   2.7100609937797371        2.7862719259800754        2.7841731306757538     
          71   2.7264449803986022        2.8035978369254555        2.8014600274544250     
          72   2.7334225713775759        2.8109783966961488        2.8088238732513346     
          73   2.7673323286301210        2.8468620258489450        2.8446246649140363     
          74   2.7676570901233921        2.8472058160955678        2.8449677389818007     
          75   2.7887369696229363        2.8695258870119806        2.8672352602349847     
          76   2.8114040710584054        2.8935376833122448        2.8911896144786411     
          77   2.8209769573289516        2.9036819323617955        2.9013093650901709     
          78   2.8250362931940671        2.9079841733184684        2.9056012171506183     
          79   2.8340606214645363        2.9175498314696613        2.9151435572577711     
          80   2.8576757306288796        2.9425901712157332        2.9401219950408475     
          81   2.8595573529846856        2.9445858936738727        2.9421128233073901     
          82   2.8699965213187668        2.9556595321168779        2.9531587693304431     
          83   2.8722526504954811        2.9580531062837254        2.9555464029135976     
          84   2.8760781824669812        2.9621119542619039        2.9595950916160660     
          85   2.8888299967430227        2.9756438711837783        2.9730927246031342     
          86   2.8969479608144764        2.9842603665540248        2.9816872631746349     
          87   2.9037982824092752        2.9915325277700076        2.9889408106488489     
          88   2.9084472562263364        2.9964683857708829        2.9938640140478157     
          89   2.9135834839090142        3.0019221322479406        2.9993037206497846     
          90   2.9136170532088270        3.0019577787403016        2.9993393678933842     
          91   2.9139483538216675        3.0023095808507736        2.9996903498780867     
          92   2.9158856440307974        3.0043668037367111        3.0017423204984368     
          93   2.9180252714099790        3.0066389883388220        3.0040086860002688     
          94   2.9262948942541840        3.0154219134566103        3.0127687680218287     
          95   2.9359513594641813        3.0256797163530438        3.0229997103114385     
          96   2.9365890665930507        3.0263572095424656        3.0236755110025584     
          97   2.9494470877453920        3.0400193917404796        3.0373015925130815     
          98   2.9496320015840904        3.0402158976159281        3.0374976699839138     
          99   2.9758584479440242        3.0680942752208420        3.0653012813597229     
         100   2.9764738966266018        3.0687486760125466        3.0659540042459312     
         101   2.9764873429834262        3.0687629734928095        3.0659683584252377     
         102   2.9787347563226936        3.0711527003725831        3.0683516985840242     
         103   2.9826504075507563        3.0753165762778165        3.0725043518247261     
         104   2.9843151042737803        3.0770869080871623        3.0742699581069957     
         105   2.9848804856121669        3.0776881805543503        3.0748696875991968     
         106   2.9933143285386419        3.0866582730987755        3.0838153544736642     
         107   3.0154574860792107        3.1102170225119776        3.1073091304324265     
         108   3.0215136975662746        3.1166623356984955        3.1137365693486032     
         109   3.0399700984416995        3.1363096559161239        3.1333287548102433     
         110   3.0420248038021449        3.1384974210370515        3.1355104253277162     
         111   3.0645683693722923        3.1625071643538960        3.1594517526122914     
         112   3.0719235169239241        3.1703431676141092        3.1672652720976302     
         113   3.0874100592899274        3.1868461860538333        3.1837204715223137     
         114   3.0876620410712188        3.1871147519739624        3.1839883528884627     
         115   3.0910775777971833        3.1907552239827264        3.1876182864450158     
         116   3.0981879753161867        3.1983347377388607        3.1951756753980689     
         117   3.1028437329561895        3.2032982866155022        3.2001247141570985     
         118   3.1135092425483695        3.2146707486179351        3.2114636348163046     
         119   3.1455781004085854        3.2488808476605144        3.2455712248999333     
         120   3.1463688726055734        3.2497247155782434        3.2464126361308487     
         121   3.1526142241285493        3.2563899063405679        3.2530576786674175     
         122   3.1567891244144417        3.2608459568211776        3.2575002474548569     
         123   3.1616451147678895        3.2660294636413694        3.2626680095205671     
         124   3.1663897874581415        3.2710946639733929        3.2677177793667767     
         125   3.1690124669492423        3.2738947395098776        3.2705093503336187     
         126   3.1793182926335333        3.2848991623822772        3.2814799114174988     
         127   3.1870155109386435        3.2931197294319556        3.2896750635006811     
         128   3.1904861300083902        3.2968267647353118        3.2933706537206717     
         129   3.2071027785158011        3.3145791372039439        3.3110674758196339     
         130   3.2096599765362552        3.3173116757359038        3.3137914993998123     
         131   3.2156334135827143        3.3236952779525897        3.3201550172395855     
         132   3.2203922404266687        3.3287814522777053        3.3252251561245743     
         133   3.2255560564425187        3.3343010593060840        3.3307272979246605     
         134   3.2529038809981072        3.3635433336254175        3.3598756451492164     
         135   3.2580297757865826        3.3690262151923527        3.3653408220752468     
         136   3.2594332425956676        3.3705275296114090        3.3668373551895456     
         137   3.2635281929575806        3.3749082314618666        3.3712038795920236     
         138   3.2666510887342941        3.3782493053496694        3.3745341413704963     
         139   3.2719095479717843        3.3838756462990927        3.3801421551185342     
         140   3.2779963002985957        3.3903890183626864        3.3866342192217473     
         141   3.2917166826991142        3.4050741733757364        3.4012709049492500     
         142   3.2931787668719696        3.4066393208727148        3.4028309574581570     
         143   3.2933447004803957        3.4068169543516560        3.4030081067449203     
         144   3.3107736724133314        3.4254783469142245        3.4216072228381549     
         145   3.3108975284600053        3.4256109858766788        3.4217395230545122     
         146   3.3172604544242539        3.4324255948921389        3.4285312907760286     
         147   3.3197689716523699        3.4351124387332379        3.4312091693850562     
         148   3.3240559644309222        3.4397045214442197        3.4357858215458634     
         149   3.3287337409141378        3.4447156797476266        3.4407800851727401     
         150   3.3407862229521466        3.4576294481982863        3.4536499235483191     
         151   3.3425263571273862        3.4594942102475725        3.4555084079789324     
         152   3.3558346526701595        3.4737579421130675        3.4697231805000186     
         153   3.3626961227393242        3.4811136046337463        3.4770534937660145     
         154   3.3634075265591612        3.4818763087198197        3.4778136609747961     
         155   3.3651824189477093        3.4837792416602182        3.4797100968166177     
         156   3.3801522214544879        3.4998318461636329        3.4957068032735421     
         157   3.3963816770080584        3.5172410419057059        3.5130547989508827     
         158   3.3982360928344675        3.5192306435566612        3.5150374660576134     
         159   3.3992170155520220        3.5202831069803642        3.5160863099803166     
         160   3.4056015727069489        3.5271338443873659        3.5229128274574464     
         161   3.4106831608236647        3.5325871449977897        3.5283468052505498     
         162   3.4162909422428727        3.5386058197835575        3.5343440745859098     
         163   3.4222112518180201        3.5449607085657640        3.5406762785550256     
         164   3.4244107423313719        3.5473218580562400        3.5430290489877194     
         165   3.4262873239267604        3.5493364534999006        3.5450365028358846     
         166   3.4304356331012973        3.5537901395867015        3.5494742380637092     
         167   3.4369949821111798        3.5608331633680157        3.5564918925688431     
         168   3.4408578661307985        3.5649813538185224        3.5606251409151852     
         169   3.4512595760030162        3.5761530286676617        3.5717562156967659     
         170   3.4625977559385697        3.5883333378391695        3.5838919658832040     
         171   3.4687848503401622        3.5949812225651585        3.5905154568988422     
         172   3.4736600826444173        3.6002201656010828        3.5957351378338771     
         173   3.4763056409389876        3.6030633223085875        3.5985678696694308     
         174   3.4781809029388651        3.6050787467254599        3.6005759273109845     
         175   3.4873997671475867        3.6149878365976451        3.6104482368544737     
         176   3.4902503052507132        3.6180521948959012        3.6135012592399107     
         177   3.4917790146000702        3.6196956508171114        3.6151386803688013     
         178   3.4924280286663176        3.6203933969143467        3.6158339279543057     
         179   3.4944440565015906        3.6225608628166355        3.6179933874629455     
         180   3.4962102740325101        3.6244598306197622        3.6198853470070489     
         181   3.4997687208834476        3.6282859521231514        3.6236972107614989     
         182   3.5016116271641833        3.6302676011893098        3.6256715185975921     
         183   3.5101905281755030        3.6394933967419152        3.6348626161717803     
         184   3.5196269791334225        3.6496433724882968        3.6449742077184766     
         185   3.5336301731859874        3.6647091980414426        3.6599826177443049     
         186   3.5411335657096492        3.6727838533547894        3.6680263638312098     
         187   3.5508131531210587        3.6832023123452324        3.6784047116643848     
         188   3.5607738450585851        3.6939256002524834        3.6890864794935183     
         189   3.5620839753705500        3.6953362060044079        3.6904917065004881     
         190   3.5739704558239471        3.7081360934365946        3.7032416648545947     
         191   3.5828628515814422        3.7177139612389807        3.7127819805106910     
         192   3.5844653115404590        3.7194401422533843        3.7145014691377369     
         193   3.5945042897382691        3.7302555557178474        3.7252741971297638     
         194   3.5980680154297890        3.7340954700173987        3.7290989736257814     
         195   3.6046236610039686        3.7411599481710658        3.7361354239405387     
         196   3.6076057344114645        3.7443738128688704        3.7393365676011499     
         197   3.6146702641238959        3.7519882804469757        3.7469206493915834     
         198   3.6189796106237635        3.7566336572346133        3.7515474753621660     
         199   3.6243711231375428        3.7624461920265579        3.7573367055624658     
         200   3.6264529430269103        3.7646907617115386        3.7595723295981429     
         201   3.6289691090662375        3.7674037677882466        3.7622744844654150     
         202   3.6304288840566437        3.7689778086682768        3.7638422722834335     
         203   3.6308531965130841        3.7694353440593407        3.7642980730023865     
         204   3.6395770149326823        3.7788431504903834        3.7736678002961597     
         205   3.6404207169250475        3.7797530965325206        3.7745741605498111     
         206   3.6404278418356903        3.7797607809326896        3.7745819322919090     
         207   3.6428069714222038        3.7823267996867602        3.7771376140218322     
         208   3.6440099738882137        3.7836243524449849        3.7784299931481442     
         209   3.6660151808633330        3.8073650076630798        3.8020733102316626     
         210   3.6710279328689310        3.8127746688373567        3.8074607175940187     
         211   3.6778549433176453        3.8201431827429602        3.8147987768062279     
         212   3.6829188881645245        3.8256094901079609        3.8202424482758701     
         213   3.6934159144587788        3.8369424753640917        3.8315281731397590     
         214   3.7032890712803139        3.8476042523989142        3.8421452468243658     
         215   3.7034345218039446        3.8477613378040467        3.8423017908696337     
         216   3.7037061874003410        3.8480547358025436        3.8425940727208570     
         217   3.7101260516587278        3.8549886703334151        3.8494988399856922     
         218   3.7123155492170277        3.8573537117026664        3.8518539893091415     
         219   3.7123649921842823        3.8574071200705280        3.8519072926028457     
         220   3.7126013726219691        3.8576624593644868        3.8521616712803635     
         221   3.7195058264485015        3.8651212591902482        3.8595889298422890     
         222   3.7264401492635306        3.8726134462031645        3.8670493141268736     
         223   3.7278212270204900        3.8741057653256985        3.8685353817943593     
         224   3.7326055270015956        3.8792757696913207        3.8736833917445281     
         225   3.7351503531773993        3.8820259744400127        3.8764219302210563     
         226   3.7429503425718158        3.8904563995150068        3.8848162406272948     
         227   3.7442143691160052        3.8918227251043596        3.8861768011723186     
         228   3.7479521057441176        3.8958631792809939        3.8901999443293320     
         229   3.7596538727544528        3.9085147785560834        3.9027968502171646     
         230   3.7685539183675552        3.9181393845162305        3.9123796463525409     
         231   3.7689849653598393        3.9186055704540697        3.9128439192906228     
         232   3.7709620859717914        3.9207439216074547        3.9149730478084663     
         233   3.7725987881330711        3.9225141630032292        3.9167356679869627     
         234   3.7750871463472051        3.9252056675213645        3.9194155079492248     
         235   3.7754521119307372        3.9256004406005558        3.9198086741525060     
         236   3.7758687136326188        3.9260510708365364        3.9202574522898033     
         237   3.7765986156610505        3.9268406019424842        3.9210436445312169     
         238   3.7810422584048853        3.9316475354534366        3.9258295925394933     
         239   3.7919023365474596        3.9433974263539642        3.9375277972836500     
         240   3.7936751753276159        3.9453157836075103        3.9394377911975837     
         241   3.7937788286358187        3.9454279472827971        3.9395495824642168     
         242   3.7967014880897740        3.9485906727894098        3.9426984209523894     
         243   3.8012258644536976        3.9534870741682875        3.9475732120007123     
         244   3.8022842053877861        3.9546325083000244        3.9487136784804093     
         245   3.8040662464964563        3.9565612567738935        3.9506339706482763     
         246   3.8053099961685728        3.9579074428037293        3.9519742873418906     
         247   3.8062154996368287        3.9588875471635840        3.9529501498667443     
         248   3.8137241611050019        3.9670155581686544        3.9610419942713406     
         249   3.8171119632069770        3.9706832346475673        3.9646933721301423     
         250   3.8213885402339698        3.9753134940580965        3.9693029805263791     
         251   3.8217954535135767        3.9757540823075113        3.9697417144794684     
         252   3.8253964388815587        3.9796532440514039        3.9736234654873499     
         253   3.8261470743859411        3.9804660735577841        3.9744327604349934     
         254   3.8306842998048651        3.9853795127235450        3.9793241710554668     
         255   3.8335381567605298        3.9884702507096277        3.9824010716343565     
         256   3.8363979805381963        3.9915676424514186        3.9854845748851844     
         257   3.8422306697036106        3.9978854528100150        3.9917738605920619     
         258   3.8423007910918994        3.9979614112482547        3.9918495998535306     
         259   3.8492572739355158        4.0054975397951198        3.9993515624725475     
         260   3.8527777513326269        4.0093117922471846        4.0031485370500945     
         261   3.8528000190168399        4.0093359190401507        4.0031726798493281     
         262   3.8558470678511134        4.0126374730140775        4.0064592692647025     
         263   3.8629028970036647        4.0202834781889321        4.0140703595373211     
         264   3.8629707969374634        4.0203570632082553        4.0141437332490000     
         265   3.8644597093854252        4.0219706656618062        4.0157500503715795     
         266   3.8678062961986539        4.0255977047832312        4.0193605346176540     
         267   3.8804374168875708        4.0392897159194190        4.0329894362870959     
         268   3.8818535403899825        4.0408250137000747        4.0345177444710529     
         269   3.8820825912368324        4.0410733448157092        4.0347650512061719     
         270   3.8855213450162656        4.0448017026610144        4.0384762297593539     
         271   3.8907395868508767        4.0504599441106377        4.0441082744654224     
         272   3.8988146388738878        4.0592171428863315        4.0528247180712071     
         273   3.8998980046666158        4.0603921436068102        4.0539943481144647     
         274   3.9009183423051850        4.0614988102780929        4.0550959610952617     
         275   3.9009981260192195        4.0615853453890516        4.0551822188417006     
         276   3.9026295259389832        4.0633548292367356        4.0569435395904918     
         277   3.9035187967187497        4.0643193954870140        4.0579037113348377     
         278   3.9119292564785337        4.0734428978413293        4.0669844617431394     
         279   3.9126688213772614        4.0742452430244454        4.0677831553192974     
         280   3.9247455074986886        4.0873489185340368        4.0808250215076356     
         281   3.9350387299526099        4.0985201778934037        4.0919433002959380     
         282   3.9497450147518247        4.1144852762711457        4.1078321381867511     
         283   3.9510535135235401        4.1159060255810047        4.1092461911967106     
         284   3.9524886747634236        4.1174643496157719        4.1107971527378240     
         285   3.9525725235732523        4.1175553956718929        4.1108878906592494     
         286   3.9544218223069443        4.1195634729599098        4.1128864346184102     
         287   3.9598464254679557        4.1254542912806684        4.1187489826218808     
         288   3.9608283906360215        4.1265207252106029        4.1198103967844446     
         289   3.9729503667038530        4.1396873089488269        4.1329133159000051     
         290   3.9796666004502437        4.1469838050838046        4.1401744193438077     
         291   3.9832548685013180        4.1508825251466588        4.1440542392771604     
         292   3.9903362707761834        4.1585774926704309        4.1517116740880482     
         293   3.9941474886513033        4.1627194222336410        4.1558334056646729     
         294   4.0039690526968634        4.1733948167957511        4.1664563538674670     
         295   4.0055882063052026        4.1751549492150639        4.1682079239094350     
         296   4.0056666444250251        4.1752402184722328        4.1682929034908582     
         297   4.0117966876483306        4.1819045739493701        4.1749244068708506     
         298   4.0123927238511508        4.1825526097729773        4.1755693618372547     
         299   4.0138716280439208        4.1841605733721403        4.1771694813959854     
         300   4.0153773937123258        4.1857977956950885        4.1787987084834199     
         301   4.0192392293471988        4.1899970231519799        4.1829771946543701     
         302   4.0236021802613937        4.1947415704779534        4.1876982412481141     
         303   4.0262058614301592        4.1975731917164900        4.1905158655653594     
         304   4.0296028096579892        4.2012677679301955        4.1941921111198610     
         305   4.0412860363394785        4.2139767200508071        4.2068374435498654     
         306   4.0434550011301340        4.2163364640272452        4.2091854420629033     
         307   4.0461027738903317        4.2192172822363867        4.2120518744063844     
         308   4.0465049116119980        4.2196548288915059        4.2124873473498639     
         309   4.0467812478052627        4.2199554991920465        4.2127866340605848     
         310   4.0470494557821333        4.2202473272362342        4.2130771229301729     
         311   4.0491131769987074        4.2224928495908802        4.2153114426385514     
         312   4.0594502818322917        4.2337421076783492        4.2265038691546479     
         313   4.0628564224659076        4.2374493629502936        4.2301924204617407     
         314   4.0650079160561603        4.2397911976871274        4.2325224729365871     
         315   4.0707212816990284        4.2460105532527139        4.2387102541566719     
         316   4.0709204765746758        4.2462274032803737        4.2389261310232840     
         317   4.0749219653360722        4.2505837534580628        4.2432603492738608     
         318   4.0759595615980766        4.2517134281650604        4.2443843769900909     
         319   4.0785457113341295        4.2545291892857202        4.2471858495295081     
         320   4.0820282061824473        4.2583211280985171        4.2509584704087118     
         321   4.0940029365483408        4.2713620917586228        4.2639324126342757     
         322   4.0949039444215556        4.2723434632256634        4.2649088491609390     
         323   4.1028155370800343        4.2809615417936353        4.2734824440268611     
         324   4.1123386343527475        4.2913369988768446        4.2838040873761685     
         325   4.1152739085746068        4.2945354274001870        4.2869859695302281     
         326   4.1157059681339971        4.2950062393996458        4.2874544595456783     
         327   4.1162497545062102        4.2955988055542482        4.2880440674353437     
         328   4.1209358694200011        4.3007055745001725        4.2931242740825653     
         329   4.1258117887861134        4.3060197396512248        4.2984107274477168     
         330   4.1284025716376647        4.3088436108829873        4.3012199097097223     
         331   4.1301129132444911        4.3107079164505508        4.3030745536744774     
         332   4.1342967187729602        4.3152686387461863        4.3076114089237620     
         333   4.1346350686706774        4.3156374885847750        4.3079784516767745     
         334   4.1353822956008885        4.3164520825782038        4.3087888888889907     
         335   4.1364224575658364        4.3175860435812456        4.3099170073720430     
         336   4.1465551753201275        4.3286338485726699        4.3209065387767112     
         337   4.1466401803587400        4.3287265407548619        4.3209988764478453     
         338   4.1516123760254491        4.3341486791547714        4.3263923774323914     
         339   4.1516713493497033        4.3342129926073474        4.3264564861307946     
         340   4.1557696051177206        4.3386825545926477        4.3309024127666547     
         341   4.1628107342322052        4.3463625503214551        4.3385415868194031     
         342   4.1667376545534580        4.3506462865163380        4.3428025533614019     
         343   4.1688266549435387        4.3529252514938221        4.3450694513790253     
         344   4.1708499107125556        4.3551325923469006        4.3472650970943860     
         345   4.1727751433920908        4.3572330820040968        4.3493544536711966     
         346   4.1752200326551829        4.3599006605948691        4.3520078411865981     
         347   4.1774639792809429        4.3623491192294113        4.3544432708556755     
         348   4.1781287217686680        4.3630744689872136        4.3551648551356550     
         349   4.1785552606454921        4.3635399026865773        4.3556279214253308     
         350   4.1834045124765478        4.3688316481382321        4.3608912839569456     
         351   4.1885311875642310        4.3744267407790423        4.3664562859374527     
         352   4.1885525171019040        4.3744500204764076        4.3664795780082386     
         353   4.1890911512152433        4.3750379055012090        4.3670644207649616     
         354   4.2017752004271607        4.3888837402579171        4.3808352452339321     
         355   4.2039560074427111        4.3912646829088589        4.3832033576049199     
         356   4.2067053742782248        4.3942665244683417        4.3861889674655004     
         357   4.2097685586674984        4.3976112137543613        4.3895155298704367     
         358   4.2121326383908491        4.4001927040341524        4.3920830428921462     
         359   4.2150081306030946        4.4033328180716786        4.3952061033820158     
         360   4.2157365169501277        4.4041282666561887        4.3959973322288661     
         361   4.2196474705017986        4.4083995165301131        4.4002452891210524     
         362   4.2217931729617391        4.4107430466937512        4.4025760832872720     
         363   4.2245680958760818        4.4137739725509055        4.4055904769698557     
         364   4.2252445395808795        4.4145128500157025        4.4063254264680296     
         365   4.2338890582949507        4.4239561938048446        4.4157168071680886     
         366   4.2374704995563590        4.4278691124700007        4.4196082133404744     
         367   4.2414612906544420        4.4322296287646727        4.4239446967111604     
         368   4.2429196530016853        4.4338231953704392        4.4255295579207683     
         369   4.2444849133598304        4.4355336269756593        4.4272306286264893     
         370   4.2456734466873725        4.4368324308024887        4.4285223533950315     
         371   4.2478631706082473        4.4392254026602176        4.4309021535784154     
         372   4.2505227648220556        4.4421320117252359        4.4337927149758798     
         373   4.2511978020076571        4.4428697711545837        4.4345265028038341     
         374   4.2524183476106288        4.4442037534926246        4.4358531869484779     
         375   4.2608674505723148        4.4534390867777338        4.4450370424156418     
         376   4.2631650481443977        4.4559507820683573        4.4475348042395524     
         377   4.2633324676584126        4.4561338072167542        4.4477169442173334     
         378   4.2698588883978408        4.4632690957806078        4.4548123037388478     
         379   4.2749394653376749        4.4688243587322978        4.4603364248322492     
         380   4.2759758390694591        4.4699576382321533        4.4614634547273866     
         381   4.2813935196776853        4.4758823153387057        4.4673548103443608     
         382   4.2856870167748289        4.4805781044664075        4.4720241579606181     
         383   4.2869700352920486        4.4819814248224894        4.4734196653756371     
         384   4.2884934587997323        4.4836477428185688        4.4750766733956695     
         385   4.2898215135437594        4.4851004121069709        4.4765212390903244     
         386   4.2912961362743687        4.4867134516560618        4.4781252587481006     
         387   4.2931712750027948        4.4887646771662704        4.4801649663529801     
         388   4.2943192217182897        4.4900204644971131        4.4814137523264392     
         389   4.2974059233971369        4.4933972940876918        4.4847714959689782     
         390   4.2998088453296894        4.4960262314028645        4.4873855866464822     
         391   4.3032607180920861        4.4998030242779485        4.4911409587203721     
         392   4.3038057215207957        4.5003993542198151        4.4917340232623886     
         393   4.3058474540049971        4.5026334331473912        4.4939554696870161     
         394   4.3089052700476076        4.5059795050008429        4.4972825274816586     
         395   4.3123861765392890        4.5097888239780204        4.5010701467928200     
         396   4.3128010517423858        4.5102428606973719        4.5015217205305262     
         397   4.3135987348226603        4.5111158514482517        4.5023898424356972     
         398   4.3174287752198452        4.5153076906327847        4.5065577337285134     
         399   4.3200063237237769        4.5181289210809021        4.5093628689805243     
         400   4.3250733025860395        4.5236753972159747        4.5148775069543632     
         401   4.3269418724431050        4.5257209484746603        4.5169113875496905     
         402   4.3282176870676548        4.5271176498272281        4.5183001597525134     
         403   4.3287879301000967        4.5277419374752199        4.5189209810484314     
         404   4.3325694821632332        4.5318820822706147        4.5230373057638786     
         405   4.3348234452660739        4.5343499447030613        4.5254910073716914     
         406   4.3379234423689130        4.5377443280791150        4.5288658349952868     
         407   4.3386936053375971        4.5385876640815361        4.5297044159976991     
         408   4.3413888010539132        4.5415390418120376        4.5326387797278826     
         409   4.3417171451390049        4.5418986073533318        4.5329963973427354     
         410   4.3445127534706778        4.5449601481521587        4.5360402582583461     
         411   4.3448386591437069        4.5453170678295214        4.5363952424873659     
         412   4.3499594165741158        4.5509254639744920        4.5419710661634127     
         413   4.3525412299433910        4.5537533764395084        4.5447825965969528     
         414   4.3537864478609034        4.5551173460151206        4.5461387323586138     
         415   4.3565273957487713        4.5581198186911127        4.5491237710642807     
         416   4.3575855222960147        4.5592789535572509        4.5502762580788527     
         417   4.3580563338701834        4.5597947172463895        4.5507891428984877     
         418   4.3600142740764056        4.5619396546018773        4.5529216442945071     
         419   4.3671822785264194        4.5697930393766351        4.5607290142472010     
         420   4.3678202605371022        4.5704920828512146        4.5614240863607236     
         421   4.3679818118687734        4.5706690978636662        4.5616002037062202     
         422   4.3715238998641999        4.5745503917545722        4.5654587643087012     
         423   4.3718670914885580        4.5749264649259862        4.5658327637131109     
         424   4.3722869657223109        4.5753865715947901        4.5662903003692463     
         425   4.3785506405370764        4.5822509357674157        4.5731142413628803     
         426   4.3794402005889879        4.5832258814730542        4.5740835608512498     
         427   4.3840980486013068        4.5883311298759208        4.5791586937857645     
         428   4.3864291948956851        4.5908863855618751        4.5816989244388751     
         429   4.3870346438620960        4.5915500619334617        4.5823588034359730     
         430   4.3887174284558572        4.5933947300217861        4.5841926521054503     
         431   4.3887300031508198        4.5934085146557173        4.5842065003801693     
         432   4.3892477861608379        4.5939761221219415        4.5847708777852461     
         433   4.3899497699726346        4.5947456656816303        4.5855359890611211     
         434   4.3967982216032810        4.6022538418270607        4.5929995677469293     
         435   4.3986975752535606        4.6043363635874224        4.5950698000711512     
         436   4.4137338696604012        4.6208257762879663        4.6114605105698629     
         437   4.4143065054947597        4.6214538595665147        4.6120849617037862     
         438   4.4199550520582633        4.6276497689673493        4.6182436885343563     
         439   4.4251402390220065        4.6333380936654525        4.6238978036569804     
         440   4.4277332657302697        4.6361829740287064        4.6267256178023715     
         441   4.4292107241419627        4.6378040063632469        4.6283369798519303     
         442   4.4335239111558762        4.6425366335607992        4.6330410542935496     
         443   4.4357213766964012        4.6449479660940529        4.6354378893524029     
         444   4.4394671543621103        4.6490585673664011        4.6395236391281216     
         445   4.4407188341988233        4.6504322310943644        4.6408890867797581     
         446   4.4434640806341994        4.6534451508244885        4.6438837931218231     
         447   4.4448318055113969        4.6549463025015614        4.6453759357224698     
         448   4.4466670570025792        4.6569606606179983        4.6473781453848773     
         449   4.4517169963002123        4.6625038545990316        4.6528875969425201     
         450   4.4568004053632180        4.6680844082492374        4.6584341010730341     
         451   4.4573056981458814        4.6686391514261967        4.6589855885862264     
         452   4.4577947630337320        4.6691760844296484        4.6595193744791743     
         453   4.4600280732706068        4.6716280572546065        4.6619564380007077     
         454   4.4626453249567692        4.6745017161319637        4.6648125786270356     
         455   4.4635158465878026        4.6754575577219839        4.6657626876267884     
         456   4.4641776316369075        4.6761842166515093        4.6664850225128092     
         457   4.4657504629504130        4.6779112728372665        4.6682015920933111     
         458   4.4737881431506743        4.6867380238557264        4.6769740188043230     
         459   4.4805945037619663        4.6942137934829615        4.6844036461982128     
         460   4.4809785394489925        4.6946356325887324        4.6848230179490571     
         461   4.4831124322826055        4.6969796448055430        4.6871526327909763     
         462   4.4854670234957181        4.6995662145793400        4.6897232837066625     
         463   4.4910495975927454        4.7056993286774693        4.6958183792276884     
         464   4.4921074353727946        4.7068615726570249        4.6969735288153274     
         465   4.4925577235988232        4.7073563115115551        4.6974653325376110     
         466   4.4964270837696327        4.7116078410175275        4.7016904786522176     
         467   4.5015263317529177        4.7172112842023095        4.7072590307744164     
         468   4.5053432194889824        4.7214059829790544        4.7114275953685620     
         469   4.5113973589315437        4.7280601075692017        4.7180400824029434     
         470   4.5171539326838035        4.7343879981644426        4.7243282786980245     
         471   4.5173391941122718        4.7345916593481450        4.7245308061217060     
         472   4.5173918222796496        4.7346495145799832        4.7245884468940815     
         473   4.5212529626712534        4.7388943286290024        4.7288066225943695     
         474   4.5213491762461677        4.7390001073528483        4.7289118836479673     
         475   4.5221030205017145        4.7398289033791903        4.7297355940518315     
         476   4.5228155830061940        4.7406123258026218        4.7305142159118532     
         477   4.5257516082212543        4.7438404499991087        4.7337220728284493     
         478   4.5275240788645625        4.7457893609169881        4.7356587945567057     
         479   4.5337360085295035        4.7526202557223698        4.7424465117357713     
         480   4.5354957700718979        4.7545555319474726        4.7443696415334955     
         481   4.5368155006981237        4.7560069387101640        4.7458119702436719     
         482   4.5386280554046055        4.7580004097520581        4.7477929075776757     
         483   4.5394805106614342        4.7589379785174115        4.7487246580185669     
         484   4.5394896109104526        4.7589479874768461        4.7487347543958194     
         485   4.5430381392907790        4.7628510088504017        4.7526130520599708     
         486   4.5482777570876056        4.7686146142117405        4.7583400037422905     
         487   4.5502799476649161        4.7708172091569905        4.7605286621961866     
         488   4.5545044945002697        4.7754649200436523        4.7651467562105694     
         489   4.5566376664489372        4.7778119315420877        4.7674788655856446     
         490   4.5568370598568606        4.7780313187470398        4.7676969966907947     
         491   4.5585154209483969        4.7798780124778082        4.7695319863414056     
         492   4.5602270174150092        4.7817613452010761        4.7714033706979819     
         493   4.5614207551997223        4.7830749009080700        4.7727086334069639     
         494   4.5629717156720453        4.7847815860254119        4.7744044914219117     
         495   4.5632455137207968        4.7850828808981367        4.7747039993091107     
         496   4.5636698185854172        4.7855498011806601        4.7751680662540181     
         497   4.5640126937548082        4.7859271164930677        4.7755431045810326     
         498   4.5645098247926112        4.7864741869825851        4.7760868046118290     
         499   4.5659713366605956        4.7880825501427582        4.7776849592886350     
         500   4.5732186768826217        4.7960588605258394        4.7856099414285183     
         501   4.5732250665568888        4.7960658934638056        4.7856170813044159     
         502   4.5812293879508257        4.8048768058190117        4.7943710861052082     
         503   4.5817141822618925        4.8054105024501368        4.7949014726795625     
         504   4.5839098658615409        4.8078277410474355        4.7973031710430760     
         505   4.5847523084898629        4.8087552211953772        4.7982247786470538     
         506   4.5859618192859353        4.8100868520474771        4.7995479075083765     
         507   4.5873837077734851        4.8116523489742384        4.8011033765733444     
         508   4.5931884836755081        4.8180439064161664        4.8074534548918066     
         509   4.5955849988040844        4.8206829139657987        4.8100753949645139     
         510   4.5958133553325382        4.8209343841170860        4.8103253764477358     
         511   4.5985486041319925        4.8239465856203347        4.8133180510659415     
         512   4.6011881811494026        4.8268536003345268        4.8162062036921682     
         513   4.6055475399024814        4.8316550124009083        4.8209763135803740     
         514   4.6071291491314312        4.8333971159984594        4.8227071427374142     
         515   4.6077484227659937        4.8340792471853833        4.8233849506951643     
         516   4.6091454811402164        4.8356181440476274        4.8249138968403500     
         517   4.6093376970488675        4.8358298786770364        4.8251243944658384     
         518   4.6109860706043335        4.8376456744810277        4.8269284124938068     
         519   4.6127296283810937        4.8395663939579698        4.8288366553842650     
         520   4.6140007298548511        4.8409666976772980        4.8302278986567160     
         521   4.6146895757492317        4.8417255783138629        4.8309819374490388     
         522   4.6173073043234840        4.8446095555735242        4.8338470694483249     
         523   4.6223028820044494        4.8501136942015082        4.8393150409705115     
         524   4.6257200148815132        4.8538790478389444        4.8430556557766238     
         525   4.6293111687336808        4.8578364615586196        4.8469870208088537     
         526   4.6297875333299814        4.8583614338571168        4.8475086685116295     
         527   4.6304528455429610        4.8590946429974640        4.8482371718408857     
         528   4.6337696696402766        4.8627501184704993        4.8518685492131226     
         529   4.6390956668438204        4.8686204649960976        4.8577000291800942     
         530   4.6401095961404177        4.8697381021345967        4.8588103817214048     
         531   4.6427751396743906        4.8726764049244098        4.8617292651322828     
         532   4.6456151435142345        4.8758072101687873        4.8648393435774295     
         533   4.6519296669090631        4.8827690100201400        4.8717547718940679     
         534   4.6522757394820449        4.8831505851237518        4.8721339484896617     
         535   4.6532058747582301        4.8841761545745186        4.8731528073778634     
         536   4.6554921002196243        4.8866970418102111        4.8756569615227505     
         537   4.6570050299859549        4.8883653309516246        4.8773142203026580     
         538   4.6604681969844357        4.8921843323794088        4.8811077432057317     
         539   4.6609997003780821        4.8927704726488956        4.8816901013750211     
         540   4.6623426478295915        4.8942515014861909        4.8831613321441125     
         541   4.6644330669231202        4.8965569440306345        4.8854514243554306     
         542   4.6663674923017666        4.8986904418296904        4.8875707158010542     
         543   4.6668347965089980        4.8992058501356626        4.8880828085575416     
         544   4.6743874505692036        4.9075367081589949        4.8963576141194025     
         545   4.6747401126152308        4.9079257414200494        4.8967441742116335     
         546   4.6774596157728814        4.9109258176977386        4.8997241168171684     
         547   4.6786297930548386        4.9122167784161013        4.9010064955238519     
         548   4.6795412593488752        4.9132223475915531        4.9020054114214204     
         549   4.6850088751627803        4.9192548832230587        4.9079971952771828     
         550   4.6880070964537008        4.9225631929028157        4.9112831858427839     
         551   4.6883722123835012        4.9229660855771264        4.9116834960487239     
         552   4.6912735117004916        4.9261676834239347        4.9148634686390480     
         553   4.6914205101147681        4.9263299023426574        4.9150247399587812     
         554   4.6918764489599347        4.9268330533389033        4.9155246218698210     
         555   4.6934342111315015        4.9285521589049699        4.9172321740445284     
         556   4.6936558736239018        4.9287967846344509        4.9174752896515770     
         557   4.6988292886597778        4.9345064821565332        4.9231461903871505     
         558   4.6989429227452417        4.9346319030076282        4.9232709116521249     
         559   4.7062933781014129        4.9427454573181739        4.9313291167038358     
         560   4.7101052143857256        4.9469535437913095        4.9355085028074157     
         561   4.7119145957800876        4.9489511389977840        4.9374925400192566     
         562   4.7150655497922624        4.9524300491756481        4.9409476960368508     
         563   4.7153171974353434        4.9527078991325419        4.9412237925020293     
         564   4.7156172306906594        4.9530391747758609        4.9415529469115995     
         565   4.7166757855965153        4.9542079742726051        4.9427138613566655     
         566   4.7196525057168044        4.9574948552683358        4.9459782627655073     
         567   4.7253087025465472        4.9637409978346518        4.9521814649651148     
         568   4.7285533952527574        4.9673244667436531        4.9557403187539961     
         569   4.7314513214414138        4.9705251806091804        4.9589190344749952     
         570   4.7370919569117955        4.9767557613031750        4.9651065643907941     
         571   4.7379113127239982        4.9776608768402140        4.9660055527404836     
         572   4.7410610111899034        4.9811403981632321        4.9694610481217580     
         573   4.7536875896637341        4.9950916090940289        4.9833151215292091     
         574   4.7551306833520037        4.9966863431415449        4.9848988594692116     
         575   4.7567049236138521        4.9984260626605188        4.9866265609173439     
         576   4.7567207751534895        4.9984435807727037        4.9866441155823011     
         577   4.7588175208195436        5.0007608246641038        4.9889452862468531     
         578   4.7615161742798069        5.0037434323205296        4.9919071384552538     
         579   4.7628185480485046        5.0051829064174882        4.9933366694029004     
         580   4.7631395420012916        5.0055376976319153        4.9936891291953103     
         581   4.7646998363597195        5.0072623103129779        4.9954017885845374     
         582   4.7693425116941564        5.0123942687292455        5.0004978147492380     
         583   4.7731280255595445        5.0165791208705253        5.0046533427127926     
         584   4.7755379801225732        5.0192434868356157        5.0072990722845319     
         585   4.7775861727543631        5.0215080124017222        5.0095477671409583     
         586   4.7777555179234588        5.0216952486319908        5.0097338405978462     
         587   4.7782743906983285        5.0222689438967230        5.0103036422929534     
         588   4.7788470617523533        5.0229021292418592        5.0109325127115056     
         589   4.7793385225233695        5.0234455291869367        5.0114722314292592     
         590   4.7797705780576596        5.0239232506345894        5.0119467352843046     
         591   4.7818812003939533        5.0262570198521788        5.0142641551400615     
         592   4.7850625802585647        5.0297749589680336        5.0177573399996405     
         593   4.7862582559828617        5.0310971896282588        5.0190703580556217     
         594   4.7864845898300361        5.0313474834597427        5.0193190374136307     
         595   4.7869596714488338        5.0318728618884565        5.0198408502488903     
         596   4.7891545319066031        5.0343001635175204        5.0222510883576916     
         597   4.7952779244861521        5.0410726615958517        5.0289756051453338     
         598   4.7989358608423647        5.0451187923831542        5.0329930753732270     
         599   4.8006726342788939        5.0470399936121630        5.0349007367492078     
         600   4.8016126212447370        5.0480798284866397        5.0359333129157804     
         601   4.8073479151679468        5.0544248090857291        5.0422331169500509     
         602   4.8113001823360557        5.0587976880901202        5.0465748470554459     
         603   4.8122399903155300        5.0598375694697024        5.0476074363983088     
         604   4.8185820642662573        5.0668555307815399        5.0545751808424697     
         605   4.8193280352179251        5.0676810660814970        5.0553949427323701     
         606   4.8253368556668566        5.0743312770913906        5.0619974375598176     
         607   4.8308796351775207        5.0804664856127566        5.0680885303241894     
         608   4.8315510753425155        5.0812097424533835        5.0688265780819393     
         609   4.8338312080010954        5.0837338386539797        5.0713325848682445     
         610   4.8350147302115367        5.0850440424479775        5.0726334699412163     
         611   4.8364591183893628        5.0866430812411867        5.0742210936226471     
         612   4.8372876019139053        5.0875602935604212        5.0751318242278103     
         613   4.8393192476746769        5.0898095954138922        5.0773649855135901     
         614   4.8393779407935273        5.0898745780003720        5.0774296592015062     
         615   4.8419144158343386        5.0926829386396939        5.0802178073173394     
         616   4.8424801190805296        5.0933093013174719        5.0808397851342306     
         617   4.8440095969336516        5.0950028218602910        5.0825211681058207     
         618   4.8448210216945000        5.0959012984988785        5.0834132784076402     
         619   4.8483822268494601        5.0998447504608171        5.0873282113803597     
         620   4.8492579455878815        5.1008145133086735        5.0882910770331691     
         621   4.8495237678883623        5.1011088861918816        5.0885834690520610     
         622   4.8515138710301056        5.1033127909602749        5.0907714807583631     
         623   4.8521145777462236        5.1039780521489186        5.0914320555556785     
         624   4.8537286865347102        5.1057656637099891        5.0932067938029988     
         625   4.8542574898619142        5.1063513227329169        5.0937883428517594     
         626   4.8552142873079411        5.1074110102356860        5.0948404596149004     
         627   4.8561795298477124        5.1084800737402585        5.0959018808543775     
         628   4.8580681939499506        5.1105719476520965        5.0979786359559398     
         629   4.8612263162046574        5.1140700619294037        5.1014513315322318     
         630   4.8620380502827700        5.1149692239011824        5.1023440755969105     
         631   4.8632751967206005        5.1163396484126658        5.1037046287398624     
         632   4.8659678826738331        5.1193225479023781        5.1066658321223457     
         633   4.8662592496222050        5.1196453286007522        5.1069864092388073     
         634   4.8679401302883711        5.1215074742315023        5.1088350578713957     
         635   4.8680760213112650        5.1216580226748301        5.1089846648736241     
         636   4.8710794758049678        5.1249855502468460        5.1122879205448868     
         637   4.8713783687334473        5.1253167058717590        5.1126168061822170     
         638   4.8753444879715868        5.1297111382476857        5.1169790811585472     
         639   4.8770284781353919        5.1315771043847258        5.1188314706616964     
         640   4.8788025818953376        5.1335429973357352        5.1207830407917925     
         641   4.8810530737141384        5.1360368894168875        5.1232587039284567     
         642   4.8821206332590190        5.1372199535673051        5.1244332006896443     
         643   4.8850261888339261        5.1404400175091522        5.1276296441713285     
         644   4.8860317221885499        5.1415544419155035        5.1287359944172906     
         645   4.8870918807895425        5.1427294339365197        5.1299024608527830     
         646   4.8903795792917144        5.1463734223603330        5.1335196399553311     
         647   4.8915197471516034        5.1476372129396921        5.1347742313499793     
         648   4.8919529358726574        5.1481173785289611        5.1352510024946341     
         649   4.8923103936695496        5.1485136040758777        5.1356444552448508     
         650   4.8939194943041358        5.1502972570912195        5.1374150456237970     
         651   4.8950482124530632        5.1515484545529446        5.1386571237333030     
         652   4.8996913578546719        5.1566957656657610        5.1437663612046762     
         653   4.9034328392770661        5.1608438931725571        5.1478837843034384     
         654   4.9071198745056979        5.1649319936462437        5.1519415803583115     
         655   4.9109620249238723        5.1691924379704188        5.1561703863732262     
         656   4.9132708195016965        5.1717527650355857        5.1587117418899666     
         657   4.9134522631898276        5.1719539817307023        5.1589116189346242     
         658   4.9141258524147027        5.1727009830967212        5.1596531982392122     
         659   4.9191544676981849        5.1782780023054586        5.1651886204974744     
         660   4.9206183680953099        5.1799016676840068        5.1668002764578063     
         661   4.9208624649755812        5.1801724095749888        5.1670691528771115     
         662   4.9225947197979671        5.1820937951608581        5.1689762857638470     
         663   4.9227924969074666        5.1823131706347345        5.1691941798096650     
         664   4.9258053607288845        5.1856551750224487        5.1725112446615711     
         665   4.9265097088808290        5.1864365019647654        5.1732868633551661     
         666   4.9281040137570313        5.1882050948327016        5.1750423197247315     
         667   4.9283982032953588        5.1885314517467833        5.1753663866903068     
         668   4.9284567109307869        5.1885963569985689        5.1754309691827913     
         669   4.9319292981775593        5.1924488110820235        5.1792545790894664     
         670   4.9335380577486188        5.1942336537168048        5.1810261331668173     
         671   4.9350207820217786        5.1958787225746645        5.1826589592628380     
         672   4.9390578328640364        5.2003580674435170        5.1871046443568432     
         673   4.9395492217219550        5.2009033196202301        5.1876459412750719     
         674   4.9400926143361730        5.2015062828395981        5.1882445120763023     
         675   4.9449519669389721        5.2068986758924680        5.1935962587691620     
         676   4.9462451674588230        5.2083338303675504        5.1950207037673977     
         677   4.9463947874373977        5.2084998767128594        5.1951856577317344     
         678   4.9464704353541684        5.2085838300166394        5.1952691409238838     
         679   4.9479580303734680        5.2102347767788144        5.1969077346783266     
         680   4.9490874764372368        5.2114882829123328        5.1981518965920728     
         681   4.9535439655755757        5.2164345862310109        5.2030607947262908     
         682   4.9538104240493013        5.2167303467464938        5.2033544730796351     
         683   4.9553685275713306        5.2184598276194878        5.2050709659407914     
         684   4.9564969897370457        5.2197124478113475        5.2063142199818699     
         685   4.9574678813922839        5.2207901860551287        5.2073839194912921     
         686   4.9588472457549262        5.2223213893593696        5.2089036260004207     
         687   4.9628218887434752        5.2267338190115975        5.2132825750718581     
         688   4.9635093282620932        5.2274970159882823        5.2140401135971928     
         689   4.9658279169155994        5.2300712044947160        5.2165948085325340     
         690   4.9660396026130442        5.2303062329016496        5.2168282080086712     
         691   4.9664766964933236        5.2307915288833344        5.2173099621528891     
         692   4.9680643249254262        5.2325542783839269        5.2190594012811999     
         693   4.9693842348654584        5.2340198264011262        5.2205139046346432     
         694   4.9709912697010834        5.2358042384957084        5.2222848245608162     
         695   4.9732204323054541        5.2382795514561016        5.2247413418361788     
         696   4.9773595843425165        5.2428760852600034        5.2293027839136954     
         697   4.9774026033451779        5.2429238601380543        5.2293503594841226     
         698   4.9784472597113174        5.2440840203061683        5.2305017782099483     
         699   4.9823020109706873        5.2483652101439011        5.2347502272406459     
         700   4.9890279650929523        5.2558361125979047        5.2421637465486768     
         701   4.9892038683884037        5.2560315134421671        5.2423578079542210     
         702   4.9896409587615898        5.2565170552809333        5.2428397716991029     
         703   4.9924480504048274        5.2596354253989359        5.2459342352466223     
         704   4.9942991336598093        5.2616918817459100        5.2479749682820653     
         705   4.9971398567721668        5.2648479405411965        5.2511067833228182     
         706   4.9985770053943526        5.2664446963495148        5.2526913458243101     
         707   5.0005270662641408        5.2686114090751328        5.2548414413391527     
         708   5.0013745502931011        5.2695530778904800        5.2557759792646408     
         709   5.0039442280677813        5.2724084441566994        5.2586093654991757     
         710   5.0041199437313342        5.2726037012777924        5.2588032756893242     
         711   5.0041529253914767        5.2726403509356112        5.2588398093779034     
         712   5.0061206526506590        5.2748269641556345        5.2610096129740000     
         713   5.0078175106426457        5.2767126539539566        5.2628808188711886     
         714   5.0130384265304579        5.2825150161958430        5.2686382000559675     
         715   5.0149479621415072        5.2846373823961024        5.2707441965078630     
         716   5.0169851256810558        5.2869017008423400        5.2729910249999534     
         717   5.0184949442767355        5.2885799386556833        5.2746563342267194     
         718   5.0187359458985892        5.2888478290548342        5.2749223022004870     
         719   5.0200584504930461        5.2903179122783550        5.2763810737194419     
         720   5.0205330236063359        5.2908454536660621        5.2769046628149354     
         721   5.0210995659243594        5.2914752364566171        5.2775296935426965     
         722   5.0219927340363455        5.2924681208638518        5.2785149863178304     
         723   5.0221877814509170        5.2926849466514474        5.2787302860989129     
         724   5.0264242283687048        5.2973946537554726        5.2834033084181229     
         725   5.0282543094840824        5.2994293133478871        5.2854221963724086     
         726   5.0287484446973547        5.2999787004343455        5.2859674465442907     
         727   5.0294455495792612        5.3007537625674495        5.2867366013924553     
         728   5.0297815178832499        5.3011273065033020        5.2871073854708470     
         729   5.0353651095090779        5.3073357912115604        5.2932672950304820     
         730   5.0357058801157866        5.3077147244531879        5.2936434192607251     
         731   5.0371982530277233        5.3093742608742778        5.2952900754468715     
         732   5.0378189579966435        5.3100645083985185        5.2959750625675710     
         733   5.0393218401618629        5.3117358099729284        5.2976333802402280     
         734   5.0400313988670025        5.3125249042787832        5.2984164311731448     
         735   5.0447045304981808        5.3177221660251330        5.3035728960399666     
         736   5.0474756113384069        5.3208043015262723        5.3066308705747218     
         737   5.0544205630304466        5.3285296610086963        5.3142952952661133     
         738   5.0549009695706157        5.3290640952205139        5.3148256663532649     
         739   5.0553559535591752        5.3295702530666071        5.3153279843304873     
         740   5.0555432635632620        5.3297786320602611        5.3155348825497555     
         741   5.0574627633005331        5.3319140908712503        5.3176535832877221     
         742   5.0576157425016746        5.3320842853801986        5.3178225985423921     
         743   5.0616210538248723        5.3365405351638087        5.3222436484047506     
         744   5.0633478127798952        5.3384618240124588        5.3241498405720904     
         745   5.0664320804941196        5.3418937369464690        5.3275546265199836     
         746   5.0667607459282422        5.3422594620051758        5.3279176114160620     
         747   5.0688425906150325        5.3445761132699801        5.3302159851725577     
         748   5.0724396143976964        5.3485790902362398        5.3341872195575775     
         749   5.0725946610037402        5.3487516423087964        5.3343585659960340     
         750   5.0729516531928365        5.3491489428025982        5.3347528673960909     
         751   5.0730918211151783        5.3493049380724900        5.3349077888978442     
         752   5.0734834386177567        5.3497407784455495        5.3353403219618727     
         753   5.0755355702852594        5.3520247063893969        5.3376061843005758     
         754   5.0769020773820639        5.3535456236604722        5.3391151202172225     
         755   5.0778645771736279        5.3546169100863974        5.3401780140205446     
         756   5.0779271003171065        5.3546865007083051        5.3402472194887807     
         757   5.0780312712509366        5.3548024471101821        5.3403624100651470     
         758   5.0809455492059685        5.3580462636269015        5.3435804449816473     
         759   5.0809994772292812        5.3581062916664601        5.3436401638519229     
         760   5.0815071541732948        5.3586713975300571        5.3442009166550903     
         761   5.0850669037985146        5.3626340089753475        5.3481319475628482     
         762   5.0860186441981678        5.3636935123692009        5.3491831251609909     
         763   5.0891902993938380        5.3672244475950510        5.3526858901307506     
         764   5.0900775829698617        5.3682122858734580        5.3536659645730325     
         765   5.0915043390808785        5.3698007753370360        5.3552418591709596     
         766   5.0948759384473092        5.3735547709669698        5.3589658270380411     
         767   5.0972091595262423        5.3761527837101539        5.3615430878141765     
         768   5.0983533731432873        5.3774269007209297        5.3628071082225688     
         769   5.1014446328142142        5.3808692756773997        5.3662218883613022     
         770   5.1027301681472315        5.3823008960528371        5.3676421230964877     
         771   5.1029838748208132        5.3825834381658861        5.3679225556909884     
         772   5.1035260387869261        5.3831872279998914        5.3685216409436194     
         773   5.1082766187685094        5.3884781015384506        5.3737699073786516     
         774   5.1085429389352832        5.3887747274374025        5.3740643049317782     
         775   5.1090068988306658        5.3892914875540709        5.3745770544341127     
         776   5.1114481462066248        5.3920106452102763        5.3772743609248437     
         777   5.1120391571307726        5.3926689587322665        5.3779275118088563     
         778   5.1122726496046784        5.3929290430357248        5.3781856605239469     
         779   5.1139517030635613        5.3947993592195980        5.3800409834165279     
         780   5.1190629720667769        5.4004932888722612        5.3856888529019216     
         781   5.1212687477622225        5.4029507129386900        5.3881264673203191     
         782   5.1212792524773780        5.4029624163849155        5.3881382484676834     
         783   5.1245551378730578        5.4066122585582823        5.3917585525451699     
         784   5.1251714416806475        5.4072989459437801        5.3924398187696312     
         785   5.1257664589335858        5.4079619247398938        5.3930975682772768     
         786   5.1322415881904266        5.4151771972234082        5.4002541370298189     
         787   5.1325309324660022        5.4154996394603776        5.4005741179265243     
         788   5.1339556047027983        5.4170873096387693        5.4021489842379893     
         789   5.1355226509855090        5.4188337012214784        5.4038812662051541     
         790   5.1359295496126309        5.4192871785551286        5.4043312067383340     
         791   5.1366595066573106        5.4201007059211221        5.4051382499749892     
         792   5.1386164003401582        5.4222817030742849        5.4073015626929362     
         793   5.1412562390036509        5.4252240068083006        5.4102199266007318     
         794   5.1437961732843043        5.4280551228520819        5.4130279903746228     
         795   5.1449097888794171        5.4292964555117615        5.4142593057864019     
         796   5.1464782477017827        5.4310448482069305        5.4159935108426254     
         797   5.1480771781730708        5.4328272711969126        5.4177614575655042     
         798   5.1488061291381344        5.4336398973241691        5.4185675753933396     
         799   5.1507832878368172        5.4358440775292323        5.4207537948953899     
         800   5.1523486390710325        5.4375892345943386        5.4224847578563242     
         801   5.1526078381708906        5.4378782127686218        5.4227715300623061     
         802   5.1526594929744576        5.4379358023303475        5.4228288193781751     
         803   5.1527937147194951        5.4380854454797847        5.4229774040294529     
         804   5.1530312802867915        5.4383503072354964        5.4232402580876169     
         805   5.1535161618262597        5.4388909058236852        5.4237765769689545     
         806   5.1539569938942824        5.4393823983508813        5.4242641936386775     
         807   5.1555870075707091        5.4411997752994870        5.4260667631007991     
         808   5.1565701999462057        5.4422960134766996        5.4271541339398865     
         809   5.1598474239533711        5.4459502207612083        5.4307783509986862     
         810   5.1619543224947506        5.4482996195865390        5.4331085099738985     
         811   5.1621383343557552        5.4485048161281551        5.4333121845636114     
         812   5.1626275330789753        5.4490503387874440        5.4338533711332673     
         813   5.1677965913863515        5.4548149007911348        5.4395703913269173     
         814   5.1683550981725785        5.4554377903896984        5.4401882938032884     
         815   5.1700273685470295        5.4573028809561421        5.4420380965508670     
         816   5.1700502672801054        5.4573284204975723        5.4420635990442321     
         817   5.1742412138647627        5.4620029098816172        5.4466994643462456     
         818   5.1746882605175131        5.4625015616534043        5.4471941483910058     
         819   5.1749928943006740        5.4628413638831148        5.4475313021675191     
         820   5.1783245128018729        5.4665577518160218        5.4512169638351864     
         821   5.1783455041208732        5.4665811683032857        5.4512403605624158     
         822   5.1808935409445063        5.4694236662814308        5.4540593711825522     
         823   5.1851423210615186        5.4741638115489870        5.4587601795236367     
         824   5.1864653319150511        5.4756399184115141        5.4602241439873254     
         825   5.1874385403440151        5.4767257722738734        5.4613011079841769     
         826   5.1874469681618933        5.4767351756848512        5.4613106082945393     
         827   5.1874849955819373        5.4767776051309607        5.4613528588665545     
         828   5.1879790603552793        5.4773288657504580        5.4618996913062645     
         829   5.1885417961653308        5.4779567545737642        5.4625225109587774     
         830   5.1886102187294361        5.4780330995744722        5.4625983936494293     
         831   5.1923304661543233        5.4821842784038664        5.4667150440820791     
         832   5.1927065186438908        5.4826039097644577        5.4671313401139301     
         833   5.1929165864224238        5.4828383227964590        5.4673639672748635     
         834   5.1940642795501919        5.4841190442094288        5.4686341448193119     
         835   5.1950683887156037        5.4852395658523365        5.4697454595426578     
         836   5.1965801269098764        5.4869266164067252        5.4714185524814525     
         837   5.2014709281098783        5.4923849811518677        5.4768313080423638     
         838   5.2031982654874582        5.4943129135092370        5.4787432238536198     
         839   5.2038228518189200        5.4950100510948356        5.4794346795824183     
         840   5.2056835493468023        5.4970869427923530        5.4814942872428318     
         841   5.2103393679527628        5.5022840982990262        5.4866478716111260     
         842   5.2105229829655855        5.5024890734943277        5.4868512960789317     
         843   5.2107028339883321        5.5026898476441426        5.4870505547846946     
         844   5.2122444017200129        5.5044107880861981        5.4887571658711423     
         845   5.2140080916035743        5.5063797688738685        5.4907097159499969     
         846   5.2209407798610936        5.5141201633312580        5.4983848908510140     
         847   5.2225602087549889        5.5159284395677410        5.5001780407913046     
         848   5.2226891320709647        5.5160723998989223        5.5003209591616624     
         849   5.2230816546151297        5.5165107069968595        5.5007557320978648     
         850   5.2235319963722278        5.5170135821803541        5.5012545257725094     
         851   5.2249598902209282        5.5186080766508327        5.5028356901254227     
         852   5.2251911397763813        5.5188663122118218        5.5030919143210397     
         853   5.2252113176373349        5.5188888448210758        5.5031144328403911     
         854   5.2252530581156984        5.5189354564287889        5.5031608263062495     
         855   5.2298062859030710        5.5240203085109485        5.5082027266024767     
         856   5.2312982422434704        5.5256865746948023        5.5098550202759498     
         857   5.2320158629359081        5.5264880569960599        5.5106498707424691     
         858   5.2322833607341970        5.5267868180436341        5.5109462703207583     
         859   5.2328354564283819        5.5274034444192486        5.5115578334916506     
         860   5.2347965522963191        5.5295938208240356        5.5137297632903213     
         861   5.2355418798841757        5.5304263131767106        5.5145553508467557     
         862   5.2361484330035495        5.5311038118583173        5.5152272617804243     
         863   5.2365557171040571        5.5315587391467806        5.5156784944953401     
         864   5.2368178762809707        5.5318515673105937        5.5159690073887049     
         865   5.2371470402001279        5.5322192412704538        5.5163337286414205     
         866   5.2371782494234314        5.5322541019105147        5.5163684698015842     
         867   5.2396393882497394        5.5350032655969992        5.5190943942516384     
         868   5.2404747650653825        5.5359364401710955        5.5200197926446890     
         869   5.2409816285672362        5.5365026507908306        5.5205813535475272     
         870   5.2421385634815314        5.5377950717440774        5.5218629300401503     
         871   5.2452016559268122        5.5412170373587326        5.5252558663409985     
         872   5.2478691918348890        5.5441972936664223        5.5282108352093431     
         873   5.2491789526249732        5.5456606652755047        5.5296618709929035     
         874   5.2553657782750651        5.5525736706623290        5.5365158539439605     
         875   5.2558688935455304        5.5531358812004967        5.5370734217020825     
         876   5.2574221705346815        5.5548716439787853        5.5387944729503076     
         877   5.2574512754979068        5.5549041688957947        5.5388268968609182     
         878   5.2575226598673144        5.5549839413139956        5.5389061628428635     
         879   5.2579950391213259        5.5555118308883999        5.5394297002645132     
         880   5.2600020177201765        5.5577547160808454        5.5416535063622518     
         881   5.2629330970204062        5.5610305044600583        5.5449013204548550     
         882   5.2654972202706105        5.5638963569909325        5.5477426956777123     
         883   5.2656698018251733        5.5640892527160304        5.5479341093874339     
         884   5.2676639477748521        5.5663181788941642        5.5501440198282239     
         885   5.2680733815369534        5.5667758295233725        5.5505979060964563     
         886   5.2682151503153483        5.5669342946436915        5.5507551843222558     
         887   5.2691857495201235        5.5680192164009634        5.5518309345666026     
         888   5.2697589331950674        5.5686599238813423        5.5524662972269780     
         889   5.2703533241869591        5.5693243456745467        5.5531251684989229     
         890   5.2711240975255436        5.5701859442281103        5.5539795144137400     
         891   5.2714530923599359        5.5705537111759948        5.5543442873347502     
         892   5.2723013339600682        5.5715019307133637        5.5552845035882399     
         893   5.2724971074708726        5.5717207816095407        5.5555016443545497     
         894   5.2771488687663854        5.5769211649263113        5.5606572827932439     
         895   5.2805215132329861        5.5806919124836512        5.5643955851493700     
         896   5.2806569154133030        5.5808433033199600        5.5645458442476112     
         897   5.2820698050326111        5.5824230581178043        5.5661120968611613     
         898   5.2829300508798358        5.5833849252208356        5.5670658092820915     
         899   5.2830587165342502        5.5835287918016832        5.5672086082064638     
         900   5.2847765477180317        5.5854496121066965        5.5691129563339459     
         901   5.2883139787355047        5.5894052794005740        5.5730344771112783     
         902   5.2909475669653778        5.5923504443244987        5.5759542340259074     
         903   5.2911901518172604        5.5926217378278915        5.5762233486174537     
         904   5.2912952786164373        5.5927393062924207        5.5763400743959508     
         905   5.2915752671195877        5.5930524325402899        5.5766506577244499     
         906   5.2933309643106634        5.5950159681276936        5.5785972952145357     
         907   5.2935520513082430        5.5952632327399225        5.5788425879231838     
         908   5.2955707509835275        5.5975210113609943        5.5810808934939473     
         909   5.2973304359416353        5.5994891827668818        5.5830321003371708     
         910   5.3006493649686330        5.6032015474453694        5.5867122758804229     
         911   5.3022298888003609        5.6049695281303302        5.5884650064734274     
         912   5.3032776392192069        5.6061415806663906        5.5896270047071539     
         913   5.3048414478282142        5.6078909661687932        5.5913612871599980     
         914   5.3057269368792088        5.6088815631920381        5.5923434060140096     
         915   5.3106800797236264        5.6144230084069964        5.5978365433437247     
         916   5.3108191021774420        5.6145785519126195        5.5979909046235150     
         917   5.3142137051252609        5.6183767104429725        5.6017559543319990     
         918   5.3163288001287334        5.6207433970689564        5.6041020565088644     
         919   5.3173976468432098        5.6219394262522178        5.6052877659771525     
         920   5.3176404272508826        5.6222110991783820        5.6055572336344994     
         921   5.3207273380101139        5.6256655020077018        5.6089814634228929     
         922   5.3237780336397167        5.6290796128414584        5.6123657201571646     
         923   5.3260521709083744        5.6316248091945242        5.6148886837475729     
         924   5.3291706288502052        5.6351151731894982        5.6183484601133244     
         925   5.3313208866998698        5.6375220118668343        5.6207342414498882     
         926   5.3366740363928802        5.6435144327024780        5.6266738897819337     
         927   5.3371500263695300        5.6440472999951696        5.6272022241408735     
         928   5.3390466727573980        5.6461706381346080        5.6293069506869813     
         929   5.3393604372595211        5.6465219132195363        5.6296552966805464     
         930   5.3395702298714012        5.6467567879393394        5.6298882727555508     
         931   5.3397707041358693        5.6469812312719672        5.6301109096682822     
         932   5.3431479498633907        5.6507624181056721        5.6338587692854887     
         933   5.3456224877829523        5.6535331087855560        5.6366050604101474     
         934   5.3501212594363885        5.6585706868741790        5.6415980684124563     
         935   5.3524499009772448        5.6611784232506981        5.6441827903816630     
         936   5.3538659125551415        5.6627642146615029        5.6457546477176237     
         937   5.3539874124646705        5.6629002847569456        5.6458896880064771     
         938   5.3544991027283402        5.6634733406301541        5.6464578225393041     
         939   5.3550947457130951        5.6641404257167149        5.6471191477193372     
         940   5.3565322079136042        5.6657503354370240        5.6487148943282577     
         941   5.3582134017271628        5.6676332822021172        5.6505812352343483     
         942   5.3586537746395067        5.6681265141231281        5.6510702498232419     
         943   5.3599398217828984        5.6695669564188238        5.6524980221844601     
         944   5.3600675315120290        5.6697100004816683        5.6526399716362548     
         945   5.3607461214476153        5.6704700767788898        5.6533934455447721     
         946   5.3608675900994616        5.6706061328352009        5.6535284690163863     
         947   5.3631821573138305        5.6731987316281876        5.6560980942787396     
         948   5.3633544322528692        5.6733917060373749        5.6562895264612081     
         949   5.3642295278809300        5.6743719591374440        5.6572612007789900     
         950   5.3650983101627139        5.6753451592472182        5.6582258823006413     
         951   5.3685471190804153        5.6792086629454870        5.6620549988412137     
         952   5.3691025328945070        5.6798308892373566        5.6626718357579620     
         953   5.3752469379284422        5.6867149408247686        5.6694943484423703     
         954   5.3758764583889445        5.6874202947550074        5.6701935527554710     
         955   5.3792693202764070        5.6912220398635167        5.6739613249478822     
         956   5.3807056547886933        5.6928315581353210        5.6755565525590583     
         957   5.3836573980036686        5.6961393657658537        5.6788347732412916     
         958   5.3848850676751878        5.6975151918502940        5.6801983902332651     
         959   5.3848866749641733        5.6975169931333509        5.6802003582391194     
         960   5.3865795059441570        5.6994141788240311        5.6820806295929387     
         961   5.3879783045316625        5.7009818915184365        5.6836343889506864     
         962   5.3922154421803397        5.7057309913185312        5.6883408027287317     
         963   5.3924518481893351        5.7059959749274887        5.6886035756001263     
         964   5.3945989798924145        5.7084027238553325        5.6909887544510056     
         965   5.3955592033140389        5.7094790887490570        5.6920555682793150     
         966   5.4002695823591065        5.7147595358095256        5.6972883925105577     
         967   5.4010129560717539        5.7155929263915981        5.6981144138281579     
         968   5.4031589439125112        5.7179988548762291        5.7004987097041919     
         969   5.4031753838585734        5.7180172866178696        5.7005171578957530     
         970   5.4058139018187141        5.7209755645122797        5.7034487704083361     
         971   5.4076484076562732        5.7230324958388588        5.7054872012646243     
         972   5.4077662581653803        5.7231646380788472        5.7056183265673965     
         973   5.4083562730508676        5.7238262093186734        5.7062740692192122     
         974   5.4088375418940933        5.7243658523984484        5.7068089908400523     
         975   5.4090955468616215        5.7246551537969976        5.7070958460175802     
         976   5.4106586741943712        5.7264079268635184        5.7088328627402802     
         977   5.4113132965543986        5.7271419892471931        5.7095604305050216     
         978   5.4134633534482068        5.7295530366296621        5.7119497143861224     
         979   5.4143429902613995        5.7305394840576858        5.7129273612388900     
         980   5.4163892284557544        5.7328342636830811        5.7152014124655111     
         981   5.4184833109333690        5.7351828079312090        5.7175287217838786     
         982   5.4204631307932321        5.7374033064289263        5.7197291377345607     
         983   5.4232611868867480        5.7405416789836483        5.7228390245621981     
         984   5.4244285143724360        5.7418510421158730        5.7241366017629147     
         985   5.4255924588019102        5.7431566446960209        5.7254304476179882     
         986   5.4262569567885830        5.7439020308655833        5.7261691985748087     
         987   5.4269776345831504        5.7447104480743496        5.7269704019902932     
         988   5.4279578912524649        5.7458100677475965        5.7280601397153958     
         989   5.4281904834080361        5.7460709855234144        5.7283188529687621     
         990   5.4282198649284474        5.7461039452914102        5.7283516955332630     
         991   5.4288310955961112        5.7467896200111674        5.7290312753446244     
         992   5.4325535013160700        5.7509655943575861        5.7331691590055485     
         993   5.4359291481194880        5.7547528593971276        5.7369218500782324     
         994   5.4375332111527097        5.7565526185614369        5.7387052609259541     
         995   5.4378153029134966        5.7568691322928425        5.7390190509943579     
         996   5.4413745083645715        5.7608628184316029        5.7429761953756326     
         997   5.4434341609769543        5.7631740434611070        5.7452663286904766     
         998   5.4447424131233486        5.7646421451030907        5.7467210918703842     
         999   5.4466234082999865        5.7667530462397982        5.7488127217533034     
        1000   5.4482794320228525        5.7686115523986157        5.7506542717736551     
        1001   5.4486189588524194        5.7689926017925321        5.7510319907290608     
        1002   5.4515570458628799        5.7722901245840976        5.7542992551033620     
        1003   5.4523361390607796        5.7731645659302337        5.7551658032261983     
        1004   5.4527947318533148        5.7736792900616729        5.7556759563990738     
        1005   5.4559787198790701        5.7772531414292603        5.7592169453888360     
        1006   5.4570173285463195        5.7784189777672017        5.7603721782511457     
        1007   5.4584555227587002        5.7800333930361614        5.7619718318422599     
        1008   5.4597757572699752        5.7815154409644034        5.7634403366429865     
        1009   5.4600239996743340        5.7817941138939668        5.7637166131655704     
        1010   5.4614160752988026        5.7833568643716786        5.7652650643382586     
        1011   5.4630154898274199        5.7851524347536705        5.7670441681844267     
        1012   5.4633930597827582        5.7855763201591595        5.7674643069069731     
        1013   5.4641489418668190        5.7864249349824091        5.7683052329393831     
        1014   5.4700726523244816        5.7930758738235326        5.7748945633165718     
        1015   5.4706446298026812        5.7937181173484973        5.7755310187049176     
        1016   5.4727617624728486        5.7960954064171526        5.7778863686448148     
        1017   5.4729976208059314        5.7963602543691470        5.7781489369089272     
        1018   5.4744854642021474        5.7980310026464625        5.7798043101217047     
        1019   5.4775668700967239        5.8014913922097362        5.7832326285257878     
        1020   5.4789719747641534        5.8030693909144713        5.7847960914624821     
        1021   5.4796459647984808        5.8038263311336022        5.7855461534824570     
        1022   5.4802830226355974        5.8045418043223931        5.7862551338986279     
        1023   5.4812659992131918        5.8056457954230156        5.7873490021107443     
        1024   5.4827138246387062        5.8072719074378973        5.7889601086539813     
        1025   5.4842032789845625        5.8089448297870288        5.7906175797363630     
        1026   5.4849183542220450        5.8097480064473626        5.7914134322372490     
        1027   5.4864862665843868        5.8115091398803953        5.7931582762119618     
        1028   5.4887093904887170        5.8140063359316239        5.7956322802156421     
        1029   5.4888733990623635        5.8141905688229940        5.7958149744816581     
        1030   5.4915117034390040        5.8171543025722103        5.7987511218233863     
        1031   5.4918940136286754        5.8175837845038627        5.7991767638427589     
        1032   5.4936159341979387        5.8195182117681448        5.8010932333003566     
        1033   5.4948315574543987        5.8208839033204498        5.8024462948647155     
        1034   5.4964070413468491        5.8226539356896962        5.8041998939389003     
        1035   5.4966769705039411        5.8229572033103647        5.8045005001609127     
        1036   5.4972327911198784        5.8235816781220580        5.8051192955483657     
        1037   5.4975362823679443        5.8239226594824451        5.8054572602943963     
        1038   5.4992870176796442        5.8258897075946603        5.8074060061657917     
        1039   5.5028022837864183        5.8298395375078575        5.8113188603023573     
        1040   5.5038226702347668        5.8309861244813792        5.8124548377067597     
        1041   5.5046834618389306        5.8319533985031935        5.8134131875656649     
        1042   5.5055405530101797        5.8329165329300592        5.8143674339778713     
        1043   5.5062805418659648        5.8337480915290314        5.8151913421158952     
        1044   5.5068598606161103        5.8343991075904729        5.8158364079951141     
        1045   5.5085568261645426        5.8363061407874124        5.8177256417096999     
        1046   5.5090216085796371        5.8368284713844432        5.8182432314240771     
        1047   5.5098446899942655        5.8377534780438696        5.8191596955912601     
        1048   5.5109715748805073        5.8390199370468370        5.8204143852038328     
        1049   5.5128137963969790        5.8410904021922931        5.8224654793440109     
        1050   5.5134542487636695        5.8418102240440408        5.8231786860956518     
        1051   5.5158253054065813        5.8444752093617032        5.8258186587894158     
        1052   5.5158798546144014        5.8445365224483128        5.8258795798119607     
        1053   5.5162077085133516        5.8449050304744814        5.8262447893485003     
        1054   5.5165657116006965        5.8453074293129266        5.8266435685865900     
        1055   5.5167211422707361        5.8454821358566580        5.8268168098680420     
        1056   5.5169792538441165        5.8457722587164564        5.8271043750623406     
        1057   5.5178870456913458        5.8467926492975568        5.8281152947635491     
        1058   5.5198424078427131        5.8489906171936665        5.8302926340103411     
        1059   5.5198983739279566        5.8490535285268654        5.8303551374326332     
        1060   5.5214128447475961        5.8507559713532302        5.8320416341061687     
        1061   5.5220506137031213        5.8514729158056129        5.8327519694768171     
        1062   5.5255684208863070        5.8554276240855678        5.8366693430635408     
        1063   5.5259408519245445        5.8558463282526230        5.8370842600069679     
        1064   5.5281441941781102        5.8583234990693338        5.8395380873939828     
        1065   5.5284618302001043        5.8586806206125051        5.8398920033549473     
        1066   5.5298782136287041        5.8602731065470834        5.8414695381427038     
        1067   5.5328388441949112        5.8636020035643162        5.8447669506683084     
        1068   5.5338170987235209        5.8647019897801727        5.8458566520433521     
        1069   5.5347282415324646        5.8657265348187400        5.8468716272009473     
        1070   5.5385071207569201        5.8699759632462891        5.8510807345928058     
        1071   5.5398052443658479        5.8714358136381701        5.8525268441155163     
        1072   5.5416658232212637        5.8735282671153506        5.8545995089606109     
        1073   5.5457932732075346        5.8781704131341073        5.8591974746592896     
        1074   5.5458772508336338        5.8782648673054538        5.8592912144832923     
        1075   5.5460993725876806        5.8785147004982212        5.8595388469486593     
        1076   5.5478834037248408        5.8805213488535699        5.8615264820864397     
        1077   5.5519808565965487        5.8851304001548765        5.8660915692610445     
        1078   5.5539045206079489        5.8872943949418088        5.8682350000984300     
        1079   5.5591378393685380        5.8931820064553069        5.8740662630876983     
        1080   5.5607724762158908        5.8950211549628859        5.8758879179155414     
        1081   5.5608118368688739        5.8950654409152952        5.8759319676449806     
        1082   5.5613055597973373        5.8956209479915511        5.8764823211063302     
        1083   5.5633161502715129        5.8978832061192561        5.8787229987084189     
        1084   5.5633726704908009        5.8979468025109947        5.8787861726783319     
        1085   5.5690232202949037        5.9043051935720978        5.8850834781363162     
        1086   5.5705287540748971        5.9059994611673794        5.8867615868406986     
        1087   5.5719726477194804        5.9076244153506954        5.8883710425843461     
        1088   5.5767904025507047        5.9130466863148703        5.8937410930954073     
        1089   5.5804224807676093        5.9171348946282416        5.8977899149275999     
        1090   5.5822438742893645        5.9191851514765323        5.8998204945256134     
        1091   5.5859249076515072        5.9233289739143169        5.9039243120741460     
        1092   5.5866870224898229        5.9241869467228723        5.9047741464181414     
        1093   5.5869072712328220        5.9244349008538855        5.9050198837102599     
        1094   5.5876371883737388        5.9252566440517578        5.9058338373914552     
        1095   5.5905164365710966        5.9284982431715409        5.9090441262391877     
        1096   5.5907798806310636        5.9287948519355753        5.9093380418500701     
        1097   5.5908851255322833        5.9289133465019637        5.9094555750548992     
        1098   5.5922489663122779        5.9304489115799708        5.9109763952572720     
        1099   5.5938396218469002        5.9322399097524725        5.9127501547552086     
        1100   5.5939843763269792        5.9324028992052575        5.9129117485217506     
        1101   5.5957553941884415        5.9343970582721655        5.9148866789736374     
        1102   5.5976717951930892        5.9365550077784821        5.9170237908027801     
        1103   5.5982156002725709        5.9371673725237697        5.9176303766594103     
        1104   5.5983787985195486        5.9373511472848994        5.9178125507065147     
        1105   5.6023185922713550        5.9417878867946907        5.9222061891644060     
        1106   5.6028257449884817        5.9423590378055433        5.9227719538898995     
        1107   5.6040550861212903        5.9437435382498620        5.9241431209980888     
        1108   5.6047790587332269        5.9445589038359987        5.9249507101399033     
        1109   5.6051990937328995        5.9450319693784435        5.9254193432958644     
        1110   5.6055864871933467        5.9454682762676221        5.9258515764742938     
        1111   5.6061694908815287        5.9461248988790603        5.9265019705518114     
        1112   5.6061720528727612        5.9461277844053475        5.9265050193317137     
        1113   5.6063489786654754        5.9463270532597727        5.9267025310793215     
        1114   5.6117833784594673        5.9524481227187858        5.9327638753403917     
        1115   5.6125551154748310        5.9533174341945978        5.9336248595771934     
        1116   5.6135820403121510        5.9544742215659738        5.9347704988874312     
        1117   5.6140437728947949        5.9549943525026192        5.9352857214551094     
        1118   5.6144550973829936        5.9554577044588264        5.9357447210863583     
        1119   5.6144640096009866        5.9554677440098551        5.9357548539616545     
        1120   5.6154399924557685        5.9565671940454683        5.9368437107250145     
        1121   5.6157374978597607        5.9569023403217596        5.9371757604513178     
        1122   5.6160038234912770        5.9572023638152123        5.9374730317228739     
        1123   5.6170356840723361        5.9583648014749677        5.9386242518182968     
        1124   5.6195557062832755        5.9612038341844569        5.9414355931556457     
        1125   5.6204019389902378        5.9621572279437896        5.9423798095344438     
        1126   5.6208147613948487        5.9626223339176425        5.9428405357113050     
        1127   5.6210199759601531        5.9628535403245309        5.9430696612282787     
        1128   5.6231572624675827        5.9652615924785088        5.9454542224951226     
        1129   5.6239279342428468        5.9661299265211811        5.9463142041974777     
        1130   5.6256037860819283        5.9680182003151314        5.9481840811763220     
        1131   5.6263586759929050        5.9688687993027827        5.9490264950437393     
        1132   5.6292165445865106        5.9720891352208918        5.9522152861758002     
        1133   5.6292979534927099        5.9721808723667227        5.9523063111147820     
        1134   5.6310180436561899        5.9741192274309167        5.9542257392985718     
        1135   5.6316722268861312        5.9748564407069251        5.9549558702752421     
        1136   5.6321588593680723        5.9754048444598959        5.9554990537886709     
        1137   5.6334122750167301        5.9768173916089680        5.9568978473167888     
        1138   5.6351968675140220        5.9788286217668896        5.9588894021953038     
        1139   5.6384468576135340        5.9824915582698486        5.9625163142922020     
        1140   5.6407905454791862        5.9851332035746632        5.9651320068593918     
        1141   5.6424347013478160        5.9869864673669051        5.9669671077372186     
        1142   5.6429662354615848        5.9875856180341875        5.9675605146373556     
        1143   5.6440089207364110        5.9887609643531166        5.9687244047121837     
        1144   5.6449208601257697        5.9897889526126926        5.9697423936780396     
        1145   5.6454860161585065        5.9904260381986321        5.9703733540192516     
        1146   5.6465075150938420        5.9915775677765533        5.9715136531768493     
        1147   5.6468258629562218        5.9919364448188324        5.9718691622562190     
        1148   5.6478443574556279        5.9930846221595644        5.9730061369906693     
        1149   5.6487522632044387        5.9941081519359560        5.9740196977999673     
        1150   5.6493214494792507        5.9947498361665286        5.9746552025328654     
        1151   5.6500393662983637        5.9955592066780463        5.9754567264006582     
        1152   5.6509506963474170        5.9965866477364482        5.9764741516714466     
        1153   5.6515072978436089        5.9972141752665573        5.9770956354594347     
        1154   5.6536295185271914        5.9996068963349094        5.9794647572166895     
        1155   5.6538590957856592        5.9998657426052722        5.9797212218106424     
        1156   5.6552804686855671        6.0014683574508148        5.9813080825424194     
        1157   5.6557550784951935        6.0020034970944058        5.9818380886291678     
        1158   5.6558706833818064        6.0021338466326331        5.9819673338839721     
        1159   5.6565591097163557        6.0029100843071967        5.9827360361329980     
        1160   5.6580328359602721        6.0045718303285343        5.9843814235161901     
        1161   5.6587453364716902        6.0053752523228168        5.9851770332411931     
        1162   5.6590993348056973        6.0057744288332309        5.9855724248761675     
        1163   5.6617792945690075        6.0087965153346081        5.9885645689218023     
        1164   5.6618286539213285        6.0088521776716037        5.9886198695495167     
        1165   5.6658197718758201        6.0133531499306399        5.9930760974808877     
        1166   5.6663707811604898        6.0139745809624197        5.9936915128245332     
        1167   5.6703181197872876        6.0184266351088240        5.9980992389565060     
        1168   5.6704912894958728        6.0186219557596630        5.9982927988532921     
        1169   5.6712150597901729        6.0194383151350159        5.9991011810059192     
        1170   5.6751759441182115        6.0239061358635757        6.0035244383548303     
        1171   5.6758484363391180        6.0246647370930795        6.0042756279534899     
        1172   5.6787925869641347        6.0279860058562216        6.0075637700738724     
        1173   5.6798872083369041        6.0292208942436707        6.0087864546842766     
        1174   5.6803545499483414        6.0297481312526298        6.0093085911715320     
        1175   5.6817586725480345        6.0313322423442148        6.0108769826282895     
        1176   5.6820091054300290        6.0316147824240440        6.0111568778676130     
        1177   5.6823749165432371        6.0320274958780251        6.0115656379248890     
        1178   5.6824911934277722        6.0321586818751536        6.0116956998002919     
        1179   5.6826626431822822        6.0323521156784965        6.0118873837373101     
        1180   5.6826693273571038        6.0323596569430533        6.0118950436318173     
        1181   5.6859531110055235        6.0360646469035473        6.0155629643209707     
        1182   5.6885085213530662        6.0389480261055075        6.0184175075574657     
        1183   5.6888588949856942        6.0393433806796271        6.0188090742001350     
        1184   5.6894906125413307        6.0400562059884804        6.0195149122996057     
        1185   5.6916125360821255        6.0424506428529634        6.0218854074587824     
        1186   5.6925391431161296        6.0434962876771490        6.0229207010051979     
        1187   5.6938322391150251        6.0449555395049339        6.0243654242337712     
        1188   5.6963149298555553        6.0477573619374612        6.0271391528882177     
        1189   5.6965901179817697        6.0480679331457523        6.0274467818265975     
        1190   5.6967426396295373        6.0482400665213509        6.0276173712393941     
        1191   5.6983802772657324        6.0500883142539621        6.0294471364963158     
        1192   5.7000662270642062        6.0519911587609831        6.0313309354424689     
        1193   5.7007787096384703        6.0527953228319857        6.0321271598372590     
        1194   5.7009134304993729        6.0529473808833982        6.0322778745997283     
        1195   5.7009650577291904        6.0530056521297730        6.0323357514174347     
        1196   5.7021365342571961        6.0543279066846774        6.0336448200358035     
        1197   5.7024673266263406        6.0547012809034424        6.0340146099220462     
        1198   5.7029534693817876        6.0552500083294571        6.0345579771873972     
        1199   5.7034164932426750        6.0557726461978501        6.0350755181514799     
        1200   5.7042594548956513        6.0567241526173934        6.0360175828041562     
        1201   5.7053462024681600        6.0579508630045620        6.0372320598702842     
        1202   5.7058422858715661        6.0585108472661346        6.0377865642828823     
        1203   5.7060199485126377        6.0587113962843704        6.0379852759255641     
        1204   5.7063873765084399        6.0591261586496774        6.0383960293079824     
        1205   5.7100404860412377        6.0632500717367206        6.0424783048696113     
        1206   5.7103218912515583        6.0635677578517928        6.0427929616183960     
        1207   5.7105174497227456        6.0637885304005135        6.0430116884008171     
        1208   5.7106041616310232        6.0638864227080296        6.0431087823749010     
        1209   5.7113919239954907        6.0647757658038390        6.0439892905583008     
        1210   5.7135252194511938        6.0671842258144473        6.0463734777680429     
        1211   5.7142468973769791        6.0679990161171951        6.0471801817636290     
        1212   5.7149065707550966        6.0687438135331151        6.0479176024813341     
        1213   5.7150569628046171        6.0689136136766955        6.0480858717028809     
        1214   5.7155358608718654        6.0694543173814388        6.0486212723553336     
        1215   5.7170854674076210        6.0712039531442672        6.0503533042938571     
        1216   5.7174225737947122        6.0715845826407708        6.0507302560093095     
        1217   5.7188269132511547        6.0731702646431405        6.0522999917868319     
        1218   5.7207225287978236        6.0753107410403855        6.0544188614839669     
        1219   5.7217966870570178        6.0765236913712162        6.0556196462836525     
        1220   5.7224036675348442        6.0772091128551962        6.0562982763514910     
        1221   5.7231058915041526        6.0780020980147285        6.0570833717039960     
        1222   5.7239986669260423        6.0790102812196789        6.0580814679166579     
        1223   5.7256622002631321        6.0808889113285733        6.0599411242042862     
        1224   5.7256700678218522        6.0808977963393787        6.0599501146275188     
        1225   5.7263847464292246        6.0817049055318293        6.0607491805413147     
        1226   5.7280102101654888        6.0835406417391225        6.0625663649512163     
        1227   5.7281282211138969        6.0836739213883000        6.0626984792207779     
        1228   5.7284542350779537        6.0840421181127535        6.0630631103799075     
        1229   5.7291196174833727        6.0847936023813221        6.0638071118010828     
        1230   5.7340600970854219        6.0903737435891871        6.0693303716009339     
        1231   5.7387097908754914        6.0956260188213314        6.0745290276649229     
        1232   5.7394541448432888        6.0964668892762974        6.0753614707942489     
        1233   5.7419143530451207        6.0992462004264869        6.0781124578623960     
        1234   5.7426386329050008        6.1000644529261656        6.0789225056150400     
        1235   5.7444127896034392        6.1020688564875014        6.0809065164254221     
        1236   5.7449806417798968        6.1027104204726905        6.0815416842723238     
        1237   5.7462580123907667        6.1041536342154092        6.0829702589725443     
        1238   5.7481365089337011        6.1062760947393526        6.0850710858027455     
        1239   5.7505776220119964        6.1090343745178375        6.0878011705132522     
        1240   5.7508812601634052        6.1093774741290776        6.0881409338229560     
        1241   5.7513261099965973        6.1098801418439264        6.0886386212683732     
        1242   5.7533633229117163        6.1121821993162406        6.0909171547965144     
        1243   5.7537498343164764        6.1126189704708844        6.0913496205891917     
        1244   5.7557679576373912        6.1148995810688147        6.0936069082464357     
        1245   5.7570343921849663        6.1163307875909005        6.0950235433057642     
        1246   5.7572911313642887        6.1166209353239580        6.0953108934984925     
        1247   5.7573565523797257        6.1166948696119876        6.0953842619380083     
        1248   5.7576286632743798        6.1170023916195575        6.0956888067144064     
        1249   5.7578186733003065        6.1172171296949083        6.0959015252026205     
        1250   5.7588244756721263        6.1183538433151119        6.0970266983801267     
        1251   5.7592729666565061        6.1188607164384434        6.0975285335390481     
        1252   5.7599199517297022        6.1195919315942069        6.0982523921170682     
        1253   5.7603567328775327        6.1200855827158405        6.0987411399208398     
        1254   5.7610880994936711        6.1209121859674900        6.0995593978113973     
        1255   5.7621538840024424        6.1221167785968014        6.1007517346940574     
        1256   5.7640162234420025        6.1242217393933158        6.1028351204047695     
        1257   5.7670548766087562        6.1276564516667440        6.1062344726360038     
        1258   5.7682024454675735        6.1289536564296778        6.1075184359527057     
        1259   5.7692458129227919        6.1301331017787932        6.1086858551729435     
        1260   5.7693437869400519        6.1302438551757019        6.1087956582794831     
        1261   5.7693977244868879        6.1303048282475299        6.1088561970800370     
        1262   5.7703993295194635        6.1314370945055083        6.1099769213671280     
        1263   5.7707666744352366        6.1318523666700981        6.1103880846337475     
        1264   5.7708429117169082        6.1319385510117890        6.1104735729563018     
        1265   5.7719323874427655        6.1331701923236412        6.1116926352898275     
        1266   5.7728119007621910        6.1341644953865995        6.1126768179416828     
        1267   5.7731570019896772        6.1345546429267399        6.1130631138158762     
        1268   5.7732361322038210        6.1346441024939855        6.1131518427048519     
        1269   5.7735716734968650        6.1350234458322452        6.1135274459572955     
        1270   5.7735727180751812        6.1350246267758157        6.1135288126088838     
        1271   5.7741249756316630        6.1356489831130503        6.1141468843293936     
        1272   5.7743178707665752        6.1358670630887548        6.1143628977108975     
        1273   5.7759935725165388        6.1377615884088703        6.1162379414345196     
        1274   5.7777545055388053        6.1397525523887948        6.1182084095812428     
        1275   5.7786007897583218        6.1407094150552943        6.1191555202661618     
        1276   5.7805500448510907        6.1429134362805362        6.1213368094422691     
        1277   5.7817298750897237        6.1442475166188659        6.1226572008523945     
        1278   5.7820558504455057        6.1446161160184518        6.1230221605693274     
        1279   5.7826674522046471        6.1453076972292582        6.1237067379379369     
        1280   5.7830208968097327        6.1457073663140900        6.1241024424769392     
        1281   5.7836258149970723        6.1463914048166322        6.1247795533148164     
        1282   5.7844750149318518        6.1473516917043867        6.1257300321719086     
        1283   5.7853993521756522        6.1483969658510826        6.1267646093362558     
        1284   5.7903408181377820        6.1539853258354684        6.1322948575069560     
        1285   5.7904649553487175        6.1541257220601349        6.1324339861207733     
        1286   5.7918128757558049        6.1556502132709250        6.1339427507622517     
        1287   5.7921375129866854        6.1560173832941949        6.1343062827923376     
        1288   5.7932942843147250        6.1573257325269450        6.1356011558145269     
        1289   5.7953512560365912        6.1596523247715540        6.1379036154481810     
        1290   5.7955295658763060        6.1598540119287737        6.1381033913633374     
        1291   5.7973607512187177        6.1619253219669305        6.1401532224435940     
        1292   5.7979044451490438        6.1625403274074753        6.1407619876105954     
        1293   5.7989228144853353        6.1636922875710987        6.1419020822438313     
        1294   5.7999645795734542        6.1648707400299019        6.1430683872942851     
        1295   5.8005183499513562        6.1654971805293934        6.1436884618856880     
        1296   5.8008396697180560        6.1658606700113117        6.1440483405432005     
        1297   5.8072873428847895        6.1731550885379622        6.1512664121677716     
        1298   5.8091717418340965        6.1752871585190263        6.1533762752545513     
        1299   5.8091805007301449        6.1752970688298721        6.1533862807387223     
        1300   5.8100151334295962        6.1762414285276730        6.1543209106460566     
        1301   5.8112637718180569        6.1776542554722216        6.1557190768701631     
        1302   5.8114207248660943        6.1778318497413860        6.1558950021816372     
        1303   5.8142528275174428        6.1810365164786978        6.1590661357259435     
        1304   5.8148112955477824        6.1816684754176459        6.1596916382056506     
        1305   5.8161084985101237        6.1831364130216091        6.1611443095268825     
        1306   5.8166341713220469        6.1837312858582942        6.1617331125448374     
        1307   5.8168093469233071        6.1839295232998328        6.1619294601268351     
        1308   5.8182812799448476        6.1855952671202994        6.1635778408891611     
        1309   5.8196749552623661        6.1871725001200693        6.1651386357561151     
        1310   5.8220820488639511        6.1898967435109213        6.1678343224146914     
        1311   5.8224648410907909        6.1903299847113695        6.1682631880468932     
        1312   5.8228037936818193        6.1907136116940924        6.1686429629379376     
        1313   5.8229269486712525        6.1908529994000920        6.1687810781651251     
        1314   5.8235820555300402        6.1915944606026834        6.1695149060615861     
        1315   5.8239056551003046        6.1919607202153699        6.1698774955659985     
        1316   5.8247909640657571        6.1929627529290894        6.1708691381463083     
        1317   5.8247939158663780        6.1929660939440776        6.1708726438123449     
        1318   5.8254666834607418        6.1937275762041892        6.1716262760537646     
        1319   5.8255545650492078        6.1938270471765193        6.1717248953250134     
        1320   5.8273759052474796        6.1958886211515862        6.1737648652667474     
        1321   5.8274777812518828        6.1960039370555728        6.1738791612010644     
        1322   5.8284966161690139        6.1971571954759588        6.1750204158844753     
        1323   5.8293918254619133        6.1981705392533444        6.1760232329590181     
        1324   5.8296218661646240        6.1984309401291391        6.1762810769496639     
        1325   5.8317126405571420        6.2007977116612478        6.1786229799480807     
        1326   5.8319042941671322        6.2010146705209790        6.1788378401144115     
        1327   5.8321284759291734        6.2012684536270122        6.1790891341445047     
        1328   5.8324630417548473        6.2016471984932382        6.1794640653428061     
        1329   5.8332487381578506        6.2025366565016018        6.1803442953393954     
        1330   5.8343345492716114        6.2037658893823711        6.1815606943599661     
        1331   5.8355271854087398        6.2051160923335944        6.1828967750943562     
        1332   5.8356032310953987        6.2052021861405162        6.1829821558270694     
        1333   5.8398703720373781        6.2100333934017016        6.1877622652384616     
        1334   5.8411244879523361        6.2114533775934948        6.1891673579221305     
        1335   5.8426926468176852        6.2132289965231227        6.1909242962998263     
        1336   5.8442269710641810        6.2149663657049823        6.1926433817279474     
        1337   5.8467564731520492        6.2178307414841827        6.1954774616408557     
        1338   5.8493472226119412        6.2207646431141139        6.1983802993909762     
        1339   5.8541787391204281        6.2262365677312861        6.2037940387176249     
        1340   5.8574268363394797        6.2299155305576672        6.2074338923576136     
        1341   5.8584175264881546        6.2310376913107781        6.2085442550437122     
        1342   5.8585286528029954        6.2311635663340157        6.2086689851031736     
        1343   5.8603620754253054        6.2332403669454486        6.2107237679318388     
        1344   5.8611782085460327        6.2341648655388271        6.2116385723926300     
        1345   5.8633387040995917        6.2366123124085791        6.2140600105362083     
        1346   5.8639664844176593        6.2373234953146346        6.2147637750494980     
        1347   5.8642043075096826        6.2375929165937114        6.2150305107175257     
        1348   5.8653072836048041        6.2388424577617538        6.2162668602391804     
        1349   5.8667804239352446        6.2405113998358805        6.2179181073759295     
        1350   5.8686855997733858        6.2426698838236714        6.2200536334219763     
        1351   5.8707681642209479        6.2450294482389967        6.2223880649379524     
        1352   5.8718244479793071        6.2462262698843789        6.2235722311037875     
        1353   5.8719572536246698        6.2463767472643621        6.2237212934035568     
        1354   5.8755683678911979        6.2504685467104757        6.2277692995588723     
        1355   5.8769661939806461        6.2520525311098716        6.2293364400813545     
        1356   5.8772382295940453        6.2523608014482059        6.2296415940574477     
        1357   5.8799332680512544        6.2554149175681930        6.2326630193290811     
        1358   5.8805098385594281        6.2560683325747544        6.2333095951808843     
        1359   5.8809816716567296        6.2566030572703282        6.2338387587196422     
        1360   5.8822759375697267        6.2580698678915772        6.2352899572782547     
        1361   5.8842763124129984        6.2603370068152664        6.2375328416059759     
        1362   5.8845868481071282        6.2606889638503072        6.2378812026701667     
        1363   5.8854047981805859        6.2616160294669898        6.2387984638974672     
        1364   5.8890865394309007        6.2657891323453851        6.2429266897780735     
        1365   5.8893834268923051        6.2661256572961621        6.2432597794445783     
        1366   5.8899798845228846        6.2668017549204791        6.2439287699585080     
        1367   5.8908944005672712        6.2678383963905455        6.2449544034088262     
        1368   5.8918354236094288        6.2689051070669333        6.2460097772238328     
        1369   5.8943466437294090        6.2717518494163871        6.2488259084188442     
        1370   5.8943523711986145        6.2717583423136949        6.2488325336915764     
        1371   5.8957436870396389        6.2733356207992319        6.2503929305184869     
        1372   5.8968393223020454        6.2745777331935972        6.2516217858900021     
        1373   5.8970822953606286        6.2748531938674148        6.2518944637143363     
        1374   5.8984327359637980        6.2763842278048809        6.2534091014734017     
        1375   5.8985545818158416        6.2765223703104205        6.2535459487487586     
        1376   5.8987576527355206        6.2767526024317037        6.2537738868458206     
        1377   5.9001547116863025        6.2783365499590786        6.2553408545202416     
        1378   5.9009210584749265        6.2792054344642425        6.2562005127326543     
        1379   5.9023606191024944        6.2808376500962622        6.2578152116243260     
        1380   5.9029707752005507        6.2815294788721818        6.2584997301017964     
        1381   5.9053945920054014        6.2842778311487884        6.2612184225137142     
        1382   5.9056096901840194        6.2845217370649680        6.2614598801236028     
        1383   5.9058438898947259        6.2847873041023172        6.2617227631687840     
        1384   5.9072678055557946        6.2864019609796626        6.2633200643742484     
        1385   5.9086344029698887        6.2879516705580780        6.2648531165036232     
        1386   5.9087100646545672        6.2880374716535359        6.2649381871084344     
        1387   5.9087598630573979        6.2880939436130507        6.2649942477437222     
        1388   5.9094443517747113        6.2888701681264916        6.2657622269384774     
        1389   5.9125248138366890        6.2923636256519631        6.2692178396220797     
        1390   5.9132063120194056        6.2931365248088103        6.2699825188806670     
        1391   5.9167708937368131        6.2971793747431679        6.2739814797502547     
        1392   5.9171471070171275        6.2976060845057651        6.2744037360986482     
        1393   5.9207107742838438        6.3016482585867477        6.2784019687756967     
        1394   5.9223499766659504        6.3035076724812580        6.2802412613537015     
        1395   5.9269919147579362        6.3087735867488677        6.2854497560698590     
        1396   5.9270577489390730        6.3088482744465839        6.2855238297864702     
        1397   5.9287981258310900        6.3108227412750741        6.2874768703722665     
        1398   5.9314271537006631        6.3138055352188767        6.2904271674082892     
        1399   5.9330817452520233        6.3156828624180630        6.2922841020963176     
        1400   5.9341952520999808        6.3169463055600987        6.2935338812858603     
        1401   5.9346605727158668        6.3174742921406040        6.2940562751109894     
        1402   5.9365299720975191        6.3195955047019199        6.2961543928507098     
        1403   5.9367380022794389        6.3198315626794601        6.2963880614178080     
        1404   5.9369143377098608        6.3200316565612269        6.2965861609180678     
        1405   5.9369251109219503        6.3200438813217197        6.2965984556978967     
        1406   5.9374320206225351        6.3206190938053526        6.2971675510588838     
        1407   5.9394719121721069        6.3229339143629888        6.2994571254262439     
        1408   5.9422442304010730        6.3260800471519678        6.3025688435751590     
        1409   5.9433718717471420        6.3273597943315414        6.3038347039466984     
        1410   5.9463382401280152        6.3307264480751781        6.3071644658460073     
        1411   5.9494476942474757        6.3342557390907617        6.3106550325512600     
        1412   5.9507508430799660        6.3357349124907172        6.3121180827788805     
        1413   5.9515041083525704        6.3365899460332109        6.3129638795144345     
        1414   5.9533417186889999        6.3386758840719137        6.3150269782992865     
        1415   5.9539338040316210        6.3393480001227624        6.3156918711308592     
        1416   5.9539340752779051        6.3393483080348085        6.3156923806628313     
        1417   5.9545436781958037        6.3400403189122674        6.3163769468970656     
        1418   5.9546544702446651        6.3401660891927056        6.3165015317566500     
        1419   5.9547124207073274        6.3402318742375448        6.3165667945380335     
        1420   5.9547670548919740        6.3402938947411780        6.3166283343880139     
        1421   5.9548630424358544        6.3404028595959048        6.3167362995370695     
        1422   5.9553666769276488        6.3409745882866169        6.3173019113651989     
        1423   5.9554543951860710        6.3410741672124589        6.3174005941599276     
        1424   5.9565435978301497        6.3423106609641948        6.3186236162641194     
        1425   5.9573594564093915        6.3432368668072119        6.3195397792273980     
        1426   5.9590218548156191        6.3451241625679238        6.3214063893086987     
        1427   5.9595147103291684        6.3456837076672477        6.3219599436373031     
        1428   5.9628518260878813        6.3494725421522160        6.3257070010955090     
        1429   5.9628937386918821        6.3495201299565567        6.3257542666711117     
        1430   5.9629205676538124        6.3495505917333395        6.3257845960919354     
        1431   5.9629772023903493        6.3496148952401921        6.3258483920289450     
        1432   5.9636658612193045        6.3503968102833346        6.3266218420958609     
        1433   5.9637880373900174        6.3505355324796957        6.3267592312480829     
        1434   5.9643476168300724        6.3511708993389409        6.3273877563858036     
        1435   5.9654859190025018        6.3524633939653796        6.3286661166643370     
        1436   5.9663166693686369        6.3534066974370793        6.3295991564686034     
        1437   5.9667154010311148        6.3538594570479168        6.3300470956347610     
        1438   5.9685382970997214        6.3559294068744903        6.3320942643513334     
        1439   5.9699445222249112        6.3575262736626952        6.3336735938738542     
        1440   5.9699542544959385        6.3575373255134933        6.3336847285496773     
        1441   5.9714901757218994        6.3592815299369283        6.3354097488953940     
        1442   5.9721204469670797        6.3599972886090024        6.3361177534926867     
        1443   5.9730027022961707        6.3609992266708080        6.3371087520952400     
        1444   5.9744575745191435        6.3626515040761689        6.3387428486084474     
        1445   5.9752134286439000        6.3635099382593134        6.3395919323008698     
        1446   5.9761326953618417        6.3645539822903361        6.3406245562932355     
        1447   5.9767987063359405        6.3653104083505001        6.3413727628300975     
        1448   5.9794674223542019        6.3683415337851370        6.3443703129277864     
        1449   5.9800941559464373        6.3690534039229743        6.3450744509916319     
        1450   5.9809651058349589        6.3700426819385898        6.3460529007545858     
        1451   5.9810019559600738        6.3700845389903353        6.3460944969505135     
        1452   5.9833905517121142        6.3727977544873449        6.3487776384304127     
        1453   5.9844254357466742        6.3739733291286802        6.3499402919195163     
        1454   5.9850665059385069        6.3747015655140382        6.3506606001822945     
        1455   5.9861422176125139        6.3759235653338608        6.3518691526170983     
        1456   5.9863814150285855        6.3761952957357906        6.3521380525345492     
        1457   5.9874336135185731        6.3773906201579242        6.3533202217509270     
        1458   5.9880581408300522        6.3781001126868118        6.3540219875502331     
        1459   5.9884943092204646        6.3785956265541159        6.3545121662793207     
        1460   5.9894531157750688        6.3796849064830408        6.3555894679065830     
        1461   5.9896117855494921        6.3798651701598175        6.3557679211904841     
        1462   5.9897491480159060        6.3800212272703449        6.3559224386529678     
        1463   5.9900698878321110        6.3803856207670595        6.3562829611805611     
        1464   5.9906954367930547        6.3810963165159595        6.3569859097272641     
        1465   5.9931286825695258        6.3838608603572942        6.3597197049551397     
        1466   5.9952735268035600        6.3862978621636115        6.3621296045362570     
        1467   5.9966070096546353        6.3878130437800849        6.3636280037913764     
        1468   5.9980064994609963        6.3894032757624872        6.3652006036788862     
        1469   6.0025962058522957        6.3946188869172991        6.3703578546885922     
        1470   6.0032191405731581        6.3953268140620612        6.3710580323067134     
        1471   6.0032406251386163        6.3953512301332109        6.3710823808940873     
        1472   6.0035637259728745        6.3957184185628311        6.3714456487276792     
        1473   6.0088881438239472        6.4017697496369097        6.3774290986389914     
        1474   6.0095960972110323        6.4025744111374880        6.3782249041931180     
        1475   6.0111118216508093        6.4042972306776820        6.3799285190242756     
        1476   6.0113576100532224        6.4045766070139747        6.3802049538109884     
        1477   6.0130503137313474        6.4065006675780616        6.3821075286490299     
        1478   6.0133047394499286        6.4067898743262370        6.3823936809796393     
        1479   6.0133994124534826        6.4068974899411257        6.3825002901578429     
        1480   6.0136474455235787        6.4071794323569273        6.3827792597281885     
        1481   6.0136572507395565        6.4071905781060909        6.3827904871232235     
        1482   6.0144588140008555        6.4081017365615116        6.3836915735602631     
        1483   6.0146419208929345        6.4083098814060548        6.3838975771950430     
        1484   6.0168288509575403        6.4107959182621439        6.3863557588734707     
        1485   6.0202429176670513        6.4146771745702589        6.3901933691471342     
        1486   6.0205075238678170        6.4149780027393062        6.3904910038328495     
        1487   6.0230502307889981        6.4178688733216021        6.3933493828114436     
        1488   6.0232572697507747        6.4181042687385101        6.3935823221237840     
        1489   6.0246855883107777        6.4197282427559133        6.3951881211483226     
        1490   6.0249920092909859        6.4200766450936175        6.3955327863586149     
        1491   6.0252178907818204        6.4203334751439103        6.3957869158985545     
        1492   6.0252356135394605        6.4203536261944771        6.3958070465774028     
        1493   6.0254515319658086        6.4205991294493376        6.3960499773726269     
        1494   6.0262243884494797        6.4214778914830797        6.3969189937329247     
        1495   6.0275914446402625        6.4230323150202189        6.3984560122135719     
        1496   6.0276389506132464        6.4230863329829164        6.3985096258815375     
        1497   6.0288094004543700        6.4244172433403701        6.3998256571218022     
        1498   6.0305590550542743        6.4264068294555043        6.4017928863617541     
        1499   6.0318317351362190        6.4278540828998141        6.4032239254673371     
        1500   6.0322581893272833        6.4283390431275480        6.4037035892284706     
        1501   6.0343603681453200        6.4307296924776658        6.4060672999605117     
        1502   6.0350521751281159        6.4315164573574402        6.4068453347998044     
        1503   6.0359520039029348        6.4325398157657672        6.4078572721949101     
        1504   6.0371666276464557        6.4339212178136576        6.4092231789293521     
        1505   6.0373806950797855        6.4341646825057968        6.4094640835833729     
        1506   6.0381020989498237        6.4349851634032369        6.4102754419683095     
        1507   6.0389061043623968        6.4358996061373785        6.4111796909726522     
        1508   6.0405732348683703        6.4377957851960570        6.4130544997881174     
        1509   6.0415267567203914        6.4388803445964067        6.4141269198240920     
        1510   6.0419779416980148        6.4393935417782240        6.4146344813003893     
        1511   6.0480575294418850        6.4463092398648492        6.4214715466269823     
        1512   6.0483543575199015        6.4466469144506968        6.4218055761973858     
        1513   6.0495333672310174        6.4479881901914551        6.4231317494386673     
        1514   6.0502723996876817        6.4488289533556946        6.4239631206149994     
        1515   6.0504245841405790        6.4490020883490446        6.4241344870774952     
        1516   6.0509274456036275        6.4495741807226095        6.4247002537827100     
        1517   6.0515598654667500        6.4502936776023772        6.4254117397768269     
        1518   6.0520805006363139        6.4508860060789290        6.4259975088857786     
        1519   6.0524602055058496        6.4513180020789713        6.4264247768280356     
        1520   6.0532247725887816        6.4521878729920186        6.4272849136555905     
        1521   6.0550093878290436        6.4542183421923633        6.4292923727175335     
        1522   6.0552960525434951        6.4545445063860214        6.4296150148194897     
        1523   6.0563608128059929        6.4557559984011128        6.4308128540657705     
        1524   6.0567362627040016        6.4561831950417510        6.4312353706317893     
        1525   6.0579195023224095        6.4575295396742209        6.4325665118096538     
        1526   6.0603035117620188        6.4602422857230755        6.4352483936785845     
        1527   6.0620704610309568        6.4622529787101390        6.4372362481977916     
        1528   6.0624020679509600        6.4626303385149955        6.4376094902489527     
        1529   6.0631192324993570        6.4634464623279753        6.4384164635423033     
        1530   6.0631897018294172        6.4635266562164837        6.4384959469172287     
        1531   6.0638081072517664        6.4642304052691317        6.4391918322647825     
        1532   6.0640199652614486        6.4644715032235576        6.4394303734365792     
        1533   6.0650688415870748        6.4656651591310705        6.4406105409171772     
        1534   6.0655800040405001        6.4662468892168619        6.4411858030152445     
        1535   6.0659224975362767        6.4666366688358057        6.4415713173282256     
        1536   6.0667243129454205        6.4675491982083031        6.4424735781560898     
        1537   6.0678189185873697        6.4687949729175935        6.4437052533582317     
        1538   6.0706989764209656        6.4720729256185203        6.4469457398475427     
        1539   6.0734696381757090        6.4752265714305395        6.4500633138902046     
        1540   6.0759275628499392        6.4780244175339972        6.4528291533987954     
        1541   6.0784632894146968        6.4809109893071577        6.4556826691642968     
        1542   6.0796046322684720        6.4822103036816321        6.4569672104882798     
        1543   6.0826366947357853        6.4856621932846252        6.4603794769107381     
        1544   6.0831362126319135        6.4862308985731216        6.4609418258187219     
        1545   6.0833804526541382        6.4865089702289378        6.4612168964727843     
        1546   6.0857949794772255        6.4892580356374623        6.4639344122308771     
        1547   6.0859791158694829        6.4894676907794082        6.4641418544025271     
        1548   6.0871902052944327        6.4908466423047138        6.4655050745583651     
        1549   6.0885298940086727        6.4923720618261846        6.4670130619581769     
        1550   6.0891763297898951        6.4931081343556434        6.4677408288606699     
        1551   6.0900072102218683        6.4940542431062944        6.4686761993017257     
        1552   6.0901444787724062        6.4942105500833049        6.4688309075364074     
        1553   6.0908094691199643        6.4949677780143773        6.4695795803894072     
        1554   6.0926766038771571        6.4970939552767071        6.4716813455821978     
        1555   6.0937649776840219        6.4983333695803127        6.4729066100697494     
        1556   6.0966298572137259        6.5015959733882278        6.4761315976890188     
        1557   6.0974850636314439        6.5025699473016161        6.4770944829390302     
        1558   6.0976816238179765        6.5027938076274143        6.4773159564286402     
        1559   6.0980624562505934        6.5032275365252330        6.4777448628496543     
        1560   6.0987922636773613        6.5040587224949267        6.4785666123188577     
        1561   6.0997094216439454        6.5051033037166315        6.4795992769502107     
        1562   6.1001666265169288        6.5056240374593504        6.4801141744859478     
        1563   6.1019035909756543        6.5076024035300088        6.4820697693235658     
        1564   6.1020754191987923        6.5077981165255032        6.4822634189143216     
        1565   6.1047044050724795        6.5107926369008107        6.4852233364341387     
        1566   6.1065446841327269        6.5128888952889366        6.4872954168932679     
        1567   6.1087534498372191        6.5154050121648099        6.4897824512790834     
        1568   6.1110807096657949        6.5180562486936955        6.4924030089173499     
        1569   6.1128973654913814        6.5201258979901136        6.4944487389114727     
        1570   6.1131280937528683        6.5203887643602139        6.4947087507027987     
        1571   6.1150499198122539        6.5225783350108131        6.4968729860606658     
        1572   6.1166860014253608        6.5244424274881725        6.4987155278996909     
        1573   6.1171443856242611        6.5249647064021312        6.4992319188716223     
        1574   6.1172446706291144        6.5250789709796395        6.4993450603534626     
        1575   6.1175414584741867        6.5254171321155372        6.4996794831423301     
        1576   6.1180786320693752        6.5260291954538472        6.5002846079076804     
        1577   6.1219296368426370        6.5304173052152139        6.5046216303407505     
        1578   6.1258489989929963        6.5348837017118599        6.5090359568298410     
        1579   6.1262410267457375        6.5353304676252986        6.5094777011449736     
        1580   6.1265122675255093        6.5356395836250689        6.5097834075885714     
        1581   6.1266315993651617        6.5357755791974892        6.5099180216613490     
        1582   6.1291941082463461        6.5386960111174144        6.5128044343398699     
        1583   6.1296775375962085        6.5392469834577795        6.5133491572623043     
        1584   6.1319880361401449        6.5418803803103192        6.5159518694059813     
        1585   6.1339203067001495        6.5440827973158173        6.5181286400832263     
        1586   6.1356725591385839        6.5460801121470480        6.5201027023821183     
        1587   6.1361683646397189        6.5466452733276892        6.5206614337016049     
        1588   6.1363121749791256        6.5468092017504285        6.5208236475610590     
        1589   6.1382842170316554        6.5490571732223044        6.5230453999041060     
        1590   6.1439159146398366        6.5554774181517832        6.5293902733444966     
        1591   6.1440689759114182        6.5556519224895418        6.5295629338311301     
        1592   6.1448731905623797        6.5565688133221594        6.5304692307956458     
        1593   6.1448764929861879        6.5565725784736504        6.5304731641175877     
        1594   6.1448841981609208        6.5565813632800412        6.5304820579253189     
        1595   6.1457916236853869        6.5576159460113042        6.5315046562164270     
        1596   6.1483218503351802        6.5605008454665068        6.5343557379518700     
        1597   6.1489480793055202        6.5612148813555651        6.5350615593439514     
        1598   6.1492728155254195        6.5615851545953987        6.5354276745747555     
        1599   6.1498437724387465        6.5622361821441881        6.5360712289508740     
        1600   6.1498494137577344        6.5622426146404642        6.5360777982480869     
        1601   6.1509398341891650        6.5634859786556214        6.5373066920450356     
        1602   6.1542504542197154        6.5672611393893403        6.5410374519137235     
        1603   6.1559882835832926        6.5692429321703187        6.5429960178167050     
        1604   6.1562631276185282        6.5695563671014181        6.5433059573295793     
        1605   6.1565261047307001        6.5698562707122674        6.5436025253139505     
        1606   6.1586380724940009        6.5722648602218010        6.5459828168311347     
        1607   6.1594171313129387        6.5731533656242798        6.5468610128614841     
        1608   6.1600287839034191        6.5738509576901096        6.5475505546505488     
        1609   6.1634608241395945        6.5777653929382751        6.5514188031246192     
        1610   6.1645278337282026        6.5789824399399048        6.5526216263527672     
        1611   6.1661793463649479        6.5808662382216392        6.5544832816043908     
        1612   6.1698411770115662        6.5850433593825688        6.5586109997437632     
        1613   6.1701264335891057        6.5853687717385405        6.5589327578258576     
        1614   6.1716261088012203        6.5870795921702046        6.5606234511930168     
        1615   6.1720703627397011        6.5875864056213791        6.5611244506168447     
        1616   6.1729153783876143        6.5885504299301116        6.5620772207706182     
        1617   6.1757444657792933        6.5917780900876437        6.5652666758702551     
        1618   6.1764004466525355        6.5925265178392758        6.5660064037611647     
        1619   6.1795945875895288        6.5961709666861630        6.5696076341015299     
        1620   6.1797310718861374        6.5963266983680606        6.5697617227762066     
        1621   6.1824786342906322        6.5994618326377852        6.5728596700398043     
        1622   6.1829741031928513        6.6000272134335294        6.5734185164948613     
        1623   6.1844917600543630        6.6017590552338659        6.5751298942393248     
        1624   6.1859358365949797        6.6034069881138109        6.5767583553827720     
        1625   6.1863438576830170        6.6038726182652407        6.5772186356962052     
        1626   6.1869173721735109        6.6045271153933340        6.5778655248850839     
        1627   6.1908016928589031        6.6089601438813190        6.5822457479046719     
        1628   6.1919114946663285        6.6102267909601675        6.5834974475970185     
        1629   6.1919861977105120        6.6103120527350914        6.5835819030063121     
        1630   6.1929248199143956        6.6113833547355316        6.5846405913097499     
        1631   6.1937349327525535        6.6123080002670607        6.5855543761065363     
        1632   6.1939446061424519        6.6125473197921343        6.5857910431253686     
        1633   6.1951439565193684        6.6139162707064907        6.5871438050064839     
        1634   6.1964809251253259        6.6154423446692050        6.5886517996137428     
        1635   6.1990400043812048        6.6183635186498782        6.5915381479904696     
        1636   6.1990651137859700        6.6183921817338467        6.5915666818066398     
        1637   6.2000510782549823        6.6195177005905927        6.5926789065042541     
        1638   6.2001735520815098        6.6196575112529166        6.5928172535452063     
        1639   6.2009848928676679        6.6205837116103794        6.5937325483458551     
        1640   6.2013121238915225        6.6209572728016841        6.5941018383619650     
        1641   6.2021165963863725        6.6218756563417847        6.5950094061291864     
        1642   6.2024680320339609        6.6222768595839723        6.5954060044877423     
        1643   6.2033105121953405        6.6232386583701670        6.5963564616337962     
        1644   6.2044140012891251        6.6244984602011172        6.5976013363670276     
        1645   6.2059679238925805        6.6262725547032399        6.5993543130512435     
        1646   6.2073128146056780        6.6278080508609696        6.6008715517002301     
        1647   6.2080411315941220        6.6286396086955541        6.6016933172635675     
        1648   6.2083059996721808        6.6289420259487137        6.6019923095702353     
        1649   6.2088964877744255        6.6296162315200755        6.6026586140891936     
        1650   6.2096852665579112        6.6305168549591622        6.6035486084157284     
        1651   6.2117423534426237        6.6328657021973214        6.6058693756189868     
        1652   6.2122383356687827        6.6334320469895287        6.6064291103382402     
        1653   6.2163006854617917        6.6380709438831405        6.6110122751679583     
        1654   6.2182459507261560        6.6402924424122745        6.6132071703353006     
        1655   6.2190445013571543        6.6412044181067342        6.6141083468311024     
        1656   6.2205584834318799        6.6429334898351389        6.6158167427515195     
        1657   6.2206169799025011        6.6430002980303646        6.6158829590902144     
        1658   6.2210563387628346        6.6435020879521165        6.6163788996956896     
        1659   6.2212235257242039        6.6436930328060733        6.6165677520434869     
        1660   6.2227482707715138        6.6454344834793240        6.6182883623707198     
        1661   6.2269778199810357        6.6502654783015176        6.6230611060300291     
        1662   6.2271950905760907        6.6505136575712624        6.6233064953459859     
        1663   6.2291277905559470        6.6527213555314475        6.6254876617191840     
        1664   6.2295601964693574        6.6532153005067904        6.6259758358720688     
        1665   6.2311044237756965        6.6549793386901799        6.6277187025383100     
        1666   6.2314602258433425        6.6553857957277787        6.6281204460783343     
        1667   6.2321439904885949        6.6561669161257182        6.6288923075034063     
        1668   6.2331056963463798        6.6572655722038157        6.6299778493538071     
        1669   6.2331199289314965        6.6572818317392626        6.6299941276291605     
        1670   6.2343045004968412        6.6586351239895212        6.6313312102956274     
        1671   6.2345111713237999        6.6588712350714028        6.6315646710180687     
        1672   6.2347853454745845        6.6591844670448701        6.6318743160714746     
        1673   6.2353652805078950        6.6598470239161802        6.6325290436703597     
        1674   6.2366314061489518        6.6612935616974456        6.6339582270638786     
        1675   6.2377736557593551        6.6625986080757524        6.6352476315028213     
        1676   6.2378332506779248        6.6626666975720346        6.6353151096919518     
        1677   6.2381612457775546        6.6630414463014809        6.6356855197607345     
        1678   6.2393231948662331        6.6643690464939773        6.6369971959006335     
        1679   6.2401559335522059        6.6653205247016620        6.6379373190359559     
        1680   6.2407063315991191        6.6659494134903445        6.6385587742184455     
        1681   6.2407100828065287        6.6659536996741995        6.6385632246136552     
        1682   6.2410638751745120        6.6663579496034497        6.6389627727839553     
        1683   6.2413236671059913        6.6666547949164743        6.6392562226777017     
        1684   6.2421156880027322        6.6675597903692196        6.6401504213234261     
        1685   6.2430941734352299        6.6686778704421679        6.6412551075898847     
        1686   6.2442567374980875        6.6700063230388151        6.6425675999314535     
        1687   6.2461180571915929        6.6721333115654842        6.6446688916009791     
        1688   6.2471073823296130        6.6732638813297971        6.6457858976575750     
        1689   6.2477745639026594        6.6740263299565390        6.6465392670548837     
        1690   6.2479777344238059        6.6742585135657171        6.6467688360954824     
        1691   6.2484940665947875        6.6748485836805633        6.6473519268048378     
        1692   6.2500766272893351        6.6766571949252222        6.6491386907040209     
        1693   6.2508380735835329        6.6775274283558677        6.6499985204572241     
        1694   6.2514601368006115        6.6782383764177959        6.6507010068471430     
        1695   6.2515646106817897        6.6783577792663422        6.6508191687735874     
        1696   6.2536323703557759        6.6807210735380220        6.6531538178410656     
        1697   6.2570266193473945        6.6846006878353474        6.6569862265604698     
        1698   6.2580281723699391        6.6857455168307824        6.6581172687154080     
        1699   6.2587765957005370        6.6866010220809473        6.6589625232640941     
        1700   6.2592572673597857        6.6871504743611636        6.6595054683134265     
        1701   6.2602484039114792        6.6882834544113665        6.6606247965024110     
        1702   6.2604627138711191        6.6885284380660037        6.6608669978238311     
        1703   6.2616899050412478        6.6899312974218557        6.6622528943386996     
        1704   6.2625717316425549        6.6909393787653357        6.6632488432603552     
        1705   6.2625971643625000        6.6909684530939639        6.6632777785819925     
        1706   6.2627485036542394        6.6911414623986722        6.6634488852689557     
        1707   6.2629759349093970        6.6914014602700167        6.6637059144823638     
        1708   6.2633904182163267        6.6918752982579077        6.6641741629218600     
        1709   6.2649919713853155        6.6937062386335313        6.6659828753870514     
        1710   6.2657181304817904        6.6945364261142029        6.6668030992132756     
        1711   6.2677150634566168        6.6968195075722941        6.6690583871208133     
        1712   6.2686316454339046        6.6978674651408330        6.6700936987337087     
        1713   6.2702712320956095        6.6997421119387655        6.6719455426645382     
        1714   6.2723641403184978        6.7021351730897543        6.6743094171291091     
        1715   6.2724001778234459        6.7021763798906395        6.6743503350487003     
        1716   6.2730189387095336        6.7028839024444764        6.6750493777552791     
        1717   6.2736419324679495        6.7035962751939167        6.6757532092927789     
        1718   6.2741464278201668        6.7041731563741020        6.6763232138992592     
        1719   6.2743214670970353        6.7043733121313451        6.6765211256397521     
        1720   6.2750496342204505        6.7052059729483870        6.6773437618111728     
        1721   6.2752987556056521        6.7054908470214265        6.6776253488892721     
        1722   6.2763741464748151        6.7067205913761301        6.6788401785647054     
        1723   6.2764968016529519        6.7068608534740077        6.6789789321287074     
        1724   6.2765418076806050        6.7069123201308205        6.6790299831091744     
        1725   6.2767402775078427        6.7071392809949169        6.6792543681965526     
        1726   6.2768439168051309        6.7072577984847461        6.6793716446258244     
        1727   6.2774833579307510        6.7079890423572568        6.6800941042222490     
        1728   6.2794990298918885        6.7102941686098339        6.6823710585080249     
        1729   6.2800209760401122        6.7108910845309131        6.6829608377189444     
        1730   6.2800793885949524        6.7109578876206868        6.6830270355681733     
        1731   6.2804000248918976        6.7113245825588210        6.6833894296728005     
        1732   6.2820585099169151        6.7132213479436880        6.6852630317822204     
        1733   6.2825958621178772        6.7138359188536372        6.6858702422460610     
        1734   6.2835065776147374        6.7148775234479414        6.6868992175260829     
        1735   6.2843171715421766        6.7158046351356733        6.6878151089175617     
        1736   6.2843918223221600        6.7158900173585421        6.6878996556652837     
        1737   6.2859058319497958        6.7176217053116067        6.6896101882272134     
        1738   6.2869845879574084        6.7188555971895179        6.6908290624506392     
        1739   6.2880385017249614        6.7200611036722933        6.6920198966684055     
        1740   6.2906536351000293        6.7230525178153160        6.6949745569925483     
        1741   6.2919069502508265        6.7244862307623485        6.6963907573434298     
        1742   6.2930781876254738        6.7258260891068176        6.6977142573423336     
        1743   6.2935853340811301        6.7264062596785683        6.6982874665260965     
        1744   6.2941605746065790        6.7270643373469499        6.6989376172702535     
        1745   6.2949449098472918        6.7279616342371771        6.6998240238681461     
        1746   6.2958144158064417        6.7289563871370683        6.7008066766766916     
        1747   6.2960003806469462        6.7291691416285060        6.7010170146029679     
        1748   6.2965055064738689        6.7297470392452112        6.7015879723098095     
        1749   6.2965261344744299        6.7297706391948307        6.7016114984752804     
        1750   6.2969260463616337        6.7302281700044730        6.7020635795233972     
        1751   6.2975176548388720        6.7309050245436932        6.7027322657757580     
        1752   6.2976809216513843        6.7310918184146535        6.7029169634240091     
        1753   6.2984957220632882        6.7320240435485346        6.7038378527760827     
        1754   6.2987622513241233        6.7323289873681418        6.7041392349826339     
        1755   6.2994257647372676        6.7330881402918141        6.7048891942382696     
        1756   6.2994601628035021        6.7331274968452011        6.7049282814672395     
        1757   6.3001349534431625        6.7338995649361877        6.7056909936128477     
        1758   6.3003903860135599        6.7341918236374747        6.7059798461046611     
        1759   6.3007190020457049        6.7345678192923213        6.7063513965181087     
        1760   6.3015939686728624        6.7355689517640229        6.7073403269450864     
        1761   6.3027438670011975        6.7368846902071198        6.7086399547952098     
        1762   6.3034958210424961        6.7377451109467801        6.7094899125601515     
        1763   6.3040072736371346        6.7383303472211820        6.7100681007167609     
        1764   6.3050846019045101        6.7395631164955550        6.7112857774404162     
        1765   6.3063038742069510        6.7409583466946907        6.7126638908720864     
        1766   6.3066934809842650        6.7414041873394899        6.7131044094878121     
        1767   6.3075138200798833        6.7423429430200885        6.7140317148290265     
        1768   6.3077924393738032        6.7426617852350059        6.7143468119459655     
        1769   6.3080336612562506        6.7429378327970602        6.7146196461922187     
        1770   6.3080365741797202        6.7429411662743544        6.7146231572546213     
        1771   6.3087663189127747        6.7437762750308172        6.7154480997728285     
        1772   6.3110172820899759        6.7463523308741147        6.7179923238378123     
        1773   6.3110535926488192        6.7463938866297726        6.7180335815264911     
        1774   6.3119928605180515        6.7474688472779851        6.7190953798033775     
        1775   6.3121077518555619        6.7476003381558387        6.7192254527459099     
        1776   6.3141816843920884        6.7499739726470791        6.7215697430322408     
        1777   6.3153170461453332        6.7512734521431828        6.7228532485154986     
        1778   6.3166699382586948        6.7528219503433835        6.7243826618786358     
        1779   6.3168146783060655        6.7529876202756984        6.7245464853870089     
        1780   6.3168290317200642        6.7530040492702943        6.7245629289017970     
        1781   6.3169066264995051        6.7530928647642128        6.7246508562618885     
        1782   6.3206951587261049        6.7574294355247924        6.7289335360831828     
        1783   6.3208461698389078        6.7576022992801894        6.7291044610681752     
        1784   6.3210413692254583        6.7578257466286020        6.7293253379298505     
        1785   6.3220158649211733        6.7589412798212125        6.7304271591577631     
        1786   6.3225186384665610        6.7595168288620293        6.7309957382404733     
        1787   6.3230755539410204        6.7601543645049285        6.7316255282709605     
        1788   6.3246400204640247        6.7619453497417732        6.7333943493245627     
        1789   6.3247290746890625        6.7620473000354639        6.7334952447960816     
        1790   6.3249293591998033        6.7622765887898062        6.7337218866924289     
        1791   6.3250168116861101        6.7623767060561306        6.7338209719476581     
        1792   6.3263980398280744        6.7639579888385137        6.7353826997168369     
        1793   6.3287782990111587        6.7666831179030567        6.7380739487810928     
        1794   6.3301287507525510        6.7682292993069169        6.7396009909111427     
        1795   6.3312192847099631        6.7694779262657754        6.7408341980636308     
        1796   6.3315264974699872        6.7698296808083045        6.7411817656597606     
        1797   6.3320257533276934        6.7704013274334667        6.7417464695354994     
        1798   6.3320419050792607        6.7704198212550644        6.7417649516025193     
        1799   6.3324711603458299        6.7709113227972733        6.7422505136819240     
        1800   6.3337976813224701        6.7724302330222814        6.7437506036814341     
        1801   6.3344670415794875        6.7731966900870990        6.7445076698305542     
        1802   6.3366640908729330        6.7757125239863312        6.7469921619883380     
        1803   6.3375706290206990        6.7767506347225517        6.7480174630070522     
        1804   6.3401796606177339        6.7797384546630584        6.7509679801737192     
        1805   6.3405215511360584        6.7801299952754528        6.7513548215463501     
        1806   6.3453531191859813        6.7856635421339000        6.7568190039463119     
        1807   6.3457547740389266        6.7861235810164828        6.7572734734565572     
        1808   6.3480647297411599        6.7887693910635356        6.7598861902422129     
        1809   6.3483420607476031        6.7890870538255657        6.7602000722324433     
        1810   6.3487387915440383        6.7895414839855421        6.7606489982374782     
        1811   6.3492866368105831        6.7901690130505612        6.7612688413080093     
        1812   6.3494231608303355        6.7903253956412346        6.7614234739957482     
        1813   6.3509349866485927        6.7920571619823251        6.7631336331827612     
        1814   6.3537117587980703        6.7952380553951528        6.7662746265213229     
        1815   6.3546731349727921        6.7963393939033985        6.7673622862898526     
        1816   6.3580473647850013        6.8002050543091608        6.7711793465082053     
        1817   6.3591778788197448        6.8015002858531597        6.7724584292176147     
        1818   6.3597487047935717        6.8021542947346179        6.7731043911873741     
        1819   6.3598332240243138        6.8022511311526079        6.7732002243687148     
        1820   6.3598919773121683        6.8023184468064599        6.7732669100109675     
        1821   6.3609682593835828        6.8035515960685649        6.7744846860649801     
        1822   6.3633235055507340        6.8062502234503111        6.7771493891681303     
        1823   6.3647286099307161        6.8078602532589496        6.7787392564071851     
        1824   6.3649618129088363        6.8081274724065537        6.7790033128317546     
        1825   6.3657499573162069        6.8090305901250625        6.7798952130476167     
        1826   6.3667439235321472        6.8101695778845910        6.7810199917076588     
        1827   6.3672488858999090        6.8107482251521532        6.7815915274054248     
        1828   6.3677338196520061        6.8113039275006475        6.7821404078597425     
        1829   6.3681282519500861        6.8117559256595239        6.7825868977446646     
        1830   6.3684615813418466        6.8121379063660292        6.7829642571959994     
        1831   6.3686756821400099        6.8123832579288264        6.7832067194068344     
        1832   6.3707818189377923        6.8147968766515667        6.7855899460713403     
        1833   6.3711563290416073        6.8152260749338218        6.7860139199265603     
        1834   6.3726655106469430        6.8169556734933474        6.7877217870708364     
        1835   6.3739946857966352        6.8184790250904888        6.7892260163198728     
        1836   6.3743748016012347        6.8189146797609297        6.7896563590754013     
        1837   6.3749208393676540        6.8195405059575789        6.7902744566814945     
        1838   6.3754374008670300        6.8201325559503072        6.7908592059086814     
        1839   6.3755511767501343        6.8202629595856941        6.7909881742203524     
        1840   6.3757040252971500        6.8204381466865174        6.7911613568404263     
        1841   6.3760937881867150        6.8208848755342499        6.7916026300722763     
        1842   6.3762786814238765        6.8210967933156175        6.7918120761548053     
        1843   6.3765128424258410        6.8213651812735705        6.7920772744638498     
        1844   6.3791861705650161        6.8244293678175998        6.7951027165882820     
        1845   6.3799751046000370        6.8253336851579594        6.7959957495469467     
        1846   6.3816158564965368        6.8272144529406429        6.7978527996241667     
        1847   6.3835471845107170        6.8294283941543883        6.8000387662547794     
        1848   6.3846012146140811        6.8306367029093025        6.8012319008039483     
        1849   6.3868672844315384        6.8332345568127861        6.8037968574084857     
        1850   6.3889976252533893        6.8356769322093403        6.8062082958740149     
        1851   6.3892233201594753        6.8359356920142798        6.8064639755229521     
        1852   6.3932979501688125        6.8406074964029173        6.8110763372814205     
        1853   6.3937108340678677        6.8410809165802915        6.8115439293863602     
        1854   6.3940283651787118        6.8414450065682031        6.8119035880636503     
        1855   6.3942855054761587        6.8417398527155679        6.8121948876373395     
        1856   6.3970390268144843        6.8448972465361289        6.8153121233120117     
        1857   6.3970435591285018        6.8449024437912396        6.8153174766591320     
        1858   6.4005671516726315        6.8489431502021647        6.8193066763106955     
        1859   6.4007776616519321        6.8491845644512273        6.8195452208517651     
        1860   6.4015946301490496        6.8501214804154928        6.8204703559985589     
        1861   6.4017752673051387        6.8503286411226050        6.8206750849600724     
        1862   6.4021253010515196        6.8507300739246606        6.8210715962240585     
        1863   6.4047869114685252        6.8537826214105131        6.8240852296601773     
        1864   6.4050541896780393        6.8540891677134610        6.8243880667856658     
        1865   6.4054067675036812        6.8544935485925889        6.8247874830602484     
        1866   6.4059210878897161        6.8550834421781897        6.8253700312010039     
        1867   6.4059300270245085        6.8550936948729415        6.8253803752878000     
        1868   6.4062898395900474        6.8555063817928410        6.8257879896061695     
        1869   6.4081465124215917        6.8576359463079291        6.8278904411269608     
        1870   6.4095556644817817        6.8592522744970994        6.8294862337138298     
        1871   6.4099889814210123        6.8597493089941635        6.8299771059749048     
        1872   6.4105645254185086        6.8604094921207661        6.8306290295765564     
        1873   6.4110409332137923        6.8609559667332274        6.8311687045431384     
        1874   6.4115618214489682        6.8615534705013230        6.8317587516883265     
        1875   6.4138573007846258        6.8641866685110227        6.8343583129501155     
        1876   6.4154284198196070        6.8659890158279779        6.8361376931397473     
        1877   6.4154981454245741        6.8660690047529354        6.8362168759233697     
        1878   6.4157399226219534        6.8663463715426243        6.8364908961202104     
        1879   6.4168121147936308        6.8675764088940250        6.8377053219858936     
        1880   6.4168772540194245        6.8676511387123531        6.8377793129816169     
        1881   6.4169229305244269        6.8677035403370050        6.8378312632674181     
        1882   6.4180455246936070        6.8689914354316901        6.8391027957336021     
        1883   6.4183347079707458        6.8693232060453466        6.8394305161488305     
        1884   6.4188607955819341        6.8699267749787936        6.8400265327794401     
        1885   6.4201746411030234        6.8714341533372680        6.8415147094501236     
        1886   6.4219379575259126        6.8734572822472195        6.8435119776422226     
        1887   6.4243836867317512        6.8762635082660921        6.8462822223215483     
        1888   6.4245717361617958        6.8764792824204228        6.8464954351551484     
        1889   6.4250486481890281        6.8770265112767612        6.8470358238544122     
        1890   6.4251736222141158        6.8771699127035104        6.8471775977332499     
        1891   6.4281800488624983        6.8806197604788499        6.8505831108060349     
        1892   6.4281965821830918        6.8806387329749432        6.8506020619719905     
        1893   6.4285341067139958        6.8810260543738986        6.8509846018635372     
        1894   6.4285574835721855        6.8810528802608690        6.8510113049119212     
        1895   6.4311450997038753        6.8840223630382100        6.8539426188908195     
        1896   6.4315854605381393        6.8845277275460122        6.8544416703215845     
        1897   6.4317476135535525        6.8847138179951886        6.8546255773822651     
        1898   6.4321244326720910        6.8851462667694747        6.8550526552787900     
        1899   6.4330710437735199        6.8862326421891691        6.8561251966322558     
        1900   6.4377267655331538        6.8915761110051754        6.8613996817208118     
        1901   6.4381133983195040        6.8920198831870874        6.8618379258585662     
        1902   6.4389222245883735        6.8929482564030407        6.8627544872717863     
        1903   6.4409378158928545        6.8952618331478872        6.8650382801328504     
        1904   6.4428411397608070        6.8974466430938941        6.8671949588382049     
        1905   6.4443191784004030        6.8991433374506048        6.8688698452490087     
        1906   6.4445202092912020        6.8993741125759973        6.8690978473390700     
        1907   6.4454929193281059        6.9004907584034889        6.8702002109424356     
        1908   6.4463394379126093        6.9014625600205344        6.8711596084581927     
        1909   6.4464262970654573        6.9015622752201873        6.8712582522256653     
        1910   6.4467169986417385        6.9018960050622669        6.8715878688948493     
        1911   6.4483550292349676        6.9037765307984538        6.8734441691211288     
        1912   6.4508742841320759        6.9066688759173447        6.8762991086398983     
        1913   6.4535190225675656        6.9097054681496717        6.8792963863824639     
        1914   6.4556867090577308        6.9121944642618791        6.8817531736410444     
        1915   6.4559560517475267        6.9125037394594369        6.8820586421109269     
        1916   6.4562232149297270        6.9128105139074174        6.8823616421032412     
        1917   6.4565271038225092        6.9131594615350984        6.8827062650662398     
        1918   6.4573820816991487        6.9141412232215353        6.8836754490423075     
        1919   6.4579279025746139        6.9147679934076169        6.8842942690182269     
        1920   6.4581179032797511        6.9149861744792798        6.8845098289652711     
        1921   6.4595884965309729        6.9166749141595130        6.8861767584299329     
        1922   6.4597927678668876        6.9169094914261935        6.8864084991392858     
        1923   6.4626549753280980        6.9201964550334250        6.8896527662938567     
        1924   6.4636423163787455        6.9213303691966050        6.8907720898873919     
        1925   6.4668773455811106        6.9250458263011545        6.8944391934912659     
        1926   6.4673195366233038        6.9255537077251939        6.8949406560148816     
        1927   6.4690492620033950        6.9275404447251372        6.8969016182980809     
        1928   6.4690631961778307        6.9275564496324327        6.8969176391704892     
        1929   6.4698335054619438        6.9284412411781302        6.8977910724465019     
        1930   6.4699229406977263        6.9285439691649078        6.8978926808378134     
        1931   6.4700318061781399        6.9286690155966406        6.8980163153928586     
        1932   6.4701013063558079        6.9287488459248063        6.8980953258902176     
        1933   6.4722257676354715        6.9311891377470243        6.9005038775116105     
        1934   6.4726924800482681        6.9317252493695207        6.9010331892683254     
        1935   6.4734078870238623        6.9325470471020196        6.9018444413772357     
        1936   6.4736521803875284        6.9328276733083740        6.9021216145308699     
        1937   6.4743279880773885        6.9336039995658636        6.9028879881828971     
        1938   6.4774878519757539        6.9372340165728072        6.9064706096257567     
        1939   6.4791967758741293        6.9391973194244994        6.9084083624614152     
        1940   6.4795761840116830        6.9396332141713879        6.9088387584303490     
        1941   6.4803419707277730        6.9405130234469858        6.9097072368741905     
        1942   6.4803985666872546        6.9405780469313774        6.9097716320623803     
        1943   6.4809009578052343        6.9411552512250614        6.9103414787775108     
        1944   6.4809443817119128        6.9412051418812988        6.9103909398491723     
        1945   6.4821626821949536        6.9426048936853491        6.9117725219532602     
        1946   6.4910425709876547        6.9528085198441261        6.9218420637919280     
        1947   6.4912123554013883        6.9530036345451816        6.9220348328990227     
        1948   6.4917318837311520        6.9536006764968912        6.9226242303066599     
        1949   6.4923592685016827        6.9543216765723450        6.9233359499844553     
        1950   6.4934883393332203        6.9556192480555961        6.9246166339593671     
        1951   6.4949052193083929        6.9572476284849625        6.9262237552277739     
        1952   6.4953998905238892        6.9578161527332920        6.9267850023612993     
        1953   6.4977424742043022        6.9605085654198620        6.9294420901068534     
        1954   6.4988508279465709        6.9617824853509243        6.9306994063005689     
        1955   6.4989103415689327        6.9618508900528751        6.9307671337831991     
        1956   6.5002992701773090        6.9634473452088121        6.9323427154202690     
        1957   6.5008561072434912        6.9640873963114940        6.9329745311766118     
        1958   6.5020308387494454        6.9654377072136180        6.9343072115998723     
        1959   6.5034754924929654        6.9670983338554908        6.9359460949982790     
        1960   6.5039021281447482        6.9675887612488623        6.9364302590050997     
        1961   6.5046860964956972        6.9684899632552995        6.9373197592457103     
        1962   6.5064377155460509        6.9705035759394667        6.9393069353124019     
        1963   6.5066812838453627        6.9707835817238983        6.9395834591805325     
        1964   6.5066959440383689        6.9708004351117960        6.9396003163115978     
        1965   6.5079927875157182        6.9722913115071288        6.9410716670209993     
        1966   6.5102436045535281        6.9748789999344707        6.9436252790307762     
        1967   6.5111415191597279        6.9759113394405698        6.9446441537951316     
        1968   6.5117482335328019        6.9766088958083641        6.9453326834902356     
        1969   6.5117785570279834        6.9766437598284403        6.9453673121474040     
        1970   6.5118958964967959        6.9767786694922824        6.9455006590625885     
        1971   6.5126199685882868        6.9776111708531996        6.9463223407821175     
        1972   6.5130970334522971        6.9781596834088369        6.9468638007331975     
        1973   6.5157112168668316        6.9811654872318920        6.9498299195920552     
        1974   6.5158773172669759        6.9813564765770915        6.9500185991546459     
        1975   6.5160175799066886        6.9815177571282510        6.9501779644841264     
        1976   6.5166016079696476        6.9821893055358926        6.9508408178588752     
        1977   6.5166212086559874        6.9822118436670157        6.9508632839006523     
        1978   6.5178340669965227        6.9836064860399167        6.9522396186959057     
        1979   6.5196064283728887        6.9856445601039363        6.9542508212810645     
        1980   6.5199014120942813        6.9859837758938657        6.9545857527927666     
        1981   6.5212660299108016        6.9875530446753311        6.9561343713971837     
        1982   6.5214032324956008        6.9877108261794065        6.9562902808433691     
        1983   6.5229287515238337        6.9894651902801943        6.9580215207452127     
        1984   6.5237662853499518        6.9904283898085957        6.9589721223337691     
        1985   6.5242304250376408        6.9909621781844535        6.9594990292250003     
        1986   6.5279274971848587        6.9952142355658617        6.9636946471902448     
        1987   6.5286861956747737        6.9960868706444046        6.9645558724088232     
        1988   6.5287689966933939        6.9961821071233086        6.9646500664944426     
        1989   6.5291743065005141        6.9966482909486789        6.9651102597503325     
        1990   6.5297934754553415        6.9973604621030407        6.9658131575960169     
        1991   6.5305726156057933        6.9982566473212451        6.9666976119542525     
        1992   6.5309452978278806        6.9986853208060964        6.9671207921012410     
        1993   6.5313433756340018        6.9991432093319332        6.9675727966509271     
        1994   6.5321744222700309        7.0000991332573266        6.9685161863420433     
        1995   6.5325744685166924        7.0005592990016199        6.9689704354032358     
        1996   6.5347388221063598        7.0030489880527336        6.9714270937821539     
        1997   6.5361908755022000        7.0047193767800504        6.9730753840007722     
        1998   6.5370843826228473        7.0057472621862100        6.9740897537042841     
        1999   6.5375505225541852        7.0062835152456771        6.9746190632026313     
        2000   6.5392228004452075        7.0082073714456072        6.9765174096616960     
        2001   6.5395356051721549        7.0085672428880281        6.9768726934335348     
        2002   6.5399081487414685        7.0089958452626027        6.9772957877481829     
        2003   6.5421324132183258        7.0115548842509110        6.9798207912632151     
        2004   6.5424266293198832        7.0118933926877647        6.9801549939350807     
        2005   6.5429830814906040        7.0125336214077123        6.9807868743474941     
        2006   6.5435152388644404        7.0131459053012035        6.9813911829231188     
        2007   6.5440649194519072        7.0137783587372313        6.9820153893897370     
        2008   6.5444370311087559        7.0142065088254837        6.9824380295538333     
        2009   6.5451779545218276        7.0150590230681438        6.9832793442307732     
        2010   6.5452845934678017        7.0151817241533685        6.9834006288111752     
        2011   6.5461269611101072        7.0161509812251523        6.9843571177614265     
        2012   6.5483525464433541        7.0187119063696377        6.9868839158813572     
        2013   6.5489123305362913        7.0193560565109001        6.9875196494625271     
        2014   6.5490507632433932        7.0195153539354056        6.9876770373907036     
        2015   6.5519266246610162        7.0228247828823998        6.9909422530420073     
        2016   6.5536957475959827        7.0248607292549323        6.9929510679066524     
        2017   6.5544395772269368        7.0257167698419849        6.9937958288637461     
        2018   6.5569358536919395        7.0285897310260896        6.9966303757052231     
        2019   6.5587851555449959        7.0307181964614704        6.9987304214862718     
        2020   6.5598245197992693        7.0319144989687521        6.9999108438759876     
        2021   6.5612193033926101        7.0335199321485815        7.0014948795077530     
        2022   6.5612379070344620        7.0335413457857472        7.0015162338037982     
        2023   6.5614872784525398        7.0338283845053295        7.0017996340197968     
        2024   6.5617544125160983        7.0341358707281758        7.0021032058983081     
        2025   6.5619159621425496        7.0343218242860699        7.0022868826728626     
        2026   6.5630183482922098        7.0355907570198104        7.0035389405844981     
        2027   6.5640979086104334        7.0368334466464439        7.0047651034816596     
        2028   6.5642523239385007        7.0370111977631309        7.0049406867056732     
        2029   6.5657381653993525        7.0387216171176883        7.0066282623746048     
        2030   6.5681943529931583        7.0415491741343343        7.0094178825598235     
        2031   6.5685954034683203        7.0420108776250121        7.0098735807009405     
        2032   6.5698515967964646        7.0434570794031304        7.0113004775153414     
        2033   6.5702390682799754        7.0439031672302646        7.0117407678433779     
        2034   6.5719809585060620        7.0459086182341535        7.0137193440600072     
        2035   6.5723162216894355        7.0462946184291431        7.0141003552690577     
        2036   6.5723975032329580        7.0463882011536212        7.0141929023336047     
        2037   6.5729987466651822        7.0470804424445133        7.0148760127765541     
        2038   6.5745927244535842        7.0489157142696550        7.0166866892657893     
        2039   6.5747385049072520        7.0490835661183970        7.0168524997589330     
        2040   6.5751894427732154        7.0496027802696171        7.0173649178889050     
        2041   6.5752655002016063        7.0496903540480220        7.0174515363124641     
        2042   6.5761241281047678        7.0506790030276756        7.0184270341005686     
        2043   6.5782763070583723        7.0531571699786149        7.0208718742248521     
        2044   6.5794415212581532        7.0544989290466242        7.0221956851820195     
        2045   6.5798164857447716        7.0549307131110490        7.0226218480116742     
        2046   6.5816495418908811        7.0570415918377165        7.0247043421235418     
        2047   6.5826238112500768        7.0581635601721269        7.0258113247170968     
        2048   6.5832296001899371        7.0588611992480192        7.0264997303812962     
        2049   6.5832621807326834        7.0588987199509212        7.0265369721377837     
        2050   6.5835403770565932        7.0592191000948796        7.0268532357671845     
        2051   6.5843906151621088        7.0601982753147938        7.0278193543094289     
        2052   6.5847844402984377        7.0606518298390641        7.0282669833300702     
        2053   6.5855359284806010        7.0615173036987251        7.0291209390671412     
        2054   6.5855872814868022        7.0615764464723343        7.0291795090799241     
        2055   6.5859850420007131        7.0620345458796487        7.0296316190416448     
        2056   6.5862226376397999        7.0623081859572494        7.0299017737274738     
        2057   6.5877422313033414        7.0640583449461358        7.0316283922075513     
        2058   6.5889964780564725        7.0655029425462708        7.0330535910666185     
        2059   6.5891773192413670        7.0657112325491331        7.0332592805284975     
        2060   6.5892413622331238        7.0657849964573325        7.0333322721936398     
        2061   6.5898719764078528        7.0665113357022440        7.0340489687283494     
        2062   6.5899869715609567        7.0666437878629091        7.0341798506177895     
        2063   6.5912293168259692        7.0680747515412419        7.0355915874272981     
        2064   6.5917068215837160        7.0686247641020152        7.0361343497161641     
        2065   6.5918086227054840        7.0687420242305947        7.0362502452721429     
        2066   6.5919975381125804        7.0689596281108154        7.0364651195637862     
        2067   6.5924974796106364        7.0695354947102960        7.0370333823983344     
        2068   6.5926666983487383        7.0697304138573820        7.0372258800023246     
        2069   6.5939595101477018        7.0712195989197806        7.0386950297024100     
        2070   6.5945149324103376        7.0718594013621292        7.0393263533036645     
        2071   6.5961651423531631        7.0737603607739068        7.0412016574935521     
        2072   6.5983073879079033        7.0762282284435614        7.0436361305695954     
        2073   6.5992705254070145        7.0773378028917442        7.0447308102593169     
        2074   6.5999427261595223        7.0781122206999436        7.0454948994486699     
        2075   6.6000557987854220        7.0782424886994733        7.0456236217491508     
        2076   6.6004009939815571        7.0786401811091393        7.0460161212549792     
        2077   6.6007501261188439        7.0790424124066842        7.0464130971741312     
        2078   6.6018743302484637        7.0803376176117023        7.0476908634756299     
        2079   6.6020551482774827        7.0805459427436075        7.0478965768075383     
        2080   6.6025200397961648        7.0810815602811807        7.0484251158761779     
        2081   6.6055027708067842        7.0845182039644330        7.0518150672716331     
        2082   6.6063748765795500        7.0855230716193471        7.0528064374878952     
        2083   6.6065376032909402        7.0857105726814140        7.0529916075241204     
        2084   6.6076969913488952        7.0870464922860430        7.0543095002877720     
        2085   6.6079031994771960        7.0872841019578914        7.0545440929508914     
        2086   6.6081186428623635        7.0875323544452833        7.0547891827328542     
        2087   6.6087052881997641        7.0882083441497281        7.0554561611515538     
        2088   6.6089090428272872        7.0884431321487655        7.0556879697573507     
        2089   6.6099708314347811        7.0896666570380429        7.0568949919970620     
        2090   6.6100721103944657        7.0897833648157054        7.0570103344641879     
        2091   6.6104746277067230        7.0902472042336324        7.0574680596230905     
        2092   6.6108239418796577        7.0906497386873504        7.0578653178595800     
        2093   6.6111048830129979        7.0909734853765567        7.0581848658724411     
        2094   6.6113961211479211        7.0913091001814337        7.0585161192147936     
        2095   6.6139901855429954        7.0942985279375481        7.0614648516737617     
        2096   6.6148995208324237        7.0953464980318444        7.0624986981739113     
        2097   6.6152582162291029        7.0957598852019785        7.0629066530827984     
        2098   6.6162046167905109        7.0968506037839889        7.0639826566307065     
        2099   6.6164366695479373        7.0971180462417021        7.0642466649920479     
        2100   6.6167086540034159        7.0974315120871214        7.0645560656323028     
        2101   6.6167207691574266        7.0974454750153431        7.0645700685879760     
        2102   6.6169710127274577        7.0977338860061039        7.0648547574758709     
        2103   6.6190217989824207        7.1000975230888184        7.0671862138455737     
        2104   6.6190627589338771        7.1001447326866121        7.0672330073739218     
        2105   6.6198321095327843        7.1010314786485669        7.0681078196186888     
        2106   6.6211277220130338        7.1025248244410166        7.0695809032800128     
        2107   6.6239753454287458        7.1058072021599754        7.0728184386478858     
        2108   6.6258525969246396        7.1079711765305760        7.0749529071587034     
        2109   6.6269811257875046        7.1092721168465607        7.0762361933179605     
        2110   6.6275389547778483        7.1099151808874366        7.0768706457487696     
        2111   6.6289301796063036        7.1115190178651790        7.0784526519210260     
        2112   6.6290492105455874        7.1116562419441678        7.0785882197991512     
        2113   6.6291781564409584        7.1118048968436689        7.0787350611440587     
        2114   6.6294295527846270        7.1120947196562545        7.0790211277184980     
        2115   6.6298191510838587        7.1125438722080618        7.0794643309445391     
        2116   6.6314684011280214        7.1144452723928069        7.0813397876900055     
        2117   6.6315565810139683        7.1145469359401350        7.0814402833437455     
        2118   6.6316716586751134        7.1146796105352550        7.0815713629682122     
        2119   6.6326844247103365        7.1158472574057638        7.0827231600116392     
        2120   6.6326946314984081        7.1158590252418650        7.0827349978139154     
        2121   6.6336467197907876        7.1169567401359419        7.0838178214709231     
        2122   6.6339578119907889        7.1173154206465652        7.0841717915588163     
        2123   6.6348645075635453        7.1183608296839331        7.0852030245358932     
        2124   6.6353588491423467        7.1189308087571535        7.0857653784290022     
        2125   6.6356400773598105        7.1192550696307064        7.0860854009108039     
        2126   6.6360724359645928        7.1197535904891698        7.0865772801218725     
        2127   6.6363869104050126        7.1201161909237927        7.0869351124865361     
        2128   6.6369969084582197        7.1208195482989485        7.0876290013737346     
        2129   6.6385436916298488        7.1226031087583683        7.0893881870453157     
        2130   6.6387340162987725        7.1228225721968306        7.0896048541361338     
        2131   6.6407980716702717        7.1252026969984135        7.0919523535140101     
        2132   6.6417008221262446        7.1262437215221812        7.0929792324836072     
        2133   6.6417694915044470        7.1263229098594181        7.0930575593933085     
        2134   6.6426897956936708        7.1273842008097414        7.0941044205091401     
        2135   6.6452218728052284        7.1303042978254245        7.0969843859670334     
        2136   6.6460103872490901        7.1312136804192896        7.0978814244712538     
        2137   6.6464666171691826        7.1317398515089154        7.0984005498871383     
        2138   6.6475735710708062        7.1330165271841466        7.0996597942851949     
        2139   6.6478134722639410        7.1332932151066579        7.0999328858721924     
        2140   6.6481159048841194        7.1336420252801265        7.1002771012392643     
        2141   6.6481160682227838        7.1336422136671676        7.1002775197116179     
        2142   6.6490079062919758        7.1346708278343609        7.1012921280809493     
        2143   6.6490108835970974        7.1346742617871586        7.1012957472218403     
        2144   6.6491981504903563        7.1348902514345829        7.1015089792857751     
        2145   6.6497660810712151        7.1355452961798784        7.1021551868180310     
        2146   6.6507469998536681        7.1366766970843019        7.1032711510353721     
        2147   6.6509772306136146        7.1369422511072775        7.1035332593579241     
        2148   6.6512066912727876        7.1372069182797242        7.1037944928661858     
        2149   6.6523705735164675        7.1385493983994772        7.1051186042563188     
        2150   6.6529662864015773        7.1392365374475979        7.1057964525266399     
        2151   6.6536176889972474        7.1399879239118960        7.1065376557859281     
        2152   6.6538966390074039        7.1403096934482528        7.1068551970716811     
        2153   6.6543579973907221        7.1408418760451120        7.1073802333257134     
        2154   6.6544955844731879        7.1410005855416161        7.1075369748922128     
        2155   6.6545405583307184        7.1410524639097623        7.1075883667773354     
        2156   6.6546918932255945        7.1412270325502689        7.1077607474319038     
        2157   6.6555162508889252        7.1421779607309457        7.1086987190144981     
        2158   6.6557417422655050        7.1424380768320548        7.1089554596668378     
        2159   6.6561525128026329        7.1429119256169527        7.1094229673813345     
        2160   6.6574143394392644        7.1443675474329282        7.1108586220647041     
        2161   6.6591394102246531        7.1463576284164576        7.1128213064429104     
        2162   6.6608806965294791        7.1483664963248517        7.1148025021536370     
        2163   6.6616608572364724        7.1492665696753166        7.1156903008926591     
        2164   6.6623221270009694        7.1500294909365936        7.1164428511593698     
        2165   6.6624971346752009        7.1502314030320075        7.1166421896829988     
        2166   6.6630733917382301        7.1508962554741391        7.1172980320282662     
        2167   6.6631994934699135        7.1510417456191302        7.1174417325202128     
        2168   6.6632530381839068        7.1511035230764675        7.1175028842796522     
        2169   6.6634502956689401        7.1513311104556738        7.1177275402943394     
        2170   6.6641556501881718        7.1521449272707294        7.1185302724959740     
        2171   6.6651310038463896        7.1532702827884727        7.1196402067633926     
        2172   6.6655693883774152        7.1537760957251271        7.1201392152970584     
        2173   6.6657218168437993        7.1539519705800583        7.1203128762410657     
        2174   6.6660807483839220        7.1543661150407889        7.1207214908098635     
        2175   6.6663606869282024        7.1546891177282479        7.1210402315237076     
        2176   6.6667768722701606        7.1551693304979400        7.1215139936468148     
        2177   6.6678814322546067        7.1564438422682723        7.1227709948155820     
        2178   6.6689590213856142        7.1576872646555936        7.1239973336947315     
        2179   6.6690008248385109        7.1577355019838143        7.1240451326485044     
        2180   6.6701674104364201        7.1590816529152184        7.1253727627510983     
        2181   6.6708098972237124        7.1598230492120321        7.1261040607544146     
        2182   6.6708342975663104        7.1598512061534914        7.1261320588803869     
        2183   6.6714177279984419        7.1605244643949897        7.1267961665801280     
        2184   6.6729888115686506        7.1623374847693633        7.1285841416233708     
        2185   6.6736999865916591        7.1631581978046883        7.1293936411488232     
        2186   6.6742183878156567        7.1637564537409526        7.1299837848407890     
        2187   6.6742882822411191        7.1638371152766451        7.1300635547555515     
        2188   6.6745626933776823        7.1641538002124010        7.1303760549001396     
        2189   6.6750445208514417        7.1647098594022252        7.1309245885470247     
        2190   6.6756184601188586        7.1653722294620481        7.1315779481193928     
        2191   6.6762436525240130        7.1660937595702014        7.1322896402591240     
        2192   6.6782377581087822        7.1683952122139356        7.1345591880896251     
        2193   6.6786382895268428        7.1688574894246493        7.1350152413764718     
        2194   6.6787120667234028        7.1689426405558834        7.1350994368212710     
        2195   6.6800667706610097        7.1705062195485016        7.1366414007965133     
        2196   6.6804004135996689        7.1708913127347937        7.1370213454124993     
        2197   6.6811014222993492        7.1717004319048332        7.1378193875076903     
        2198   6.6813341140631692        7.1719690125885771        7.1380844470629654     
        2199   6.6828998376758779        7.1737762611175615        7.1398666546690421     
        2200   6.6837979083435890        7.1748128955771504        7.1408890200996922     
        2201   6.6877819126200801        7.1794118531217075        7.1454238216210086     
        2202   6.6881320187371021        7.1798160202901089        7.1458225605825945     
        2203   6.6885409097682205        7.1802880536828848        7.1462882141910313     
        2204   6.6898240899427321        7.1817694158970351        7.1477490486353474     
        2205   6.6919680282523322        7.1842445748215420        7.1501897330841189     
        2206   6.6930913212185290        7.1855414561147040        7.1514686537639776     
        2207   6.6931077576192326        7.1855604327679305        7.1514875986447706     
        2208   6.6938086395791130        7.1863696430261514        7.1522856870860849     
        2209   6.6939569429757686        7.1865408698708846        7.1524547451918608     
        2210   6.6944502001773216        7.1871103746953331        7.1530164904080777     
        2211   6.6945358616871475        7.1872092784093446        7.1531142402541903     
        2212   6.6945824746995175        7.1872630972959719        7.1531675381742517     
        2213   6.6949866092817594        7.1877297092000729        7.1536278336501695     
        2214   6.6999031300073204        7.1934066498552411        7.1592252427059080     
        2215   6.7007090864956549        7.1943373221223270        7.1601430615535762     
        2216   6.7007209219022714        7.1943509890992470        7.1601567711281078     
        2217   6.7009897220569217        7.1946613880178827        7.1604630389458706     
        2218   6.7023253789304498        7.1962037760094937        7.1619839619703356     
        2219   6.7025483360099551        7.1964612467105571        7.1622380443536358     
        2220   6.7027849049517485        7.1967344378317089        7.1625076256752251     
        2221   6.7033764226148698        7.1974175322298226        7.1631813403861173     
        2222   6.7039170917872948        7.1980419141119718        7.1637971674725947     
        2223   6.7064549977003329        7.2009728724336775        7.1666870808703607     
        2224   6.7073539957295045        7.2020111419494484        7.1677109547054911     
        2225   6.7077886292080660        7.2025131159553402        7.1682060888199359     
        2226   6.7121910682834951        7.2075979369666863        7.1732194250252803     
        2227   6.7129537544587699        7.2084788927258270        7.1740881806764421     
        2228   6.7142207210639073        7.2099423618839147        7.1755312207360404     
        2229   6.7152054836031994        7.2110798875958819        7.1766529142728501     
        2230   6.7158064296689757        7.2117740692849406        7.1773375236952788     
        2231   6.7162639536921649        7.2123025837401586        7.1778588053205681     
        2232   6.7174243848733433        7.2136430950256125        7.1791806050743503     
        2233   6.7186327127705212        7.2150389740169656        7.1805569828999651     
        2234   6.7212280591716844        7.2180372898885432        7.1835131158947831     
        2235   6.7212341453382676        7.2180443212421599        7.1835202833884466     
        2236   6.7222239535304462        7.2191878606755111        7.1846478715043034     
        2237   6.7224648033755798        7.2194661218715472        7.1849224288306175     
        2238   6.7226183163697764        7.2196434809392871        7.1850975124402225     
        2239   6.7228475345314944        7.2199083060731484        7.1853588235044938     
        2240   6.7231281638312250        7.2202325305110326        7.1856786924654159     
        2241   6.7233432003589773        7.2204809739083062        7.1859238532345060     
        2242   6.7236168676923018        7.2207971584497086        7.1862357955008989     
        2243   6.7236700014227768        7.2208585473171043        7.1862965506472278     
        2244   6.7239955344150477        7.2212346584793963        7.1866675702588125     
        2245   6.7240105757437885        7.2212520368528024        7.1866849382364393     
        2246   6.7245521187447252        7.2218777260567260        7.1873019996324174     
        2247   6.7251053779377177        7.2225169600274706        7.1879324124363393     
        2248   6.7281346324725577        7.2260170962843500        7.1913831659976140     
        2249   6.7292927480898177        7.2273552996428272        7.1927026226348900     
        2250   6.7299081133841057        7.2280663692172746        7.1934038388267822     
        2251   6.7305419088516869        7.2287987458769072        7.1941260578340263     
        2252   6.7306182003980046        7.2288869046113504        7.1942132013457751     
        2253   6.7309891648759468        7.2293155750145761        7.1946360231633761     
        2254   6.7320358097698785        7.2305250521080833        7.1958285650905722     
        2255   6.7349493004243453        7.2338919643197324        7.1991478838564902     
        2256   6.7353245566982540        7.2343256375662959        7.1995756295840820     
        2257   6.7361116358881130        7.2352352553300818        7.2004725530414149     
        2258   6.7364697749102822        7.2356491576823778        7.2008808068657473     
        2259   6.7366069812069966        7.2358077283226994        7.2010373590828323     
        2260   6.7370272171934316        7.2362934022338656        7.2015163629521339     
        2261   6.7390838946544598        7.2386704075680965        7.2038597906871544     
        2262   6.7420960194139417        7.2421518752386156        7.2072919313321151     
        2263   6.7431918520216607        7.2434185183065960        7.2085407672952613     
        2264   6.7446761978331082        7.2451342843765794        7.2102323188964164     
        2265   6.7448687288935378        7.2453568367369785        7.2104519355123884     
        2266   6.7451261844207044        7.2456544387611750        7.2107455317236528     
        2267   6.7452430386176943        7.2457895152787053        7.2108789191916074     
        2268   6.7458780166679926        7.2465235186039632        7.2116026938762872     
        2269   6.7476231746695907        7.2485408907318192        7.2135915290113672     
        2270   6.7489712395062451        7.2500992858295987        7.2151279231365777     
        2271   6.7491585146237512        7.2503157841738810        7.2153415681964646     
        2272   6.7492209967820855        7.2503880165294872        7.2154130063349271     
        2273   6.7493646836655339        7.2505541258169233        7.2155769813851904     
        2274   6.7500035665560656        7.2512927133571443        7.2163052619456707     
        2275   6.7507808110966163        7.2521912701038911        7.2171912253356325     
        2276   6.7534913464284347        7.2553249917232803        7.2202804148652859     
        2277   6.7550591611903608        7.2571376735153255        7.2220674205385365     
        2278   6.7554750458617301        7.2576185236004882        7.2225416316271733     
        2279   6.7577769574736086        7.2602801008452129        7.2251653704460068     
        2280   6.7579266299672796        7.2604531640478456        7.2253361940964993     
        2281   6.7588711002201052        7.2615452492444827        7.2264128851273313     
        2282   6.7594694103573048        7.2622370839510006        7.2270950522921851     
        2283   6.7603160798296127        7.2632161165241422        7.2280603025901229     
        2284   6.7633862224332324        7.2667663871484773        7.2315599414368492     
        2285   6.7646214074080424        7.2681948091574071        7.2329681207681489     
        2286   6.7647251813149518        7.2683148197071770        7.2330866477325699     
        2287   6.7649517474581131        7.2685768357773384        7.2333451436151179     
        2288   6.7656621921419671        7.2693984498927522        7.2341552106132383     
        2289   6.7657550716101476        7.2695058640134809        7.2342613213483986     
        2290   6.7657704506009004        7.2695236496755866        7.2342790893362121     
        2291   6.7658867474911073        7.2696581461699488        7.2344118938864881     
        2292   6.7664196515954664        7.2702744504569141        7.2350195936363022     
        2293   6.7671807490587579        7.2711546738317434        7.2358874236310484     
        2294   6.7673255750825332        7.2713221695772843        7.2360527530695080     
        2295   6.7693447906579536        7.2736575128693604        7.2383548070775490     
        2296   6.7695691981658763        7.2739170602767453        7.2386108647009380     
        2297   6.7706496447756432        7.2751667125330668        7.2398428046293759     
        2298   6.7711182502932061        7.2757087147282498        7.2403772573741705     
        2299   6.7713260396495700        7.2759490515662861        7.2406143785485284     
        2300   6.7716921148186460        7.2763724704273018        7.2410319505650804     
        2301   6.7717045608770450        7.2763868661563480        7.2410463771203766     
        2302   6.7724603956928666        7.2772611099975117        7.2419082936037427     
        2303   6.7725580348189194        7.2773740463765817        7.2420198443329724     
        2304   6.7736330301929266        7.2786174795850691        7.2432456385909560     
        2305   6.7748891154336075        7.2800704162699486        7.2446779170192741     
        2306   6.7750225440223684        7.2802247580304451        7.2448302764167209     
        2307   6.7754797500478361        7.2807536286844128        7.2453517764592306     
        2308   6.7759684573280712        7.2813189444339494        7.2459091961502011     
        2309   6.7765739169682524        7.2820193232012329        7.2465997338944916     
        2310   6.7770528319329033        7.2825733255786202        7.2471460004221200     
        2311   6.7777592674224563        7.2833905318387346        7.2479516804600976     
        2312   6.7781745901507673        7.2838709843965468        7.2484254534157131     
        2313   6.7783156237556836        7.2840341355744336        7.2485864933156776     
        2314   6.7786773294908294        7.2844525681882848        7.2489991383538026     
        2315   6.7787467924258067        7.2845329255052960        7.2490785764164016     
        2316   6.7806876537780019        7.2867782386094868        7.2512917824701688     
        2317   6.7808442904109629        7.2869594503268358        7.2514706209731585     
        2318   6.7842697318983616        7.2909224815016120        7.2553767515877183     
        2319   6.7844034741792720        7.2910772197029106        7.2555294958074441     
        2320   6.7851004598482554        7.2918836314421416        7.2563245113078310     
        2321   6.7859125815348502        7.2928232718479196        7.2572508302751757     
        2322   6.7869130244809597        7.2939808278477063        7.2583919156335241     
        2323   6.7871502477505237        7.2942553094185314        7.2586626727432630     
        2324   6.7872362192450080        7.2943547839732013        7.2587609494136416     
        2325   6.7879599672729043        7.2951922148882167        7.2595865263303523     
        2326   6.7880272188868886        7.2952700307770604        7.2596634568063578     
        2327   6.7882797276417790        7.2955622061575376        7.2599516508984507     
        2328   6.7886496492698774        7.2959902418939855        7.2603737426554531     
        2329   6.7892396264384764        7.2966729111340589        7.2610467886947347     
        2330   6.7898306062135632        7.2973567498460605        7.2617209855822580     
        2331   6.7919183466052182        7.2997726057091796        7.2641021610335770     
        2332   6.7920631308376880        7.2999401489892755        7.2642675203525187     
        2333   6.7921359977921325        7.3000244703210848        7.2643508609859779     
        2334   6.7931298283759496        7.3011745410698623        7.2654845383260422     
        2335   6.7933353427080068        7.3014123676230067        7.2657191634669189     
        2336   6.7949151765297158        7.3032406303602224        7.2675212131917277     
        2337   6.7958159104039542        7.3042830345865646        7.2685487687716019     
        2338   6.7965681834330240        7.3051536442180840        7.2694070131419934     
        2339   6.7986456548644334        7.3075579918437077        7.2717767765722385     
        2340   6.7990480017969190        7.3080236587316625        7.2722359353503947     
        2341   6.7994636243474869        7.3085046950620898        7.2727102400487382     
        2342   6.8008251264040780        7.3100805128885940        7.2742634562493507     
        2343   6.8011048731969233        7.3104043011304602        7.2745827891235919     
        2344   6.8015296378304466        7.3108959418531008        7.2750675402242990     
        2345   6.8016895059673059        7.3110809813125730        7.2752501353960142     
        2346   6.8016993103656729        7.3110923294409309        7.2752615578895998     
        2347   6.8032714291160081        7.3129120160113601        7.2770550896741142     
        2348   6.8035743525456303        7.3132626496134074        7.2774008750562018     
        2349   6.8050257340802665        7.3149426565714100        7.2790567400140844     
        2350   6.8056722523890416        7.3156910343119854        7.2797944926076212     
        2351   6.8068394466539166        7.3170421492521163        7.2811262271452790     
        2352   6.8071482913292600        7.3173996662460929        7.2814787906338694     
        2353   6.8074357834625818        7.3177324679455804        7.2818069973782968     
        2354   6.8077757446478877        7.3181260108252069        7.2821950624829199     
        2355   6.8089605179639934        7.3194975419074408        7.2835469041690359     
        2356   6.8091106526095242        7.3196713452098621        7.2837184207973493     
        2357   6.8098647949042119        7.3205443868251434        7.2845790119453753     
        2358   6.8106614733477508        7.3214666874671064        7.2854881430513174     
        2359   6.8115494257705640        7.3224946744403292        7.2865014202331437     
        2360   6.8116253464957639        7.3225825692254540        7.2865882759866238     
        2361   6.8122305249864556        7.3232832007420301        7.2872789556744522     
        2362   6.8125158246062227        7.3236135032380618        7.2876046924115059     
        2363   6.8133258302517739        7.3245512902547301        7.2885290739906452     
        2364   6.8139928354912911        7.3253235312305520        7.2892903157700388     
        2365   6.8148316531797395        7.3262947090344337        7.2902475960429172     
        2366   6.8153366767793324        7.3268794312552030        7.2908240444970218     
        2367   6.8156423712244516        7.3272333711756419        7.2911730701068720     
        2368   6.8163172046677394        7.3280147174208592        7.2919432768322636     
        2369   6.8191341450001586        7.3312764033411826        7.2951576763539450     
        2370   6.8191476807837468        7.3312920767018150        7.2951733608777758     
        2371   6.8213861089624039        7.3338840660568758        7.2977277933092708     
        2372   6.8214948339943335        7.3340099676996537        7.2978520981283381     
        2373   6.8215951553910132        7.3341261383642955        7.2979668138687614     
        2374   6.8218532534391159        7.3344250132526927        7.2982615683795018     
        2375   6.8233015493282094        7.3361021581549908        7.2999144798746869     
        2376   6.8244683975039422        7.3374534239775002        7.3012462599043531     
        2377   6.8256493557267603        7.3388210670917609        7.3025941711823492     
        2378   6.8260259604735189        7.3392572130700504        7.3030241865391119     
        2379   6.8267971171580264        7.3401503015406764        7.3039044678791427     
        2380   6.8278907377245055        7.3414168677681930        7.3051527657424771     
        2381   6.8307575722947966        7.3447372171779381        7.3084248061649504     
        2382   6.8341005921811622        7.3486093598595090        7.3122405192211488     
        2383   6.8343933630296885        7.3489484838490045        7.3125749175970043     
        2384   6.8346975181153713        7.3493007969286550        7.3129223114851598     
        2385   6.8348167396575370        7.3494388959335666        7.3130586282418477     
        2386   6.8356951728953153        7.3504564314873608        7.3140614996100695     
        2387   6.8375292192094257        7.3525809708263736        7.3161551472247268     
        2388   6.8383756019872930        7.3535614418908501        7.3171214855414846     
        2389   6.8384177468220830        7.3536102640283465        7.3171698323004293     
        2390   6.8385529075985989        7.3537668395992721        7.3173243526223928     
        2391   6.8396682123820263        7.3550588713368121        7.3185976778116100     
        2392   6.8402086105388955        7.3556849109380895        7.3192147750697458     
        2393   6.8406040432351034        7.3561430161484891        7.3196664003006120     
        2394   6.8409729802770975        7.3565704301673804        7.3200877838859810     
        2395   6.8414251226839227        7.3570942426868298        7.3206041507037298     
        2396   6.8416484119767969        7.3573529280933032        7.3208592804203931     
        2397   6.8417343234217505        7.3574524586905055        7.3209575908827560     
        2398   6.8426124544768649        7.3584698072469399        7.3219602474705638     
        2399   6.8440478815693293        7.3601328492438078        7.3235991116873365     
        2400   6.8458119174272820        7.3621766830828408        7.3256131623169196     
        2401   6.8461384866748745        7.3625550594312417        7.3259862193169454     
        2402   6.8465788322921313        7.3630652662203131        7.3264891687246063     
        2403   6.8477479577595162        7.3644198996063075        7.3278241300763867     
        2404   6.8488474965172639        7.3656939382838056        7.3290796751509006     
        2405   6.8501821096959361        7.3672404019770319        7.3306036310889908     
        2406   6.8506222358923816        7.3677504023212403        7.3311063682045301     
        2407   6.8513711365634116        7.3686182099307755        7.3319616455747081     
        2408   6.8518234071606434        7.3691422972283780        7.3324782596701326     
        2409   6.8520175022483212        7.3693672146395750        7.3327001071245093     
        2410   6.8522748496125390        7.3696654303565801        7.3329941736009019     
        2411   6.8531234159823073        7.3706487669149849        7.3339632724577655     
        2412   6.8533866920065254        7.3709538606406086        7.3342641142485334     
        2413   6.8536358779479816        7.3712426279864491        7.3345488697763841     
        2414   6.8544161393489738        7.3721468391167866        7.3354400030456901     
        2415   6.8544402479847388        7.3721747778306232        7.3354677712516860     
        2416   6.8547408156238090        7.3725230972019151        7.3358112001415492     
        2417   6.8548381212131737        7.3726358624287132        7.3359225450632977     
        2418   6.8549821822961494        7.3728028119969835        7.3360872759336218     
        2419   6.8555001235412361        7.3734030485692710        7.3366789090089739     
        2420   6.8557846684604469        7.3737328077011739        7.3370040496189688     
        2421   6.8558166923119792        7.3737699202816849        7.3370408563785503     
        2422   6.8569171513726612        7.3750452638009012        7.3382976423154176     
        2423   6.8573108549453812        7.3755015424691326        7.3387474350622099     
        2424   6.8585626399265154        7.3769523133437733        7.3401770525939085     
        2425   6.8618757772623056        7.3807923158482618        7.3439606292465029     
        2426   6.8625431092605140        7.3815658046932384        7.3447229382907366     
        2427   6.8632836791766820        7.3824241958965207        7.3455688934138905     
        2428   6.8641168193601310        7.3833899024885605        7.3465205756864904     
        2429   6.8644720005822348        7.3838016045993538        7.3469264363851963     
        2430   6.8668538325533204        7.3865625511262589        7.3496468148970351     
        2431   6.8690848733468393        7.3891488434391928        7.3521950945979597     
        2432   6.8692726310412899        7.3893665041379153        7.3524097763633165     
        2433   6.8698544713813385        7.3900410166004473        7.3530745489725433     
        2434   6.8701350556835852        7.3903662939795138        7.3533952539375349     
        2435   6.8711354022627393        7.3915259987200645        7.3545380334472981     
        2436   6.8722994581508985        7.3928755260078720        7.3558678191988633     
        2437   6.8723804985635262        7.3929694801109900        7.3559606236123329     
        2438   6.8728124520727709        7.3934702678612467        7.3564542357576812     
        2439   6.8739750316957533        7.3948181360565250        7.3577823771107518     
        2440   6.8744559841829140        7.3953757519829564        7.3583319718125750     
        2441   6.8751494531773680        7.3961797703245686        7.3591243155275876     
        2442   6.8751633786833359        7.3961959158972341        7.3591404636995463     
        2443   6.8801258546048398        7.4019498640120478        7.3648093012345015     
        2444   6.8806580912151949        7.4025670270995834        7.3654175441401435     
        2445   6.8808271000528753        7.4027630054712539        7.3656108548914574     
        2446   6.8810679804925385        7.4030423256615894        7.3658862698086551     
        2447   6.8836221312130226        7.4060041642813195        7.3688043541058619     
        2448   6.8836757908531379        7.4060663908364788        7.3688658982291102     
        2449   6.8837547754751798        7.4061579857202675        7.3689563742374489     
        2450   6.8848276517687390        7.4074021683163416        7.3701823067833132     
        2451   6.8850671356319104        7.4076798948269671        7.3704561469495644     
        2452   6.8871069875073534        7.4100455486606318        7.3727868635852616     
        2453   6.8880415241872042        7.4111293854668681        7.3738548180012771     
        2454   6.8891163341601089        7.4123759344583240        7.3750830583598344     
        2455   6.8896049441305705        7.4129426274788486        7.3756415584194954     
        2456   6.8903041176732955        7.4137535446706941        7.3764406451709448     
        2457   6.8909140635704604        7.4144609843748190        7.3771377929947093     
        2458   6.8913997095264223        7.4150242631816239        7.3776929252714822     
        2459   6.8916880773784674        7.4153587310297722        7.3780226537950071     
        2460   6.8934862193970297        7.4174443839296407        7.3800774738121433     
        2461   6.8935898725936502        7.4175646132311810        7.3801961539057004     
        2462   6.8942336595265150        7.4183113603346076        7.3809320130526572     
        2463   6.8944273959819320        7.4185360830417340        7.3811536284435562     
        2464   6.8945191746235235        7.4186425411322112        7.3812587421694786     
        2465   6.8947901428119636        7.4189568503963219        7.3815686081840113     
        2466   6.8966017624314704        7.4210582874260238        7.3836389484420977     
        2467   6.8979844006476956        7.4226621753373037        7.3852191484622907     
        2468   6.8990119909434000        7.4238542339072611        7.3863936575152565     
        2469   6.8991825351850178        7.4240520769107441        7.3865887899356579     
        2470   6.9000069098259651        7.4250084190062715        7.3875310961760405     
        2471   6.9006545012673923        7.4257596909414394        7.3882713916655547     
        2472   6.9009226058614193        7.4260707228421090        7.3885780209967535     
        2473   6.9013020200406192        7.4265108898605705        7.3890118560819289     
        2474   6.9046748063595764        7.4304239063139423        7.3928666331293016     
        2475   6.9047589081939664        7.4305214829255277        7.3929629937808556     
        2476   6.9054144892491864        7.4312821075592286        7.3937124864892851     
        2477   6.9054259632491046        7.4312954201381398        7.3937258431185597     
        2478   6.9069120364081718        7.4330196497081271        7.3954245219333714     
        2479   6.9073333059427275        7.4335084422408659        7.3959062434448555     
        2480   6.9082954799247345        7.4346248557681029        7.3970061908954747     
        2481   6.9086200677963179        7.4350014817295458        7.3973774221160014     
        2482   6.9088760243850338        7.4352984754071425        7.3976702127647798     
        2483   6.9093005096219935        7.4357910215362129        7.3981556275021063     
        2484   6.9098052164443811        7.4363766580915476        7.3987327376746137     
        2485   6.9104913991213106        7.4371728811551403        7.3995172788193742     
        2486   6.9109632242861370        7.4377203784017913        7.4000568180085935     
        2487   6.9124266539575610        7.4394185534219632        7.4017297907389690     
        2488   6.9126406120254478        7.4396668368384198        7.4019745963671113     
        2489   6.9128287516086520        7.4398851607226817        7.4021898913068327     
        2490   6.9131969824938508        7.4403124717374256        7.4026110404071446     
        2491   6.9148443515872779        7.4422241946612440        7.4044943416163775     
        2492   6.9161143546472434        7.4436980454044264        7.4059463268243846     
        2493   6.9167572275459754        7.4444441221372113        7.4066814521719166     
        2494   6.9180398410623942        7.4459326737430533        7.4081479051308250     
        2495   6.9181189364462030        7.4460244702349465        7.4082385672098638     
        2496   6.9189209902333140        7.4469553270480970        7.4091556914715113     
        2497   6.9196020109724561        7.4477457275384689        7.4099344657080763     
        2498   6.9198526866453101        7.4480366677490677        7.4102212798160068     
        2499   6.9200439446704074        7.4482586475482222        7.4104401690721318     
        2500   6.9200685607234664        7.4482872177491410        7.4104685538716879     
        2501   6.9208668841638383        7.4492137870447248        7.4113814470767778     
        2502   6.9212688707113497        7.4496803568112755        7.4118412501158204     
        2503   6.9221581303184934        7.4507125004690682        7.4128581259877464     
        2504   6.9223734897689120        7.4509624665521219        7.4131045786812990     
        2505   6.9224469525030088        7.4510477344770543        7.4131888087442235     
        2506   6.9230465955803391        7.4517437434264160        7.4138745983778875     
        2507   6.9234906520493551        7.4522591684055639        7.4143825176097380     
        2508   6.9238266003041069        7.4526491136084676        7.4147668430496694     
        2509   6.9250712852291638        7.4540938831936723        7.4161901262770016     
        2510   6.9255521777210367        7.4546520909364107        7.4167401800390351     
        2511   6.9260298555324624        7.4552065733296899        7.4172865633385996     
        2512   6.9285920142891753        7.4581807999264829        7.4202162618556926     
        2513   6.9296101864824786        7.4593627722276237        7.4213806762171828     
        2514   6.9322313088357035        7.4624057004607165        7.4243779935182204     
        2515   6.9331456517401069        7.4634672281819565        7.4254237605755975     
        2516   6.9334286381651768        7.4637957724395640        7.4257475947084046     
        2517   6.9355284584019010        7.4662337090519593        7.4281489988488687     
        2518   6.9358859332506899        7.4666487569074214        7.4285580277448418     
        2519   6.9376542066971654        7.4687018697872825        7.4305803924783476     
        2520   6.9378526518708679        7.4689322864385179        7.4308075743688775     
        2521   6.9380812293103222        7.4691976912770652        7.4310692158900906     
        2522   6.9385639387045144        7.4697581773303572        7.4316214818127975     
        2523   6.9391009478967227        7.4703817196316367        7.4322358502962658     
        2524   6.9394317528277982        7.4707658339997032        7.4326144065816848     
        2525   6.9397691750929074        7.4711576351296642        7.4330005329412430     
        2526   6.9419984715591880        7.4737462814567266        7.4355502998502061     
        2527   6.9441058192118676        7.4761934447491907        7.4379606985191060     
        2528   6.9442046020761268        7.4763081595624596        7.4380739226397736     
        2529   6.9453729292005990        7.4776649373912516        7.4394104157160115     
        2530   6.9456734518915413        7.4780139402268819        7.4397543814185099     
        2531   6.9459953213248706        7.4783877361506725        7.4401227644775361     
        2532   6.9476367419845868        7.4802940070727040        7.4420004191008076     
        2533   6.9485399130235681        7.4813429396295534        7.4430337096627142     
        2534   6.9544684630591851        7.4882288364672602        7.4498154543980348     
        2535   6.9552691563971294        7.4891588990700839        7.4507316475370899     
        2536   6.9559775558883556        7.4899817701904441        7.4515422731963099     
        2537   6.9564202213171979        7.4904959736481054        7.4520489152816154     
        2538   6.9577177108201544        7.4920031775805525        7.4535334763483121     
        2539   6.9582270759880673        7.4925948843313730        7.4541164404679563     
        2540   6.9584060665314951        7.4928028113088097        7.4543214540695004     
        2541   6.9587450464773903        7.4931965946803594        7.4547095002049346     
        2542   6.9596283326583803        7.4942226977089623        7.4557202566825822     
        2543   6.9602651894991565        7.4949625397753179        7.4564490995324562     
        2544   6.9609361092094471        7.4957419648114492        7.4572169214973201     
        2545   6.9626197558757505        7.4976979548356075        7.4591434125763882     
        2546   6.9640841091798684        7.4993992412562722        7.4608190613921650     
        2547   6.9653236470184163        7.5008393821938864        7.4622375291149865     
        2548   6.9669550046205364        7.5027348170571040        7.4641043491386085     
        2549   6.9670714836811207        7.5028701540031832        7.4642378705541361     
        2550   6.9671332520795657        7.5029419228145109        7.4643087919667082     
        2551   6.9672756975637222        7.5031074308670345        7.4644720248438503     
        2552   6.9685948387340177        7.5046401729906629        7.4659816623899786     
        2553   6.9699695889525151        7.5062375786166520        7.4675549687715943     
        2554   6.9706545647075568        7.5070335125237211        7.4683390145208080     
        2555   6.9707235249837964        7.5071136442693360        7.4684181703581771     
        2556   6.9708593155947316        7.5072714331468546        7.4685737992501586     
        2557   6.9720589708363132        7.5086654558274146        7.4699468088478653     
        2558   6.9722142837167684        7.5088459352513466        7.4701247812917728     
        2559   6.9725579257516763        7.5092452625699648        7.4705182630877331     
        2560   6.9731558919597925        7.5099401334851583        7.4712027787536215     
        2561   6.9732720175874316        7.5100750792223279        7.4713359114357729     
        2562   6.9734489245890696        7.5102806576766703        7.4715385989995227     
        2563   6.9734793403278355        7.5103160030025711        7.4715736509353619     
        2564   6.9744274703875586        7.5114178124079993        7.4726588913646879     
        2565   6.9745641755615200        7.5115766776857926        7.4728155777688272     
        2566   6.9757222746006029        7.5129225264831696        7.4741411261453123     
        2567   6.9757990051646699        7.5130116978025612        7.4742291819215367     
        2568   6.9765909911519959        7.5139321021978063        7.4751357766696529     
        2569   6.9771788478461527        7.5146152892368372        7.4758087745818713     
        2570   6.9771829694569050        7.5146200792655042        7.4758137375372868     
        2571   6.9772741461299130        7.5147260425375340        7.4759183282303994     
        2572   6.9792298884527648        7.5169990119167460        7.4781568118165609     
        2573   6.9792451058197464        7.5170166979897459        7.4781744737427118     
        2574   6.9806893087699233        7.5186952217510274        7.4798275822780553     
        2575   6.9812568382074911        7.5193548478235650        7.4804773672045002     
        2576   6.9823165918420802        7.5205865977614055        7.4816905222805730     
        2577   6.9837137379448100        7.5222105447943504        7.4832898664243999     
        2578   6.9840851266032926        7.5226422304332594        7.4837151911826894     
        2579   6.9842204911055070        7.5227995730297224        7.4838703717449278     
        2580   6.9842433598196063        7.5228261548101258        7.4838967930197171     
        2581   6.9849159441987432        7.5236079493052959        7.4846668656238649     
        2582   6.9854085815930311        7.5241805858865556        7.4852309807894386     
        2583   6.9858192392620619        7.5246579351002421        7.4857012666196212     
        2584   6.9866922963244340        7.5256727933447563        7.4867008275130118     
        2585   6.9867600645262229        7.5257515692614954        7.4867786432014611     
        2586   6.9870804237292168        7.5261239666853141        7.4871455822841071     
        2587   6.9891119088935811        7.5284855049762260        7.4894711777470917     
        2588   6.9891808442241405        7.5285656421096476        7.4895503330308841     
        2589   6.9900792991737610        7.5296101052796764        7.4905790297628840     
        2590   6.9913850020448862        7.5311280372647724        7.4920739289309424     
        2591   6.9918198522991251        7.5316335783651187        7.4925719616145869     
        2592   6.9919454065722704        7.5317795441506119        7.4927159347722210     
        2593   6.9953171012434527        7.5356995387455497        7.4965760069329264     
        2594   6.9955870124875403        7.5360133558370155        7.4968852514317987     
        2595   6.9957057773910023        7.5361514405808565        7.4970214622771465     
        2596   6.9960022824437198        7.5364961806575961        7.4973611542590461     
        2597   6.9975363816362588        7.5382798829089106        7.4991176997073268     
        2598   6.9980192125071774        7.5388412851393465        7.4996707213008378     
        2599   6.9990878648272776        7.5400838623131525        7.5008944453076865     
        2600   6.9993381239560222        7.5403748559731092        7.5011812121304189     
        2601   6.9994791830897434        7.5405388759653853        7.5013429572877826     
        2602   6.9996321640298387        7.5407167589407047        7.5015183521708835     
        2603   7.0001099321907549        7.5412723016458401        7.5020655991595433     
        2604   7.0011467171118698        7.5424778831194708        7.5032528850102551     
        2605   7.0017981459135443        7.5432353844063202        7.5039989796231410     
        2606   7.0019229081636123        7.5433804630668648        7.5041420731808302     
        2607   7.0030582328247668        7.5447006844845097        7.5054422247738160     
        2608   7.0037551115691326        7.5455110728058958        7.5062403858234106     
        2609   7.0040021475665988        7.5457983498772858        7.5065234873745723     
        2610   7.0047362243087825        7.5466520142213511        7.5073642546431216     
        2611   7.0047632017948800        7.5466833868564915        7.5073953913938354     
        2612   7.0049001817070096        7.5468426837228817        7.5075524823904871     
        2613   7.0051723151900669        7.5471591550701307        7.5078643271682424     
        2614   7.0055364887578726        7.5475826654414959        7.5082815619265943     
        2615   7.0058893752047187        7.5479930530413712        7.5086858753837049     
        2616   7.0062719369214257        7.5484379551591063        7.5091241709947809     
        2617   7.0072733988922691        7.5496026292594047        7.5102711467898899     
        2618   7.0074515315957946        7.5498097957803427        7.5104753680198328     
        2619   7.0076361233583473        7.5500244750267917        7.5106869860304073     
        2620   7.0091690161869842        7.5518072569130705        7.5124425326517539     
        2621   7.0111681312408205        7.5541323591297882        7.5147320210149360     
        2622   7.0115062730994948        7.5545256510298318        7.5151194923942271     
        2623   7.0121927816627743        7.5553241368372523        7.5159059042094327     
        2624   7.0124859859900672        7.5556651699639943        7.5162419216104865     
        2625   7.0126103453619990        7.5558098160946354        7.5163845827880138     
        2626   7.0126741761043991        7.5558840597159298        7.5164579280378234     
        2627   7.0164995748774146        7.5603337072632364        7.5208391054891024     
        2628   7.0187296359762419        7.5629278642309297        7.5233934122121084     
        2629   7.0206039879668580        7.5651083405616646        7.5255404125043910     
        2630   7.0207705234608291        7.5653020796918744        7.5257314022022328     
        2631   7.0209577814443591        7.5655199272348215        7.5259461271687229     
        2632   7.0212398492969523        7.5658480741206100        7.5262694446256901     
        2633   7.0215152785248023        7.5661684999640073        7.5265851601159497     
        2634   7.0233474348671123        7.5683000262389122        7.5286839410169364     
        2635   7.0239316665307392        7.5689797390570694        7.5293533770450622     
        2636   7.0239485755426170        7.5689994116513750        7.5293729930162172     
        2637   7.0261674955699460        7.5715810556493475        7.5319148939407725     
        2638   7.0263747906084486        7.5718222437464258        7.5321525926909487     
        2639   7.0266449858146238        7.5721366180321601        7.5324623432061770     
        2640   7.0271182162885388        7.5726872302402377        7.5330046697320725     
        2641   7.0274247103136700        7.5730438448123740        7.5333560047398365     
        2642   7.0281882867596295        7.5739322989276623        7.5342309333704875     
        2643   7.0297179858923204        7.5757122173133089        7.5359834967865638     
        2644   7.0306526089483850        7.5767997517361989        7.5370544078211736     
        2645   7.0307386023009606        7.5768998154368701        7.5371531672304570     
        2646   7.0330078814677872        7.5795404694870516        7.5397530832534372     
        2647   7.0341416271905990        7.5808598086131758        7.5410521828076256     
        2648   7.0342306837563191        7.5809634451528165        7.5411544581307552     
        2649   7.0347137718405000        7.5815256261703281        7.5417081552285126     
        2650   7.0349095770779089        7.5817534911516349        7.5419327288938547     
        2651   7.0357882247089201        7.5827760150234136        7.5429396143243110     
        2652   7.0358060046608442        7.5827967066116022        7.5429602328908629     
        2653   7.0364850808649191        7.5835869944130394        7.5437384876912930     
        2654   7.0365247864846712        7.5836332029670048        7.5437842265972748     
        2655   7.0366705122457649        7.5838027958676948        7.5439514321208634     
        2656   7.0387214619446938        7.5861897135842042        7.5463014876695738     
        2657   7.0387766791533455        7.5862539775514479        7.5463650008094234     
        2658   7.0388833523881225        7.5863781283071470        7.5464874693177961     
        2659   7.0397054352661277        7.5873349129588661        7.5474296200480069     
        2660   7.0407898239636335        7.5885970113576660        7.5486723300433098     
        2661   7.0409014800602208        7.5887269674728106        7.5488005125223197     
        2662   7.0411221372369015        7.5889837905326241        7.5490535874852611     
        2663   7.0419454832824231        7.5899420952808585        7.5499972250707330     
        2664   7.0422446459923149        7.5902902997722634        7.5503402576805598     
        2665   7.0426333546295323        7.5907427330887147        7.5507858958536929     
        2666   7.0439382143695832        7.5922615407526646        7.5522813002457667     
        2667   7.0455319010383217        7.5941165946851914        7.5541077025149121     
        2668   7.0457281816866937        7.5943450704466100        7.5543328667572709     
        2669   7.0457661361587567        7.5943892505561621        7.5543766072815401     
        2670   7.0459580145593428        7.5946126031935970        7.5545967280124060     
        2671   7.0474403723517529        7.5963381490297568        7.5562956246081328     
        2672   7.0483941905800132        7.5974484772890989        7.5573888877086191     
        2673   7.0485328394956026        7.5976098788668143        7.5575480210606685     
        2674   7.0487223279804008        7.5978304637671839        7.5577654145441571     
        2675   7.0492616815864046        7.5984583344845511        7.5583837404135110     
        2676   7.0494603620010832        7.5986896237257344        7.5586116705467887     
        2677   7.0494937154199802        7.5987284514471138        7.5586501415932617     
        2678   7.0501268501123908        7.5994655083661469        7.5593759478255365     
        2679   7.0503575813195161        7.5997341143120023        7.5596406114811572     
        2680   7.0516389635307011        7.6012258628451876        7.5611093264532698     
        2681   7.0523459645803346        7.6020489523056956        7.5619198148883342     
        2682   7.0527156876532446        7.6024793886953912        7.5623437793856141     
        2683   7.0539433247630798        7.6039086462970840        7.5637509637829439     
        2684   7.0546283744322000        7.6047062225863291        7.5645363291792407     
        2685   7.0547454359028521        7.6048425139086948        7.5646707403213682     
        2686   7.0550015843068881        7.6051407414656156        7.5649645573076398     
        2687   7.0552971094453873        7.6054848166375164        7.5653035051141089     
        2688   7.0563664734836289        7.6067298797962408        7.5665293578641695     
        2689   7.0564475027527713        7.6068242236356349        7.5666224762620118     
        2690   7.0566270520475118        7.6070332767518725        7.5668285106700495     
        2691   7.0574513958630103        7.6079930892538510        7.5677735659020229     
        2692   7.0577147013700543        7.6082996690003695        7.5680756009271022     
        2693   7.0577154329298102        7.6083005207945327        7.5680766888075510     
        2694   7.0583702426093815        7.6090629565571897        7.5688274498629724     
        2695   7.0587121009634535        7.6094610081862513        7.5692195246995553     
        2696   7.0598148362997097        7.6107450282349767        7.5704837056683587     
        2697   7.0598829670330749        7.6108243604349974        7.5705620459968372     
        2698   7.0602582111779864        7.6112613012365813        7.5709923987481460     
        2699   7.0603336409481301        7.6113491334323253        7.5710791059080407     
        2700   7.0604852512788527        7.6115256725285452        7.5712531316452569     
        2701   7.0606212349114870        7.6116840160126911        7.5714092464391243     
        2702   7.0617291370677790        7.6129741097181913        7.5726793949663360     
        2703   7.0650101884939147        7.6167949165559650        7.5764406036912320     
        2704   7.0657665981153999        7.6176758021520135        7.5773079330665212     
        2705   7.0658645341278472        7.6177898558057358        7.5774204486996624     
        2706   7.0662870425610453        7.6182819007788005        7.5779050301701005     
        2707   7.0662888484688988        7.6182840039137956        7.5779073500941294     
        2708   7.0674445688293837        7.6196299578049986        7.5792324498926718     
        2709   7.0692279129147177        7.6217069144412877        7.5812770768938123     
        2710   7.0692332488834966        7.6217131290617495        7.5812834438862851     
        2711   7.0694556852608734        7.6219721937950933        7.5815386935895717     
        2712   7.0701573683874965        7.6227894311137323        7.5823433560484972     
        2713   7.0731634983538108        7.6262907661139030        7.5857899657102479     
        2714   7.0733004665011663        7.6264503031034971        7.5859472466774776     
        2715   7.0745184619971715        7.6278690154488338        7.5873439190592009     
        2716   7.0748509155927906        7.6282562619862029        7.5877253301320522     
        2717   7.0748684486823326        7.6282766848541828        7.5877456821515921     
        2718   7.0768104939764260        7.6305388668786547        7.5899725523367749     
        2719   7.0770061760707890        7.6307668118915242        7.5901971630948282     
        2720   7.0776193371801099        7.6314810741458814        7.5909004424266584     
        2721   7.0776312153797605        7.6314949109846895        7.5909143118616740     
        2722   7.0776905935084207        7.6315640802444396        7.5909826434219170     
        2723   7.0777965591593457        7.6316875192937390        7.5911043911478302     
        2724   7.0781280383453424        7.6320736603095556        7.5914847084658348     
        2725   7.0785512265131514        7.6325666377044517        7.5919701808148687     
        2726   7.0795016542464424        7.6336738210358224        7.5930601932591841     
        2727   7.0796176370629986        7.6338089347662166        7.5931934309978359     
        2728   7.0809384586971920        7.6353476465394445        7.5947081732274668     
        2729   7.0810686197405888        7.6354992822411774        7.5948576719942835     
        2730   7.0818087616873617        7.6363615454688825        7.5957066087247398     
        2731   7.0820462946882623        7.6366382738799494        7.5959792296610189     
        2732   7.0831948089857413        7.6379763265617306        7.5972964571027504     
        2733   7.0833257830502951        7.6381289174446483        7.5974468945412070     
        2734   7.0835724629089194        7.6384163122290314        7.5977300119544395     
        2735   7.0838417853241973        7.6387300886484715        7.5980390950096890     
        2736   7.0847386534317582        7.6397750068251344        7.5990677972541150     
        2737   7.0848065319590168        7.6398540912563568        7.5991458857741776     
        2738   7.0848273101882677        7.6398782997388617        7.5991699632302385     
        2739   7.0866648894235142        7.6420192891092240        7.6012774500316240     
        2740   7.0880034613839911        7.6435789358125055        7.6028127479444620     
        2741   7.0882623477612139        7.6438805847429636        7.6031098887020221     
        2742   7.0887840777809341        7.6444884990550088        7.6037084621171900     
        2743   7.0898535641870613        7.6457346764318839        7.6049352237086865     
        2744   7.0898559989018484        7.6457375134238914        7.6049382666523826     
        2745   7.0901073033836219        7.6460303407058596        7.6052267225473003     
        2746   7.0904489437052840        7.6464284326829963        7.6056187810662905     
        2747   7.0905548311664788        7.6465518173244664        7.6057404686125665     
        2748   7.0915876993331350        7.6477553758766668        7.6069252744538574     
        2749   7.0919930155322186        7.6482276819935660        7.6073903723956633     
        2750   7.0922350202619473        7.6485096869482465        7.6076681741415797     
        2751   7.0926259353293855        7.6489652185366719        7.6081167611710754     
        2752   7.0935390787930261        7.6500293167213664        7.6091642989901800     
        2753   7.0938186361915960        7.6503550931921653        7.6094851786626805     
        2754   7.0972738631681827        7.6543817462126071        7.6134484220962193     
        2755   7.0975166471696447        7.6546646940685816        7.6137271452618833     
        2756   7.0987996146130268        7.6561599299172522        7.6151989750160141     
        2757   7.1002793712762911        7.6578845695137145        7.6168965681575855     
        2758   7.1003746880021232        7.6579956621152201        7.6170061531495392     
        2759   7.1019607983726791        7.6598443259149418        7.6188257937875505     
        2760   7.1021385537008577        7.6600515098551742        7.6190299472842824     
        2761   7.1029999976982783        7.6610555839683752        7.6200183663074839     
        2762   7.1030920619064748        7.6611628925291688        7.6201242259483806     
        2763   7.1035150446732631        7.6616559174008563        7.6206096900534632     
        2764   7.1039573071270246        7.6621714196995461        7.6211172744292384     
        2765   7.1046733623580174        7.6630060668603823        7.6219389439613110     
        2766   7.1051307573001523        7.6635392221186889        7.6224638987626108     
        2767   7.1054695460619008        7.6639341296034091        7.6228527966540653     
        2768   7.1061480355229119        7.6647250169466412        7.6236313946289869     
        2769   7.1066568702861765        7.6653181529744883        7.6242153753639172     
        2770   7.1080257222684216        7.6669138246099875        7.6257859854244217     
        2771   7.1091571368234900        7.6682327537249941        7.6270842356098356     
        2772   7.1096119147007313        7.6687629138433930        7.6276062320949265     
        2773   7.1096478427937351        7.6688047974792415        7.6276477024157998     
        2774   7.1107740233929331        7.6701176747626088        7.6289399871756700     
        2775   7.1114116611684581        7.6708610345442310        7.6296717935074270     
        2776   7.1114700200872143        7.6709290700759523        7.6297390001015160     
        2777   7.1115592917258663        7.6710331442086739        7.6298416728904499     
        2778   7.1127142011728806        7.6723795734256983        7.6311669651423273     
        2779   7.1142696570414623        7.6741930293736766        7.6329518540308854     
        2780   7.1146443739336469        7.6746299095723653        7.6333820413116555     
        2781   7.1149266858232139        7.6749590578487732        7.6337062087009784     
        2782   7.1150500021793768        7.6751028334371929        7.6338479502463912     
        2783   7.1164473595508904        7.6767320531664343        7.6354515140364967     
        2784   7.1174743381418626        7.6779294713153590        7.6366301361407452     
        2785   7.1185468640959302        7.6791800265778143        7.6378610441244845     
        2786   7.1187635397902600        7.6794326722149142        7.6381099207706882     
        2787   7.1188328207147560        7.6795134546105803        7.6381896693689129     
        2788   7.1198624330018578        7.6807140103698162        7.6393713661803559     
        2789   7.1204234072083352        7.6813681335906043        7.6400153264253134     
        2790   7.1220415204502761        7.6832549803088064        7.6418723733772325     
        2791   7.1220836966610133        7.6833041620245659        7.6419210236483650     
        2792   7.1222971046663366        7.6835530180255223        7.6421661670969243     
        2793   7.1231417860223090        7.6845380167730371        7.6431357231713406     
        2794   7.1234561751059120        7.6849046367262561        7.6434967526193489     
        2795   7.1236998919981138        7.6851888452494030        7.6437766836312377     
        2796   7.1241843768726660        7.6857538282455966        7.6443329132897873     
        2797   7.1247891412092219        7.6864590843330500        7.6450271784411115     
        2798   7.1253693105763674        7.6871356679331155        7.6456932263893265     
        2799   7.1268945697819284        7.6889144428245340        7.6474438831356863     
        2800   7.1275616909080206        7.6896924670745816        7.6482097467430421     
        2801   7.1277755226034936        7.6899418490042892        7.6484554017202058     
        2802   7.1280430435138102        7.6902538479117926        7.6487626741995456     
        2803   7.1289999108487638        7.6913698198404594        7.6498610871850588     
        2804   7.1343320425821268        7.6975890161795517        7.6559811860066915     
        2805   7.1345283330489870        7.6978179767031047        7.6562067386165893     
        2806   7.1346552248840123        7.6979659886313963        7.6563526366862291     
        2807   7.1352427088717914        7.6986512601654793        7.6570272034774476     
        2808   7.1353094418272418        7.6987291015104011        7.6571040526450602     
        2809   7.1357920831091057        7.6992920870248067        7.6576582872172665     
        2810   7.1362530921675162        7.6998298451664127        7.6581876967237363     
        2811   7.1366545690819354        7.7002981649262185        7.6586487775864640     
        2812   7.1370421179128520        7.7007502418436893        7.6590938746379109     
        2813   7.1373349172836669        7.7010917959317213        7.6594302165375368     
        2814   7.1379030576760796        7.7017545453834382        7.6600826133806024     
        2815   7.1379506246400402        7.7018100337911104        7.6601374664989805     
        2816   7.1383894070210507        7.7023218905871742        7.6606413840017709     
        2817   7.1386239590421727        7.7025955068358165        7.6609108734726306     
        2818   7.1390330299693270        7.7030727113909734        7.6613806919157241     
        2819   7.1395026809941609        7.7036205916995781        7.6619200536841419     
        2820   7.1395574921418419        7.7036845330744477        7.6619832240906121     
        2821   7.1399391421270764        7.7041297590925311        7.6624215740577029     
        2822   7.1406966788393396        7.7050134995597181        7.6632914148142675     
        2823   7.1424764822712863        7.7070898753323771        7.6653347795728735     
        2824   7.1435945193118409        7.7083942573033308        7.6666185093839303     
        2825   7.1438177139426493        7.7086546561966465        7.6668749870647446     
        2826   7.1440136540165167        7.7088832585949563        7.6671001777343619     
        2827   7.1461945687542805        7.7114277925214578        7.6696041597597997     
        2828   7.1473092620804630        7.7127283862592906        7.6708841400233965     
        2829   7.1475898265183559        7.7130557465142378        7.6712065002131808     
        2830   7.1485064771876177        7.7141253018394291        7.6722591425052471     
        2831   7.1488542632190777        7.7145311073469012        7.6726586868900313     
        2832   7.1498454620269332        7.7156876811690296        7.6737969441920768     
        2833   7.1511002834075903        7.7171518996332589        7.6752378991522647     
        2834   7.1515233746241176        7.7176456034466208        7.6757239249790175     
        2835   7.1536319776856105        7.7201061984365760        7.6781452300074804     
        2836   7.1545413920719705        7.7211674599579645        7.6791896824215513     
        2837   7.1551881030174442        7.7219221675102467        7.6799325068383979     
        2838   7.1553953211806469        7.7221639921960827        7.6801706956675986     
        2839   7.1566045113882071        7.7235751468510703        7.6815594034657053     
        2840   7.1575692663293626        7.7247010681149799        7.6826674606529792     
        2841   7.1586153955789404        7.7259219862563997        7.6838689804878442     
        2842   7.1586159436264367        7.7259226258803331        7.6838698633834142     
        2843   7.1586481427906552        7.7259602054040872        7.6839070915047145     
        2844   7.1608510972338468        7.7285313323418512        7.6864370677105285     
        2845   7.1608957386729246        7.7285834359238699        7.6864885856308689     
        2846   7.1622214261891628        7.7301307465490048        7.6880112198318784     
        2847   7.1635207455716561        7.7316473273874919        7.6895036102550662     
        2848   7.1641523640372746        7.7323845764925361        7.6902292269317485     
        2849   7.1652466713530831        7.7336619193609852        7.6914862247360389     
        2850   7.1653956447092249        7.7338358127571878        7.6916575672140794     
        2851   7.1654511156845899        7.7339005629888167        7.6917215268950656     
        2852   7.1660342575492084        7.7345812586504472        7.6923914960169242     
        2853   7.1661890939259578        7.7347619991601571        7.6925695745464679     
        2854   7.1666677806686980        7.7353207743492112        7.6931195881802523     
        2855   7.1668544066864079        7.7355386262111949        7.6933341787270493     
        2856   7.1684415632691687        7.7373913806156791        7.6951572837790536     
        2857   7.1707008748263394        7.7400288881232422        7.6977524527949512     
        2858   7.1708719832191061        7.7402286447587949        7.6979492365590687     
        2859   7.1715171640446096        7.7409818537459207        7.6986905306014179     
        2860   7.1715829753180858        7.7410586850033400        7.6987663745314450     
        2861   7.1716038527923027        7.7410830583991803        7.6987906082050586     
        2862   7.1726055165234737        7.7422524641335650        7.6999413699592480     
        2863   7.1727104142877565        7.7423749300150631        7.7000621105758640     
        2864   7.1739143308180893        7.7437804981229421        7.7014452104484334     
        2865   7.1743780248061535        7.7443218696835139        7.7019780823278836     
        2866   7.1746851835108929        7.7446804865476055        7.7023311540048809     
        2867   7.1748509871278703        7.7448740682387545        7.7025218591934888     
        2868   7.1752456163008240        7.7453348150181807        7.7029754081068802     
        2869   7.1761585426190493        7.7464007126033945        7.7040243169385292     
        2870   7.1764158411456602        7.7467011285514493        7.7043201265461860     
        2871   7.1764673383894699        7.7467612557869350        7.7043795352041400     
        2872   7.1768364057531766        7.7471921741742849        7.7048037350542273     
        2873   7.1775074475318128        7.7479756835854197        7.7055748186649282     
        2874   7.1778611812453468        7.7483887085544652        7.7059814127147348     
        2875   7.1780419822946886        7.7485998159808318        7.7061893572371432     
        2876   7.1801464529743200        7.7510571094846901        7.7086071151074265     
        2877   7.1801606860939851        7.7510737292542542        7.7086237201372114     
        2878   7.1802553619838561        7.7511842808066440        7.7087327354628741     
        2879   7.1843274442264189        7.7559394187668529        7.7134110596218122     
        2880   7.1844419164344098        7.7560730992087983        7.7135428267955817     
        2881   7.1845363280260965        7.7561833531674624        7.7136515473460960     
        2882   7.1848298467349325        7.7565261261852774        7.7139890157735067     
        2883   7.1871411467522988        7.7592253591771803        7.7166447099343713     
        2884   7.1877939982867751        7.7599878129436606        7.7173950428609857     
        2885   7.1889249424323491        7.7613086501358426        7.7186946905309952     
        2886   7.1890996959405307        7.7615127490331073        7.7188957300114396     
        2887   7.1892519296623121        7.7616905471999296        7.7190708957167260     
        2888   7.1900050296895630        7.7625701238045011        7.7199364417439753     
        2889   7.1904344938619538        7.7630717196645982        7.7204301445637498     
        2890   7.1922075273256452        7.7651426004989821        7.7224676304213702     
        2891   7.1923719901580014        7.7653346953702211        7.7226568580301063     
        2892   7.1925206192432878        7.7655082968399363        7.7228278927022203     
        2893   7.1933442216689158        7.7664702903484022        7.7237745025351714     
        2894   7.1943218698754130        7.7676122381942747        7.7248981365583873     
        2895   7.1945092814413929        7.7678311483759686        7.7251137415720024     
        2896   7.1949849141377502        7.7683867258604220        7.7256605377068794     
        2897   7.1954700349218044        7.7689533925585685        7.7262182414529548     
        2898   7.1961023199709890        7.7696919705983873        7.7269450581546977     
        2899   7.1961228457157418        7.7697159470943467        7.7269688996438006     
        2900   7.1963441046825727        7.7699744044498136        7.7272234065669565     
        2901   7.1969014936594000        7.7706255084177593        7.7278641698951560     
        2902   7.1981215175472215        7.7720506871003963        7.7292664051648501     
        2903   7.1993522178455231        7.7734883786586524        7.7306809415298261     
        2904   7.1993859522347883        7.7735277874108331        7.7307199637151740     
        2905   7.1998191365067576        7.7740338391020520        7.7312180284340073     
        2906   7.2011824185319195        7.7756264769189896        7.7327849750979496     
        2907   7.2013585142067731        7.7758322022712481        7.7329876034769143     
        2908   7.2020747919434775        7.7766690088882555        7.7338110279071728     
        2909   7.2028236465729965        7.7775438891244608        7.7346719025311117     
        2910   7.2044480414357208        7.7794417078864537        7.7365390308834279     
        2911   7.2051391088272210        7.7802491200321642        7.7373335285139717     
        2912   7.2053566332462387        7.7805032685052549        7.7375837864424071     
        2913   7.2057931678259433        7.7810133052414088        7.7380857574518274     
        2914   7.2061591513991949        7.7814409158503581        7.7385066463375836     
        2915   7.2071089677401909        7.7825506863914082        7.7395985611123592     
        2916   7.2071141037349351        7.7825566873823551        7.7396047197297619     
        2917   7.2073632551098221        7.7828478013070725        7.7398913374770970     
        2918   7.2075567337490654        7.7830738671569728        7.7401139686862805     
        2919   7.2079382536136816        7.7835196486253926        7.7405527283624451     
        2920   7.2081693465563461        7.7837896678256335        7.7408185947242316     
        2921   7.2082542342028564        7.7838888546670146        7.7409164177459289     
        2922   7.2085236621830253        7.7842036686837508        7.7412263471115210     
        2923   7.2122375647878307        7.7885433924840530        7.7454954275986196     
        2924   7.2143660900731135        7.7910307604846336        7.7479423810530221     
        2925   7.2145077687225649        7.7911963287730375        7.7481054971798429     
        2926   7.2156112885999111        7.7924859412641272        7.7493742689112324     
        2927   7.2171895123736132        7.7943303673791613        7.7511887666991299     
        2928   7.2176615549259386        7.7948820435656003        7.7517316680079134     
        2929   7.2178395991859903        7.7950901254941813        7.7519365993603202     
        2930   7.2191960284722150        7.7966754250349029        7.7534961957373199     
        2931   7.2193617635049128        7.7968691279784226        7.7536869821988574     
        2932   7.2202622860872250        7.7979216275367138        7.7547224969060622     
        2933   7.2210499593770967        7.7988422509211963        7.7556282921267723     
        2934   7.2239813303789298        7.8022685522057467        7.7589986805147788     
        2935   7.2240854178940808        7.8023902180884477        7.7591186072850533     
        2936   7.2247117290670744        7.8031223073516678        7.7598389449258889     
        2937   7.2250751612953525        7.8035471247936075        7.7602570497408863     
        2938   7.2255259548503634        7.8040740642685726        7.7607756003447577     
        2939   7.2259627936329096        7.8045846970949189        7.7612781108009870     
        2940   7.2261812648142332        7.8048400760031260        7.7615295552978978     
        2941   7.2278295781212476        7.8067668914122788        7.7634249996800904     
        2942   7.2289602398464172        7.8080886347961904        7.7647252954250305     
        2943   7.2294681571203112        7.8086824013853064        7.7653095661171605     
        2944   7.2298621543972059        7.8091429978207145        7.7657628529785825     
        2945   7.2316396987134546        7.8112210613222901        7.7678070268024300     
        2946   7.2328310887745841        7.8126139211872738        7.7691772465356053     
        2947   7.2339511010962667        7.8139233683777167        7.7704654177974177     
        2948   7.2341655600354411        7.8141741040449197        7.7707122862732518     
        2949   7.2343486590018111        7.8143881760489355        7.7709230939091327     
        2950   7.2344029324448309        7.8144516305685707        7.7709857613955009     
        2951   7.2349511072139459        7.8150925409240308        7.7716163854918534     
        2952   7.2369807926938909        7.8174656630086732        7.7739507122539351     
        2953   7.2370738321452430        7.8175744480686813        7.7740579634249656     
        2954   7.2385766614914768        7.8193316427733235        7.7757864833852253     
        2955   7.2386061533367059        7.8193661269567150        7.7758206565555597     
        2956   7.2388095233170473        7.8196039237693151        7.7760547940364404     
        2957   7.2397208744738570        7.8206695639619301        7.7771031386122118     
        2958   7.2398780606106445        7.8208533635398529        7.7772841672375606     
        2959   7.2406159886637447        7.8217162404263831        7.7781330843922802     
        2960   7.2407413901568365        7.8218628768658496        7.7782775615353188     
        2961   7.2410290942425402        7.8221993011419872        7.7786086988933647     
        2962   7.2412515824062060        7.8224594672977066        7.7788648344813396     
        2963   7.2414920481369851        7.8227406570131839        7.7791416468670675     
        2964   7.2416094510380340        7.8228779432135296        7.7792769273240481     
        2965   7.2416106297134304        7.8228793215107384        7.7792785399089013     
        2966   7.2420631091557919        7.8234084361961305        7.7797991900594994     
        2967   7.2422861867944190        7.8236692979634777        7.7800560085863708     
        2968   7.2423452999813396        7.8237384237682557        7.7801242518513192     
        2969   7.2425142001014766        7.8239359327923985        7.7803187617733158     
        2970   7.2426745699268080        7.8241234673521030        7.7805034615340176     
        2971   7.2428367538473593        7.8243131240084720        7.7806902482697140     
        2972   7.2432985276720512        7.8248531227846563        7.7812216000725698     
        2973   7.2434785903904446        7.8250636898895340        7.7814289519016029     
        2974   7.2447480519774441        7.8265482358560572        7.7828892690775859     
        2975   7.2458744713140648        7.8278655408881583        7.7841850964668282     
        2976   7.2463562114110118        7.8284289284013306        7.7847394434810084     
        2977   7.2463940659547728        7.8284731989675596        7.7847832405909898     
        2978   7.2481932998043428        7.8305774328254945        7.7868529935739375     
        2979   7.2502547382533580        7.8329884281750521        7.7892244222043061     
        2980   7.2516565058198248        7.8346279590484045        7.7908371159918133     
        2981   7.2523696112100495        7.8354620397134322        7.7916576661719503     
        2982   7.2528444639783247        7.8360174569372330        7.7922041578945809     
        2983   7.2533118196463287        7.8365641111124571        7.7927420302718247     
        2984   7.2543348698479848        7.8377607680744070        7.7939191530943432     
        2985   7.2547518793660570        7.8382485503434651        7.7943991237787529     
        2986   7.2548124086004471        7.8383193526895480        7.7944690123517049     
        2987   7.2548715668257024        7.8383885514336624        7.7945373238354492     
        2988   7.2549309810136791        7.8384580496796854        7.7946059298497090     
        2989   7.2550355503190751        7.8385803672186531        7.7947264812645116     
        2990   7.2551666386903717        7.8387337052474644        7.7948775398714432     
        2991   7.2552698444010790        7.8388544284165533        7.7949965231727347     
        2992   7.2561682628460833        7.8399053508110068        7.7960303125609229     
        2993   7.2562104622707402        7.8399547140098775        7.7960791164025309     
        2994   7.2598312662841664        7.8441903671956519        7.8002448904551045     
        2995   7.2612405250716732        7.8458390294002642        7.8018664914185294     
        2996   7.2622598716912012        7.8470315754455928        7.8030395275488615     
        2997   7.2628603086612760        7.8477340472935451        7.8037306103753963     
        2998   7.2634341009516028        7.8484053558371425        7.8043910447660778     
        2999   7.2643176990680089        7.8494391394706495        7.8054079399744154     
        3000   7.2660223916326778        7.8514336396947364        7.8073696053039470     
        3001   7.2661332258284252        7.8515633191035539        7.8074973905341096     
        3002   7.2661696638679354        7.8516059528009672        7.8075395746786711     
        3003   7.2668684126032614        7.8524235186965603        7.8083438283591917     
        3004   7.2683901154939186        7.8542040223976484        7.8100950274634258     
        3005   7.2686935362704954        7.8545590544845316        7.8104444213660571     
        3006   7.2697846584220009        7.8558357953199005        7.8117002123184918     
        3007   7.2718046995996968        7.8581995663697173        7.8140249596158569     
        3008   7.2737616457163057        7.8604896126854111        7.8162771861406455     
        3009   7.2743250028465622        7.8611488806947838        7.8169257465366044     
        3010   7.2748901073461729        7.8618102022943388        7.8175763246433121     
        3011   7.2769251207506294        7.8641917782195918        7.8199185241734455     
        3012   7.2770128923292186        7.8642944998386062        7.8200197942342982     
        3013   7.2797616909771978        7.8675116052615985        7.8231835809183821     
        3014   7.2805834370972278        7.8684733906505491        7.8241295994184981     
        3015   7.2807042147868515        7.8686147524359082        7.8242688641142308     
        3016   7.2823566450750175        7.8705488459307205        7.8261709776574264     
        3017   7.2841195615021093        7.8726123408474065        7.8282003192438694     
        3018   7.2847016313516466        7.8732936727164651        7.8288705438582227     
        3019   7.2856829773150791        7.8744423914075634        7.8300003541339365     
        3020   7.2861402203675762        7.8749776282203756        7.8305269171614142     
        3021   7.2864615640102972        7.8753537881505746        7.8308970574898211     
        3022   7.2867340675641925        7.8756727788407588        7.8312109823558416     
        3023   7.2875875893454278        7.8766719184373803        7.8321937002491566     
        3024   7.2882614482754731        7.8774607573311810        7.8329696256110708     
        3025   7.2901120215851289        7.8796271563779525        7.8351000951102989     
        3026   7.2901291051896466        7.8796471559713481        7.8351200195528463     
        3027   7.2907685670505407        7.8803957728978213        7.8358563858423125     
        3028   7.2916501868984041        7.8814279021523257        7.8368715232139223     
        3029   7.2920659227771525        7.8819146195067136        7.8373503632146040     
        3030   7.2928635392954657        7.8828484319010252        7.8382688215451708     
        3031   7.2937957182119213        7.8839398058068220        7.8393422025949562     
        3032   7.2940017632049736        7.8841810418201703        7.8395796627381884     
        3033   7.2948171222299507        7.8851356697871964        7.8405185799845540     
        3034   7.2953251105948747        7.8857304352818032        7.8411036530595126     
        3035   7.2955097711128953        7.8859466421924518        7.8413165012744201     
        3036   7.2962917934066676        7.8868622712598375        7.8422170656916919     
        3037   7.2964921922153998        7.8870969104593298        7.8424480367239795     
        3038   7.2975975118858099        7.8883911062151304        7.8437208252646968     
        3039   7.2980105165521083        7.8888746933646789        7.8441965741515105     
        3040   7.2983936623403611        7.8893233229371305        7.8446379500004113     
        3041   7.2984029783358988        7.8893342311878003        7.8446489349268020     
        3042   7.3000825732387531        7.8913009350659467        7.8465829527415494     
        3043   7.3002205615251530        7.8914625144285653        7.8467420841359754     
        3044   7.3002566132374831        7.8915047297841125        7.8467838515587971     
        3045   7.3006386129739198        7.8919520409544015        7.8472239264667536     
        3046   7.3008131005397967        7.8921563624197093        7.8474250832572565     
        3047   7.3015612766652973        7.8930324712309368        7.8482867673237777     
        3048   7.3016320462438333        7.8931153426883354        7.8483685091320936     
        3049   7.3018546865206471        7.8933760562320661        7.8486251117492145     
        3050   7.3041660055084519        7.8960827095561825        7.8512866359742333     
        3051   7.3042540487440313        7.8961858148451300        7.8513882712844492     
        3052   7.3047889395851238        7.8968122170518402        7.8520044243428941     
        3053   7.3060232917506518        7.8982577773073546        7.8534259869655259     
        3054   7.3061000673946781        7.8983476912936883        7.8535146515513219     
        3055   7.3065809392676027        7.8989108567341271        7.8540686239922195     
        3056   7.3070707369685337        7.8994844820368577        7.8546328794401887     
        3057   7.3079356846339616        7.9004974793164733        7.8556291278393360     
        3058   7.3080847609795363        7.9006720745341985        7.8558010508819862     
        3059   7.3082744120924303        7.9008941909845314        7.8560196969748546     
        3060   7.3087024444107769        7.9013954994425299        7.8565128457320128     
        3061   7.3092216465498225        7.9020035921031253        7.8571109839162645     
        3062   7.3095322531164744        7.9023673799132732        7.8574689202059602     
        3063   7.3096000619561661        7.9024467991570368        7.8575472650281384     
        3064   7.3096500863084835        7.9025053888885788        7.8576051302619447     
        3065   7.3100245383366014        7.9029439583424193        7.8580365909986725     
        3066   7.3105855635544401        7.9036010551152689        7.8586829060773482     
        3067   7.3113878589898977        7.9045407529093854        7.8596070704964092     
        3068   7.3119139908218509        7.9051570004820197        7.8602132189428744     
        3069   7.3120480575396662        7.9053140313310957        7.8603678698088686     
        3070   7.3123557873346865        7.9056744736678999        7.8607225121627451     
        3071   7.3123566929648502        7.9056755344317180        7.8607238150356196     
        3072   7.3147320167449745        7.9084578265378935        7.8634595724111094     
        3073   7.3151662837923226        7.9089665140491450        7.8639599611137641     
        3074   7.3157012438570170        7.9095931574823881        7.8645763196776244     
        3075   7.3165877271071595        7.9106315866918537        7.8655975311847470     
        3076   7.3168109004947173        7.9108930160835769        7.8658548199002070     
        3077   7.3182962489993493        7.9126330153379421        7.8675657818468991     
        3078   7.3183581515753993        7.9127055319144404        7.8676373373441493     
        3079   7.3188503440547850        7.9132821209280237        7.8682044753177678     
        3080   7.3190400214031008        7.9135043241378558        7.8684231959152271     
        3081   7.3204336593705941        7.9151369733521566        7.8700285986617686     
        3082   7.3215200224022698        7.9164096864406410        7.8712801220697415     
        3083   7.3224372489597194        7.9174842753328196        7.8723368553870046     
        3084   7.3235169428067488        7.9187492345186694        7.8735807437382945     
        3085   7.3242215708016625        7.9195747873276483        7.8743926320637527     
        3086   7.3248300346244282        7.9202876837065253        7.8750937619997430     
        3087   7.3256466177313575        7.9212444355099221        7.8760346302239483     
        3088   7.3257822145715457        7.9214033096865064        7.8761910837295872     
        3089   7.3260993454501371        7.9217748830535246        7.8765566465148353     
        3090   7.3261458404400370        7.9218293601628780        7.8766104646772845     
        3091   7.3263364017608508        7.9220526370959261        7.8768302335443181     
        3092   7.3267048877964696        7.9224843877286055        7.8772549568242738     
        3093   7.3271805733842559        7.9230417482933344        7.8778031686693026     
        3094   7.3274311458065595        7.9233353463733147        7.8780920703382904     
        3095   7.3276650498813813        7.9236094155485031        7.8783617725176356     
        3096   7.3278807500417429        7.9238621562351224        7.8786105060755247     
        3097   7.3282452245394687        7.9242892220327441        7.8790306205647269     
        3098   7.3298036959275654        7.9261153712624894        7.8808261837749285     
        3099   7.3308386520883921        7.9273281248915008        7.8820187052786039     
        3100   7.3310286390055062        7.9275507532879228        7.8822378318285544     
        3101   7.3331251850321584        7.9300075708071383        7.8846533750599122     
        3102   7.3336977917626900        7.9306785955460644        7.8853133120225039     
        3103   7.3337489150699628        7.9307385062191909        7.8853724702112942     
        3104   7.3340088791792617        7.9310431555540513        7.8856722273835800     
        3105   7.3344865481025128        7.9316029358178728        7.8862227991059868     
        3106   7.3345074208198895        7.9316273967005779        7.8862471070383720     
        3107   7.3347068713862500        7.9318611348103794        7.8864771516453231     
        3108   7.3351838229318327        7.9324200835186796        7.8870269040730960     
        3109   7.3356906639681396        7.9330140671453915        7.8876110972866371     
        3110   7.3358587841718403        7.9332110942822602        7.8878050509598694     
        3111   7.3362091887789340        7.9336217506727547        7.8882090180486202     
        3112   7.3368221205428767        7.9343400836582152        7.8889154527902932     
        3113   7.3371536073473642        7.9347285780314643        7.8892976312389891     
        3114   7.3371660824812714        7.9347431986401862        7.8893122652971996     
        3115   7.3376238179247686        7.9352796584288114        7.8898399032165969     
        3116   7.3377180474814514        7.9353900949173717        7.8899487307477472     
        3117   7.3381398490095053        7.9358844468276697        7.8904349725004224     
        3118   7.3391715580046970        7.9370936316392235        7.8916239383296301     
        3119   7.3410773791690405        7.9393273713461374        7.8938200906807197     
        3120   7.3429439817742050        7.9415152412247449        7.8959711309969052     
        3121   7.3438495592342594        7.9425767151678670        7.8970148641601270     
        3122   7.3449307178671583        7.9438440263519166        7.8982609377694146     
        3123   7.3450128147142664        7.9439402598444149        7.8983557997801555     
        3124   7.3451206810367067        7.9440667004619510        7.8984803563425459     
        3125   7.3456464973113329        7.9446830654850791        7.8990865236890428     
        3126   7.3459285974079549        7.9450137480593375        7.8994118556707846     
        3127   7.3463018173659371        7.9454512462595153        7.8998421898753932     
        3128   7.3468241089114068        7.9460634965021066        7.9004443089047101     
        3129   7.3469137137150966        7.9461685354535918        7.9005478261119748     
        3130   7.3483676381320908        7.9478729246533684        7.9022235370601024     
        3131   7.3489015630234249        7.9484988423517606        7.9028390855057538     
        3132   7.3495296716432161        7.9492351812332993        7.9035631777220132     
        3133   7.3524164079182741        7.9526194744643375        7.9068902155764818     
        3134   7.3524507328789745        7.9526597170425717        7.9069300355562220     
        3135   7.3529660092686591        7.9532638308889885        7.9075241389982196     
        3136   7.3530987087280044        7.9534194098975020        7.9076773340240010     
        3137   7.3536483811422517        7.9540638599488043        7.9083110858183971     
        3138   7.3546432823066192        7.9552303287415889        7.9094579743565490     
        3139   7.3552812093741311        7.9559782786774571        7.9101934602970374     
        3140   7.3571477418672249        7.9581667950852299        7.9123449898082967     
        3141   7.3572322214622741        7.9582658499958780        7.9124426201523406     
        3142   7.3575968822933344        7.9586934282323103        7.9128631803763199     
        3143   7.3584440312370809        7.9596867556406297        7.9138398546550022     
        3144   7.3585481440024676        7.9598088347835230        7.9139601165515217     
        3145   7.3590212320361621        7.9603635657268326        7.9145056610759070     
        3146   7.3591200434507922        7.9604794302444724        7.9146198138968984     
        3147   7.3606766679514202        7.9623047360420269        7.9164142829972022     
        3148   7.3614899370558584        7.9632584060274691        7.9173519614631331     
        3149   7.3617531864854238        7.9635671061213671        7.9176556615594365     
        3150   7.3624951535207765        7.9644371858545435        7.9185111701659565     
        3151   7.3625714709309111        7.9645266815677820        7.9185994020140598     
        3152   7.3627881045241068        7.9647807237909793        7.9188493746907938     
        3153   7.3636937410024590        7.9658427609796512        7.9198935626913283     
        3154   7.3641552294199775        7.9663839557427378        7.9204257886303679     
        3155   7.3652517759587939        7.9676699167008280        7.9216900729077295     
        3156   7.3654569785989894        7.9679105691519148        7.9219268811788339     
        3157   7.3659758234681059        7.9685190523059850        7.9225252427102362     
        3158   7.3678905198405005        7.9707646054737049        7.9247327246847163     
        3159   7.3685047241461330        7.9714849647700641        7.9254410448143062     
        3160   7.3692419102760676        7.9723495749557065        7.9262911497471151     
        3161   7.3693103169134098        7.9724298065713572        7.9263702731675565     
        3162   7.3700426901024425        7.9732887880734333        7.9272148423199837     
        3163   7.3714497825284546        7.9749391716674127        7.9288372850660380     
        3164   7.3718584023408100        7.9754184534716659        7.9293086368257306     
        3165   7.3723802772738871        7.9760305821102273        7.9299105633119709     
        3166   7.3727239395547270        7.9764336818693193        7.9303070335427677     
        3167   7.3728692492194661        7.9766041242776504        7.9304748240841363     
        3168   7.3754955625775009        7.9796847846578434        7.9335030517012726     
        3169   7.3760116545533823        7.9802901818408856        7.9340983515181094     
        3170   7.3763626842788081        7.9807019583816983        7.9345033432266803     
        3171   7.3771946482781869        7.9816779099524107        7.9354628515596701     
        3172   7.3776376742958094        7.9821976180226528        7.9359739246010719     
        3173   7.3785771833878666        7.9832997618175234        7.9370574581646380     
        3174   7.3787445261334685        7.9834960751529476        7.9372506720558533     
        3175   7.3804943215685377        7.9855488435760504        7.9392685372448142     
        3176   7.3812692510355875        7.9864579771955944        7.9401623538397743     
        3177   7.3816511854284306        7.9869060619884156        7.9406030213953755     
        3178   7.3817370586401498        7.9870068088501425        7.9407023042023397     
        3179   7.3820251712939831        7.9873448254734214        7.9410347894727380     
        3180   7.3824686634720980        7.9878651393617908        7.9415464462279530     
        3181   7.3824843096119226        7.9878834958246632        7.9415647508425451     
        3182   7.3826971696750823        7.9881332295203880        7.9418104656982678     
        3183   7.3833141229461985        7.9888570643169228        7.9425221517341171     
        3184   7.3838698146121207        7.9895090334638450        7.9431632026145493     
        3185   7.3847469498882479        7.9905381558826809        7.9441749351682844     
        3186   7.3848880727218855        7.9907037339992693        7.9443379356425794     
        3187   7.3860052564349177        7.9920145346780576        7.9456265077139747     
        3188   7.3869517755909033        7.9931251201441231        7.9467182945934809     
        3189   7.3872466795707670        7.9934711467855619        7.9470586442174636     
        3190   7.3879654328549318        7.9943145085576583        7.9478877894452964     
        3191   7.3890741596947596        7.9956154805378539        7.9491666825857052     
        3192   7.3894119684738886        7.9960118696214000        7.9495565261525130     
        3193   7.3894828850061103        7.9960950843741614        7.9496385746242950     
        3194   7.3895003974388205        7.9961156338035373        7.9496590342157702     
        3195   7.3896311019883498        7.9962690053325103        7.9498100342523230     
        3196   7.3896780346484636        7.9963240772398798        7.9498644232628095     
        3197   7.3896831427581553        7.9963300712217880        7.9498705774413523     
        3198   7.3898088741305479        7.9964776077419062        7.9500158425870140     
        3199   7.3898294793964858        7.9965017865478387        7.9500398691864973     
        3200   7.3902912525200577        7.9970436473504529        7.9505726836889252     
        3201   7.3929708723943408        8.0001881233437775        7.9536633755039006     
        3202   7.3931530680468924        8.0004019331835252        7.9538737722191186     
        3203   7.3931929893886625        8.0004487817104550        7.9539200784790225     
        3204   7.3934521043877659        8.0007528596315538        7.9542191907639292     
        3205   7.3939691100007572        8.0013595841531693        7.9548157442053480     
        3206   7.3941294483268045        8.0015477483916300        7.9550009354512383     
        3207   7.3946248036151410        8.0021290745793561        7.9555725255444472     
        3208   7.3950760357150749        8.0026586257047860        7.9560932299916871     
        3209   7.3961988467306954        8.0039763440602467        7.9573885376386073     
        3210   7.3965742285694169        8.0044168957021853        7.9578217705354106     
        3211   7.3965921989190742        8.0044379859702204        7.9578427612601388     
        3212   7.3974869461967518        8.0054880858520843        7.9588750484277639     
        3213   7.3975176837650052        8.0055241606948844        7.9589107656992368     
        3214   7.3976193385146791        8.0056434669712271        7.9590282814591475     
        3215   7.3989950211864954        8.0072580538286129        7.9606153289646571     
        3216   7.3990275168073607        8.0072961933433380        7.9606530751518250     
        3217   7.4001465483343090        8.0086095978912244        7.9619441186994493     
        3218   7.4009110855609004        8.0095069531897902        7.9628262758348427     
        3219   7.4011274631330686        8.0097609235520384        7.9630761332349778     
        3220   7.4011536461978418        8.0097916556714104        7.9631065993829324     
        3221   7.4015613208818607        8.0102701623307269        7.9635771229540993     
        3222   7.4018257520898745        8.0105805399360115        7.9638824145806524     
        3223   7.4020366262196067        8.0108280560028184        7.9641259278761183     
        3224   7.4025209441155013        8.0113965346446392        7.9646848703703412     
        3225   7.4045092235180139        8.0137303884814806        7.9669787415610500     
        3226   7.4049371094347993        8.0142326576847065        7.9674726102307005     
        3227   7.4055075441546077        8.0149022640880752        7.9681309279011288     
        3228   7.4066088772081171        8.0161950923671963        7.9694017100426606     
        3229   7.4068851939844569        8.0165194592047087        7.9697207421829646     
        3230   7.4077437169486595        8.0175272883071909        7.9707114373189611     
        3231   7.4082546228379806        8.0181270557252358        7.9713011130945546     
        3232   7.4084086217383440        8.0183078409652051        7.9714790405584210     
        3233   7.4084943837443049        8.0184085205702580        7.9715782455644373     
        3234   7.4094488024022134        8.0195289662250584        7.9726796044083983     
        3235   7.4103824708779520        8.0206250763714735        7.9737570431358407     
        3236   7.4103913444074347        8.0206354938521720        7.9737675446605465     
        3237   7.4111593291499176        8.0215371124488861        7.9746538480439995     
        3238   7.4114718199481535        8.0219039831344165        7.9750146426169621     
        3239   7.4125719820263845        8.0231956176790931        7.9762842151516935     
        3240   7.4141723332415097        8.0250745539675101        7.9781309257694986     
        3241   7.4144477533494255        8.0253979256295906        7.9784489685629296     
        3242   7.4147758974197968        8.0257832034011027        7.9788278461911801     
        3243   7.4162775806310517        8.0275463850146966        7.9805607856768503     
        3244   7.4168176891204469        8.0281805615049766        7.9811842509117596     
        3245   7.4170797443551537        8.0284882604905938        7.9814868883394894     
        3246   7.4175507870984223        8.0290413523686439        7.9820306702815742     
        3247   7.4179181473805640        8.0294727059804281        7.9824548204535191     
        3248   7.4185825343473475        8.0302528371041220        7.9832217080532217     
        3249   7.4185864687850458        8.0302574570041845        7.9832265123259845     
        3250   7.4193446858336483        8.0311477794868917        7.9841016803261624     
        3251   7.4218880437917463        8.0341343867740420        7.9870368055449745     
        3252   7.4223598063423992        8.0346883864005054        7.9875814669968221     
        3253   7.4226948987221082        8.0350818954060497        7.9879684189345070     
        3254   7.4232725730447058        8.0357602829153745        7.9886353094556668     
        3255   7.4242144630027482        8.0368664040639164        7.9897225137982204     
        3256   7.4245333506834434        8.0372408996482640        7.9900907786915170     
        3257   7.4249650539214187        8.0377478881312534        7.9905892376145005     
        3258   7.4254034031431964        8.0382626868592428        7.9910953702549889     
        3259   7.4260556540947515        8.0390287022739582        7.9918483594979435     
        3260   7.4291563907883660        8.0426704245183398        7.9954271276492221     
        3261   7.4298459659359564        8.0434803459005231        7.9962232466029519     
        3262   7.4314105260763146        8.0453180053138116        7.9980292432793831     
        3263   7.4324028879145025        8.0464836222790019        7.9991748665365847     
        3264   7.4325153534037334        8.0466157246819972        7.9993049375793817     
        3265   7.4330858205536359        8.0472858029999852        7.9999636319158398     
        3266   7.4346195082266613        8.0490873375094534        8.0017341036599419     
        3267   7.4350653126862190        8.0496110104887961        8.0022489328012156     
        3268   7.4354915815633280        8.0501117407413361        8.0027412172607271     
        3269   7.4360438321487052        8.0507604668588701        8.0033789215036037     
        3270   7.4375434684027324        8.0525221248458241        8.0051101854775268     
        3271   7.4377403180209765        8.0527533733318464        8.0053376736433890     
        3272   7.4380089066395740        8.0530688987139829        8.0056479713026789     
        3273   7.4393662963436178        8.0546635272890477        8.0072150983922157     
        3274   7.4394413808656896        8.0547517362529160        8.0073020363456280     
        3275   7.4400810951407195        8.0555032760599641        8.0080407512530201     
        3276   7.4401218560463045        8.0555511625761902        8.0080880688868561     
        3277   7.4401371747768490        8.0555691592598144        8.0081060173502294     
        3278   7.4408709867375613        8.0564312605864536        8.0089533650108820     
        3279   7.4422820100413354        8.0580890091380830        8.0105824901838716     
        3280   7.4428042930165361        8.0587026301246780        8.0111856804514829     
        3281   7.4481274642553306        8.0649571589719908        8.0173313637199399     
        3282   7.4485553803825137        8.0654599785327488        8.0178256702056885     
        3283   7.4486880422098602        8.0656158628215362        8.0179790983411152     
        3284   7.4488855576585777        8.0658479542627521        8.0182074028551966     
        3285   7.4496892540065263        8.0667923524829295        8.0191355742699457     
        3286   7.4512614744964658        8.0686398707541969        8.0209510836489812     
        3287   7.4515051780838046        8.0689262532566595        8.0212327277852751     
        3288   7.4520340475282651        8.0695477473089241        8.0218436267581268     
        3289   7.4533454923495208        8.0710889079711734        8.0233581140556893     
        3290   7.4548266528605307        8.0728295692575784        8.0250686031344927     
        3291   7.4553369038214621        8.0734292307215867        8.0256580416532088     
        3292   7.4556698133791706        8.0738204793937829        8.0260427120123339     
        3293   7.4564013408295340        8.0746802105653366        8.0268876673927778     
        3294   7.4567687779283425        8.0751120483690073        8.0273122146488873     
        3295   7.4576432101542816        8.0761397573417906        8.0283222031903065     
        3296   7.4585224973620887        8.0771731936128592        8.0293378144775858     
        3297   7.4586621999165210        8.0773373895828549        8.0294994017293959     
        3298   7.4596643045808895        8.0785152045215050        8.0306568581724704     
        3299   7.4606017840068644        8.0796170878716769        8.0317397075607744     
        3300   7.4606702542309300        8.0796975665358968        8.0318190425357301     
        3301   7.4609920453654883        8.0800757957561622        8.0321909117431076     
        3302   7.4610160237676730        8.0801039797806613        8.0322188681388127     
        3303   7.4611440267824474        8.0802544337817821        8.0323669523256171     
        3304   7.4617463624687481        8.0809624217314280        8.0330628012015737     
        3305   7.4619625039443447        8.0812164777931930        8.0333126714216618     
        3306   7.4622239353413127        8.0815237700599400        8.0336148446050686     
        3307   7.4625801098961499        8.0819424285766175        8.0340264317450689     
        3308   7.4636149127200282        8.0831587875018425        8.0352217344297614     
        3309   7.4637054766516080        8.0832652422786744        8.0353265890508325     
        3310   7.4648240378625932        8.0845800910761341        8.0366186477781056     
        3311   7.4666223287915319        8.0866940225412236        8.0386957621962978     
        3312   7.4670000188657397        8.0871380170819016        8.0391322320819967     
        3313   7.4679002940052257        8.0881963537432338        8.0401722606244377     
        3314   7.4682881076365586        8.0886522628102355        8.0406204332059019     
        3315   7.4689166493356662        8.0893911777434440        8.0413466420456245     
        3316   7.4706551959675966        8.0914350736690395        8.0433549097413533     
        3317   7.4709656261953601        8.0918000350397410        8.0437137264463914     
        3318   7.4712681011313089        8.0921556462296600        8.0440633567132522     
        3319   7.4715141827106804        8.0924449592180423        8.0443478531574470     
        3320   7.4715266733071122        8.0924596441967989        8.0443625467047326     
        3321   7.4726074503192690        8.0937303114186712        8.0456111512386741     
        3322   7.4738862932252808        8.0952338860005693        8.0470885617841930     
        3323   7.4744262339763026        8.0958687243735064        8.0477125045223659     
        3324   7.4760621165161929        8.0977921716713670        8.0496023886036809     
        3325   7.4761171508815272        8.0978568815776804        8.0496662268950985     
        3326   7.4769605258158665        8.0988485399563874        8.0506407044126007     
        3327   7.4773178551862767        8.0992687014438847        8.0510537390087009     
        3328   7.4777957534848056        8.0998306379893190        8.0516060526905875     
        3329   7.4778066877397809        8.0998434951030678        8.0516189503632134     
        3330   7.4787531576640767        8.1009564203550255        8.0527125518811076     
        3331   7.4788033831437417        8.1010154796640297        8.0527708383304386     
        3332   7.4807340054208940        8.1032857192777445        8.0550013660122062     
        3333   7.4807412504162007        8.1032942389402134        8.0550100025773546     
        3334   7.4817025138039099        8.1044246375858471        8.0561207540089512     
        3335   7.4823542682721076        8.1051910834450709        8.0568739614567804     
        3336   7.4825830732305665        8.1054601547556651        8.0571385579736940     
        3337   7.4841074025131000        8.1072527808279951        8.0588998521302528     
        3338   7.4846261688022997        8.1078628696917168        8.0594994509488060     
        3339   7.4854985127715139        8.1088887961235070        8.0605075518191356     
        3340   7.4868583314437132        8.1104880626872902        8.0620788731231698     
        3341   7.4876044412476812        8.1113655752857188        8.0629411684195986     
        3342   7.4888860779082655        8.1128729661984949        8.0644222198944604     
        3343   7.4901659428977450        8.1143783187203820        8.0659012597056829     
        3344   7.4908952731774452        8.1152361632045391        8.0667442204297188     
        3345   7.4917400118435893        8.1162297704113406        8.0677205423108660     
        3346   7.4922903062523147        8.1168770539847941        8.0683566564500069     
        3347   7.4925300465964657        8.1171590510871958        8.0686339378593956     
        3348   7.4927501972235717        8.1174180069796265        8.0688885849417957     
        3349   7.4934019870550248        8.1181846936379127        8.0696419885511119     
        3350   7.4935057383607191        8.1183067351994058        8.0697621404151008     
        3351   7.4941355502947076        8.1190475826962487        8.0704901589198741     
        3352   7.4945709016186290        8.1195596926807472        8.0709934821821250     
        3353   7.4947229505235109        8.1197385512165354        8.0711694457457241     
        3354   7.4951255493407682        8.1202121403215646        8.0716349279105302     
        3355   7.4952523409948535        8.1203612900888942        8.0717817076413141     
        3356   7.4956389723695658        8.1208161017898615        8.0722287433234712     
        3357   7.4960456700446754        8.1212945228381965        8.0726989699091547     
        3358   7.4964597271386584        8.1217816058822159        8.0731777043343484     
        3359   7.4970981338273202        8.1225326156528777        8.0739156948757014     
        3360   7.4978121596429643        8.1233725957238505        8.0747410789387928     
        3361   7.4979222013863946        8.1235020501014255        8.0748685100190229     
        3362   7.4979588236805936        8.1235451330655177        8.0749110982117926     
        3363   7.4987996501798850        8.1245343029852854        8.0758830277982483     
        3364   7.4995698259370887        8.1254403747270167        8.0767733265299313     
        3365   7.4996955932771119        8.1255883350242382        8.0769189348386305     
        3366   7.5003386385718596        8.1263448592021135        8.0776623305360005     
        3367   7.5006853348076934        8.1267527420386756        8.0780632575553639     
        3368   7.5024254662882344        8.1288000304633687        8.0800745459482428     
        3369   7.5027287053737517        8.1291568039610667        8.0804252653014998     
        3370   7.5035422240647467        8.1301139553847115        8.0813657213130483     
        3371   7.5054273676638337        8.1323320054341117        8.0835447149793112     
        3372   7.5063240378431182        8.1333870573861198        8.0845813225845191     
        3373   7.5077295634997085        8.1350408904146736        8.0862060821377995     
        3374   7.5078874931573347        8.1352267241543981        8.0863888863056843     
        3375   7.5081073337671036        8.1354854088427118        8.0866432484308035     
        3376   7.5094508730597873        8.1370663698731818        8.0881964155243367     
        3377   7.5098503731704831        8.1375364767503662        8.0886584441991758     
        3378   7.5112928611983625        8.1392339437171195        8.0903260345961243     
        3379   7.5120208173196916        8.1400905976418372        8.0911677392360630     
        3380   7.5122357672088054        8.1403435520493250        8.0914164678876546     
        3381   7.5128004299032263        8.1410080568245302        8.0920694339736059     
        3382   7.5129141078785295        8.1411418360899113        8.0922011043348121     
        3383   7.5132626820664781        8.1415520496985341        8.0926042964216904     
        3384   7.5133019749651595        8.1415982910895828        8.0926499843577631     
        3385   7.5142735558688436        8.1427416983843113        8.0937733368062510     
        3386   7.5145512237221492        8.1430684772613695        8.0940945748316437     
        3387   7.5146297179418600        8.1431608551156405        8.0941855787731143     
        3388   7.5146994499778739        8.1432429211215442        8.0942664541655915     
        3389   7.5147803035019045        8.1433380759157892        8.0943601856164307     
        3390   7.5152556937540345        8.1438975562637399        8.0949099867077479     
        3391   7.5153587212370416        8.1440188087382506        8.0950293515435163     
        3392   7.5158157649424426        8.1445567044909968        8.0955579503618154     
        3393   7.5166259510660396        8.1455102285615713        8.0964947835047951     
        3394   7.5181820202915022        8.1473416482080534        8.0982938875138757     
        3395   7.5185916738397793        8.1478238021521410        8.0987677293545559     
        3396   7.5188450691118236        8.1481220455917551        8.0990609331907422     
        3397   7.5200889426845503        8.1495860968644518        8.1004991904051806     
        3398   7.5219490448373829        8.1517755351486407        8.1026499050708054     
        3399   7.5233843975522205        8.1534650864910851        8.1043096219792048     
        3400   7.5241376531333639        8.1543517652512136        8.1051807666303901     
        3401   7.5253363847400720        8.1557628590478277        8.1065669732602856     
        3402   7.5255339491091604        8.1559954269023596        8.1067956631196623     
        3403   7.5257160536131984        8.1562097967469107        8.1070064792632692     
        3404   7.5259255818819746        8.1564564504456794        8.1072490033631439     
        3405   7.5261851486096223        8.1567620103940790        8.1075493829275302     
        3406   7.5265336892614583        8.1571723126965079        8.1079526363131578     
        3407   7.5290550804329044        8.1601405964548839        8.1108682285566402     
        3408   7.5295323359573576        8.1607024608129777        8.1114203329863557     
        3409   7.5312120939252640        8.1626800599221223        8.1133628918515441     
        3410   7.5340200983358852        8.1659861317146181        8.1166101680712188     
        3411   7.5340499913942676        8.1660213282046712        8.1166450047236225     
        3412   7.5353675520930974        8.1675726665513544        8.1181688810598658     
        3413   7.5353816181415851        8.1675892286289553        8.1181854162904230     
        3414   7.5358296221138898        8.1681167340568237        8.1187037591725115     
        3415   7.5359671614248347        8.1682786818023203        8.1188630803423578     
        3416   7.5367722555701420        8.1692266626233287        8.1197943770168806     
        3417   7.5375191887371225        8.1701061762320357        8.1206584276469300     
        3418   7.5376292060844694        8.1702357229369547        8.1207859261704982     
        3419   7.5399544080308765        8.1729737537616991        8.1234752279211762     
        3420   7.5400597661524777        8.1730978212826226        8.1235973439161100     
        3421   7.5422776633249056        8.1757096420711228        8.1261626641429245     
        3422   7.5435264554984007        8.1771802938928424        8.1276072380743045     
        3423   7.5440774499288885        8.1778291914079890        8.1282447770415658     
        3424   7.5450644094395418        8.1789915392259100        8.1293865610287170     
        3425   7.5459936963834622        8.1800859904339198        8.1304616602984936     
        3426   7.5465624521761816        8.1807558442943922        8.1311197721128821     
        3427   7.5476586390972713        8.1820469070829134        8.1323879481898942     
        3428   7.5482657350929809        8.1827619445988784        8.1330904276419815     
        3429   7.5485382940613315        8.1830829678114370        8.1334059607860070     
        3430   7.5488572364078257        8.1834586245386038        8.1337751466689241     
        3431   7.5499916654289949        8.1847948007883424        8.1350876121132103     
        3432   7.5520245816413141        8.1871893408171594        8.1374394282396594     
        3433   7.5521555135775404        8.1873435674161303        8.1375911548638769     
        3434   7.5528529465394723        8.1881650916857307        8.1383981927158544     
        3435   7.5551379461057104        8.1908567461555979        8.1410417495807010     
        3436   7.5556124345856759        8.1914156961760192        8.1415909219032585     
        3437   7.5558962554029225        8.1917500416352667        8.1419195266026705     
        3438   7.5565943986928250        8.1925724751034164        8.1427274424931610     
        3439   7.5574087175296869        8.1935317838981980        8.1436697691290263     
        3440   7.5581109641808508        8.1943590807677253        8.1444824549347814     
        3441   7.5582127008002260        8.1944789349297569        8.1446004231692655     
        3442   7.5591536780974682        8.1955874977221583        8.1456893105917771     
        3443   7.5605812135637116        8.1972693202976075        8.1473411338652326     
        3444   7.5611582091999772        8.1979491123080148        8.1480089579317081     
        3445   7.5612406667026750        8.1980462610272031        8.1481046278787943     
        3446   7.5613550401662355        8.1981810123948442        8.1482372233944105     
        3447   7.5616683908155649        8.1985501945461792        8.1486000283791213     
        3448   7.5624953330710234        8.1995244909872778        8.1495570492239509     
        3449   7.5628113239877317        8.1998967938528367        8.1499229167078369     
        3450   7.5641652628495883        8.2014920461510687        8.1514896998145758     
        3451   7.5642245859614441        8.2015619436250464        8.1515586082695322     
        3452   7.5647145212975904        8.2021392138147249        8.1521257462413672     
        3453   7.5647409454063208        8.2021703484195161        8.1521565902438340     
        3454   7.5658378630310308        8.2034628252680655        8.1534260413550257     
        3455   7.5659419646601016        8.2035854879425543        8.1535467632832308     
        3456   7.5662947704691916        8.2040012003333498        8.1539552515403315     
        3457   7.5676118621855171        8.2055531649153419        8.1554795007256899     
        3458   7.5680499124191876        8.2060693419587114        8.1559866381628439     
        3459   7.5691842660495867        8.2074060337515835        8.1572994857102046     
        3460   7.5696457104347452        8.2079497976228524        8.1578337082577193     
        3461   7.5699758009362945        8.2083387783298836        8.1582159399124805     
        3462   7.5716163530421898        8.2102720600649519        8.1601145940131588     
        3463   7.5719654283149147        8.2106834317427371        8.1605188086649463     
        3464   7.5720818244115815        8.2108206007832489        8.1606537715995202     
        3465   7.5744975874328748        8.2136675844352460        8.1634495994876275     
        3466   7.5745357931315436        8.2137126112629186        8.1634940836111554     
        3467   7.5750474948551378        8.2143156745611172        8.1640865199459896     
        3468   7.5768981916800895        8.2164968640213019        8.1662285517741111     
        3469   7.5772390310450790        8.2168985799712306        8.1666232749108332     
        3470   7.5780240819931208        8.2178238594567183        8.1675320919837162     
        3471   7.5797149224304929        8.2198167818647274        8.1694892319095729     
        3472   7.5797509719679477        8.2198592728010365        8.1695312251005561     
        3473   7.5805380570220198        8.2207870046873719        8.1704424389355381     
        3474   7.5807309268034162        8.2210143416339676        8.1706659323802810     
        3475   7.5808176840060142        8.2211166032863545        8.1707666142587030     
        3476   7.5810628930387862        8.2214056349544986        8.1710506853685345     
        3477   7.5830390811857837        8.2237350593909078        8.1733382036591422     
        3478   7.5830928967675133        8.2237984958258679        8.1734007624465477     
        3479   7.5834275649782175        8.2241929959821611        8.1737883885913476     
        3480   7.5836005475190094        8.2243969055426245        8.1739888759248416     
        3481   7.5849583724267031        8.2259975206979217        8.1755607636706600     
        3482   7.5851951611643527        8.2262766544539812        8.1758351105590137     
        3483   7.5858540577498879        8.2270533899633218        8.1765980404083862     
        3484   7.5863373933013598        8.2276231742802963        8.1771577681428766     
        3485   7.5894522049563626        8.2312952528404075        8.1807635252930595     
        3486   7.5895814986389176        8.2314476841173434        8.1809134625701248     
        3487   7.5911009581174005        8.2332390914483362        8.1826726329774715     
        3488   7.5913766230669104        8.2335641008809972        8.1829920146800674     
        3489   7.5914396489079650        8.2336384087488526        8.1830652453228083     
        3490   7.5925522549219782        8.2349501965051974        8.1843534892156029     
        3491   7.5936668769247380        8.2362643956682948        8.1856440936150534     
        3492   7.5941463148252915        8.2368296893090829        8.1861993907851058     
        3493   7.5952587120278814        8.2381413145824993        8.1874874578730896     
        3494   7.5958079197836854        8.2387888970149152        8.1881235440205984     
        3495   7.5961844362830089        8.2392328603955907        8.1885597103618437     
        3496   7.5970688367200836        8.2402757024661764        8.1895838678240267     
        3497   7.5970870569081042        8.2402971870562300        8.1896052336858887     
        3498   7.5980308664171075        8.2414101058907949        8.1906981890387343     
        3499   7.5989797326163346        8.2425290124319091        8.1917970180787094     
        3500   7.5990522554127873        8.2426145326124676        8.1918812546408546     
        3501   7.6001802259988471        8.2439446745611971        8.1931874701835596     
        3502   7.6003286714185903        8.2441197291720432        8.1933596115899263     
        3503   7.6005609756553625        8.2443936757203886        8.1936288453037420     
        3504   7.6007287917485051        8.2445915750658028        8.1938234154134264     
        3505   7.6014751205074589        8.2454717026049824        8.1946877970153906     
        3506   7.6018705001342584        8.2459379705587263        8.1951458498290464     
        3507   7.6021012074261218        8.2462100437861938        8.1954132423215995     
        3508   7.6029927195375482        8.2472614183901349        8.1964457469788101     
        3509   7.6034075549759814        8.2477506480467593        8.1969263399403758     
        3510   7.6035453819646488        8.2479131931997962        8.1970861970749809     
        3511   7.6057664372628722        8.2505326498140565        8.1996582071842425     
        3512   7.6061272369047597        8.2509581807712618        8.2000762557743272     
        3513   7.6066164578578643        8.2515351789812126        8.2006430101923655     
        3514   7.6066708339996971        8.2515993118386817        8.2007062463774218     
        3515   7.6096804703358600        8.2551490957553373        8.2041915748485295     
        3516   7.6101506348364678        8.2557036647127386        8.2047362992993271     
        3517   7.6107350168671939        8.2563929642328926        8.2054132946855489     
        3518   7.6107683410853753        8.2564322716272969        8.2054521572757722     
        3519   7.6109096373923002        8.2565989372358981        8.2056160541168524     
        3520   7.6109989298808989        8.2567042621927769        8.2057197295564137     
        3521   7.6116403751962300        8.2574608855501310        8.2064628172181884     
        3522   7.6126546369705732        8.2586572917262497        8.2076376569632217     
        3523   7.6128694115443620        8.2589106398838403        8.2078866523170504     
        3524   7.6130468991519118        8.2591200052925959        8.2080924677130724     
        3525   7.6155553740385411        8.2620791105386520        8.2109977994223016     
        3526   7.6156762964028406        8.2622217602033761        8.2111381154026901     
        3527   7.6159109305227188        8.2624985544847114        8.2114101248361351     
        3528   7.6161232066637181        8.2627489747206866        8.2116562418575612     
        3529   7.6176961711744209        8.2646046257515788        8.2134782495594578     
        3530   7.6182277555061528        8.2652317597383220        8.2140941908160414     
        3531   7.6199490107196741        8.2672624560366934        8.2160880228012090     
        3532   7.6203853368128049        8.2677772363723925        8.2165936590052553     
        3533   7.6207399436199115        8.2681956076719842        8.2170046490042523     
        3534   7.6216097537952603        8.2692218397215722        8.2180123758122150     
        3535   7.6232485608208371        8.2711554180114604        8.2199108342555078     
        3536   7.6250531239569606        8.2732846533719417        8.2220013504412179     
        3537   7.6262594565059594        8.2747080766495866        8.2233989694289562     
        3538   7.6279303742452651        8.2766797584701539        8.2253347888705264     
        3539   7.6287636797728648        8.2776630874953430        8.2263003632961187     
        3540   7.6288428918237994        8.2777565614313655        8.2263923965219306     
        3541   7.6290172461329604        8.2779623083109524        8.2265946439710191     
        3542   7.6299309487126674        8.2790405372880560        8.2276533725829069     
        3543   7.6303917934666217        8.2795843731475003        8.2281875064763810     
        3544   7.6306419095713087        8.2798795338210525        8.2284775259664542     
        3545   7.6308579965470313        8.2801345383049831        8.2287281256133440     
        3546   7.6315425285262082        8.2809423638519366        8.2295214029258261     
        3547   7.6322671791147014        8.2817975481398953        8.2303611671313064     
        3548   7.6325225530229401        8.2820989268777350        8.2306572879158963     
        3549   7.6327741232831556        8.2823958185281903        8.2309490036070585     
        3550   7.6333411409738448        8.2830649931921183        8.2316061678889838     
        3551   7.6341762337897627        8.2840505571537886        8.2325739102713555     
        3552   7.6349168320892531        8.2849246163646786        8.2334321917753712     
        3553   7.6350076985757305        8.2850318586698570        8.2335377379284722     
        3554   7.6350371251789628        8.2850665885396584        8.2335721033987568     
        3555   7.6350784190044907        8.2851153243848987        8.2336202176004747     
        3556   7.6369528768624981        8.2873276491690628        8.2357921729620642     
        3557   7.6376123124937489        8.2881059699060202        8.2365564637550435     
        3558   7.6396390240159633        8.2904981391243293        8.2389049289377212     
        3559   7.6404213088587145        8.2914215165992147        8.2398115983130182     
        3560   7.6410789951408242        8.2921978361537754        8.2405739115751402     
        3561   7.6419466150850131        8.2932219755862420        8.2415794823801249     
        3562   7.6430179920609262        8.2944866589646775        8.2428211655412724     
        3563   7.6431345557423533        8.2946242559272303        8.2429565036992329     
        3564   7.6436555580033847        8.2952392748358950        8.2435604754496339     
        3565   7.6452235981294026        8.2970903188360854        8.2453777106484907     
        3566   7.6454157492938402        8.2973171546452367        8.2456006427128230     
        3567   7.6454569374755099        8.2973657777190546        8.2456486441643548     
        3568   7.6456390068623250        8.2975807130769237        8.2458598947173272     
        3569   7.6456851516628914        8.2976351877808696        8.2459136399753845     
        3570   7.6458987418174233        8.2978873352810663        8.2461614170014030     
        3571   7.6466561340888557        8.2987814624351621        8.2470393467312491     
        3572   7.6469514949321002        8.2991301502186783        8.2473818841370772     
        3573   7.6476850754553052        8.2999961880828206        8.2482322376291037     
        3574   7.6484284879453313        8.3008738485046951        8.2490939963450174     
        3575   7.6485484548551419        8.3010154808868677        8.2492332920970597     
        3576   7.6485864569764228        8.3010603461002130        8.2492776043388147     
        3577   7.6489727055976475        8.3015163525810785        8.2497254788114986     
        3578   7.6494748006992932        8.3021091340412063        8.2503076056671034     
        3579   7.6506106257371629        8.3034501330718093        8.2516241503882028     
        3580   7.6511056013789798        8.3040345317370186        8.2521980443505356     
        3581   7.6514779908046036        8.3044742020834335        8.2526298784855783     
        3582   7.6520870714843774        8.3051933358672478        8.2533360192303036     
        3583   7.6534359654659179        8.3067859945913760        8.2548995617105518     
        3584   7.6539106325073130        8.3073464529315242        8.2554499492401590     
        3585   7.6541303626402613        8.3076058992055781        8.2557048804166158     
        3586   7.6545943266828971        8.3081537290015799        8.2562428706698441     
        3587   7.6550833918863557        8.3087312037216101        8.2568099572162694     
        3588   7.6559038719922849        8.3097000190096022        8.2577611555309147     
        3589   7.6568580402711177        8.3108267156601983        8.2588673146813960     
        3590   7.6577648722496692        8.3118975404071698        8.2599186290858171     
        3591   7.6588466926366738        8.3131750287111714        8.2611727824600791     
        3592   7.6599641716676592        8.3144946594791573        8.2624682923325778     
        3593   7.6605964055817708        8.3152412798109339        8.2632013815465086     
        3594   7.6612793232446386        8.3160477663338703        8.2639932273819383     
        3595   7.6622843420761857        8.3172346594897810        8.2651584396569291     
        3596   7.6631726286192894        8.3182837192281198        8.2661883633227120     
        3597   7.6640252415772760        8.3192906694330482        8.2671769523077288     
        3598   7.6642829772872521        8.3195950636213709        8.2674759868470318     
        3599   7.6647703135107275        8.3201706284880128        8.2680411716523778     
        3600   7.6663323049147643        8.3220154516122058        8.2698521091018833     
        3601   7.6673131032452648        8.3231738791024465        8.2709893536070354     
        3602   7.6679216065569777        8.3238925999388815        8.2716950334406079     
        3603   7.6679917237919053        8.3239754180940153        8.2717765919214585     
        3604   7.6681519944461520        8.3241647204251805        8.2719626614510631     
        3605   7.6697728688967075        8.3260792428858856        8.2738419754581969     
        3606   7.6712691525364312        8.3278466679399443        8.2755769047542245     
        3607   7.6714332997188475        8.3280405640203874        8.2757674799041254     
        3608   7.6717309921459469        8.3283922100787429        8.2761128790710288     
        3609   7.6717739918034553        8.3284430031777550        8.2761630050881578     
        3610   7.6718087573594129        8.3284840698292211        8.2762035850538496     
        3611   7.6728254289227404        8.3296850233062809        8.2773825354177646     
        3612   7.6730194240643925        8.3299141852895637        8.2776077207294492     
        3613   7.6734434120991084        8.3304150362252791        8.2780995534939379     
        3614   7.6739588170638697        8.3310238834151527        8.2786973772571102     
        3615   7.6742241232579644        8.3313372921548989        8.2790052445004747     
        3616   7.6745564215959519        8.3317298421249735        8.2793907836121576     
        3617   7.6765939760099728        8.3341369089849788        8.2817534348137656     
        3618   7.6779583637006708        8.3357487944708470        8.2833356548639472     
        3619   7.6786118919446631        8.3365208901235501        8.2840936803086791     
        3620   7.6793263919240644        8.3373650330496982        8.2849224115607569     
        3621   7.6800593914943764        8.3382310470479890        8.2857726043721058     
        3622   7.6804540795796772        8.3386973637754256        8.2862305277736752     
        3623   7.6819417148193656        8.3404550165915339        8.2879557735382150     
        3624   7.6822685073327630        8.3408411328113186        8.2883349838757852     
        3625   7.6830915777101998        8.3418136310401163        8.2892896674299621     
        3626   7.6833493407607323        8.3421181946816372        8.2895888403390074     
        3627   7.6833646177501755        8.3421362454865804        8.2896068308052477     
        3628   7.6843947474376435        8.3433534290038907        8.2908016408973069     
        3629   7.6846339309200404        8.3436360483307084        8.2910792759953651     
        3630   7.6861628743885770        8.3454426864707063        8.2928525587910258     
        3631   7.6862542878268689        8.3455507049616706        8.2929588416805586     
        3632   7.6862947082150672        8.3455984677000643        8.2930059907198981     
        3633   7.6880206496798742        8.3476379684324211        8.2950077836054632     
        3634   7.6882198490692213        8.3478733625932460        8.2952390683781942     
        3635   7.6884734766306337        8.3481730761950281        8.2955334740780344     
        3636   7.6897469345168910        8.3496779581383844        8.2970105903793723     
        3637   7.6909628231561360        8.3511148511103119        8.2984209757615588     
        3638   7.6914770267096086        8.3517225305925340        8.2990176014463088     
        3639   7.6927101918357934        8.3531799001795211        8.3004480692564258     
        3640   7.6929385923501936        8.3534498313557215        8.3007132415606293     
        3641   7.6959394858443027        8.3569965205084102        8.3041940251976456     
        3642   7.6967451586592279        8.3579487700961526        8.3051287727761505     
        3643   7.6969971142661739        8.3582465679336799        8.3054212861539369     
        3644   7.6978314651874005        8.3592327380505331        8.3063893157769826     
        3645   7.6979587120062511        8.3593831405170285        8.3065371852521679     
        3646   7.7006610582462267        8.3625773510873067        8.3096719904743779     
        3647   7.7015191575625304        8.3635916790156521        8.3106676336836927     
        3648   7.7022299226651274        8.3644318641207747        8.3114923861013423     
        3649   7.7025860685000662        8.3648528642494036        8.3119057899640438     
        3650   7.7037339346890725        8.3662097814380711        8.3132376044925351     
        3651   7.7041823552509747        8.3667398789843350        8.3137580616652116     
        3652   7.7051280850915953        8.3678578859916435        8.3148554262006868     
        3653   7.7071133596523698        8.3702048858258564        8.3171587709975228     
        3654   7.7081209045182355        8.3713960516972108        8.3183279080968475     
        3655   7.7083637458663112        8.3716831541498351        8.3186099100407347     
        3656   7.7083841795576493        8.3717073122316652        8.3186338922124179     
        3657   7.7083853389659289        8.3717086829623266        8.3186355138258747     
        3658   7.7085599791361012        8.3719151547788329        8.3188383950169396     
        3659   7.7092068518068109        8.3726799402944803        8.3195891312342383     
        3660   7.7094263213766485        8.3729394177387189        8.3198440242128484     
        3661   7.7094917261166866        8.3730167455976918        8.3199201799553109     
        3662   7.7110873103957891        8.3749032379082475        8.3217715981507823     
        3663   7.7121002440607231        8.3761008872775733        8.3229470738256310     
        3664   7.7135241155726364        8.3777844604585336        8.3245993543227570     
        3665   7.7140906084023788        8.3784542923730410        8.3252568993871350     
        3666   7.7141363769716751        8.3785084103931311        8.3253102790637143     
        3667   7.7145355997997118        8.3789804649720807        8.3257737551657058     
        3668   7.7145586783157434        8.3790077539265262        8.3258008089937690     
        3669   7.7150689011940017        8.3796110655374179        8.3263930784616846     
        3670   7.7159358391767565        8.3806361906161637        8.3273992440998370     
        3671   7.7161741493678360        8.3809179881046365        8.3276760298113572     
        3672   7.7173100599761666        8.3822612036706836        8.3289943087825122     
        3673   7.7176479654244741        8.3826607842054308        8.3293866642631897     
        3674   7.7180906905207989        8.3831843210843520        8.3299006478474951     
        3675   7.7206891141653013        8.3862571523759506        8.3329160354855816     
        3676   7.7221922972782808        8.3880348656330881        8.3346606147465891     
        3677   7.7222631486785707        8.3881186583640996        8.3347431094537328     
        3678   7.7229894944165887        8.3889776825558542        8.3355862608593867     
        3679   7.7235063706335634        8.3895889833176120        8.3361863442511464     
        3680   7.7235331111926699        8.3896206091280288        8.3362176525409524     
        3681   7.7242675494558801        8.3904892302472529        8.3370702149895308     
        3682   7.7244949011103214        8.3907581224126488        8.3373343267730746     
        3683   7.7262747575393149        8.3928632349190568        8.3394001107838136     
        3684   7.7285427038467267        8.3955457606769883        8.3420324175254805     
        3685   7.7303820331417370        8.3977214241424250        8.3441673810231833     
        3686   7.7304902882839777        8.3978494774412571        8.3442932993754013     
        3687   7.7307812538011982        8.3981936575837093        8.3446312725579261     
        3688   7.7310676281153592        8.3985324091523275        8.3449639189676148     
        3689   7.7323077011223003        8.3999993153681736        8.3464034580734605     
        3690   7.7336204451582100        8.4015522324368277        8.3479273772637796     
        3691   7.7338578246125751        8.4018330467891449        8.3482031742671552     
        3692   7.7350198689579166        8.4032077408769030        8.3495522202617636     
        3693   7.7350699319532694        8.4032669660612545        8.3496106060059958     
        3694   7.7356456372876599        8.4039480381132901        8.3502791080979293     
        3695   7.7357992884334603        8.4041298123610986        8.3504577307611711     
        3696   7.7361374950377524        8.4045299239808884        8.3508505712306373     
        3697   7.7369977988203793        8.4055477113815336        8.3518494308219502     
        3698   7.7383219912935610        8.4071143454871979        8.3533867719242423     
        3699   7.7386499230527850        8.4075023246750114        8.3537677040895204     
        3700   7.7390290631046756        8.4079508926340942        8.3542080803641241     
        3701   7.7402442922426484        8.4093886809510270        8.3556189935734935     
        3702   7.7411756211647482        8.4104906030578235        8.3567003776211735     
        3703   7.7436105171651191        8.4133716180607063        8.3595272222265962     
        3704   7.7454565049869322        8.4155559364080474        8.3616705137634710     
        3705   7.7506490616560626        8.4217006906696135        8.3676992422659282     
        3706   7.7517058408657720        8.4229513518024905        8.3689264904757223     
        3707   7.7535843473836046        8.4251745756168805        8.3711078618178902     
        3708   7.7537678622271669        8.4253917718435432        8.3713212194482409     
        3709   7.7545476908647348        8.4263147367950566        8.3722269653802854     
        3710   7.7546670144231022        8.4264559635068981        8.3723657929194459     
        3711   7.7556627736330892        8.4276345208423056        8.3735222798325282     
        3712   7.7557370418429281        8.4277224240734760        8.3736087944797717     
        3713   7.7575649113622340        8.4298859238365704        8.3757315303365658     
        3714   7.7577849947220994        8.4301464248373055        8.3759873668287952     
        3715   7.7586260777969507        8.4311419827700398        8.3769643095176605     
        3716   7.7593774942533607        8.4320314225147381        8.3778371444367110     
        3717   7.7610062428867703        8.4339594007643743        8.3797287926608135     
        3718   7.7620875429636058        8.4352393956421636        8.3809847528896810     
        3719   7.7626396112484386        8.4358929221286409        8.3816261418299618     
        3720   7.7631584563177789        8.4365071274781407        8.3822289550724278     
        3721   7.7636710907766826        8.4371139881583517        8.3828245616605344     
        3722   7.7650284461207022        8.4387208715981927        8.3844011787547217     
        3723   7.7652840235888432        8.4390234386782446        8.3846982720683556     
        3724   7.7655744476917672        8.4393672614003368        8.3850358361698341     
        3725   7.7668220181767111        8.4408442424294048        8.3864850065593686     
        3726   7.7674872037829399        8.4416317640815421        8.3872578261670157     
        3727   7.7686801433298562        8.4430441313689624        8.3886435983751966     
        3728   7.7701333877663705        8.4447647375922905        8.3903317330551701     
        3729   7.7706180914197329        8.4453386281488179        8.3908949763466012     
        3730   7.7721875958698750        8.4471969712498858        8.3927182076296489     
        3731   7.7722224510578677        8.4472382416831024        8.3927589711839516     
        3732   7.7723948085142673        8.4474423227613009        8.3929594439944779     
        3733   7.7727224891676041        8.4478303176782372        8.3933403268029139     
        3734   7.7727722640968739        8.4478892546513684        8.3933984202403806     
        3735   7.7728661642544274        8.4480004391484407        8.3935077657899129     
        3736   7.7729614477872682        8.4481132619134431        8.3936187183468007     
        3737   7.7730723336892229        8.4482445593603970        8.3937477935434117     
        3738   7.7736928792210893        8.4489793394204984        8.3944688521756632     
        3739   7.7746455955753344        8.4501074597359018        8.3955757518084511     
        3740   7.7749110392672769        8.4504217786195852        8.3958843587235421     
        3741   7.7753350194961754        8.4509238289008124        8.3963771177727367     
        3742   7.7758056626313365        8.4514811403162984        8.3969240832778809     
        3743   7.7761492546163886        8.4518880082115828        8.3973234727003430     
        3744   7.7764700586765700        8.4522678945458356        8.3976963944096781     
        3745   7.7776639363435169        8.4536816732405065        8.3990834878265943     
        3746   7.7782113034432676        8.4543298735730446        8.3997196018187239     
        3747   7.7783831813369755        8.4545334156873775        8.3999195400705631     
        3748   7.7785609379606528        8.4547439204128274        8.4001263079171125     
        3749   7.7788157483153011        8.4550456760234436        8.4004225852759049     
        3750   7.7795482101945233        8.4559130939354610        8.4012737294301019     
        3751   7.7800459147143002        8.4565025090532284        8.4018521742426202     
        3752   7.7803057745965987        8.4568102553388016        8.4021543257326883     
        3753   7.7808309605092028        8.4574322271301536        8.4027647034495061     
        3754   7.7813038807666350        8.4579923079121588        8.4033143702979771     
        3755   7.7813335143220721        8.4580274032235270        8.4033490751386282     
        3756   7.7815173484728879        8.4582451203680957        8.4035629146900774     
        3757   7.7819263798443306        8.4587295448731030        8.4040383681982149     
        3758   7.7819610807592348        8.4587706421165922        8.4040789602669221     
        3759   7.7835615461472711        8.4606661537978720        8.4059385447171380     
        3760   7.7842501476097024        8.4614817212650006        8.4067388087590302     
        3761   7.7848327570267042        8.4621717640060421        8.4074159443181316     
        3762   7.7850178081169430        8.4623909405569737        8.4076312117021033     
        3763   7.7852822946374509        8.4627042029749848        8.4079387664135936     
        3764   7.7861907294829154        8.4637801838955244        8.4089944583262053     
        3765   7.7863759926036167        8.4639996186369881        8.4092099775260607     
        3766   7.7868424004526915        8.4645520592704919        8.4097521349511979     
        3767   7.7899799925480995        8.4682685648236458        8.4133978243711809     
        3768   7.7913047781691143        8.4698378680427986        8.4149373695114420     
        3769   7.7918459763336934        8.4704789701061767        8.4155664772737495     
        3770   7.7920349897901930        8.4707028769356807        8.4157863769231511     
        3771   7.7945642548471437        8.4736991607302397        8.4187255487517803     
        3772   7.7951288608350904        8.4743680434845690        8.4193818944415781     
        3773   7.7966056099315590        8.4761175748619326        8.4210981721671843     
        3774   7.7967144175451910        8.4762464836322060        8.4212248898765125     
        3775   7.7968677992860869        8.4764282017340875        8.4214034043768535     
        3776   7.7974821417770013        8.4771560469529330        8.4221175742450640     
        3777   7.7978192269626980        8.4775554147485366        8.4225095639637289     
        3778   7.7980359115333320        8.4778121374131583        8.4227616436181165     
        3779   7.7985466461930679        8.4784172487618541        8.4233554295577875     
        3780   7.7994974096481675        8.4795437196363466        8.4244605714565068     
        3781   7.8000469035046693        8.4801947751902169        8.4250994156162875     
        3782   7.8011219773798466        8.4814685770385818        8.4263490522387769     
        3783   7.8018430245375061        8.4823229283255852        8.4271872841977000     
        3784   7.8031489739748991        8.4838703533013344        8.4287052779802139     
        3785   7.8034822701892930        8.4842652850571483        8.4290929056922153     
        3786   7.8039186294818412        8.4847823437748584        8.4296003139451159     
        3787   7.8041377281630071        8.4850419641495094        8.4298552280153274     
        3788   7.8046464335949146        8.4856447584388892        8.4304467230613156     
        3789   7.8054878924330033        8.4866418673072523        8.4314249544141902     
        3790   7.8055511824266741        8.4867168652604423        8.4314987918788802     
        3791   7.8066375886320714        8.4880042623206879        8.4327617272860493     
        3792   7.8069900004816919        8.4884218793340693        8.4331715973734092     
        3793   7.8076436935101032        8.4891965314501157        8.4339316375044504     
        3794   7.8088947926047139        8.4906791668707076        8.4353860428337484     
        3795   7.8096433939866303        8.4915663301915991        8.4362564224775625     
        3796   7.8097217658663460        8.4916592091792271        8.4363477956012076     
        3797   7.8109634188957919        8.4931307226978152        8.4377912775961335     
        3798   7.8111744154882601        8.4933807842497195        8.4380368078732175     
        3799   7.8134264842609777        8.4960498901596715        8.4406548138911859     
        3800   7.8152346473392580        8.4981929912356087        8.4427569188842853     
        3801   7.8153457577538177        8.4983246863623894        8.4428863579499378     
        3802   7.8159150617903155        8.4989994671398197        8.4435484188070618     
        3803   7.8160566994818677        8.4991673479045122        8.4437133458234541     
        3804   7.8168015597697993        8.5000502275060938        8.4445794925344799     
        3805   7.8184358187627039        8.5019873620816622        8.4464795660143253     
        3806   7.8188405627466153        8.5024671284581803        8.4469503626575388     
        3807   7.8198435647474991        8.5036560643897783        8.4481166502920146     
        3808   7.8199161619486830        8.5037421205705694        8.4482013278604242     
        3809   7.8200420582462620        8.5038913574538171        8.4483479674005366     
        3810   7.8211270142034710        8.5051774776392683        8.4496095570003007     
        3811   7.8211508073807048        8.5052056827359923        8.4496374992192358     
        3812   7.8214261696735896        8.5055321060451394        8.4499579053349052     
        3813   7.8222071603270535        8.5064579290518409        8.4508661429204182     
        3814   7.8225931835352078        8.5069155454265655        8.4513152081290173     
        3815   7.8232391894280013        8.5076813711211337        8.4520665318663504     
        3816   7.8232958351355837        8.5077485239136852        8.4521326696596475     
        3817   7.8237365787781936        8.5082710231847809        8.4526453625485232     
        3818   7.8240416355106834        8.5086326695347712        8.4530003074154507     
        3819   7.8249457112333527        8.5097044713905152        8.4540516923303741     
        3820   7.8277368800374303        8.5130136089887998        8.4572971751540322     
        3821   7.8308779189764586        8.5167378055027196        8.4609496416768906     
        3822   7.8323892970274223        8.5185298811439747        8.4627073261195207     
        3823   7.8328326334855660        8.5190555675410433        8.4632231207870490     
        3824   7.8331682487149648        8.5194535271202376        8.4636136597529088     
        3825   7.8338453469590092        8.5202564137131578        8.4644012863904905     
        3826   7.8339358566202737        8.5203637388401123        8.4645068156484342     
        3827   7.8353901712355647        8.5220882769481250        8.4661982429589884     
        3828   7.8364642082119325        8.5233619169221306        8.4674474948972502     
        3829   7.8366722475977051        8.5236086228663162        8.4676897034164398     
        3830   7.8368680402113107        8.5238408069440812        8.4679176711721595     
        3831   7.8375146764089605        8.5246076393916876        8.4686699274324511     
        3832   7.8376771975925363        8.5248003717399854        8.4688592070240887     
        3833   7.8379112302082152        8.5250779101305216        8.4691316490065134     
        3834   7.8392821569732378        8.5267037179214551        8.4707262255310170     
        3835   7.8393316885096720        8.5267624592900315        8.4707841102006469     
        3836   7.8429625468294750        8.5310686228342405        8.4750070330606917     
        3837   7.8454056620940325        8.5339663431169335        8.4778487864779208     
        3838   7.8473397421133209        8.5362604280338878        8.4800985966290341     
        3839   7.8480275510097215        8.5370762893590246        8.4808988888139538     
        3840   7.8509782459827493        8.5405764793506673        8.4843313228231096     
        3841   7.8516948174505306        8.5414265317673390        8.4851651261810517     
        3842   7.8517391284948843        8.5414790974248049        8.4852169520843219     
        3843   7.8517785264070881        8.5415258347392733        8.4852630629965375     
        3844   7.8523722105958651        8.5422301211205216        8.4859539325494637     
        3845   7.8526877185978208        8.5426044116774378        8.4863212243727517     
        3846   7.8527886174082706        8.5427241096194155        8.4864388762780365     
        3847   7.8541123241973043        8.5442944716044646        8.4879789640062171     
        3848   7.8576463161683856        8.5484872177116582        8.4920903564214498     
        3849   7.8587785897067342        8.5498306271866706        8.4934078754969775     
        3850   7.8590948842923671        8.5502059079221624        8.4937761262934757     
        3851   7.8594882465422131        8.5506726326911799        8.4942340383806254     
        3852   7.8596215030833028        8.5508307427207928        8.4943893498834413     
        3853   7.8604705668337393        8.5518381758893582        8.4953774290954556     
        3854   7.8605330065915746        8.5519122628626487        8.4954503547988196     
        3855   7.8611995616637591        8.5527031607889281        8.4962261162278310     
        3856   7.8624409276765252        8.5541761314000109        8.4976706453987845     
        3857   7.8630565107708623        8.5549065813855556        8.4983871304838630     
        3858   7.8630893531472053        8.5549455524004010        8.4984256243926382     
        3859   7.8659949951801824        8.5583935296764722        8.5018065978810640     
        3860   7.8678445953406451        8.5605884797537630        8.5039589704280658     
        3861   7.8690394667937325        8.5620065040398128        8.5053495773009828     
        3862   7.8694654513051656        8.5625120546584466        8.5058455334081557     
        3863   7.8703001513151456        8.5635026761686941        8.5068170795155282     
        3864   7.8703361225306754        8.5635453672285191        8.5068592196354160     
        3865   7.8707098996348526        8.5639889724300744        8.5072944378586612     
        3866   7.8707790575339676        8.5640710506652233        8.5073751951997636     
        3867   7.8713196161816104        8.5647126031331613        8.5080044900509080     
        3868   7.8718918341215733        8.5653917388413134        8.5086706315662397     
        3869   7.8731509493497409        8.5668861496921398        8.5101361019823969     
        3870   7.8746782364412340        8.5686989066460821        8.5119136802806494     
        3871   7.8749675942311335        8.5690423565835303        8.5122506934752522     
        3872   7.8753426829451474        8.5694875673773989        8.5126874756111093     
        3873   7.8754462514277188        8.5696104984776795        8.5128082845771473     
        3874   7.8779519718719646        8.5725847673284932        8.5157246105356350     
        3875   7.8781283746472477        8.5727941625884387        8.5159301888366628     
        3876   7.8799414978749427        8.5749464437833840        8.5180405934893102     
        3877   7.8801441972345678        8.5751870652992661        8.5182767841532936     
        3878   7.8806028324806405        8.5757315089261841        8.5188108429928491     
        3879   7.8818475996922963        8.5772091957925838        8.5202598513310335     
        3880   7.8822267784738731        8.5776593348243502        8.5207014497750464     
        3881   7.8825643856627554        8.5780601258856422        8.5210946669490681     
        3882   7.8828705180582510        8.5784235543592953        8.5214512534772311     
        3883   7.8833996898474474        8.5790517727562445        8.5220674367589879     
        3884   7.8838537983227228        8.5795908843158060        8.5225962592202151     
        3885   7.8849859352177809        8.5809349675348976        8.5239142607820213     
        3886   7.8851318724254336        8.5811082281441333        8.5240844061824106     
        3887   7.8852086813307354        8.5811994179999260        8.5241740909589652     
        3888   7.8852492232701312        8.5812475506838002        8.5242215633306699     
        3889   7.8856678024800564        8.5817445039847193        8.5247090497868285     
        3890   7.8861290831415864        8.5822921598084800        8.5252462427029414     
        3891   7.8884674584279262        8.5850684899667620        8.5279683554912040     
        3892   7.8894678564654663        8.5862562998799206        8.5291331218731727     
        3893   7.8907581579718009        8.5877883646670536        8.5306353732985301     
        3894   7.8917855030851634        8.5890082365959497        8.5318315577728043     
        3895   7.8921616946590882        8.5894549347726432        8.5322697606075479     
        3896   7.8930531019247301        8.5905134273636854        8.5333077298624147     
        3897   7.8932458704665898        8.5907423313765694        8.5335324178758327     
        3898   7.8939608320328656        8.5915913253777205        8.5343650025667017     
        3899   7.8941706358060575        8.5918404633863776        8.5346095256373360     
        3900   7.8949624920062957        8.5927807888174748        8.5355316413331508     
        3901   7.8959522251285277        8.5939561170077816        8.5366841324771556     
        3902   7.8974683406541484        8.5957565885737992        8.5384494574463403     
        3903   7.8977439200057891        8.5960838613547015        8.5387705729784287     
        3904   7.8994679324227945        8.5981313142335694        8.5407779992147823     
        3905   7.8996487243979630        8.5983460292902674        8.5409887704820164     
        3906   7.9002191718503108        8.5990235192605429        8.5416532017849107     
        3907   7.9011917722737239        8.6001786460034975        8.5427858581491307     
        3908   7.9024151183506746        8.6016316133180410        8.5442104797491893     
        3909   7.9032655094538731        8.6026416471374230        8.5452008904765933     
        3910   7.9043412849896830        8.6039194057215393        8.5464537428268983     
        3911   7.9068803643474563        8.6069353413338963        8.5494104761323442     
        3912   7.9083699977519668        8.6087048226292833        8.5511453224145768     
        3913   7.9083835627401609        8.6087209362726913        8.5511614030480274     
        3914   7.9091294909721457        8.6096070210819331        8.5520302812556110     
        3915   7.9094557846589550        8.6099946288294475        8.5524105214972863     
        3916   7.9098441261732484        8.6104559477686511        8.5528630168135322     
        3917   7.9101578213638835        8.6108285958995321        8.5532285914700665     
        3918   7.9105179338838729        8.6112563880227260        8.5536482204819890     
        3919   7.9110549758048743        8.6118943684855562        8.5542738854898204     
        3920   7.9119217214076825        8.6129240385370593        8.5552835002472349     
        3921   7.9121158326217262        8.6131546402523096        8.5555098311509141     
        3922   7.9127694507519735        8.6139311383060555        8.5562712714134364     
        3923   7.9128817246452492        8.6140645208559334        8.5564023034023577     
        3924   7.9132430494083037        8.6144937808378064        8.5568233654214580     
        3925   7.9133813077430020        8.6146580350726634        8.5569846586465559     
        3926   7.9142995095518822        8.6157488946497480        8.5580542411533571     
        3927   7.9148326086019969        8.6163822480430223        8.5586753583989434     
        3928   7.9152565679064075        8.6168859426513240        8.5591693790141292     
        3929   7.9152725689169632        8.6169049531195210        8.5591882989179240     
        3930   7.9154576360942661        8.6171248281130595        8.5594041114098900     
        3931   7.9193390103361594        8.6217364420267266        8.5639247718166303     
        3932   7.9195649856035075        8.6220049452629333        8.5641882455184231     
        3933   7.9199005232051496        8.6224036328452573        8.5645793259905219     
        3934   7.9201499910443012        8.6227000539334657        8.5648701640625831     
        3935   7.9222858339457494        8.6252379635246648        8.5673580980578237     
        3936   7.9225345761936135        8.6255335392076233        8.5676481039505106     
        3937   7.9226813093243020        8.6257079002158719        8.5678192962976283     
        3938   7.9234776970059606        8.6266542476064707        8.5687471787147445     
        3939   7.9235023617966895        8.6266835570604190        8.5687761930714359     
        3940   7.9246632664868573        8.6280630928649824        8.5701286737877069     
        3941   7.9274049439633547        8.6313212566815061        8.5733225177470089     
        3942   7.9274436939396971        8.6313673080291533        8.5733679414818198     
        3943   7.9280855850568503        8.6321301521102445        8.5741159383439296     
        3944   7.9290820888882907        8.6333144524240542        8.5752770257630715     
        3945   7.9291022587053455        8.6333384236407618        8.5753008072143686     
        3946   7.9302651885342534        8.6347205499557163        8.5766557876380674     
        3947   7.9313175735560666        8.6359713281994477        8.5778820198682766     
        3948   7.9317721836320914        8.6365116500068471        8.5784118984777464     
        3949   7.9341245650661856        8.6393076403768490        8.5811526344819953     
        3950   7.9348814949849125        8.6402073443742786        8.5820347454470038     
        3951   7.9359765187858162        8.6415089430480485        8.5833107583648456     
        3952   7.9374566000949738        8.6432682937002117        8.5850354129161417     
        3953   7.9377642955252199        8.6436340544572978        8.5853941856216309     
        3954   7.9378430455285081        8.6437276658350015        8.5854862214428422     
        3955   7.9394046981490858        8.6455840632688545        8.5873059750330043     
        3956   7.9401555154371746        8.6464766136250404        8.5881810505534162     
        3957   7.9404071226283346        8.6467757207018234        8.5884744912165303     
        3958   7.9408099042990932        8.6472545455906609        8.5889440721615244     
        3959   7.9415934471720311        8.6481860306792449        8.5898573008994106     
        3960   7.9417745173225889        8.6484012914967678        8.5900685625198818     
        3961   7.9420109422679115        8.6486823609024892        8.5903443222417337     
        3962   7.9424728653422516        8.6492315141304612        8.5908828272005238     
        3963   7.9431760729012622        8.6500675278988357        8.5917024782433984     
        3964   7.9436618910174204        8.6506451047041235        8.5922688373659568     
        3965   7.9436903645899362        8.6506789564174582        8.5923023013280755     
        3966   7.9464187223237133        8.6539227577036026        8.5954817516322990     
        3967   7.9466409250423364        8.6541869484074319        8.5957409626130499     
        3968   7.9468393316234458        8.6544228475753862        8.5959724457785001     
        3969   7.9498794549702083        8.6580375975487271        8.5995153917628429     
        3970   7.9522294304452412        8.6608319309553856        8.6022542445032073     
        3971   7.9528989705387128        8.6616281032759161        8.6030348080677612     
        3972   7.9535181817023606        8.6623644390818946        8.6037567273486388     
        3973   7.9536058867423076        8.6624687345273834        8.6038592269630527     
        3974   7.9536801860105566        8.6625570885172429        8.6039461034439810     
        3975   7.9537243601730303        8.6626096189000261        8.6039978717264773     
        3976   7.9544144171119866        8.6634302178569520        8.6048023679657604     
        3977   7.9557938971006532        8.6650707023382409        8.6064103655670650     
        3978   7.9576039088158117        8.6672232589412594        8.6085201873988240     
        3979   7.9593946338525976        8.6693529700581795        8.6106076006657446     
        3980   7.9605472294576547        8.6707238011753258        8.6119512979279804     
        3981   7.9608920337440505        8.6711338989242872        8.6123534780821274     
        3982   7.9613590746498168        8.6716893858515043        8.6128981374518432     
        3983   7.9624119199316841        8.6729416366837810        8.6141256141573308     
        3984   7.9633550753036415        8.6740634493180391        8.6152252574144299     
        3985   7.9633725896780589        8.6740842815919041        8.6152459600064972     
        3986   7.9637185505950896        8.6744957826571820        8.6156495095327017     
        3987   7.9654932998001264        8.6766068003326975        8.6177185369969678     
        3988   7.9690670386990465        8.6808579395646124        8.6218847669537979     
        3989   7.9693438134005916        8.6811871918463943        8.6222077050843922     
        3990   7.9708962885886416        8.6830340626720179        8.6240178235029390     
        3991   7.9713816827393114        8.6836115160420402        8.6245839803950872     
        3992   7.9716496149654699        8.6839302668001999        8.6248966238674569     
        3993   7.9722005363806350        8.6845856875086564        8.6255391813855482     
        3994   7.9739519295243637        8.6866693436266527        8.6275813045792233     
        3995   7.9758801644119934        8.6889634911909290        8.6298296727620780     
        3996   7.9781791347865161        8.6916988646618840        8.6325103771105418     
        3997   7.9782826648376890        8.6918220508734034        8.6326313756228785     
        3998   7.9826802417959213        8.6970548297053316        8.6377592161281100     
        3999   7.9834366124995384        8.6979549079500948        8.6386414708599304     
        4000   7.9857347970172023        8.7006898381501507        8.6413216343585120     
        4001   7.9864589654785707        8.7015516581722796        8.6421663873060766     
        4002   7.9872268571910059        8.7024655286861883        8.6430621390539102     
        4003   7.9875235628951282        8.7028186436181230        8.6434084290016528     
        4004   7.9883304208849895        8.7037789128082412        8.6443496395316473     
        4005   7.9887356918229209        8.7042612465205522        8.6448225423450324     
        4006   7.9895638402999483        8.7052468829322418        8.6457886028310114     
        4007   7.9904287714102118        8.7062763176270295        8.6467975744229264     
        4008   7.9906635332578535        8.7065557331218066        8.6470716451446137     
        4009   7.9919160616241856        8.7080465291437044        8.6485326678951253     
        4010   7.9921127925837112        8.7082806881446704        8.6487623928295463     
        4011   7.9928262107589276        8.7091298432410742        8.6495947081969149     
        4012   7.9932987652772312        8.7096923152329495        8.6501461214660793     
        4013   7.9938847940658668        8.7103898621204099        8.6508298827244658     
        4014   7.9945324616310662        8.7111607886299485        8.6515855405999105     
        4015   7.9946508741891602        8.7113017378104090        8.6517239338686167     
        4016   7.9962859990876058        8.7132481050603694        8.6536312993791427     
        4017   7.9964255380405431        8.7134142084484143        8.6537943377508455     
        4018   7.9966124809248535        8.7136367410565541        8.6540126657899776     
        4019   7.9968612635474372        8.7139328878354014        8.6543031212573638     
        4020   7.9973772156392995        8.7145470743868163        8.6549051930765515     
        4021   7.9978976867314300        8.7151666479754635        8.6555125415021692     
        4022   7.9979308520776469        8.7152061285696991        8.6555515134921919     
        4023   8.0005136842242912        8.7182808717958302        8.6585644173629959     
        4024   8.0009667215089877        8.7188202113996258        8.6590931438194616     
        4025   8.0039031600975115        8.7223161742882755        8.6625186981215094     
        4026   8.0046285624626314        8.7231798362493347        8.6633651754921743     
        4027   8.0047880334994517        8.7233697040055507        8.6635514905453874     
        4028   8.0053801919037859        8.7240747398287102        8.6642425481742578     
        4029   8.0056320514425092        8.7243746119243024        8.6645366404866451     
        4030   8.0058313977243589        8.7246119613164801        8.6647694751985114     
        4031   8.0063371034310471        8.7252140791417840        8.6653596944441773     
        4032   8.0065879068936638        8.7255127006398858        8.6656525600326049     
        4033   8.0080375710781215        8.7272387918631171        8.6673439907687140     
        4034   8.0105488442110229        8.7302290643719402        8.6702739751064826     
        4035   8.0108232909389177        8.7305558698148271        8.6705944471188801     
        4036   8.0116642814266719        8.7315573170593179        8.6715758861596299     
        4037   8.0123030816976328        8.7323180106145966        8.6723214482954134     
        4038   8.0127742132991990        8.7328790490584360        8.6728714011679955     
        4039   8.0143921311383224        8.7348057648330357        8.6747593318253848     
        4040   8.0147862825907392        8.7352751557991972        8.6752194904686633     
        4041   8.0154050958603733        8.7360121031343940        8.6759417760068942     
        4042   8.0154705238685615        8.7360900222604876        8.6760184037722254     
        4043   8.0159650909316795        8.7366790129912850        8.6765957326219549     
        4044   8.0161895765121134        8.7369463600675239        8.6768579439727844     
        4045   8.0164097242399635        8.7372085424443480        8.6771150951413105     
        4046   8.0171816555494075        8.7381278759240804        8.6780160584938812     
        4047   8.0188163426488686        8.7400747663220084        8.6799237102196471     
        4048   8.0200568544886952        8.7415522498692866        8.6813714746575954     
        4049   8.0200964623472117        8.7415994246318824        8.6814179809276979     
        4050   8.0201659204605544        8.7416821525143380        8.6814993180657396     
        4051   8.0201754637853107        8.7416935190740315        8.6815107435445285     
        4052   8.0201841855133988        8.7417039070747613        8.6815212103433481     
        4053   8.0202188632053311        8.7417452099073660        8.6815619639460238     
        4054   8.0222880336753288        8.7442097552208331        8.6839767189824713     
        4055   8.0225362194870211        8.7445053722669837        8.6842666171625282     
        4056   8.0240482178472803        8.7463063690981802        8.6860312881917707     
        4057   8.0242937765882036        8.7465988692651919        8.6863181302497168     
        4058   8.0249089520525771        8.7473316502294605        8.6870362982017255     
        4059   8.0263121637847910        8.7490031596248325        8.6886740943488689     
        4060   8.0268302004307568        8.7496202603220485        8.6892789284628691     
        4061   8.0285085216954606        8.7516195789591151        8.6912378439596694     
        4062   8.0290883783866924        8.7523103581926733        8.6919148495046841     
        4063   8.0308762524579986        8.7544403001876567        8.6940017041862916     
        4064   8.0320670093466848        8.7558589309211410        8.6953917229635564     
        4065   8.0331753147727376        8.7571793677128404        8.6966855404913659     
        4066   8.0340659649399377        8.7582405149657134        8.6977253471536145     
        4067   8.0341858453690218        8.7583833458147708        8.6978655565114735     
        4068   8.0368314732026995        8.7615355677751801        8.7009537814072715     
        4069   8.0385571980600155        8.7635918475992352        8.7029683918938261     
        4070   8.0391690800688576        8.7643209532098147        8.7036829057539151     
        4071   8.0391839100529268        8.7643386244359327        8.7037005068901365     
        4072   8.0391943419224141        8.7643510549266956        8.7037129742723280     
        4073   8.0395820753295713        8.7648130756038771        8.7041658536551552     
        4074   8.0428205698836468        8.7686722119994513        8.7079464617896889     
        4075   8.0441288184325277        8.7702312645351945        8.7094739445955511     
        4076   8.0443125023896993        8.7704501663876631        8.7096886630104677     
        4077   8.0454009593345113        8.7717473338567675        8.7109596033141656     
        4078   8.0461313802273686        8.7726178310903755        8.7118125917339952     
        4079   8.0482788355775376        8.7751772021012400        8.7143199010704748     
        4080   8.0483328926318762        8.7752416298379714        8.7143833015822025     
        4081   8.0487022897554059        8.7756818969045192        8.7148148508916776     
        4082   8.0492886952280855        8.7763808139829784        8.7154997559656238     
        4083   8.0498134633533862        8.7770062758511536        8.7161127072748670     
        4084   8.0506503553277398        8.7780037688158128        8.7170900716212003     
        4085   8.0542489016719525        8.7822931090741925        8.7212918461317130     
        4086   8.0564528729765463        8.7849203468056629        8.7238655226774284     
        4087   8.0569826475139710        8.7855518836178348        8.7244844012791987     
        4088   8.0572659967784865        8.7858896635849018        8.7248155457942218     
        4089   8.0585968390371097        8.7874761879243160        8.7263698200002437     
        4090   8.0586892836598949        8.7875863949242046        8.7264780575845577     
        4091   8.0598962806140761        8.7890253274424470        8.7278877570964966     
        4092   8.0608446805465483        8.7901560001967169        8.7289955155073216     
        4093   8.0614702700343202        8.7909018356173423        8.7297263319436027     
        4094   8.0622107111020576        8.7917846128698933        8.7305912759408173     
        4095   8.0623517342818367        8.7919527469306900        8.7307562491781709     
        4096   8.0625467658260384        8.7921852730795411        8.7309842920841447     
        4097   8.0628397541510122        8.7925345901274028        8.7313267271758193     
        4098   8.0641135692529158        8.7940533320200629        8.7328145655204565     
        4099   8.0661673606663520        8.7965021197682365        8.7352133251895197     
        4100   8.0670084131247286        8.7975049626236181        8.7361958449819781     
        4101   8.0677409070861259        8.7983783803411235        8.7370515965999189     
        4102   8.0677914110561328        8.7984386012799636        8.7371108711072054     
        4103   8.0681251290740672        8.7988365285006918        8.7375009073889842     
        4104   8.0693888434503442        8.8003434172548900        8.7389770947119558     
        4105   8.0698922479092321        8.8009437036145606        8.7395653236952242     
        4106   8.0699658117997721        8.8010314257296471        8.7396515329849507     
        4107   8.0705969561977611        8.8017840475169145        8.7403889610026795     
        4108   8.0707715826298490        8.8019922865834168        8.7405932069521981     
        4109   8.0713463396049203        8.8026776806791975        8.7412647877879124     
        4110   8.0716672735629107        8.8030603965034082        8.7416399185321652     
        4111   8.0716849882187613        8.8030815214305917        8.7416609006797827     
        4112   8.0727402948328546        8.8043400025908092        8.7428937670340332     
        4113   8.0728370127817151        8.8044553428976613        8.7430070247019529     
        4114   8.0736284147808917        8.8053991337585096        8.7439316739266388     
        4115   8.0741738520942548        8.8060496084339093        8.7445690444384638     
        4116   8.0753087962611332        8.8074031411226876        8.7458949878220054     
        4117   8.0753340827763775        8.8074332981996175        8.7459248157923000     
        4118   8.0754209560833630        8.8075369047456906        8.7460265799929786     
        4119   8.0767136675218580        8.8090786392039604        8.7475368377428566     
        4120   8.0780747993621507        8.8107020256915849        8.7491270537847967     
        4121   8.0790700129664703        8.8118890243903412        8.7502898699918958     
        4122   8.0798267029811122        8.8127915530806398        8.7511740776005453     
        4123   8.0807374285456710        8.8138778265642763        8.7522382358065798     
        4124   8.0815654042620189        8.8148654201418477        8.7532057452211944     
        4125   8.0818878256021502        8.8152500034186740        8.7535826848613141     
        4126   8.0822595500900167        8.8156933990240525        8.7540172224131183     
        4127   8.0823431327861854        8.8157930975982612        8.7541151558402248     
        4128   8.0826145407996624        8.8161168381305952        8.7544325070221589     
        4129   8.0840748766051949        8.8178587898550784        8.7561387903357044     
        4130   8.0848211776975845        8.8187490335165197        8.7570109431963061     
        4131   8.0848584975850795        8.8187935518807450        8.7570548347728376     
        4132   8.0860041125318247        8.8201601589788812        8.7583935072527268     
        4133   8.0861611598474425        8.8203475040480317        8.7585772747277488     
        4134   8.0864100010088773        8.8206443533774355        8.7588682839752110     
        4135   8.0866547353955145        8.8209363053434853        8.7591544966702131     
        4136   8.0871533681961427        8.8215311466302015        8.7597373396269731     
        4137   8.0875022127127618        8.8219473030057411        8.7601451888780844     
        4138   8.0876923545979338        8.8221741354849481        8.7603676262850740     
        4139   8.0895580025719980        8.8243998414827534        8.7625476159171782     
        4140   8.0896674871244407        8.8245304589252829        8.7626758254043153     
        4141   8.0898331022911663        8.8247280420549146        8.7628696158015060     
        4142   8.0900898652598645        8.8250343683870796        8.7631699005244243     
        4143   8.0904262593188339        8.8254356999653272        8.7635632252986895     
        4144   8.0913855926658051        8.8265802407434943        8.7646843856632231     
        4145   8.0933417430510932        8.8289141237161530        8.7669702705090771     
        4146   8.0953838828331186        8.8313507168700731        8.7693567148572811     
        4147   8.0954131801343330        8.8313856740108871        8.7693912411871864     
        4148   8.0963411433408794        8.8324929197181401        8.7704758492185420     
        4149   8.0982275924144371        8.8347439063633590        8.7726804950670925     
        4150   8.0989887236335623        8.8356521473338798        8.7735702067930958     
        4151   8.1004124484878091        8.8373510908595190        8.7752342248150157     
        4152   8.1013614972325509        8.8384836312310391        8.7763435740979290     
        4153   8.1029030208490287        8.8403232518288206        8.7781453296017631     
        4154   8.1031351492873469        8.8406002746980672        8.7784168983996480     
        4155   8.1036937420506945        8.8412669074958821        8.7790699924400997     
        4156   8.1049833423483530        8.8428059693549290        8.7805774058304564     
        4157   8.1053357932908234        8.8432266070006538        8.7809896051630147     
        4158   8.1072355609992517        8.8454939730378292        8.7832101842965145     
        4159   8.1075402232760965        8.8458575959538983        8.7835665482755019     
        4160   8.1077132395157392        8.8460640968338868        8.7837690534201869     
        4161   8.1086920692862527        8.8472323801594346        8.7849133599220508     
        4162   8.1093712068281718        8.8480429815438733        8.7857074116285148     
        4163   8.1094377593964460        8.8481224177122595        8.7857854907098414     
        4164   8.1097808645000491        8.8485319449289843        8.7861868008696078     
        4165   8.1104333554675616        8.8493107616311626        8.7869497239918033     
        4166   8.1105835115728393        8.8494899904771227        8.7871255209931363     
        4167   8.1112107115305587        8.8502386338136585        8.7878588948152512     
        4168   8.1117896131839622        8.8509296368970229        8.7885358244799079     
        4169   8.1121805525261017        8.8513962851032257        8.7889930628306558     
        4170   8.1150247116004852        8.8547913718639464        8.7923178160902680     
        4171   8.1159629157098792        8.8559113613192313        8.7934147893936299     
        4172   8.1186228775648779        8.8590868507137017        8.7965244520233412     
        4173   8.1207522626946407        8.8616290775948396        8.7990140061271020     
        4174   8.1252385869897434        8.8669856262848121        8.8042591529193146     
        4175   8.1286833375304752        8.8710989538661096        8.8082869167785489     
        4176   8.1304308065702084        8.8731857111466681        8.8103303828100152     
        4177   8.1308005862071724        8.8736272982890547        8.8107630386955194     
        4178   8.1312823998926511        8.8742026812225845        8.8113266937824903     
        4179   8.1324118720328240        8.8755515252222281        8.8126476430339835     
        4180   8.1328563453156235        8.8760823363580741        8.8131676532491312     
        4181   8.1336947096633558        8.8770835662783529        8.8141482457009772     
        4182   8.1348464287669575        8.8784590577774036        8.8154952680811149     
        4183   8.1359417403544239        8.8797672172104338        8.8167763587189896     
        4184   8.1365559899345588        8.8805008466163358        8.8174949338547037     
        4185   8.1369012355190193        8.8809131956415346        8.8178989494538769     
        4186   8.1369989509646850        8.8810299041057501        8.8180135105397568     
        4187   8.1374529167373648        8.8815721110913568        8.8185446654701707     
        4188   8.1386089744734065        8.8829529082172485        8.8198968553165784     
        4189   8.1398825224337514        8.8844740799898059        8.8213864718571742     
        4190   8.1404803046223648        8.8851881086289808        8.8220858416770724     
        4191   8.1405155721936087        8.8852302347525036        8.8221273804826339     
        4192   8.1409577778019688        8.8857584399469065        8.8226448170110388     
        4193   8.1427278930180620        8.8878728608012434        8.8247152323763132     
        4194   8.1430613419556508        8.8882711789996609        8.8251054980487211     
        4195   8.1443080258124763        8.8897604212347705        8.8265638188991602     
        4196   8.1470860172614650        8.8930790662010413        8.8298131605510477     
        4197   8.1475471483126380        8.8936299640306657        8.8303527955397172     
        4198   8.1481103107647748        8.8943027635923109        8.8310117729009079     
        4199   8.1489900655944947        8.8953538082154733        8.8320410545459396     
        4200   8.1492792799330527        8.8956993379136531        8.8323796268966888     
        4201   8.1498759986620204        8.8964122563177188        8.8330778747693586     
        4202   8.1500091642580781        8.8965713547798160        8.8332339284562025     
        4203   8.1513781126402467        8.8982069235566357        8.8348354484035028     
        4204   8.1520688535306576        8.8990322154741399        8.8356437015291718     
        4205   8.1527687274064746        8.8998684333062759        8.8364626480416320     
        4206   8.1532069005462695        8.9003919750300486        8.8369754854325819     
        4207   8.1536339760347296        8.9009022622399936        8.8374753456463395     
        4208   8.1541924891543687        8.9015696043505237        8.8381289588868341     
        4209   8.1562598111608402        8.9040398315828497        8.8405475518558490     
        4210   8.1647214899991827        8.9141518990543229        8.8504470543107487     
        4211   8.1670216984271420        8.9169010998936340        8.8531386017012395     
        4212   8.1684188994944229        8.9185711033829218        8.8547736835245558     
        4213   8.1689009021212797        8.9191472295883152        8.8553379534444687     
        4214   8.1692330579307999        8.9195442513424243        8.8557268960071980     
        4215   8.1698890503998047        8.9203283603342065        8.8564947579375826     
        4216   8.1706975815130889        8.9212948159633232        8.8574411155984762     
        4217   8.1710157736972349        8.9216751634405682        8.8578137321111754     
        4218   8.1710564513184689        8.9217237871898476        8.8578616259150280     
        4219   8.1711103367496065        8.9217881988878727        8.8579249744328905     
        4220   8.1714430080437008        8.9221858578004305        8.8583145361594191     
        4221   8.1717885924506000        8.9225989557625009        8.8587192103323531     
        4222   8.1718204371550645        8.9226370218372573        8.8587567691710305     
        4223   8.1750747640615575        8.9265272861636635        8.8625651721938183     
        4224   8.1774432327387032        8.9293587744651717        8.8653371171673001     
        4225   8.1776073019112729        8.9295549239911143        8.8655294165967646     
        4226   8.1789251852703835        8.9311305202601918        8.8670719945148235     
        4227   8.1791709321131236        8.9314243285431925        8.8673598858465965     
        4228   8.1810491921095263        8.9336699824548766        8.8695583315856439     
        4229   8.1816237054760457        8.9343568926945043        8.8702310031141138     
        4230   8.1826759138245997        8.9356149778653329        8.8714627577497467     
        4231   8.1847861234782364        8.9381381700298430        8.8739328223263385     
        4232   8.1849155823110884        8.9382929689901758        8.8740846396576600     
        4233   8.1855600759118339        8.9390636221811501        8.8748392662938826     
        4234   8.1859960949158364        8.9395849986197540        8.8753498947252183     
        4235   8.1860840328225528        8.9396901523847507        8.8754531176999762     
        4236   8.1861188196822976        8.9397317496296580        8.8754941306272457     
        4237   8.1862300138532120        8.9398647130321649        8.8756245739876221     
        4238   8.1887804427545561        8.9429145536418915        8.8786100751916948     
        4239   8.1898025719143277        8.9441368830309340        8.8798067847879096     
        4240   8.1903618009519317        8.9448056586043005        8.8804616747229943     
        4241   8.1935787838345320        8.9486529851736183        8.8842276693806213     
        4242   8.1944521008614295        8.9496974732204180        8.8852502823606301     
        4243   8.1960034348803692        8.9515529240810316        8.8870666311497786     
        4244   8.1965480822975056        8.9522043581633337        8.8877045261749004     
        4245   8.1981213336126011        8.9540861177322437        8.8895466040336544     
        4246   8.1992104057702413        8.9553887940410100        8.8908218924508446     
        4247   8.1998429451211869        8.9561454114879862        8.8915627238065511     
        4248   8.2019462685465214        8.9586614024365634        8.8940255109159239     
        4249   8.2050640876626879        8.9623911638881140        8.8976762065134025     
        4250   8.2068773210609933        8.9645604132057723        8.8997995668915948     
        4251   8.2100442541891478        8.9683493776414593        8.9035081059349963     
        4252   8.2113413034892417        8.9699012689992657        8.9050272140454894     
        4253   8.2128764267076946        8.9717380728797522        8.9068251474737252     
        4254   8.2130231799765454        8.9719136694671064        8.9069972969194424     
        4255   8.2139643864854825        8.9730398781287715        8.9080997798181016     
        4256   8.2142718878807983        8.9734078270390931        8.9084601767102427     
        4257   8.2144268882901343        8.9735932978961763        8.9086419884983030     
        4258   8.2148004315612635        8.9740402762565612        8.9090797275923066     
        4259   8.2152764870064257        8.9746099255101726        8.9096375188046011     
        4260   8.2183287041965656        8.9782623711913168        8.9132122856464306     
        4261   8.2193750349550090        8.9795145277268791        8.9144379942142677     
        4262   8.2201879472487480        8.9804873712389526        8.9153903511641985     
        4263   8.2203525594834996        8.9806843713572242        8.9155834402600860     
        4264   8.2219001578979913        8.9825365017199896        8.9173962847201480     
        4265   8.2225095905258740        8.9832658755696393        8.9181103644591602     
        4266   8.2237026646131426        8.9846937869956811        8.9195080415422368     
        4267   8.2237041068543082        8.9846955131433717        8.9195100293557630     
        4268   8.2254315661961783        8.9867630672595737        8.9215336556510252     
        4269   8.2256399705422538        8.9870125071374893        8.9217780572063248     
        4270   8.2282829421162464        8.9901759968612200        8.9248741359580990     
        4271   8.2284251529188133        8.9903462209434846        8.9250410141689045     
        4272   8.2301384633709311        8.9923970720168871        8.9270482433035596     
        4273   8.2334499898635265        8.9963612433505897        8.9309277641707254     
        4274   8.2340370003842089        8.9970639763307876        8.9316157297733412     
        4275   8.2341610415724364        8.9972124720950060        8.9317613405800103     
        4276   8.2361697028514680        8.9996172000060142        8.9341147926305879     
        4277   8.2369392957268204        9.0005385713904360        8.9350166953754950     
        4278   8.2371877413966761        9.0008360189476395        8.9353080596251360     
        4279   8.2372208918248440        9.0008757078950357        8.9353471960838959     
        4280   8.2388428312080570        9.0028175935969799        8.9372477030281274     
        4281   8.2424728385931836        9.0071639352575481        8.9415009990594498     
        4282   8.2427335112823297        9.0074760628179540        8.9418067193088717     
        4283   8.2445576323344234        9.0096603064729806        8.9439443172149069     
        4284   8.2447273622193791        9.0098635497145150        8.9441434906220962     
        4285   8.2448610984508868        9.0100236928972066        8.9443004904121182     
        4286   8.2459441058905742        9.0113205649813164        8.9455697766093891     
        4287   8.2469075161412047        9.0124742509413043        8.9466989492047944     
        4288   8.2480332953882147        9.0138224078710110        8.9480184026889802     
        4289   8.2494093437798135        9.0154703195387924        8.9496311512715110     
        4290   8.2502661948711804        9.0164964845185605        8.9506355269517996     
        4291   8.2509734698980957        9.0173435330507417        8.9514646382951426     
        4292   8.2518934733591589        9.0184453714293227        8.9525430491015854     
        4293   8.2526331966231687        9.0193313155784622        8.9534102109156350     
        4294   8.2536194745945863        9.0205125752519812        8.9545663220978753     
        4295   8.2546701457252567        9.0217709889571278        8.9557979183306173     
        4296   8.2555281668280287        9.0227986846536901        8.9568037630500328     
        4297   8.2565984783723341        9.0240806810642127        8.9580584207144085     
        4298   8.2568929139473966        9.0244333555006850        8.9584037905176928     
        4299   8.2569679375436777        9.0245232190357729        8.9584920162737234     
        4300   8.2570163717417842        9.0245812337793119        8.9585490800019514     
        4301   8.2582122499449540        9.0260136844864558        8.9599509364770284     
        4302   8.2600230601289439        9.0281827931331051        8.9620735456555423     
        4303   8.2602472062999865        9.0284512968414532        8.9623365549566643     
        4304   8.2609413177017288        9.0292827789701704        8.9631503910479040     
        4305   8.2630300773916190        9.0317850059160314        8.9655988929851702     
        4306   8.2633684543838939        9.0321903759789315        8.9659958084078966     
        4307   8.2637378394245236        9.0326328969250689        8.9664290715290704     
        4308   8.2658217403254106        9.0351294704205554        8.9688720047893753     
        4309   8.2662263570494900        9.0356142273998099        8.9693465853567744     
        4310   8.2689486353797754        9.0388758149235926        8.9725379548429771     
        4311   8.2700901866826015        9.0402435816994959        8.9738764356206318     
        4312   8.2702937127412159        9.0404874434223554        8.9741153220110732     
        4313   8.2708042569489351        9.0410991746973224        8.9747141179778183     
        4314   8.2713573062683512        9.0417618438094571        8.9753627477818512     
        4315   8.2723267657745296        9.0429234808780770        8.9764995433291546     
        4316   8.2759149154088387        9.0472231501635445        8.9807063997586738     
        4317   8.2770067639094123        9.0485315824271630        8.9819867810280769     
        4318   8.2788973706119524        9.0507972989825056        8.9842036855124405     
        4319   8.2802234255417293        9.0523865139292532        8.9857587389622466     
        4320   8.2806639107927289        9.0529144261217347        8.9862755017857907     
        4321   8.2825916684086973        9.0552248681471728        8.9885361167510354     
        4322   8.2827118740923673        9.0553689397243939        8.9886773628391268     
        4323   8.2837191106145891        9.0565761714534041        8.9898586929044484     
        4324   8.2861634818097585        9.0595060141300880        8.9927252177274184     
        4325   8.2888058171755095        9.0626733313401591        8.9958240172768384     
        4326   8.2899268431789199        9.0640171445358177        8.9971389201079290     
        4327   8.2933748436635817        9.0681506100661409        9.0011827831116520     
        4328   8.2936831746821884        9.0685202541644241        9.0015446852086640     
        4329   8.2946610403087409        9.0696925910675184        9.0026918091652419     
        4330   8.2948182006138822        9.0698810089109898        9.0028764273878608     
        4331   8.2953066186801117        9.0704665727462128        9.0034495459575581     
        4332   8.2960518670977237        9.0713600633975258        9.0043238852525960     
        4333   8.2964687327494282        9.0718598574841618        9.0048130979944858     
        4334   8.2974194028737145        9.0729996661850514        9.0059283848034895     
        4335   8.2980046136630072        9.0737013192775802        9.0066150556295312     
        4336   8.3000760922474424        9.0761850493801717        9.0090449669121426     
        4337   8.3003355497036200        9.0764961509816722        9.0093495895239144     
        4338   8.3022352340792445        9.0787740201982086        9.0115780981799887     
        4339   8.3033688320260399        9.0801333416839345        9.0129080743913690     
        4340   8.3036016123774985        9.0804124781437352        9.0131814237925525     
        4341   8.3041477558132542        9.0810673872380381        9.0138223473555783     
        4342   8.3047142247352976        9.0817466787466810        9.0144871193910134     
        4343   8.3054049635340448        9.0825750032255819        9.0152976698484864     
        4344   8.3061039618168824        9.0834132463341106        9.0161179193764340     
        4345   8.3065913045506292        9.0839976791001540        9.0166898964495488     
        4346   8.3067403933209789        9.0841764711933255        9.0168650874730076     
        4347   8.3077266778597423        9.0853592717341094        9.0180223646700099     
        4348   8.3097802939700962        9.0878221581591134        9.0204317579267368     
        4349   8.3108898901058978        9.0891529389813766        9.0217337622291822     
        4350   8.3119738195258606        9.0904529709366813        9.0230056819096163     
        4351   8.3133593270330710        9.0921147556891153        9.0246314365741682     
        4352   8.3160558925932300        9.0953491885003803        9.0277954200569539     
        4353   8.3179102260518611        9.0975735158005193        9.0299713664134131     
        4354   8.3219873983325332        9.1024645513793416        9.0347555768763286     
        4355   8.3223543208084294        9.1029047404220922        9.0351864220579472     
        4356   8.3223617891302837        9.1029137000482532        9.0351954881768251     
        4357   8.3236662071860348        9.1044786141353420        9.0367264030660763     
        4358   8.3260934657545675        9.1073907335831787        9.0395749639938714     
        4359   8.3268706145634255        9.1083231588300198        9.0404872365210309     
        4360   8.3273228691788255        9.1088657831470563        9.0410182578806442     
        4361   8.3294702369888345        9.1114423192331078        9.0435385457890760     
        4362   8.3295843836174406        9.1115792826759545        9.0436728054041140     
        4363   8.3318580460826617        9.1143075065880499        9.0463414175952224     
        4364   8.3329051070875941        9.1155639510885109        9.0475705611235000     
        4365   8.3335386608314082        9.1163242135441624        9.0483144203742683     
        4366   8.3340656847771122        9.1169566493924528        9.0489332600070824     
        4367   8.3366157982429492        9.1200169329764496        9.0519265631391903     
        4368   8.3373153188186109        9.1208564308453965        9.0527478997761506     
        4369   8.3377153930669099        9.1213365681318894        9.0532177785454877     
        4370   8.3387373158453535        9.1225630194858525        9.0544175493287895     
        4371   8.3388846923306730        9.1227398945201603        9.0545908358030900     
        4372   8.3390142077041745        9.1228953339188443        9.0547431582217968     
        4373   8.3410220699233815        9.1253051551920485        9.0571002393865285     
        4374   8.3421930492117831        9.1267106094290451        9.0584750490804851     
        4375   8.3438988624929049        9.1287580626248719        9.0604777049584939     
        4376   8.3446747162553656        9.1296893319505017        9.0613887579283059     
        4377   8.3455103298553404        9.1306923513387002        9.0623699756313698     
        4378   8.3486475930997681        9.1344583095880072        9.0660531993581941     
        4379   8.3499135100340762        9.1359779915352810        9.0675396585638524     
        4380   8.3502744426855333        9.1364112850097445        9.0679636949929616     
        4381   8.3503898122947042        9.1365497850441333        9.0680994427574291     
        4382   8.3508157065504296        9.1370610700590849        9.0685997483720229     
        4383   8.3522349847205604        9.1387649477829225        9.0702663190478177     
        4384   8.3532112076415572        9.1399369606841780        9.0714127576476500     
        4385   8.3536547363454954        9.1404694519957115        9.0719337935070641     
        4386   8.3543854288420221        9.1413467185346633        9.0727919877364656     
        4387   8.3555176772045634        9.1427061218728234        9.0741216627869008     
        4388   8.3555253238942360        9.1427153027893766        9.0741309451364884     
        4389   8.3561505963177805        9.1434660351731250        9.0748653926970917     
        4390   8.3562316339258444        9.1435633336790385        9.0749608453060375     
        4391   8.3580762829915134        9.1457781787641466        9.0771270369332058     
        4392   8.3607978415404336        9.1490460963253799        9.0803229830705092     
        4393   8.3644547218319865        9.1534374399079788        9.0846174326617586     
        4394   8.3658452845245979        9.1551073903060249        9.0862507019502843     
        4395   8.3662327787466282        9.1555727486472485        9.0867060561017468     
        4396   8.3666937724885209        9.1561263813386979        9.0872477278328674     
        4397   8.3671226231569200        9.1566414171526525        9.0877516565749801     
        4398   8.3674242534523220        9.1570036685819503        9.0881061855355725     
        4399   8.3684727754298542        9.1582629411081182        9.0893378535654747     
        4400   8.3699831121184811        9.1600769078055979        9.0911119094840984     
        4401   8.3713125528889947        9.1616736666973821        9.0926735608266043     
        4402   8.3735854573594857        9.1644037149545046        9.0953433410650959     
        4403   8.3739894011030174        9.1648889185278879        9.0958180807170450     
        4404   8.3745818429787882        9.1656005482043650        9.0965142190801984     
        4405   8.3767499682622137        9.1682049445524818        9.0990610898702755     
        4406   8.3769298802684471        9.1684210646225317        9.0992727148211827     
        4407   8.3773418546791145        9.1689159541711049        9.0997569165993966     
        4408   8.3803496317754380        9.1725292334491666        9.1032902056309624     
        4409   8.3821939266922545        9.1747449365564684        9.1054569467386415     
        4410   8.3839428188622769        9.1768461152042260        9.1075116894130517     
        4411   8.3845343970234811        9.1775568773514973        9.1082069414121918     
        4412   8.3853412394235569        9.1785262888508026        9.1091550837071580     
        4413   8.3864515615168695        9.1798603583036265        9.1104597613713025     
        4414   8.3880972697340983        9.1818377680826249        9.1123934433244784     
        4415   8.3928325161748791        9.1875278658118695        9.1179570392039011     
        4416   8.3955610106073166        9.1908068488008468        9.1211631870471379     
        4417   8.3971539402719841        9.1927212600891561        9.1230351788939004     
        4418   8.3974894110350906        9.1931244441810307        9.1234296687774119     
        4419   8.3983850205523396        9.1942008445483498        9.1244823430807216     
        4420   8.3992903970703221        9.1952890070708229        9.1255465116237460     
        4421   8.4000402753083385        9.1961902957752457        9.1264279754609916     
        4422   8.4002736959675168        9.1964708505096038        9.1267025692366417     
        4423   8.4049478194032012        9.2020891399078550        9.1321955851572625     
        4424   8.4054255282878589        9.2026633808339522        9.1327572890362205     
        4425   8.4059195509762556        9.2032572390789777        9.1333381699187370     
        4426   8.4090371615083264        9.2070050408426507        9.1370024078119840     
        4427   8.4101296611236425        9.2083184439052452        9.1382867103258647     
        4428   8.4113974335590456        9.2098426032045069        9.1397770404473135     
        4429   8.4132362694814447        9.2120533970924736        9.1419386082175720     
        4430   8.4137810256885892        9.2127083648319665        9.1425792039356395     
        4431   8.4173104388144662        9.2169520337392292        9.1467280253048457     
        4432   8.4192838322613284        9.2193249445417713        9.1490480003667045     
        4433   8.4204836567119212        9.2207677308460152        9.1504587083622724     
        4434   8.4216646821492027        9.2221879520379098        9.1518473485488059     
        4435   8.4218318909897931        9.2223890293234430        9.1520442174858303     
        4436   8.4218488205647031        9.2224093880586278        9.1520644261963184     
        4437   8.4218648192562977        9.2224286273635840        9.1520835406148606     
        4438   8.4220346970342668        9.2226329151743514        9.1522835477657409     
        4439   8.4229714695081537        9.2237594530123079        9.1533850899234181     
        4440   8.4230500508196009        9.2238539539760982        9.1534777752874703     
        4441   8.4268106411324037        9.2283766046049820        9.1578990909861062     
        4442   8.4276431659470763        9.2293778907219721        9.1588781689654439     
        4443   8.4276588182590135        9.2293967161098056        9.1588968784173019     
        4444   8.4283871620091464        9.2302727193687790        9.1597534869466628     
        4445   8.4293941150965264        9.2314838406238202        9.1609376706206831     
        4446   8.4305982180048566        9.2329321239915387        9.1623536725455565     
        4447   8.4307429333860071        9.2331061890805106        9.1625241277736578     
        4448   8.4307902968698443        9.2331631584780265        9.1625801225802874     
        4449   8.4324403005159372        9.2351478442562716        9.1645204393718345     
        4450   8.4326504183594544        9.2354005874713483        9.1647677995223731     
        4451   8.4328427933761265        9.2356319895969268        9.1649942988485762     
        4452   8.4332156629697224        9.2360805062737317        9.1654330233076422     
        4453   8.4334487411171573        9.2363608729217290        9.1657073837564553     
        4454   8.4337125884145792        9.2366782532740057        9.1660179239383339     
        4455   8.4337658467307488        9.2367423176316432        9.1660808531127245     
        4456   8.4359190623429807        9.2393324865737352        9.1686129776042762     
        4457   8.4425017752648195        9.2472518655990825        9.1763540642775183     
        4458   8.4448077553443621        9.2500263878250362        9.1790662550332414     
        4459   8.4455887288717992        9.2509660788966741        9.1799850311951232     
        4460   8.4471264415503740        9.2528163531234391        9.1817938130888379     
        4461   8.4475341140826874        9.2533069022664769        9.1822735856274065     
        4462   8.4486608337438263        9.2546627001813597        9.1835990493212378     
        4463   8.4495249629779501        9.2557025441829790        9.1846156943690360     
        4464   8.4499972644948862        9.2562708941220553        9.1851715021656375     
        4465   8.4520231037929641        9.2587087864730435        9.1875545648774590     
        4466   8.4525742140292017        9.2593720123747758        9.1882030943293387     
        4467   8.4538140442705796        9.2608641008877743        9.1896617267410008     
        4468   8.4539261240583539        9.2609989868416420        9.1897938684140072     
        4469   8.4543084015353074        9.2614590534595962        9.1902438303803677     
        4470   8.4555116511452226        9.2629071783827701        9.1916594804843683     
        4471   8.4579443030965713        9.2658350314652527        9.1945213306655376     
        4472   8.4596802932929211        9.2679245121526641        9.1965637724916434     
        4473   8.4601281267520374        9.2684635497361931        9.1970909010750646     
        4474   8.4605412797372459        9.2689608491010063        9.1975772363212087     
        4475   8.4616438957910045        9.2702880578764582        9.1988746627780529     
        4476   8.4621335622140332        9.2708774761309503        9.1994510237576463     
        4477   8.4622991324315286        9.2710767768665487        9.1996461135402257     
        4478   8.4631476470690608        9.2720981662099824        9.2006446451832318     
        4479   8.4668100889476854        9.2765070262087246        9.2049537598611479     
        4480   8.4688841090705473        9.2790039111147227        9.2073942503576873     
        4481   8.4709973592822063        9.2815481528517214        9.2098809929672427     
        4482   8.4720362406032255        9.2827989586075343        9.2111036773074275     
        4483   8.4724238266574936        9.2832656174876238        9.2115600365909884     
        4484   8.4743090105485415        9.2855354666424770        9.2137785784731321     
        4485   8.4744691228180944        9.2857282540154067        9.2139672902120608     
        4486   8.4768444278828134        9.2885883896251116        9.2167626593449867     
        4487   8.4783425486132806        9.2903923803492123        9.2185258946267652     
        4488   8.4798946931039918        9.2922614934704324        9.2203527542394070     
        4489   8.4810770722266753        9.2936853770857635        9.2217445123703925     
        4490   8.4817463361785457        9.2944913581851996        9.2225324393593553     
        4491   8.4853284010023735        9.2988053875878141        9.2267484349803652     
        4492   8.4872043626501590        9.3010648346141682        9.2289566510508010     
        4493   8.4889175611012160        9.3031283354806256        9.2309733703787558     
        4494   8.4912406813032320        9.3059266065238084        9.2337080604276380     
        4495   8.4945772471407484        9.3099458785816598        9.2376358104205707     
        4496   8.4973885343586275        9.3133326437695807        9.2409454476435471     
        4497   8.4982849636058262        9.3144126227067119        9.2420010322854864     
        4498   8.4995526450837371        9.3159399099913820        9.2434936838978672     
        4499   8.4998495479546605        9.3162976217156483        9.2438435197618603     
        4500   8.5023202821552104        9.3192744877191469        9.2467525463922016     
        4501   8.5026535466181130        9.3196760352295875        9.2471452087706325     
        4502   8.5044424656032209        9.3218315435817889        9.2492516519986125     
        4503   8.5051222726087836        9.3226506825588498        9.2500523322963915     
        4504   8.5055911999434599        9.3232157281835963        9.2506047396809166     
        4505   8.5058091586339586        9.3234783650884765        9.2508616681129112     
        4506   8.5070400955224077        9.3249616512018516        9.2523112641095864     
        4507   8.5093974446231169        9.3278023934171319        9.2550871714579159     
        4508   8.5096066927669636        9.3280545573502280        9.2553338618047789     
        4509   8.5106444216883474        9.3293051382818621        9.2565560614006586     
        4510   8.5118252195239474        9.3307281715116552        9.2579467479909070     
        4511   8.5133136479042388        9.3325220020204505        9.2596997090955711     
        4512   8.5170113999628470        9.3369787532927973        9.2640543949992988     
        4513   8.5200063580101251        9.3405887465137418        9.2675817070131146     
        4514   8.5209423430531608        9.3417169959622637        9.2686843175463736     
        4515   8.5216728575483636        9.3425975860310491        9.2695449609790046     
        4516   8.5238630931555743        9.3452378726301664        9.2721247974517382     
        4517   8.5260244540059915        9.3478434879537176        9.2746707291895234     
        4518   8.5267403200479421        9.3487065258075184        9.2755142001239506     
        4519   8.5268746891964753        9.3488685209902318        9.2756727753872994     
        4520   8.5277660354270353        9.3499431395515131        9.2767229480706064     
        4521   8.5278662138611523        9.3500639174130775        9.2768412548518313     
        4522   8.5293155267075154        9.3518112812840677        9.2785486615109889     
        4523   8.5294613509673738        9.3519870976678856        9.2787207371905396     
        4524   8.5347891339567301        9.3584110861207908        9.2849968669071004     
        4525   8.5354010221258338        9.3591489247429376        9.2857179870608633     
        4526   8.5375034985577312        9.3616842558196129        9.2881950913932769     
        4527   8.5377997280115707        9.3620414828750018        9.2885443801884549     
        4528   8.5386232096322594        9.3630345437704694        9.2895148145914561     
        4529   8.5386454514849408        9.3630613661534507        9.2895413296121134     
        4530   8.5386830467562493        9.3631067039006020        9.2895859322605006     
        4531   8.5393439249468770        9.3639036919165211        9.2903648193697705     
        4532   8.5400185937755708        9.3647173238977715        9.2911599629224000     
        4533   8.5400226673164408        9.3647222365158100        9.2911650743468073     
        4534   8.5429560430051250        9.3682599608946777        9.2946213287177386     
        4535   8.5446478216060662        9.3703004019773619        9.2966148866999063     
        4536   8.5446930159339178        9.3703549116484961        9.2966684478297665     
        4537   8.5448216995228528        9.3705101195065872        9.2968203774311249     
        4538   8.5464680653845484        9.3724958769133284        9.2987604963186570     
        4539   8.5465434933282349        9.3725868559064800        9.2988496822078375     
        4540   8.5469006715361857        9.3730176761265565        9.2992708431490527     
        4541   8.5471876854608606        9.3733638684760106        9.2996093344388058     
        4542   8.5508914267822398        9.3778314866772590        9.3039737988253819     
        4543   8.5510497685833613        9.3780224945279596        9.3041606938423129     
        4544   8.5510617422664179        9.3780369384217899        9.3041751158801702     
        4545   8.5526808204093783        9.3799900762180624        9.3060833026115191     
        4546   8.5534060189384373        9.3808649275769600        9.3069381865079350     
        4547   8.5535143992509504        9.3809956746942849        9.3070662153288879     
        4548   8.5548308962526622        9.3825838888522028        9.3086179152787167     
        4549   8.5553525221003426        9.3832131891291137        9.3092329332518489     
        4550   8.5575572262465016        9.3858730775747237        9.3118314240389353     
        4551   8.5587331982270971        9.3872918991758159        9.3132176280510208     
        4552   8.5590216156928403        9.3876398837939554        9.3135578477182435     
        4553   8.5591021057884316        9.3877369980230618        9.3136530206058197     
        4554   8.5628480056334872        9.3922567711539973        9.3180681322304295     
        4555   8.5658202942721715        9.3958434018563803        9.3215717072491273     
        4556   8.5669187035461096        9.3971689063507320        9.3228666996256493     
        4557   8.5680695752674936        9.3985577575585371        9.3242235568791756     
        4558   8.5723057080621921        9.4036701784671379        9.3292172893394465     
        4559   8.5766120623729645        9.4088678828046550        9.3342941963128325     
        4560   8.5792605386171736        9.4120648218225504        9.3374168956601196     
        4561   8.5828505175321830        9.4163985620305688        9.3416498102189109     
        4562   8.5835441433055522        9.4172359344560839        9.3424679444491190     
        4563   8.5850991775698517        9.4191132841936955        9.3443017610575154     
        4564   8.5857751957137065        9.4199294441321477        9.3450991679880318     
        4565   8.5965687923379246        9.4329624097520881        9.3578275505965181     
        4566   8.5972836805048907        9.4338257371559280        9.3586709680428513     
        4567   8.5973243477354977        9.4338748489703317        9.3587192440746492     
        4568   8.5977117725300030        9.4343427252600591        9.3591764729413356     
        4569   8.5979200009024552        9.4345941955338475        9.3594223657484790     
        4570   8.6013989378067741        9.4387957755759739        9.3635257679480830     
        4571   8.6024113330272129        9.4400185313804350        9.3647201597608785     
        4572   8.6052179195087266        9.4434084409146219        9.3680308397690055     
        4573   8.6059477240015223        9.4442899661771751        9.3688919863994258     
        4574   8.6061945581501540        9.4445881187738099        9.3691834542642738     
        4575   8.6062109988135660        9.4446079776227645        9.3692031620889935     
        4576   8.6063618678294862        9.4447902142502862        9.3693814352242413     
        4577   8.6073863713096497        9.4460277427694113        9.3705902190403805     
        4578   8.6075751844178274        9.4462558191354411        9.3708132541711748     
        4579   8.6079733884159122        9.4467368321630936        9.3712832848034040     
        4580   8.6132733706401581        9.4531394197829126        9.3775357060467783     
        4581   8.6133025575146682        9.4531746809487984        9.3775704534752009     
        4582   8.6141643400557051        9.4542158264891807        9.3785874260813102     
        4583   8.6168828680939349        9.4575003044665582        9.3817949334051534     
        4584   8.6176861947219443        9.4584709109325669        9.3827430068792026     
        4585   8.6216142714421817        9.4632172177267613        9.3873778352844184     
        4586   8.6252786189149973        9.4676452659126529        9.3917018070558029     
        4587   8.6310306619916091        9.4745969053779397        9.3984896920003749     
        4588   8.6315201510920847        9.4751885227205186        9.3990676521009249     
        4589   8.6340138761010401        9.4782026534926942        9.4020108823968727     
        4590   8.6349226694668708        9.4793011445838022        9.4030837246687042     
        4591   8.6375951376299049        9.4825315924115969        9.4062380976484761     
        4592   8.6381662698758834        9.4832219973679184        9.4069124867070713     
        4593   8.6386670209610958        9.4838273309193273        9.4075038150466028     
        4594   8.6405917184768803        9.4861540720459381        9.4097758075820508     
        4595   8.6423694610417456        9.4883032574884840        9.4118744241967605     
        4596   8.6425160520001807        9.4884804813956976        9.4120477678905630     
        4597   8.6434178758191997        9.4895707721499374        9.4131125518896326     
        4598   8.6449655846918265        9.4914419831482597        9.4149397471398615     
        4599   8.6469119679170525        9.4937952988310457        9.4172376019894415     
        4600   8.6486967267854986        9.4959532965288851        9.4193447456397763     
        4601   8.6506974420763090        9.4983725234036349        9.4217068983975523     
        4602   8.6531519273653146        9.5013406002240561        9.4246048435711884     
        4603   8.6538427704214058        9.5021760312866324        9.4254207551331248     
        4604   8.6556139031298898        9.5043179118804897        9.4275120805545711     
        4605   8.6556471294101982        9.5043580942324883        9.4275516257197509     
        4606   8.6595872481772709        9.5091233236214201        9.4322039143677117     
        4607   8.6620797738356501        9.5121380501618376        9.4351472508938485     
        4608   8.6653002902194238        9.5160335555574722        9.4389503535535582     
        4609   8.6699120445733548        9.5216124174494006        9.4443966223530893     
        4610   8.6705865712813726        9.5224284479039447        9.4451935175244159     
        4611   8.6706087882883178        9.5224553258716824        9.4452200727565199     
        4612   8.6711084518062904        9.5230598188504274        9.4458104712385804     
        4613   8.6729304156095264        9.5252640927709269        9.4479624936253117     
        4614   8.6756455661831531        9.5285491548180943        9.4511694864265010     
        4615   8.6761283195927810        9.5291332610113741        9.4517399678118039     
        4616   8.6761309904409156        9.5291364926158959        9.4517434405744964     
        4617   8.6792296369737763        9.5328858543933688        9.4554035823278895     
        4618   8.6797640201722732        9.5335324863980393        9.4560350839407619     
        4619   8.6816861458283476        9.5358584294975461        9.4583057597098801     
        4620   8.6838359468138240        9.5384600081972657        9.4608454540010811     
        4621   8.6885821168681723        9.5442040587019985        9.4664523725018199     
        4622   8.6900886933521626        9.5460275303065458        9.4682324964158511     
        4623   8.6913385147251745        9.5475402910878042        9.4697093383340203     
        4624   8.6929913708410194        9.5495409479922451        9.4716623725596492     
        4625   8.6937783621432896        9.5504935693775241        9.4725924787833335     
        4626   8.6940628874862540        9.5508379803527763        9.4729289523093456     
        4627   8.6946093165211327        9.5514994260005981        9.4735748587251862     
        4628   8.6947176812127402        9.5516306011710181        9.4737032078121501     
        4629   8.6949662721184495        9.5519315211001938        9.4739972313721665     
        4630   8.6956354478537126        9.5527415690439685        9.4747881729265799     
        4631   8.6960222341068008        9.5532097859823786        9.4752454794544363     
        4632   8.6985645167992498        9.5562874083575853        9.4782495826983251     
        4633   8.7003960596741905        9.5585047447003237        9.4804140125033598     
        4634   8.7004672373968859        9.5585909171776677        9.4804984353690855     
        4635   8.7020877403917538        9.5605528458874556        9.4824135685423840     
        4636   8.7028781073199397        9.5615097641000304        9.4833478196615317     
        4637   8.7039496265756320        9.5628071101412431        9.4846143142328287     
        4638   8.7047297517700457        9.5637516708830894        9.4855364948603764     
        4639   8.7084938648967842        9.5683094382115215        9.4899849909024283     
        4640   8.7100080519049232        9.5701430050955292        9.4917747621913051     
        4641   8.7116468838002099        9.5721275833605688        9.4937118938524137     
        4642   8.7132170443625760        9.5740290765095271        9.4955679228999514     
        4643   8.7148201124989448        9.5759704959378773        9.4974628994569485     
        4644   8.7176847881605131        9.5794399915859536        9.5008491016143992     
        4645   8.7179952882073604        9.5798160620794430        9.5012164256953255     
        4646   8.7196772929591404        9.5818533165957049        9.5032048734014865     
        4647   8.7244609449941990        9.5876477591897480        9.5088598007748288     
        4648   8.7258654213464943        9.5893491303569185        9.5105204037755584     
        4649   8.7265867297164661        9.5902229399192542        9.5113734257992277     
        4650   8.7271016555966625        9.5908467423250787        9.5119824777615705     
        4651   8.7272051893289735        9.5909721682896105        9.5121051937825101     
        4652   8.7343390385493933        9.5996152294393671        9.5205395672064910     
        4653   8.7346795343136225        9.6000277966435004        9.5209424697117342     
        4654   8.7350121731271173        9.6004308471334436        9.5213360850844282     
        4655   8.7360708509371054        9.6017136433263772        9.5225881464952664     
        4656   8.7365793348865193        9.6023297832462475        9.5231896882549805     
        4657   8.7381397409826675        9.6042206051513386        9.5250350359556037     
        4658   8.7387655504077966        9.6049789497388645        9.5257753299650361     
        4659   8.7390906283273377        9.6053728778446459        9.5261600347875586     
        4660   8.7412205528695832        9.6079539885627323        9.5286789117012560     
        4661   8.7416879080402374        9.6085203623402506        9.5292318760244683     
        4662   8.7420813152565948        9.6089971257730866        9.5296974012832649     
        4663   8.7438153821726168        9.6110986657991671        9.5317482968971063     
        4664   8.7443492653222776        9.6117457040632619        9.5323799605775790     
        4665   8.7449009085360654        9.6124142753855981        9.5330326329232378     
        4666   8.7463087791975376        9.6141206034624140        9.5346978753804166     
        4667   8.7476276720343691        9.6157191439501837        9.5362579335296758     
        4668   8.7482536535248130        9.6164778715113624        9.5369985606223864     
        4669   8.7486106915911233        9.6169106284748231        9.5374211305063668     
        4670   8.7520026720920594        9.6210221505419131        9.5414330907239702     
        4671   8.7560441603020234        9.6259214019704871        9.5462135397604655     
        4672   8.7585922995190231        9.6290106036134819        9.5492278919459537     
        4673   8.7594796075617154        9.6300863641576715        9.5502777867850526     
        4674   8.7599322411516738        9.6306351400550785        9.5508135235026188     
        4675   8.7604646450654489        9.6312806377189322        9.5514436252881367     
        4676   8.7618700295315470        9.6329845953346247        9.5531064041072042     
        4677   8.7619380108969143        9.6330670207757514        9.5531871437672748     
        4678   8.7661462123409244        9.6381696079874501        9.5581656929332439     
        4679   8.7663460703731104        9.6384119555941208        9.5584024532669432     
        4680   8.7669216043159857        9.6391098539149649        9.5590836543672211     
        4681   8.7670782262072571        9.6392997769016553        9.5592692676501940     
        4682   8.7683531192941508        9.6408457658054179        9.5607778676033917     
        4683   8.7713166055585106        9.6444395984297326        9.5642843147716690     
        4684   8.7717251909621137        9.6449351119807574        9.5647680529873753     
        4685   8.7721165163129342        9.6454096979390016        9.5652313734857302     
        4686   8.7745562241000457        9.6483685934224308        9.5681183201110969     
        4687   8.7749104091174388        9.6487981661628943        9.5685377196917898     
        4688   8.7781591381849697        9.6527385542839710        9.5723821138556104     
        4689   8.7788401180122762        9.6535645550577609        9.5731882378423165     
        4690   8.7805965576629159        9.6556951077513791        9.5752669965043467     
        4691   8.7833969121417077        9.6590921117844495        9.5785811827333305     
        4692   8.7840927788523437        9.6599362771564987        9.5794050019740951     
        4693   8.7859953675205453        9.6622444061071295        9.5816569228821251     
        4694   8.7877962987153300        9.6644293072725365        9.5837886110133752     
        4695   8.7885777953387567        9.6653774536457870        9.5847138413615696     
        4696   8.7896322925602401        9.6666568449543746        9.5859621910700810     
        4697   8.7898886953244126        9.6669679360400167        9.5862659777559571     
        4698   8.7903960730224782        9.6675835383800983        9.5868668079856434     
        4699   8.7958247221823491        9.6741706033032333        9.5932925600311734     
        4700   8.7963820926109975        9.6748469597550333        9.5939526317232051     
        4701   8.7990412379623262        9.6780738986545920        9.5971006250034705     
        4702   8.7991120752458052        9.6781598643046216        9.5971848019722970     
        4703   8.7992356941216627        9.6783098842033990        9.5973314591259751     
        4704   8.7997937132106632        9.6789870838557022        9.5979923402094158     
        4705   8.8043081199164490        9.6844660054879448        9.6033368603106766     
        4706   8.8044409122696656        9.6846271783685900        9.6034943917971631     
        4707   8.8048048097881750        9.6850688511266085        9.6039255213737746     
        4708   8.8050419266863429        9.6853566487427631        9.6042065613523775     
        4709   8.8059580382613145        9.6864685830668140        9.6052914554642683     
        4710   8.8065526261645104        9.6871902798986529        9.6059957125626099     
        4711   8.8101530716769094        9.6915606386321560        9.6102587711482883     
        4712   8.8108810676114366        9.6924443544247225        9.6111210378267629     
        4713   8.8117896309414725        9.6935472832686553        9.6121971113468803     
        4714   8.8119366095901821        9.6937257067895324        9.6123714617087899     
        4715   8.8124926643620185        9.6944007306640696        9.6130301717976820     
        4716   8.8134770411158012        9.6955957392676293        9.6141960446956745     
        4717   8.8143697000863348        9.6966794294845080        9.6152533376868448     
        4718   8.8175920250098514        9.7005915354144676        9.6190692571638863     
        4719   8.8177495995641522        9.7007828487236658        9.6192561734975897     
        4720   8.8191706123515914        9.7025081518381597        9.6209392136802308     
        4721   8.8200391207504172        9.7035626686681802        9.6219680184234448     
        4722   8.8284404378753596        9.7137644440195228        9.6319179576506144     
        4723   8.8288462162174426        9.7142572360634709        9.6323988817065569     
        4724   8.8296918857617914        9.7152842636639409        9.6334008191988971     
        4725   8.8298302089956273        9.7154522530133960        9.6335649760353519     
        4726   8.8312722212303143        9.7172035665122198        9.6352732631304434     
        4727   8.8350415189733074        9.7217816412939726        9.6397382699911844     
        4728   8.8363035820621363        9.7233145985424798        9.6412335609216342     
        4729   8.8368571140416954        9.7239869576195321        9.6418895786220915     
        4730   8.8379318856619093        9.7252924770370406        9.6431630554866814     
        4731   8.8419281147790905        9.7301469744919249        9.6478974490325413     
        4732   8.8439010699998608        9.7325438342210990        9.6502351322975741     
        4733   8.8454961028590589        9.7344816560775218        9.6521251534430661     
        4734   8.8477423549398821        9.7372107782401454        9.6547867925026623     
        4735   8.8489045347520303        9.7386228468409044        9.6561640882519271     
        4736   8.8490664925341918        9.7388196315172983        9.6563563067783846     
        4737   8.8492952309597950        9.7390975584568977        9.6566276500602939     
        4738   8.8524177871728558        9.7428917518891787        9.6603278045221757     
        4739   8.8564452128722309        9.7477858702961449        9.6651004268554601     
        4740   8.8581666342903649        9.7498778837735625        9.6671406583823440     
        4741   8.8583467732736150        9.7500968086026401        9.6673544553342694     
        4742   8.8590876963114003        9.7509972703583774        9.6682328072462411     
        4743   8.8614925178621675        9.7539200201129752        9.6710830326252974     
        4744   8.8615517543142595        9.7539920165198453        9.6711535604677508     
        4745   8.8628784125218214        9.7556044735395631        9.6727261348648241     
        4746   8.8659874678962023        9.7593835090350129        9.6764112122975519     
        4747   8.8672558791966161        9.7609253363125319        9.6779148790853426     
        4748   8.8676384871721652        9.7613904277638373        9.6783686854210913     
        4749   8.8685819454806669        9.7625372973934059        9.6794872437115487     
        4750   8.8700326723271150        9.7643008549032491        9.6812070785937649     
        4751   8.8718961498308140        9.7665662587333486        9.6834162032035493     
        4752   8.8744329805109672        9.7696504136919096        9.6864235814169746     
        4753   8.8751195815887911        9.7704851824936796        9.6872378003146480     
        4754   8.8776565071840707        9.7735696946063140        9.6902454692810522     
        4755   8.8776674043401158        9.7735829442858186        9.6902587145798407     
        4756   8.8795295291516609        9.7758471239264022        9.6924665457711967     
        4757   8.8837960811302317        9.7810352616927521        9.6975250521054193     
        4758   8.8849888038544673        9.7824857117644033        9.6989394740664139     
        4759   8.8856764720514310        9.7833219926317661        9.6997551164916089     
        4760   8.8890419891630472        9.7874150368077810        9.7037458254549236     
        4761   8.8903832093388360        9.7890462832113290        9.7053364619469633     
        4762   8.8930478264148363        9.7922872565304750        9.7084963901499819     
        4763   8.8932621160415160        9.7925479060956455        9.7087508211542897     
        4764   8.8950212943792497        9.7946877207138900        9.7108372080325438     
        4765   8.8960182171282582        9.7959003899148041        9.7120197312725196     
        4766   8.8996442224414132        9.8003113558146175        9.7163201199693816     
        4767   8.9064238673246514        9.8085597078622975        9.7243611617523626     
        4768   8.9074902849255331        9.8098572725105875        9.7256263612541503     
        4769   8.9092944007242174        9.8120525088290140        9.7277665962769433     
        4770   8.9170640975174109        9.8215077266296085        9.7369835651483285     
        4771   8.9177858279801114        9.8223861166265376        9.7378400985179780     
        4772   8.9184614074669213        9.8232083520537383        9.7386418923075269     
        4773   8.9190727672677799        9.8239524385313821        9.7393675085240190     
        4774   8.9196982768107489        9.8247137581317450        9.7401099197564491     
        4775   8.9255915375999901        9.8318871274460875        9.7471022214934564     
        4776   8.9262684684638867        9.8327111641932046        9.7479057339527131     
        4777   8.9320675409989487        9.8397710071946616        9.7547871118768725     
        4778   8.9329607657661381        9.8408585156511279        9.7558473869649163     
        4779   8.9354382274274755        9.8438749692690646        9.7587876883123315     
        4780   8.9368462225204439        9.8455893662626099        9.7604589272402151     
        4781   8.9382604718387419        9.8473114376768063        9.7621376317932089     
        4782   8.9387148480451160        9.8478647249015996        9.7626772065127057     
        4783   8.9402118479587926        9.8496876429984184        9.7644541785725991     
        4784   8.9421449686007257        9.8520417298400993        9.7667488117989265     
        4785   8.9427557059509368        9.8527854875074041        9.7674740057901843     
        4786   8.9448277903061122        9.8553089601242814        9.7699336847159159     
        4787   8.9450865710405569        9.8556241232752821        9.7702411673209113     
        4788   8.9472724469024207        9.8582863308671556        9.7728360187970864     
        4789   8.9473843025950561        9.8584225652310327        9.7729691188012069     
        4790   8.9483512183825908        9.8596002333935857        9.7741171635747222     
        4791   8.9493460243349645        9.8608118997100789        9.7752983348645444     
        4792   8.9543150798993096        9.8668646124290991        9.7811972884770171     
        4793   8.9546342899452771        9.8672534612036777        9.7815765625645952     
        4794   8.9560379143289079        9.8689633355742128        9.7832432026426090     
        4795   8.9568803683255886        9.8699896285973985        9.7842436712733445     
        4796   8.9612947755695771        9.8753676854747212        9.7894849163216122     
        4797   8.9651683552929580        9.8800873306308947        9.7940844250390668     
        4798   8.9652511876724326        9.8801882600844273        9.7941831082264201     
        4799   8.9676333068030356        9.8830909076369391        9.7970119431760310     
        4800   8.9697814638402562        9.8857086134053027        9.7995630800972506     
        4801   8.9712694279242093        9.8875219001863481        9.8013303371364628     
        4802   8.9728152491762216        9.8894057634502701        9.8031663495139227     
        4803   8.9747043058270997        9.8917080176072840        9.8054100287753485     
        4804   8.9750351484783604        9.8921112371064570        9.8058032602448790     
        4805   8.9804604478425993        9.8987238669041968        9.8122468736569672     
        4806   8.9820447416047386        9.9006550494180452        9.8141288910776936     
        4807   8.9866756909249048        9.9063003951042639        9.8196297734409086     
        4808   8.9882330139836313        9.9081989886037576        9.8214799682325733     
        4809   8.9900877243724491        9.9104602327001245        9.8236834829572643     
        4810   8.9930139715668691        9.9140280915704686        9.8271600127357317     
        4811   8.9930518092808018        9.9140742272839972        9.8272052951160660     
        4812   8.9937599476921442        9.9149376718385334        9.8280468799786931     
        4813   8.9963056310437146        9.9180417876482458        9.8310715172868228     
        4814   9.0049114798685732        9.9285368810033123        9.8412967562345983     
        4815   9.0050214099065720        9.9286709582657586        9.8414277112213924     
        4816   9.0094759755159011        9.9341043159323927        9.8467213123738873     
        4817   9.0098708773545439        9.9345860171893889        9.8471909200161960     
        4818   9.0106401696190552        9.9355244132084160        9.8481054376460762     
        4819   9.0117733398205058        9.9369067059111700        9.8494523913112317     
        4820   9.0123100434251366        9.9375614147868401        9.8500905343838312     
        4821   9.0124481930752331        9.9377299408520869        9.8502550434098026     
        4822   9.0146564464811316        9.9404238232456112        9.8528797020788446     
        4823   9.0147375691396494        9.9405227887920322        9.8529764449337378     
        4824   9.0243057848839605        9.9521969030682165        9.8643490521253696     
        4825   9.0249176271501277        9.9529435003411635        9.8650766570389976     
        4826   9.0293014829048701        9.9582932031443150        9.8702881346676108     
        4827   9.0303144335072094        9.9595294075003604        9.8714926352111689     
        4828   9.0326395142091851        9.9623670503043975        9.8742570430235688     
        4829   9.0355736424041826        9.9659482344758104        9.8777456595523319     
        4830   9.0357496073036039        9.9661630126286305        9.8779551982693050     
        4831   9.0365583027917218        9.9671500970484779        9.8789169984173810     
        4832   9.0382616872796699        9.9692292923332335        9.8809425496980481     
        4833   9.0386145339841679        9.9696599969822799        9.8813624044990931     
        4834   9.0388728857074447        9.9699753580641932        9.8816699103315457     
        4835   9.0411493903453586        9.9727542951324377        9.8843769946997071     
        4836   9.0421391580577151        9.9739625561697558        9.8855541921502024     
        4837   9.0430326452934580        9.9750533076869559        9.8866169276754405     
        4838   9.0439676839893579        9.9761948098845092        9.8877290886538489     
        4839   9.0506633996618771        9.9843697509695204        9.8956916547451428     
        4840   9.0534958852652139        9.9878283949809141        9.8990605431989991     
        4841   9.0577296408564205        9.9929985243438821        9.9040962283115235     
        4842   9.0614127005145448        9.9974965959905475        9.9084772701538242     
        4843   9.0624783576698515        9.9987981443467984        9.9097451751919863     
        4844   9.0634461399179607        9.9999801818078975        9.9108966822570110     
        4845   9.0677551879610370        10.005243539882787        9.9160228545699098     
        4846   9.0744611922244527        10.013435802058300        9.9240011369121675     
        4847   9.0784427731577733        10.018300459583887        9.9287387131019429     
        4848   9.0804471522501409        10.020749569916092        9.9311239678398451     
        4849   9.0823964193197462        10.023131455046727        9.9334437314815602     
        4850   9.0839795390567559        10.025066014035033        9.9353278785401216     
        4851   9.0846307779647830        10.025861844226025        9.9361031632549128     
        4852   9.0869215543631707        10.028661330777354        9.9388295057379992     
        4853   9.0879140471342463        10.029874273975809        9.9400109364796450     
        4854   9.0936541101251898        10.036889885058260        9.9468425305128605     
        4855   9.0950325103263001        10.038574737846279        9.9484834105116491     
        4856   9.1006036633982248        10.045385075085340        9.9551148400224392     
        4857   9.1015698307084119        10.046566240095093        9.9562652315167384     
        4858   9.1080649636334901        10.054507435723790        9.9639974250013879     
        4859   9.1110410964419462        10.058146589872845        9.9675408814797919     
        4860   9.1112683923391575        10.058424533520629        9.9678118253093402     
        4861   9.1119496715563866        10.059257629660785        9.9686232639388948     
        4862   9.1131575800497071        10.060734743780772        9.9700617091147805     
        4863   9.1141426407467030        10.061939376494131        9.9712348605606564     
        4864   9.1161792535853703        10.064430046478552        9.9736600577048407     
        4865   9.1171842017960714        10.065659090803001        9.9748569538690290     
        4866   9.1177325402842833        10.066329717510190        9.9755101894026197     
        4867   9.1182349444788606        10.066944173740662        9.9761087375134565     
        4868   9.1184324632282152        10.067185747490296        9.9763442615550417     
        4869   9.1197193910924703        10.068759743048291        9.9778769688666955     
        4870   9.1212105795325584        10.070583624401490        9.9796529383858399     
        4871   9.1219916041632274        10.071538926771026        9.9805833003145068     
        4872   9.1230630208539552        10.072849448942538        9.9818594752742698     
        4873   9.1295490415153111        10.080783672660543        9.9895838646543709     
        4874   9.1343087185136156        10.086606894615331        9.9952529759433304     
        4875   9.1377933747782336        10.090870623817437        9.9994038519596913     
        4876   9.1398227944127441        10.093353933199339        10.001821533254237     
        4877   9.1416204192236670        10.095553708712902        10.003963187411884     
        4878   9.1417616040021912        10.095726482355911        10.004131707473270     
        4879   9.1457134848933652        10.100562804423779        10.008839753308237     
        4880   9.1509546667344743        10.106977698043771        10.015084214384864     
        4881   9.1516444748968055        10.107822043337070        10.015906406648661     
        4882   9.1525091288816398        10.108880425150442        10.016936928842533     
        4883   9.1551197255297279        10.112076068267774        10.020047734887967     
        4884   9.1591775289327195        10.117043649190267        10.024883150404754     
        4885   9.1629104065439364        10.121613890398379        10.029331718231795     
        4886   9.1629982345615453        10.121721425132717        10.029436720775777     
        4887   9.1631631165728269        10.121923303743033        10.029633547238944     
        4888   9.1642838194858953        10.123295494112348        10.030969421714538     
        4889   9.1646170760861168        10.123703541270041        10.031366906768781     
        4890   9.1656757223534608        10.124999794554599        10.032628861701681     
        4891   9.1663013620467844        10.125765871248834        10.033374803551347     
        4892   9.1728666393183751        10.133805560647165        10.041199783038849     
        4893   9.1786006838174643        10.140828399015129        10.048034851610844     
        4894   9.1797929532078477        10.142288768840745        10.049456414951123     
        4895   9.1810133329707249        10.143783614271376        10.050911518949555     
        4896   9.1837981765623589        10.147194941702846        10.054231676233840     
        4897   9.1847403655212609        10.148349140019741        10.055355240427069     
        4898   9.1858754658622885        10.149739693613835        10.056708808236451     
        4899   9.1883156678377276        10.152729191663260        10.059618367863905     
        4900   9.1884611581204041        10.152907437848949        10.059792167146263     
        4901   9.1884654396737560        10.152912683367346        10.059797612836249     
        4902   9.1900098575528357        10.154804853205041        10.061639287430864     
        4903   9.1910380590883101        10.156064611513754        10.062865531613504     
        4904   9.1922920069024414        10.157600998392720        10.064360959631330     
        4905   9.1976368937814819        10.164150296521939        10.070734415327159     
        4906   9.1984593191287765        10.165158122502083        10.071715452393583     
        4907   9.1992888307372915        10.166174652788385        10.072704954430314     
        4908   9.2003707892821254        10.167500576840178        10.073995512303057     
        4909   9.2063223875660398        10.174794800467321        10.081093486121112     
        4910   9.2242303189958932        10.196749015214792        10.102454759560878     
        4911   9.2438058874581621        10.220758701512651        10.125813238622648     
        4912   9.2444176503280815        10.221509222349493        10.126543690309227     
        4913   9.2507958230466834        10.229334741525825        10.134156548359641     
        4914   9.2511145625099758        10.229725842057364        10.134537339372208     
        4915   9.2572584119941421        10.237265082208619        10.141871410248974     
        4916   9.2590316180592716        10.239441230124637        10.143988530166894     
        4917   9.2595106477841540        10.240029130409896        10.144560730915778     
        4918   9.2617608674738658        10.242790856961964        10.147247411413701     
        4919   9.2623116724249535        10.243466890933551        10.147905329463178     
        4920   9.2633349945901386        10.244722896189410        10.149127375690277     
        4921   9.2658075446492738        10.247757785135454        10.152079689413014     
        4922   9.2708164007391112        10.253906383822690        10.158060500061218     
        4923   9.2729021441272721        10.256466951701240        10.160551339149592     
        4924   9.2743874312216530        10.258290447910564        10.162325257888583     
        4925   9.2785843654326641        10.263443409640338        10.167337401532670     
        4926   9.2802217788934875        10.265453956607034        10.169293179947800     
        4927   9.2821227463445481        10.267788217620121        10.171563773623618     
        4928   9.2830689753230402        10.268950164205027        10.172694191325434     
        4929   9.2835815780032256        10.269579639329240        10.173306741416653     
        4930   9.2876508816169814        10.274577017675147        10.178167286677436     
        4931   9.2906865405911425        10.278305336238017        10.181793527489141     
        4932   9.2935085557496926        10.281771512306189        10.185164765613230     
        4933   9.2938481901614285        10.282188688799213        10.185570815899446     
        4934   9.2974772908861745        10.286646568417162        10.189906399409502     
        4935   9.2990047160637843        10.288522931021191        10.191731457393942     
        4936   9.3126147504979606        10.305245262147906        10.207993047054060     
        4937   9.3129487389260213        10.305655696235899        10.208392493376238     
        4938   9.3177893348457204        10.311604620665159        10.214177386664709     
        4939   9.3241850571740805        10.319465827056273        10.221821452965408     
        4940   9.3269130398227222        10.322819262163412        10.225082366077636     
        4941   9.3363826036462623        10.334461685953109        10.236402280343334     
        4942   9.3370725932960923        10.335310104692617        10.237227492881367     
        4943   9.3376127040568591        10.335974240773707        10.237873536378927     
        4944   9.3424976757116802        10.341981346364268        10.243714097102377     
        4945   9.3554365183237085        10.357895877596022        10.259185960668219     
        4946   9.3596239597685695        10.363047436361571        10.264194192490713     
        4947   9.3709123932367735        10.376937565539345        10.277696618372239     
        4948   9.3862616871680054        10.395830672544067        10.296060705470985     
        4949   9.3927548209947105        10.403825076856636        10.303830925559481     
        4950   9.3939691209618807        10.405320275695942        10.305284444391553     
        4951   9.3945171086380306        10.405995041684019        10.305940589272865     
        4952   9.4004163612603797        10.413259677813612        10.313001181766907     
        4953   9.4033363191308794        10.416855851224367        10.316496427935597     
        4954   9.4114008528559410        10.426789345837667        10.326150182702719     
        4955   9.4116608333538743        10.427109609821487        10.326461759237347     
        4956   9.4199885277988322        10.437369390099697        10.336432063960196     
        4957   9.4251860543770540        10.443773847914240        10.342655687117016     
        4958   9.4287329090253849        10.448144797918061        10.346903213693324     
        4959   9.4307579974131741        10.450640577646718        10.349328627605594     
        4960   9.4343591917915717        10.455079105487378        10.353641664795781     
        4961   9.4388228597095321        10.460581192235175        10.358987969248147     
        4962   9.4433544658575457        10.466167641648815        10.364416086878322     
        4963   9.4495549755438635        10.473812484563792        10.371843874781817     
        4964   9.4578450725364984        10.484035485162156        10.381776042163075     
        4965   9.4599783919635723        10.486666543561908        10.384332427104290     
        4966   9.4667559652328830        10.495026356375663        10.392453975199366     
        4967   9.4680808375392438        10.496660686397719        10.394041968265476     
        4968   9.4781682448153894        10.509106017010206        10.406131664569443     
        4969   9.4934844030682406        10.528008239325752        10.424492064091865     
        4970   9.4944948930894544        10.529255572755028        10.425703911352571     
        4971   9.4983961418656726        10.534071506576929        10.430381744704938     
        4972   9.4992458082630584        10.535120446895974        10.431400868121933     
        4973   9.5048467254917561        10.542035508883005        10.438117239455515     
        4974   9.5071262180487111        10.544850113249167        10.440851113318040     
        4975   9.5257940593935384        10.567906201774887        10.463241825523120     
        4976   9.5284855082523325        10.571231206273271        10.466470956552044     
        4977   9.5290230204717599        10.571895273077782        10.467116154171372     
        4978   9.5292239409732531        10.572143501579010        10.467357552022413     
        4979   9.5383196537607002        10.583382148200947        10.478270827900879     
        4980   9.5511348045904292        10.599220813956467        10.493649714076078     
        4981   9.5625464614922802        10.613329079848542        10.507347398806594     
        4982   9.5723338180083335        10.625432390331362        10.519097721638694     
        4983   9.5793859867808422        10.634155109894508        10.527565685304246     
        4984   9.5807330444248642        10.635821437975238        10.529183592815123     
        4985   9.5902547658790454        10.647601516921895        10.540618782505291     
        4986   9.5993157364898885        10.658814142144964        10.551502492803195     
        4987   9.6042584880825839        10.664931679554780        10.557440469653429     
        4988   9.6070351910886735        10.668368673559108        10.560776655857573     
        4989   9.6126676773997275        10.675341272683198        10.567544191774068     
        4990   9.6400551544794286        10.709258797762018        10.600459272536142     
        4991   9.6414190400900903        10.710948478773778        10.602099204155188     
        4992   9.6460411963505734        10.716675167903357        10.607656309553192     
        4993   9.6532075271307427        10.725555296833193        10.616272941266622     
        4994   9.6541636415474983        10.726740181283647        10.617422950336206     
        4995   9.7027131074773827        10.786943047414857        10.675826309097090     
        4996   9.7027457343032850        10.786983530089318        10.675865939611711     
        4997   9.7195983778197359        10.807898315318154        10.696151438781840     
        4998   9.7298312034911376        10.820601919548432        10.708471859092263     
        4999   9.7492392872770139        10.844705074063745        10.731845364082602     
        5000   9.7814297536583119        10.884708473545414        10.770630913046972     
