           2  0.25975496433100481       0.26111383797056320       0.26110675397776717     
           3  0.64895214397906931       0.65752357890561808       0.65741136932114586     
           4  0.67163160037687142       0.68081828924669985       0.68069380368641319     
           5   1.0127554657146045        1.0338403380835077        1.0334074881089990     
           6   1.0730075209124332        1.0967152690578816        1.0961992246954679     
           7   1.0741677031985803        1.0979275091823097        1.0974097978857635     
           8   1.2291043076972001        1.2603465637231230        1.2595659785817297     
           9   1.2554660830037647        1.2880867927364190        1.2872540206737249     
          10   1.3055764522523148        1.3409024431045684        1.3399639971396979     
          11   1.3798940311080090        1.4194381916769911        1.4183267811490197     
          12   1.5210222897436063        1.5692592389160513        1.5677619683041790     
          13   1.5621500091302780        1.6130897064436498        1.6114649121031803     
          14   1.5758488324403843        1.6277058382147718        1.6260370130915440     
          15   1.6104635117626533        1.6646765270360002        1.6628927515761127     
          16   1.6198263358138196        1.6746860226382532        1.6728702903849175     
          17   1.6623772152596776        1.7202263674101372        1.7182602779764657     
          18   1.6721693773223190        1.7307182425294376        1.7287164305693175     
          19   1.7399507501955116        1.8034640089968144        1.8012023482381991     
          20   1.7420486303820737        1.8057189212421163        1.8034489248504038     
          21   1.7979594517272091        1.8658898833239355        1.8633883709214807     
          22   1.8084983341206948        1.8772480185874660        1.8747011803396276     
          23   1.8644983684725398        1.9376879969395921        1.9348905892763000     
          24   1.8886814636485878        1.9638336835496037        1.9609230819614183     
          25   1.9134932568899252        1.9906875402314623        1.9876575831256531     
          26   1.9201422531823273        1.9978886664187792        1.9948262107726222     
          27   1.9757007677382528        2.0581419548260662        2.0547980657959322     
          28   1.9766457823179833        2.0591680815743882        2.0558193219990031     
          29   1.9789992999741026        2.0617237886288762        2.0583627808595395     
          30   2.0138821478665583        2.0996340681758050        2.0960869725261908     
          31   2.1232107839491583        2.2188249894899363        2.2146489006269690     
          32   2.1326347147692957        2.2291256836842051        2.2248921069099126     
          33   2.1456786062693514        2.2433901310111852        2.2390760623857595     
          34   2.1593382952346452        2.2583367273519293        2.2539372428703963     
          35   2.1781856393217334        2.2789744004934067        2.2744551356418974     
          36   2.1789852661068889        2.2798503615144394        2.2753260349904565     
          37   2.1947749724061190        2.2971536797127783        2.2925272279131477     
          38   2.1950488140577442        2.2974538776880689        2.2928257124443796     
          39   2.2035921811860160        2.3068213257162276        2.3021372669073479     
          40   2.2313090277324039        2.3372358871240180        2.3323671334567599     
          41   2.2367788015958445        2.3432424148723503        2.3383366902823823     
          42   2.2980093604554703        2.4105802686586966        2.4052466049389061     
          43   2.3036570572782851        2.4168004274106907        2.4114261144024809     
          44   2.3372358269984486        2.4538147977461886        2.4481939962715558     
          45   2.3539331563768937        2.4722409298279882        2.4664947512267474     
          46   2.3603644947866198        2.4793417785555385        2.4735468472224937     
          47   2.3615060093433313        2.4806023369829764        2.4747987876337127     
          48   2.3669305744422791        2.4865934765669717        2.4807485548131183     
          49   2.3996384934393271        2.5227480683661967        2.5166489616672472     
          50   2.4157809926482479        2.5406109097090144        2.5343836329173186     
          51   2.4356878198716063        2.5626568411512873        2.5562689448457512     
          52   2.4402910733916836        2.5677575097220688        2.5613321322956217     
          53   2.4820090984532066        2.6140309853310151        2.6072582981954646     
          54   2.4937782814451088        2.6271008232537687        2.6202279238748325     
          55   2.5074276365375896        2.6422671802146995        2.6352767692288168     
          56   2.5182257644187365        2.6542719439058033        2.6471876089671191     
          57   2.5232531899739126        2.6598631260072243        2.6527348111950566     
          58   2.5262949253235085        2.6632465573400217        2.6560915755686771     
          59   2.5282366500843163        2.6654066469165647        2.6582346367066130     
          60   2.5317234614751909        2.6692860508932323        2.6620833236975194     
          61   2.5540301317981635        2.6941185638319771        2.6867167034766943     
          62   2.5721775906123865        2.7143391189000168        2.7067724921254204     
          63   2.5809258905824870        2.7240926366879514        2.7164457288716726     
          64   2.6232994445540552        2.7713890243683448        2.7633445739273625     
          65   2.6339033286509599        2.7832388470491174        2.7750927911423062     
          66   2.6353635040380752        2.7848710306513045        2.7767109912765982     
          67   2.6537772857103534        2.8054631004414126        2.7971242397075784     
          68   2.6628686262340135        2.8156361736254616        2.8072080787782205     
          69   2.7079675985069098        2.8661625376526487        2.8572816279788782     
          70   2.7100609937797371        2.8685103423846714        2.8596081023621984     
          71   2.7264449803986022        2.8868930878028207        2.8778220408580530     
          72   2.7334225713775759        2.8947260135637038        2.8855824606466633     
          73   2.7673323286301210        2.9328275180345522        2.9233255089488601     
          74   2.7676570901233921        2.9331927057272207        2.9236873108258834     
          75   2.7887369696229363        2.9569080192975576        2.9471749323879521     
          76   2.8114040710584054        2.9824341176592619        2.9724520007321686     
          77   2.8209769573289516        2.9932222629483496        2.9831337166056393     
          78   2.8250362931940671        2.9977983294559971        2.9876644711365685     
          79   2.8340606214645363        3.0079744058791098        2.9977391895950163     
          80   2.8576757306288796        3.0346230594127173        3.0241191237847396     
          81   2.8595573529846856        3.0367476131415545        3.0262221482761404     
          82   2.8699965213187668        3.0485378359774948        3.0378919218701128     
          83   2.8722526504954811        3.0510866880202516        3.0404146942228962     
          84   2.8760781824669812        3.0554091599653010        3.0446927747634760     
          85   2.8888299967430227        3.0698228460991399        3.0589573309524241     
          86   2.8969479608144764        3.0790031095572847        3.0680419458120909     
          87   2.9037982824092752        3.0867524730049691        3.0757101583722175     
          88   2.9084472562263364        3.0920129505707732        3.0809153577561013     
          89   2.9135834839090142        3.0978260603364989        3.0866671618107517     
          90   2.9136170532088270        3.0978640580411070        3.0867048574346576     
          91   2.9139483538216675        3.0982390663635173        3.0870759967921941     
          92   2.9158856440307974        3.1004320513350492        3.0892458534047087     
          93   2.9180252714099790        3.1028543026809201        3.0916425114837729     
          94   2.9262948942541840        3.1122184693605557        3.1009070889814048     
          95   2.9359513594641813        3.1231574779368727        3.1117290142034122     
          96   2.9365890665930507        3.1238800519680692        3.1124439208666530     
          97   2.9494470877453920        3.1384536930073366        3.1268602492496704     
          98   2.9496320015840904        3.1386633415071068        3.1270677244799145     
          99   2.9666474862336694        3.1579623993518640        3.1461562410064197     
         100   2.9758584479440242        3.1684157422077073        3.1564945583907260     
         101   2.9764738966266018        3.1691143588581641        3.1571855573689618     
         102   2.9764873429834262        3.1691296224912748        3.1572007547819965     
         103   2.9787347563226936        3.1716809048924399        3.1597239185691350     
         104   2.9826504075507563        3.1761266069667489        3.1641204431464303     
         105   2.9848804856121669        3.1786589178975202        3.1666247274412029     
         106   2.9933143285386419        3.1882380832321258        3.1760972004917072     
         107   3.0154574860792107        3.2134057817216468        3.2009814807251935     
         108   3.0215136975662746        3.2202936277934935        3.2077910935243246     
         109   3.0399700984416995        3.2412961598525225        3.2285528800437788     
         110   3.0420248038021449        3.2436354115455481        3.2308652257033117     
         111   3.0645683693722923        3.2693153132802100        3.2562462578644364     
         112   3.0719235169239241        3.2776994438637712        3.2645319068442724     
         113   3.0874100592899274        3.2953617471825911        3.2819850483222837     
         114   3.0876620410712188        3.2956492339995429        3.2822692180125266     
         115   3.0910775777971833        3.2995463568714203        3.2861199764715927     
         116   3.0957732257998929        3.3049050769040962        3.2914147321925640     
         117   3.0981879753161867        3.3076612602720958        3.2941379912805999     
         118   3.1028437329561895        3.3129761772945625        3.2993891705867995     
         119   3.1135092425483695        3.3251559641489181        3.3114220177795204     
         120   3.1455781004085854        3.3618137080727015        3.3476310655477413     
         121   3.1463688726055734        3.3627183150498663        3.3485245877045315     
         122   3.1526142241285493        3.3698638599226491        3.3555816178547602     
         123   3.1528761354444601        3.3701635672740125        3.3558777096505139     
         124   3.1567891244144417        3.3746416617897532        3.3603001809417918     
         125   3.1616451147678895        3.3802000595637014        3.3657893142969684     
         126   3.1663897874581415        3.3856322317626519        3.3711535873304186     
         127   3.1690124669492423        3.3886354421678293        3.3741192191890015     
         128   3.1793182926335333        3.4004400604351295        3.3857751887621923     
         129   3.2071027785158011        3.4322930867545214        3.4172219884658084     
         130   3.2096599765362552        3.4352267811937400        3.4201180070469448     
         131   3.2156334135827143        3.4420810293676509        3.4268838409840683     
         132   3.2203922404266687        3.4475429126308414        3.4322750526373049     
         133   3.2255560564425187        3.4534709673364761        3.4381261526018356     
         134   3.2529038809981072        3.4848896947353207        3.4691323175855544     
         135   3.2580297757865826        3.4907830091084149        3.4749475450939897     
         136   3.2594332425956676        3.4923968372130916        3.4765400286009189     
         137   3.2635281929575806        3.4971061625207702        3.4811867421732359     
         138   3.2666510887342941        3.5006981899549721        3.4847309316565251     
         139   3.2719095479717843        3.5067477586329820        3.4906996437358693     
         140   3.2779963002985957        3.5137520614601097        3.4976099790827853     
         141   3.2795716046143104        3.5155651555194414        3.4993987759728746     
         142   3.2917166826991142        3.5295479308325670        3.5131925951016818     
         143   3.2931787668719696        3.5312317735683973        3.5148536881361565     
         144   3.2933447004803957        3.5314228819765661        3.5150423152850720     
         145   3.3107736724133314        3.5515042493290472        3.5348494859893194     
         146   3.3108975284600053        3.5516470119131291        3.5349904036441124     
         147   3.3172604544242539        3.5589823309729609        3.5422248919703492     
         148   3.3197689716523699        3.5618747956601466        3.5450775585947056     
         149   3.3240559644309222        3.5668187197626771        3.5499532331967778     
         150   3.3287337409141378        3.5722144262608913        3.5552742372589208     
         151   3.3407862229521466        3.5861220523676431        3.5689881397414354     
         152   3.3425263571273862        3.5881306710707590        3.5709687616219981     
         153   3.3562125328128509        3.6039341092882973        3.5865500778975203     
         154   3.3623532017302877        3.6110279926606363        3.5935437158104939     
         155   3.3626961227393251        3.6114242045597842        3.5939344290063922     
         156   3.3651824189477102        3.6142970660219569        3.5967666484531549     
         157   3.3801522214544888        3.6316013301144157        3.6138242154117179     
         158   3.3963816770080593        3.6503752250876564        3.6323279153977381     
         159   3.3982360928344684        3.6525212723221783        3.6344430136751171     
         160   3.3992170155520229        3.6536565326075663        3.6355619441843174     
         161   3.3994537779450851        3.6539305547228347        3.6358321138480214     
         162   3.4056015727069497        3.6610468907103382        3.6428452227482531     
         163   3.4106831608236656        3.6669305763669406        3.6486432943005056     
         164   3.4162909422428736        3.6734251193303091        3.6550430187888630     
         165   3.4222112518180210        3.6802834420163384        3.6618008591784985     
         166   3.4227259404231343        3.6808797667229034        3.6623885401037661     
         167   3.4244107423313728        3.6828318989496029        3.6643120836046101     
         168   3.4262873239267613        3.6850064203274862        3.6664547117592363     
         169   3.4304356331012982        3.6898140166169986        3.6711915231009762     
         170   3.4408578661307994        3.7018967267662979        3.6830953756008533     
         171   3.4464898412816733        3.7084284232211790        3.6895299781763065     
         172   3.4512595760030171        3.7139614692446097        3.6949805396455098     
         173   3.4525868564759850        3.7155013751976491        3.6964975354659089     
         174   3.4625977559385701        3.7271190408610284        3.7079409788253628     
         175   3.4687848503401630        3.7343018746693848        3.7150156266587828     
         176   3.4736600826444182        3.7399631718562896        3.7205914022396342     
         177   3.4763056409389885        3.7430358271198911        3.7236175939674290     
         178   3.4781809029388659        3.7452140587678930        3.7257628790400972     
         179   3.4840760138860780        3.7520628274769900        3.7325075572240038     
         180   3.4857456524490384        3.7540029060711433        3.7344181721960581     
         181   3.4902503052507141        3.7592379520670751        3.7395733612593069     
         182   3.4944440565015920        3.7641126718751998        3.7443735393370510     
         183   3.4997687208834494        3.7703033089191722        3.7504692148842977     
         184   3.5016116271641851        3.7724462919847617        3.7525793374204213     
         185   3.5061108688394649        3.7776789080922661        3.7577313893140065     
         186   3.5196269791334243        3.7934047286339054        3.7732135621721028     
         187   3.5230622612948639        3.7974032123558037        3.7771498822423943     
         188   3.5302826421404614        3.8058094326666594        3.7854248702717967     
         189   3.5303558215629609        3.8058946451845141        3.7855088731841526     
         190   3.5308444858738204        3.8064636693684482        3.7860691102211632     
         191   3.5336301731859887        3.8097077047956525        3.7892624150347558     
         192   3.5411335657096505        3.8184477761685875        3.7978651883990580     
         193   3.5508131531210596        3.8297272293244107        3.8089665342734982     
         194   3.5607738450585860        3.8413395639650934        3.8203944611998715     
         195   3.5739704558239476        3.8567326963726303        3.8355414729684085     
         196   3.5772449379250171        3.8605536706725068        3.8393011601372891     
         197   3.5828628515814427        3.8671105425246100        3.8457525032705000     
         198   3.5871050868725822        3.8720629498483325        3.8506250110142268     
         199   3.5981247075681275        3.8849318976958043        3.8632852285117067     
         200   3.6046236610039690        3.8925246206086199        3.8707542370519583     
         201   3.6076057344114654        3.8960093469205446        3.8741821000393415     
         202   3.6100106643828207        3.8988200014030503        3.8769468452042517     
         203   3.6111213116731129        3.9001181274845189        3.8782238154172539     
         204   3.6146702641238972        3.9042665998657409        3.8823043082324560     
         205   3.6182871656570379        3.9084952082879303        3.8864634806778184     
         206   3.6189796106237648        3.9093048442863432        3.8872599096245892     
         207   3.6204150158114210        3.9109832643767781        3.8889107964026657     
         208   3.6264529430269112        3.9180446502267601        3.8958556873823120     
         209   3.6304288840566445        3.9226956223552190        3.9004297571167150     
         210   3.6308531965130850        3.9231920252370776        3.9009180570810784     
         211   3.6404207169250484        3.9343876790884047        3.9119276599589590     
         212   3.6404278418356912        3.9343960183348266        3.9119359894592627     
         213   3.6428068425712747        3.9371806401471305        3.9146742773218683     
         214   3.6428069714222047        3.9371807909756229        3.9146745550376103     
         215   3.6507051771326791        3.9464278704800844        3.9237670244195648     
         216   3.6576041849672252        3.9545079063900217        3.9317114177688097     
         217   3.6660151808633339        3.9643622987351126        3.9413996418659281     
         218   3.6710279328689319        3.9702371283006763        3.9471750886222345     
         219   3.6778549433176462        3.9782404479568862        3.9550425232571911     
         220   3.6786564309131009        3.9791802017367566        3.9559664029396622     
         221   3.6789272711888112        3.9794977731810861        3.9562786951044302     
         222   3.6829188881645258        3.9841785773581258        3.9608797929955557     
         223   3.6904994787565868        3.9930704358560902        3.9696196319695751     
         224   3.6934159144587801        3.9964921904850792        3.9729827968619098     
         225   3.7032890712803148        4.0080795066265500        3.9843706874343461     
         226   3.7034345218039455        4.0082502501515105        3.9845386141780601     
         227   3.7101260516587287        4.0161066593441115        3.9922592201886289     
         228   3.7123155492170286        4.0186778466479662        3.9947859427214816     
         229   3.7126013726219700        4.0190135164613476        3.9951159187036431     
         230   3.7181186555709482        4.0254938738481751        4.0014837504936729     
         231   3.7237136578025720        4.0320672327897382        4.0079426171620618     
         232   3.7264401492635315        4.0352711121194753        4.0110906327571954     
         233   3.7278212270204909        4.0368941627430059        4.0126854170222472     
         234   3.7279400234951954        4.0370337779737993        4.0128227212861098     
         235   3.7323526723040650        4.0422202838139132        4.0179184590708310     
         236   3.7326055270015961        4.0425175148566455        4.0182106071789256     
         237   3.7339935323310618        4.0441491799643199        4.0198137586477571     
         238   3.7351503531773997        4.0455091582809661        4.0211499766698289     
         239   3.7442143691160057        4.0561675315402814        4.0316207007461244     
         240   3.7479521057441181        4.0605640583837523        4.0359396302340009     
         241   3.7496990882494723        4.0626192183319967        4.0379585340848578     
         242   3.7566966598317695        4.0708528946005904        4.0460462054039645     
         243   3.7725987881330720        4.0895741863111370        4.0644332689852369     
         244   3.7750871463472060        4.0925049549416226        4.0673115668694884     
         245   3.7754521119307380        4.0929348374132886        4.0677338621617380     
         246   3.7758687136326197        4.0934255496195826        4.0682158926340968     
         247   3.7765986156610518        4.0942853192924913        4.0690603448941935     
         248   3.7789229418455528        4.0970233976749677        4.0717493068711441     
         249   3.7796778940656655        4.0979128031046379        4.0726228357909164     
         250   3.7868903967012049        4.1064114118498276        4.0809682521678567     
         251   3.7885722267541500        4.1083935549103252        4.0829146837326142     
         252   3.7896214591158790        4.1096302212016935        4.0841291039839618     
         253   3.7919023365474605        4.1123187635878953        4.0867690801134593     
         254   3.7937788286358196        4.1145308609805102        4.0889411969340834     
         255   3.7967014880897749        4.1179766197025121        4.0923245218228921     
         256   3.8002405273406703        4.1221497140654551        4.0964218430316492     
         257   3.8022842053877870        4.1245598552679983        4.0987882135163787     
         258   3.8040662464964572        4.1266616336258028        4.1008517993691420     
         259   3.8062154996368296        4.1291967449949292        4.1033407669869355     
         260   3.8137241611050028        4.1380554647046912        4.1120374812493985     
         261   3.8178490190822889        4.1429233088557771        4.1168160866904451     
         262   3.8217954535135776        4.1475814784788412        4.1213886820934320     
         263   3.8219172266808648        4.1477252271103930        4.1215299197422155     
         264   3.8272603545334039        4.1540334019629155        4.1277218633578734     
         265   3.8422306697036115        4.1717160569745380        4.1450766824758070     
         266   3.8528000190168412        4.1842079103693441        4.1573353949048126     
         267   3.8558470678511148        4.1878103593538807        4.1608704642120173     
         268   3.8629707969374647        4.1962345906134368        4.1691365178704700     
         269   3.8678062961986552        4.2019544725156548        4.1747487036102306     
         270   3.8684356458493534        4.2026990225475114        4.1754793354245443     
         271   3.8687767286733221        4.2031025487247264        4.1758753799632018     
         272   3.8706027292975276        4.2052629531324790        4.1779951010657577     
         273   3.8855213450162669        4.2229206797861201        4.1953178314430595     
         274   3.8907395868508781        4.2290999547092589        4.2013793416335083     
         275   3.8937458558032056        4.2326605756996010        4.2048720163050000     
         276   3.8988146388738887        4.2386651842870213        4.2107617005885807     
         277   3.8998980046666167        4.2399487538844864        4.2120207739341815     
         278   3.9009183423051859        4.2411577081179859        4.2132066512789308     
         279   3.9035187967187506        4.2442391392327616        4.2162289896894869     
         280   3.9141286025008935        4.2568152585193539        4.2285626647340955     
         281   3.9152653418324670        4.2581630448490433        4.2298845139059154     
         282   3.9178343025696711        4.2612092264607471        4.2328718394216374     
         283   3.9350387299526117        4.2816191921034088        4.2528846069167692     
         284   3.9356138829142564        4.2823017957929395        4.2535540017273483     
         285   3.9457510938390490        4.2943359121318716        4.2653522355193552     
         286   3.9508690399323010        4.3004137449724498        4.2713105330113663     
         287   3.9525725235732549        4.3024370500809939        4.2732940693828638     
         288   3.9544218223069469        4.3046337318080177        4.2754475225369006     
         289   3.9608283906360238        4.3122452399957218        4.2829085706750334     
         290   3.9646679703209280        4.3168080741913863        4.2873810269338009     
         291   3.9647814007431670        4.3169428839574415        4.2875133024701455     
         292   3.9833966146288136        4.3390765444558506        4.3092054213133544     
         293   3.9864133247078892        4.3426652863424753        4.3127222923868800     
         294   3.9899977752677644        4.3469300940935325        4.3169015175740348     
         295   3.9903362707761856        4.3473328763376387        4.3172963394083581     
         296   3.9919331787216237        4.3492331550039358        4.3191585072963328     
         297   3.9960223889665065        4.3540998667953685        4.3239272474529855     
         298   4.0035753555133793        4.3630914075789402        4.3327371155803078     
         299   4.0056666444250268        4.3655815851847564        4.3351769596582592     
         300   4.0070382834022862        4.3672149828227074        4.3367773622031329     
         301   4.0111440946218861        4.3721049702598078        4.3415681429305799     
         302   4.0117966876483324        4.3728822912964320        4.3423297966020691     
         303   4.0123927238511525        4.3735922671038763        4.3430254704058306     
         304   4.0173224456416321        4.3794651386032921        4.3487788136741869     
         305   4.0236021802613955        4.3869483047404900        4.3561092014511651     
         306   4.0262058614301619        4.3900516053922836        4.3591490857761137     
         307   4.0286146130224889        4.3929229145771318        4.3619616552745093     
         308   4.0370624866651514        4.4029956582586136        4.3718273996347961     
         309   4.0371596259883731        4.4031115050331984        4.3719410049077787     
         310   4.0412860363394802        4.4080330906135226        4.3767611957699124     
         311   4.0434550011301358        4.4106204118384476        4.3792951969959546     
         312   4.0442915332138014        4.4116183682962822        4.3802726615812766     
         313   4.0461027738903343        4.4137792579537960        4.3823889793988933     
         314   4.0465049116119998        4.4142590512524631        4.3828589845596397     
         315   4.0467812478052654        4.4145887552148491        4.3831820069724365     
         316   4.0491131769987101        4.4173712143006263        4.3859069510592299     
         317   4.0499297851621208        4.4183456647878163        4.3868613382726664     
         318   4.0546434868566434        4.4239712211577702        4.3923702052166114     
         319   4.0547390580983418        4.4240852935289752        4.3924820523675834     
         320   4.0594502818322944        4.4297091834085984        4.3979890032190454     
         321   4.0634404164391444        4.4344732832571303        4.4026538462322158     
         322   4.0650079160561630        4.4363450787226961        4.4044866786899171     
         323   4.0709204765746785        4.4434066954087115        4.4114006151163814     
         324   4.0757526558531865        4.4491794495009298        4.4170523425674837     
         325   4.0759595615980793        4.4494266588312970        4.4172945039332454     
         326   4.0779164383987379        4.4517648404912755        4.4195836642070567     
         327   4.0820282061824509        4.4566785144146230        4.4243939995302064     
         328   4.0822852715083462        4.4569857465245111        4.4246949019345720     
         329   4.0860380427176359        4.4614713080657911        4.4290859424098130     
         330   4.0986726850681947        4.4765789910445353        4.4438736073799312     
         331   4.1003097278406457        4.4785371285021949        4.4457902476038420     
         332   4.1195128174573235        4.5015182310900022        4.4682801797528562     
         333   4.1202168725702508        4.5023612034949512        4.4691051899979151     
         334   4.1203929455141628        4.5025720218789935        4.4693116274667481     
         335   4.1209358694200038        4.5032220951309316        4.4699478775928192     
         336   4.1216340228075303        4.5040580581951222        4.4707660164623206     
         337   4.1221024837829914        4.5046190051456154        4.4713150488095259     
         338   4.1258117887861161        4.5090610646641753        4.4756616231849264     
         339   4.1318701709065193        4.5163179473920412        4.4827620395349648     
         340   4.1342967187729629        4.5192251184779337        4.4856064865559162     
         341   4.1346350686706801        4.5196305117625046        4.4860032565129764     
         342   4.1364224575658390        4.5217721774534771        4.4880986978185433     
         343   4.1395677961344592        4.5255413963993067        4.4917863502478781     
         344   4.1418518509206841        4.5282788514601551        4.4944645276964401     
         345   4.1465551753201302        4.5339167617665890        4.4999799817532882     
         346   4.1514411467823402        4.5397749592534229        4.5057106299561873     
         347   4.1516123760254526        4.5399802851307562        4.5059116254200120     
         348   4.1516713493497068        4.5400510021191200        4.5059809498604899     
         349   4.1552677722730511        4.5443639775165598        4.5101998517353756     
         350   4.1563095247668604        4.5456134281096006        4.5114221257543292     
         351   4.1623377638656933        4.5528447662522442        4.5184951764678516     
         352   4.1628107342322096        4.5534122192213360        4.5190503280531935     
         353   4.1634938690073593        4.5542318426860362        4.5198521111105237     
         354   4.1636237874325710        4.5543877215421729        4.5200047190305419     
         355   4.1667376545534633        4.5581240955791573        4.5236591438990104     
         356   4.1670661683636929        4.5585183166011225        4.5240448468639869     
         357   4.1708499107125609        4.5630593068568288        4.5284860221778978     
         358   4.1727751433920961        4.5653701568465195        4.5307460807957440     
         359   4.1750755671292046        4.5681316274649424        4.5334467627977091     
         360   4.1752107506169933        4.5682939136792182        4.5336056175235946     
         361   4.1756764500362085        4.5688529885140063        4.5341524974235305     
         362   4.1774639792809491        4.5709990437703336        4.5362512836675180     
         363   4.1779679171134640        4.5716040900623556        4.5368431049335456     
         364   4.1810084433647097        4.5752549684237138        4.5404133468216692     
         365   4.1821564368131501        4.5766335475595614        4.5417615409011312     
         366   4.1834045124765531        4.5781323976541337        4.5432273223063433     
         367   4.1845227130640676        4.5794753533469938        4.5445406473778789     
         368   4.1886122507408965        4.5843874908188438        4.5493438606050987     
         369   4.1947354858418393        4.5917442035582550        4.5565369568414340     
         370   4.1962663015869461        4.5935837284262613        4.5583356078039614     
         371   4.2016401633748393        4.6000423718945402        4.5646501141505986     
         372   4.2017752004271669        4.6002046893695194        4.5648089536353176     
         373   4.2051409219949383        4.6042507004441253        4.5687645283446123     
         374   4.2067053742782310        4.6061315873525723        4.5706034051040270     
         375   4.2121326383908553        4.6126576966043267        4.5769831234756069     
         376   4.2147731710533547        4.6158334677436885        4.5800875956972007     
         377   4.2150081306031009        4.6161160733638198        4.5803639921797163     
         378   4.2151970813577702        4.6163433426524678        4.5805862977130367     
         379   4.2157365169501331        4.6169921852133449        4.5812206812231295     
         380   4.2202891299676164        4.6224688186271319        4.5865739742642830     
         381   4.2234075316525201        4.6262208386891688        4.5902413849191745     
         382   4.2245680958760863        4.6276173581561748        4.5916064763394679     
         383   4.2263297807326179        4.6297373616695454        4.5936786562791134     
         384   4.2310099090630828        4.6353702800888534        4.5991840509136779     
         385   4.2336119377042971        4.6385025841010696        4.6022453857187742     
         386   4.2338890582949542        4.6388362030694008        4.6025715786370860     
         387   4.2414612906544455        4.6479539589957160        4.6114819176192903     
         388   4.2440516517878368        4.6510737869262968        4.6145307006154574     
         389   4.2456734466873769        4.6530272730171491        4.6164397143603964     
         390   4.2471925680818021        4.6548572251751299        4.6182279846128012     
         391   4.2510827750167630        4.6595440267005017        4.6228076498374229     
         392   4.2511012518348155        4.6595662890985761        4.6228295574386458     
         393   4.2511880359287506        4.6596708540155900        4.6229318816294374     
         394   4.2544105700107595        4.6635539490422184        4.6267260818465914     
         395   4.2549574259131422        4.6642129603340381        4.6273701218942058     
         396   4.2585344139635328        4.6685239860162193        4.6315822508121656     
         397   4.2608674505723183        4.6713361882329227        4.6343299019855309     
         398   4.2625817475043863        4.6734027739205288        4.6363490464173829     
         399   4.2639028370921537        4.6749954645435841        4.6379051836454899     
         400   4.2671203419097532        4.6788748764026593        4.6416952387742292     
         401   4.2689474066110309        4.6810780739708155        4.6438476945667659     
         402   4.2710413942283010        4.6836033839609046        4.6463147664440392     
         403   4.2828085887670309        4.6977991473741483        4.6601813335844078     
         404   4.2897950774674118        4.7062313557104041        4.6684171831038803     
         405   4.2912426387014415        4.7079788176796287        4.6701239945555493     
         406   4.2933638746982110        4.7105397446807009        4.6726252236008925     
         407   4.2943192217182959        4.7116932022595792        4.6737518594227581     
         408   4.2966411605843380        4.7144968640676597        4.6764900504658904     
         409   4.3057437620647212        4.7254909775785405        4.6872262679812238     
         410   4.3073488954614101        4.7274301577361006        4.6891199730713069     
         411   4.3135987348226656        4.7349820940683252        4.6964940219100590     
         412   4.3166072220344205        4.7386181856571454        4.7000443574471724     
         413   4.3261817292199147        4.7501935640120090        4.7113455691933837     
         414   4.3269418724431095        4.7511127909112814        4.7122431164150065     
         415   4.3287573619494273        4.7533083649872347        4.7143866564717953     
         416   4.3287879301001020        4.7533453344303265        4.7144229054253692     
         417   4.3348234452660792        4.7606458212186133        4.7215496794257596     
         418   4.3376111358825380        4.7640184982434484        4.7248420221754586     
         419   4.3379234423689184        4.7643963694170166        4.7252110274590500     
         420   4.3386936053376024        4.7653282424996828        4.7261207972866295     
         421   4.3399495394076144        4.7668479579205769        4.7276043485585859     
         422   4.3443406548363157        4.7721620568979972        4.7327914225295089     
         423   4.3499594165741211        4.7789634932079270        4.7394298512790272     
         424   4.3499836321615257        4.7789928098591359        4.7394586233404290     
         425   4.3505560039332627        4.7796857629437968        4.7401350875709305     
         426   4.3523843634116295        4.7818994308020075        4.7422957005862010     
         427   4.3600142740764118        4.7911393847638042        4.7513131979738965     
         428   4.3636339694122546        4.7955240931670255        4.7555921461282793     
         429   4.3656913828373130        4.7980166783193114        4.7580245982169522     
         430   4.3692586821138759        4.8023391004103866        4.7622424867887929     
         431   4.3718670914885625        4.8055001286918380        4.7653270006842696     
         432   4.3722869657223153        4.8060089950381482        4.7658236756441390     
         433   4.3753701147841317        4.8097459331545611        4.7694699908400295     
         434   4.3794402005889914        4.8146799458598997        4.7742840980268113     
         435   4.3804496065327267        4.8159037616237566        4.7754782583959496     
         436   4.3829849190750902        4.8189778689170621        4.7784775685969052     
         437   4.3890834545958040        4.8263739900606888        4.7856931407088723     
         438   4.3910465889675443        4.8287552862243484        4.7880163058815697     
         439   4.3925812512133744        4.8306170005854252        4.7898325710017318     
         440   4.3942476933787642        4.8326387355255944        4.7918048992746129     
         441   4.3986440694413593        4.8379732230040666        4.7970085736775019     
         442   4.3986975752535660        4.8380381530523806        4.7970720696810574     
         443   4.4002532672289458        4.8399260806664879        4.7989137402147897     
         444   4.4058791050559662        4.8467545701469597        4.8055742162131878     
         445   4.4137338696604074        4.8562915915660092        4.8148757776279574     
         446   4.4143065054947659        4.8569870112604656        4.8155541449654926     
         447   4.4145555524874380        4.8572894646342730        4.8158492722964894     
         448   4.4172500598175075        4.8605620241441976        4.8190409124305837     
         449   4.4201727509578523        4.8641122041023142        4.8225031796963584     
         450   4.4262573814084121        4.8715047954197033        4.8297121487605637     
         451   4.4271640812221058        4.8726065878915312        4.8307866684139817     
         452   4.4294835539375494        4.8754253575996627        4.8335353581386897     
         453   4.4310780915342756        4.8773633247348815        4.8354251508995425     
         454   4.4331816211805597        4.8799201398344723        4.8379183014221994     
         455   4.4335239111558833        4.8803362139395396        4.8383241461798363     
         456   4.4425381216247901        4.8912960234998177        4.8490097710931970     
         457   4.4438076917407336        4.8928399997472845        4.8505151698919846     
         458   4.4448318055114040        4.8940855359608877        4.8517296005393042     
         459   4.4460324303246308        4.8955458254871038        4.8531533742691728     
         460   4.4466670570025864        4.8963177402893683        4.8539060557429607     
         461   4.4472899818939053        4.8970754450493983        4.8546448787499905     
         462   4.4527360061025982        4.9037007828325985        4.8611036121077333     
         463   4.4532725530042487        4.9043536117259086        4.8617401499339934     
         464   4.4533809737023384        4.9044855317407885        4.8618689084904787     
         465   4.4535731147877531        4.9047193195754737        4.8620969663918459     
         466   4.4559008364476593        4.9075517506428614        4.8648581100732216     
         467   4.4577947630337391        4.9098565655999025        4.8671048908743764     
         468   4.4584946401282348        4.9107083351711029        4.8679353041134128     
         469   4.4601601474453645        4.9127354198507156        4.8699113091192956     
         470   4.4630387879209330        4.9162393933731101        4.8733267748918543     
         471   4.4635158465878089        4.9168201319261264        4.8738929704497806     
         472   4.4641776316369146        4.9176257660650284        4.8746783606108401     
         473   4.4665671245780691        4.9205348679199954        4.8775138808115877     
         474   4.4699725480860373        4.9246814053428816        4.8815553271367094     
         475   4.4797129178326074        4.9365453459636264        4.8931173660466065     
         476   4.4809785394489996        4.9380873086032979        4.8946201349991618     
         477   4.4831124322826126        4.9406873397414488        4.8971539131927457     
         478   4.4831830359771523        4.9407733710844637        4.8972379112850604     
         479   4.4889092216010935        4.9477517742595465        4.9040378877252593     
         480   4.4894094420089266        4.9483614767255526        4.9046321301360720     
         481   4.4898306474330862        4.9488748819172574        4.9051325404913086     
         482   4.4900575706215635        4.9491514818307039        4.9054022148204339     
         483   4.4908181508394760        4.9500785862334116        4.9063057107233732     
         484   4.4937646395450415        4.9536705144602422        4.9098056164197885     
         485   4.4940386216795911        4.9540045396466486        4.9101312284086163     
         486   4.4969169505993918        4.9575139226993263        4.9135505762233436     
         487   4.4987251775710009        4.9597188431733468        4.9156989292804312     
         488   4.5000912965775610        4.9613847938641404        4.9173221494586699     
         489   4.5014637289212924        4.9630585553182174        4.9189529523689011     
         490   4.5015263317529239        4.9631349058025789        4.9190275013891771     
         491   4.5078996772094744        4.9709090656350234        4.9266011641881740     
         492   4.5121159392956889        4.9760533600311510        4.9316125216658797     
         493   4.5152619750816605        4.9798925526633502        4.9353523789759741     
         494   4.5154445756851374        4.9801154032267920        4.9355696164201319     
         495   4.5155679317293238        4.9802659513012362        4.9357164264308295     
         496   4.5157344112426214        4.9804691302183119        4.9359145017551143     
         497   4.5162039668664198        4.9810422054419323        4.9364728758973335     
         498   4.5173391941122780        4.9824277624660773        4.9378226393849332     
         499   4.5173918222796559        4.9824919975711133        4.9378853739665018     
         500   4.5183912303709111        4.9837118525579793        4.9390737199410175     
         501   4.5200969643401887        4.9857939704860952        4.9411019051460947     
         502   4.5227783008640934        4.9890673161272563        4.9442902814443954     
         503   4.5230220612940117        4.9893649173877792        4.9445803045549894     
         504   4.5234098924470727        4.9898384184398958        4.9450416476740244     
         505   4.5302836634939494        4.9982320583972237        4.9532166070369890     
         506   4.5344772062845324        5.0033542255979047        4.9582050552823169     
         507   4.5353702305946841        5.0044451381036579        4.9592675877163828     
         508   4.5368155006981299        5.0062107712344623        4.9609871596600250     
         509   4.5371094855696104        5.0065699369618510        4.9613370856926515     
         510   4.5373830538431461        5.0069041640602521        4.9616627252030590     
         511   4.5383016495681456        5.0080264744934775        4.9627557951713790     
         512   4.5386657166817823        5.0084712938145426        4.9631891233051704     
         513   4.5387646570118925        5.0085921810541771        4.9633070096554661     
         514   4.5411841740452292        5.0115485764581909        4.9661860303965994     
         515   4.5485401162747445        5.0205389121924950        4.9749402059757521     
         516   4.5502799476649214        5.0226657840642783        4.9770112222612752     
         517   4.5517890508371295        5.0245107467903036        4.9788077195653564     
         518   4.5585154209484022        5.0327357654063114        4.9868156881335359     
         519   4.5597043367454404        5.0341898554488678        4.9882314766366420     
         520   4.5602270174150155        5.0348291409054609        4.9888540111362936     
         521   4.5610581182807408        5.0358456856579723        4.9898438118448034     
         522   4.5649794969498387        5.0406426008978569        4.9945137615408370     
         523   4.5659713366606027        5.0418560371365695        4.9956951711716115     
         524   4.5691621196597243        5.0457601034648585        4.9994957234488204     
         525   4.5725494985547037        5.0499053809837626        5.0035309178703855     
         526   4.5752383720425396        5.0531963575773213        5.0067344137378882     
         527   4.5765326365182846        5.0547805932977585        5.0082765875574502     
         528   4.5790886919952101        5.0579096107422554        5.0113222911191926     
         529   4.5812293879508328        5.0605304636066837        5.0138733144589267     
         530   4.5839098658615471        5.0638125586746412        5.0170678242830782     
         531   4.5873837077734922        5.0680667246854476        5.0212082571659380     
         532   4.5890295568093178        5.0700825311836804        5.0231701996525899     
         533   4.5891454048403055        5.0702244259058009        5.0233084596325170     
         534   4.5917358394128271        5.0733974911775883        5.0263965551332177     
         535   4.6003559467112911        5.0839593010822970        5.0366744270649839     
         536   4.6008894051074982        5.0846130690687810        5.0373107437059197     
         537   4.6011881811494106        5.0849792348227405        5.0376672085433150     
         538   4.6023922494002818        5.0864549381538868        5.0391032847588910     
         539   4.6030174510443214        5.0872212182370333        5.0398490616237446     
         540   4.6038956925438566        5.0882976769741859        5.0408966388473715     
         541   4.6046693722070504        5.0892460128939838        5.0418195417389136     
         542   4.6060146004226148        5.0908950086853801        5.0434241664471102     
         543   4.6091454811402253        5.0947332984938125        5.0471588451183322     
         544   4.6093376970488764        5.0949689639651590        5.0473883049731896     
         545   4.6109860706043424        5.0969900363476892        5.0493548384623494     
         546   4.6157908613561398        5.1028821272693685        5.0550873729195871     
         547   4.6163828346787401        5.1036081572951444        5.0557938689088395     
         548   4.6175132368481284        5.1049946059068869        5.0571428443340096     
         549   4.6230172655230657        5.1117464463360429        5.0637112598974205     
         550   4.6230261515074531        5.1117573483257992        5.0637220368883895     
         551   4.6252036246003669        5.1144289783825760        5.0663210670402137     
         552   4.6256947939923672        5.1150316534974509        5.0669074882343246     
         553   4.6266534325502278        5.1162079649061436        5.0680519010249583     
         554   4.6279129400695735        5.1177535460930716        5.0695554952042379     
         555   4.6342750000008719        5.1255620900832701        5.0771508555149438     
         556   4.6346012927131053        5.1259626347784364        5.0775406120315196     
         557   4.6346341227593300        5.1260029360671453        5.0775799827630870     
         558   4.6391720466673423        5.1315741955894225        5.0829987958557510     
         559   4.6401095961404266        5.1327253902469572        5.0841185889638858     
         560   4.6441329662424886        5.1376661924668534        5.0889239020477888     
         561   4.6442558559468559        5.1378171195613431        5.0890708540271099     
         562   4.6456151435142425        5.1394865905189757        5.0906946011751764     
         563   4.6477030305242790        5.1420511412359060        5.0931887670352758     
         564   4.6497675359508603        5.1445872310644045        5.0956551909569825     
         565   4.6519296669090711        5.1472435223598625        5.0982384378737855     
         566   4.6524797525527974        5.1479193764672759        5.0988958248312244     
         567   4.6559724191259537        5.1522110128761573        5.1030691638363095     
         568   4.6563354468707878        5.1526571278115911        5.1035031265748749     
         569   4.6577094194641910        5.1543456374980190        5.1051451406469859     
         570   4.6601018612783074        5.1572860419845323        5.1080043806484596     
         571   4.6619634541477808        5.1595742516437380        5.1102294075373642     
         572   4.6663674923017764        5.1649883866560398        5.1154936013343537     
         573   4.6666964291099804        5.1653928144765793        5.1158869778586578     
         574   4.6679661674592685        5.1669540192080063        5.1174050092065677     
         575   4.6703350736041465        5.1698669645689987        5.1202371849827486     
         576   4.6750299131857078        5.1756410166257734        5.1258507146473349     
         577   4.6753050938387606        5.1759794950015365        5.1261799367522194     
         578   4.6791731197582314        5.1807377386422226        5.1308056630041676     
         579   4.6840257256265270        5.1867084422021641        5.1366097181609476     
         580   4.6850088751627910        5.1879182947391742        5.1377858983389686     
         581   4.6860403188923261        5.1891876404938388        5.1390198916750762     
         582   4.6970622088340219        5.2027557498784214        5.1522074186636644     
         583   4.6978988399410628        5.2037859558878754        5.1532088142640013     
         584   4.6989508394377166        5.2050814212435679        5.1544679909092750     
         585   4.7015039937397294        5.2082257351535830        5.1575239060687004     
         586   4.7059929656629755        5.2137550467038007        5.1628973942602521     
         587   4.7062933781014227        5.2141251247518543        5.1632571958937490     
         588   4.7094163823272996        5.2179726778289330        5.1669961781686951     
         589   4.7134981908983073        5.2230023744183471        5.1718836681846057     
         590   4.7150590196985736        5.2249259303552549        5.1737528802183625     
         591   4.7166403764213083        5.2268749357261708        5.1756467825290109     
         592   4.7186635657282370        5.2293687166424663        5.1780699534920629     
         593   4.7226349070953884        5.2342645111448123        5.1828267750854202     
         594   4.7235453000093681        5.2353869614023232        5.1839174652271574     
         595   4.7237811364732805        5.2356777393485903        5.1842001441255974     
         596   4.7239234775847319        5.2358532424974946        5.1843708284929377     
         597   4.7270251142205462        5.2396777914301964        5.1880866230101219     
         598   4.7282058174943229        5.2411338402560856        5.1895013384728550     
         599   4.7285533952527663        5.2415624909385317        5.1899179414364163     
         600   4.7325661570963051        5.2465117665369210        5.1947261158285656     
         601   4.7340832006327247        5.2483831187754735        5.1965441625034536     
         602   4.7367451764238435        5.2516671431885644        5.1997344226061948     
         603   4.7383700877402042        5.2536719746881859        5.2016820283979683     
         604   4.7405138816685506        5.2563172546423713        5.2042516832465004     
         605   4.7429213257091245        5.2592881926317263        5.2071375800972675     
         606   4.7438684641779316        5.2604571180996302        5.2082731289639739     
         607   4.7493725130680673        5.2672511063474756        5.2148720007920240     
         608   4.7504651577510755        5.2686000449871067        5.2161822861137068     
         609   4.7515147482650510        5.2698958990884552        5.2174409977284384     
         610   4.7521378582046871        5.2706652400000689        5.2181883515337972     
         611   4.7530029967948781        5.2717334479208411        5.2192259520881592     
         612   4.7537109275357672        5.2726075813956159        5.2200750627447121     
         613   4.7541830709791482        5.2731905881684753        5.2206414353678774     
         614   4.7554680900682493        5.2747774096205431        5.2221826587757612     
         615   4.7578920122345867        5.2777708935977596        5.2250898967305659     
         616   4.7616754780837409        5.2824440969280086        5.2296281781789702     
         617   4.7646905543215325        5.2861688381137402        5.2332452587403715     
         618   4.7686908206178398        5.2911115123773547        5.2380447937743888     
         619   4.7694560978701377        5.2920571898365854        5.2389632006040472     
         620   4.7702718834157105        5.2930653213946322        5.2399422388001753     
         621   4.7782743906983365        5.3029568167646470        5.2495461589397223     
         622   4.7792108717619097        5.3041146095785585        5.2506703842512366     
         623   4.7812397686527026        5.3066231648343720        5.2531059544574745     
         624   4.7818812003939621        5.3074162919911831        5.2538761151243527     
         625   4.7835370776559829        5.3094638923170354        5.2558641107035911     
         626   4.7850625802585736        5.3113504242975464        5.2576957029854370     
         627   4.7864639633611494        5.3130835878032547        5.2593783759203916     
         628   4.7865294170401187        5.3131645407157944        5.2594571406128594     
         629   4.7893397679278333        5.3166406214882178        5.2628316810222096     
         630   4.7893467099510989        5.3166492085709010        5.2628401960196882     
         631   4.7897953001248554        5.3172041079393288        5.2633790254421093     
         632   4.7906628410633916        5.3182772781116956        5.2644209401093320     
         633   4.7921494587388000        5.3201163690440323        5.2662063132633570     
         634   4.7921557517347662        5.3201241543808484        5.2662140498432137     
         635   4.7950379951755240        5.3236901569646715        5.2696756266694749     
         636   4.7989358608423727        5.3285135286622047        5.2743574828210029     
         637   4.8018540172177602        5.3321251789347635        5.2778630588671653     
         638   4.8019637954273744        5.3322610558952670        5.2779951156777045     
         639   4.8086362996496481        5.3405212730106442        5.2860119869541862     
         640   4.8107655690886464        5.3431577736175839        5.2885707923885903     
         641   4.8122760250159411        5.3450282165379850        5.2903861245234367     
         642   4.8133361035563142        5.3463410271969902        5.2916602869643086     
         643   4.8164825407401448        5.3502380089143893        5.2954420854494018     
         644   4.8167752297533930        5.3506005462353707        5.2957940631457170     
         645   4.8185155716072963        5.3527563177995008        5.2978861225495990     
         646   4.8185820642662653        5.3528386863294131        5.2979662295786589     
         647   4.8221945062071345        5.3573140473798251        5.3023089749368140     
         648   4.8222332032263386        5.3573619924550666        5.3023556770874940     
         649   4.8245452535121416        5.3602267578784417        5.3051355087752476     
         650   4.8280735062132498        5.3645991019845223        5.3093779657251261     
         651   4.8297204055530241        5.3666402637002122        5.3113585211679819     
         652   4.8403890264796718        5.3798669560716545        5.3241904575154351     
         653   4.8421583308639331        5.3820611725460701        5.3263191645991306     
         654   4.8437804024797595        5.3840729663929645        5.3282708670839760     
         655   4.8470420859289192        5.3881187986824131        5.3321955425439320     
         656   4.8478718775096237        5.3891481868539302        5.3331942134317600     
         657   4.8500855841543853        5.3918945819441726        5.3358582983383940     
         658   4.8508462641147059        5.3928383754252698        5.3367739077379213     
         659   4.8508939347378517        5.3928975226727243        5.3368314591394679     
         660   4.8528358630239179        5.3953070859739567        5.3391687408861479     
         661   4.8547911698783590        5.3977334841995495        5.3415222909634146     
         662   4.8555508913159580        5.3986763085773957        5.3424369039415076     
         663   4.8622920138796157        5.4070436889219629        5.3505520764458403     
         664   4.8631176829855303        5.4080687385815116        5.3515463399870029     
         665   4.8632886108144531        5.4082809468950384        5.3517523184325029     
         666   4.8673887076805080        5.4133717909731809        5.3566893689318462     
         667   4.8677314549825237        5.4137974066729626        5.3571022823781576     
         668   4.8692748778216224        5.4157140833665407        5.3589610929973652     
         669   4.8708296536730984        5.4176450072124016        5.3608336809964499     
         670   4.8710794758049740        5.4179552828925512        5.3611347329053523     
         671   4.8739177868224051        5.4214806968954932        5.3645533776803482     
         672   4.8741328103152517        5.4217477938869116        5.3648125495982484     
         673   4.8760496795863295        5.4241290087354850        5.3671216282983174     
         674   4.8770284781353981        5.4253450005420083        5.3683008501852854     
         675   4.8774170284628457        5.4258277250692837        5.3687690841386093     
         676   4.8788779390317369        5.4276428046704757        5.3705291504889345     
         677   4.8832261461192923        5.4330459289915174        5.3757679473541273     
         678   4.8833168012815262        5.4331585904036634        5.3758773589546429     
         679   4.8867949197593772        5.4374813944387101        5.3800685060508222     
         680   4.8874366669197622        5.4382790761018169        5.3808420219980917     
         681   4.8901600410513968        5.4416644706805872        5.3841241866605394     
         682   4.8924313060871043        5.4444882043594243        5.3868617567830483     
         683   4.8944524328028276        5.4470012236107896        5.3892980444707348     
         684   4.8950482124530712        5.4477420495848587        5.3900163677533541     
         685   4.8968253430378104        5.4499519642630210        5.3921587569823579     
         686   4.8970400401457184        5.4502189597212860        5.3924177528016735     
         687   4.8985633038768208        5.4521133591529809        5.3942542483907445     
         688   4.8997269765900420        5.4535606517125812        5.3956573217617638     
         689   4.9036724773121270        5.4584684059251822        5.4004145265409527     
         690   4.9041447801458098        5.4590559615129868        5.4009842041190019     
         691   4.9043976248011685        5.4593705117546438        5.4012892676133823     
         692   4.9060565972470496        5.4614344470463445        5.4032899030048647     
         693   4.9083730519713686        5.4643166441808111        5.4060835573613844     
         694   4.9110354334116000        5.4676296633888724        5.4092946645050581     
         695   4.9132708195017045        5.4704116764317154        5.4119910413829153     
         696   4.9143437011092628        5.4717470235727221        5.4132853514228501     
         697   4.9156344173534974        5.4733535900832235        5.4148424837609284     
         698   4.9170508149709313        5.4751167121869351        5.4165513055753536     
         699   4.9178318109699006        5.4760889438718587        5.4174936639330191     
         700   4.9210066795419571        5.4800416041560194        5.4213242035321585     
         701   4.9217536914052786        5.4809717127319768        5.4222256937848421     
         702   4.9252498428961484        5.4853252501865564        5.4264444759688146     
         703   4.9253136798219268        5.4854047493415008        5.4265216947405825     
         704   4.9257224408943516        5.4859138049069527        5.4270151440662744     
         705   4.9272094127677084        5.4877657108300202        5.4288097633360799     
         706   4.9321911041607676        5.4939710135103992        5.4348224148644846     
         707   4.9409533924951825        5.5048892480886931        5.4454005628029662     
         708   4.9427161240334847        5.5070862729766699        5.4475291520011240     
         709   4.9501002448595921        5.5162917571322598        5.4564467489546402     
         710   4.9537863265407172        5.5208883144491230        5.4608993176852039     
         711   4.9538104240493057        5.5209183669110642        5.4609286136932873     
         712   4.9547980560377347        5.5221500926578271        5.4621218541323096     
         713   4.9549620030658721        5.5223545651522228        5.4623200922583841     
         714   4.9585594033178504        5.5268416146112429        5.4666663057768616     
         715   4.9598108768753786        5.5284027706317973        5.4681785340547435     
         716   4.9600234444416795        5.5286679486338439        5.4684355540432499     
         717   4.9614796429001089        5.5304846315975125        5.4701952330927419     
         718   4.9653562294122278        5.5353215175623856        5.4748798672081946     
         719   4.9659693497651523        5.5360866044518806        5.4756210065929949     
         720   4.9660396026130496        5.5361742714969102        5.4757060952190528     
         721   4.9664766964933289        5.5367197186244823        5.4762345192389965     
         722   4.9672269471740709        5.5376559802020422        5.4771414190259406     
         723   4.9693025319557211        5.5402463508626694        5.4796501747712192     
         724   4.9706195625481797        5.5418901701641872        5.4812422342580227     
         725   4.9710817345743461        5.5424670444181974        5.4818010592731099     
         726   4.9723282513572702        5.5440229891154038        5.4833079856485405     
         727   4.9736961363582104        5.5457305412035174        5.4849616956828626     
         728   4.9776761782880943        5.5506995528162877        5.4897734928684088     
         729   4.9799304664044568        5.5535144296472145        5.4924992762638283     
         730   4.9813519340939933        5.5552895460438574        5.4942182352825526     
         731   4.9852826607736542        5.5601988593511971        5.4989717333345816     
         732   4.9860609741535900        5.5611710545812878        5.4999131933306593     
         733   4.9896409587615969        5.5656433186439944        5.5042432637365586     
         734   4.9896748383752154        5.5656856462729518        5.5042844313443950     
         735   4.9925553748719489        5.5692847180115788        5.5077689544648152     
         736   4.9928194964076287        5.5696147492606016        5.5080886462870637     
         737   4.9963490899448493        5.5740255467896391        5.5123588161768815     
         738   4.9974800197415057        5.5754389909727182        5.5137272810729172     
         739   4.9979439641495427        5.5760188551428556        5.5142887978726094     
         740   4.9979811481168541        5.5760653303672036        5.5143339762300876     
         741   5.0031998875474191        5.5825889472715735        5.5206489963824268     
         742   5.0044850955491853        5.5841957659747132        5.5222045097023091     
         743   5.0053613650920550        5.5852913725935336        5.5232651784430296     
         744   5.0056705891177842        5.5856780092574905        5.5236396050979231     
         745   5.0057084680879518        5.5857253714433623        5.5236856375878176     
         746   5.0057854915172575        5.5858216784031622        5.5237790450280073     
         747   5.0086609324192422        5.5894172781056577        5.5272594433950886     
         748   5.0095132411172738        5.5904831482551183        5.5282912706210539     
         749   5.0097232419041351        5.5907457755378571        5.5285456507848387     
         750   5.0102108192661676        5.5913555511196087        5.5291360247099952     
         751   5.0108097554678217        5.5921046150113760        5.5298612064707022     
         752   5.0128235179717162        5.5946233062522355        5.5322991039883966     
         753   5.0131247698296209        5.5950001155113886        5.5326639815936005     
         754   5.0143741809985887        5.5965629538747326        5.5341767198291798     
         755   5.0171316947286337        5.6000125630974091        5.5375154240441518     
         756   5.0172580583718087        5.6001706535677993        5.5376686100222265     
         757   5.0179297130059908        5.6010109610696004        5.5384820247635709     
         758   5.0188250126313534        5.6021311148688486        5.5395662549340017     
         759   5.0204530812306185        5.6041682009290659        5.5415378216675073     
         760   5.0216931811207344        5.6057199608054740        5.5430396877134349     
         761   5.0228843193997923        5.6072105448091030        5.5444823284024380     
         762   5.0242245224330695        5.6088877738999106        5.5461055590109432     
         763   5.0250715092035296        5.6099478137511438        5.5471315254598039     
         764   5.0252958899185618        5.6102286432596600        5.5474034659497669     
         765   5.0257991004698921        5.6108584609585490        5.5480131088125688     
         766   5.0270129985536931        5.6123778395946058        5.5494835315264588     
         767   5.0277826154200973        5.6133411803435136        5.5504158894539977     
         768   5.0310378505686737        5.6174162166537061        5.5543591415227169     
         769   5.0311095012360072        5.6175059193570043        5.5544461276009294     
         770   5.0348421747485483        5.6221794669423835        5.5589682862325596     
         771   5.0385307319350190        5.6267986364599372        5.5634376026962826     
         772   5.0386687132559338        5.6269714466313419        5.5636049859318035     
         773   5.0393675558149420        5.6278467073773379        5.5644519794128975     
         774   5.0400313988670105        5.6286781616027248        5.5652565831870291     
         775   5.0412687329015311        5.6302279791469054        5.5667561674308281     
         776   5.0421707622843037        5.6313578728131262        5.5678494742258735     
         777   5.0427741577539020        5.6321137222852471        5.5685809043618306     
         778   5.0431837154710886        5.6326267719452989        5.5690774367759204     
         779   5.0474756113384140        5.6380038287786363        5.5742794038825068     
         780   5.0480099982003228        5.6386734107383258        5.5749273285788234     
         781   5.0486484286916458        5.6394733819469964        5.5757013816858070     
         782   5.0519975880175547        5.6436703913976105        5.5797614892826211     
         783   5.0527113387509006        5.6445649214413596        5.5806269671674862     
         784   5.0531360638535290        5.6450972364206065        5.5811420673659136     
         785   5.0546558733661566        5.6470021316101198        5.5829848408130047     
         786   5.0554796197378096        5.6480346575127340        5.5839837659788785     
         787   5.0614787178743157        5.6555555208893518        5.5912583366874351     
         788   5.0670494880434624        5.6625414307681439        5.5980149458622002     
         789   5.0688876563070462        5.6648469763181506        5.6002448302501193     
         790   5.0734330214453696        5.6705489705253713        5.6057591750701725     
         791   5.0739692951727822        5.6712217920672110        5.6064100012896105     
         792   5.0758266089131450        5.6735521612250013        5.6086636764592477     
         793   5.0760086519680616        5.6737805821009353        5.6088847504273112     
         794   5.0783398579287065        5.6767058774127763        5.6117136339692166     
         795   5.0787494355758884        5.6772198680294252        5.6122108338958512     
         796   5.0793990745448330        5.6780351400875855        5.6129993544937662     
         797   5.0809994772292857        5.6800436976760311        5.6149416930789720     
         798   5.0852646924837472        5.6853974702478576        5.6201184282790706     
         799   5.0900775829698661        5.6914400714364879        5.6259608206795875     
         800   5.0912467276742968        5.6929081573005256        5.6273803518886751     
         801   5.0925929754111277        5.6945987368536626        5.6290149603072592     
         802   5.0934863782747781        5.6957207098271727        5.6300998355382887     
         803   5.0940262671605128        5.6963987494556347        5.6307555259665989     
         804   5.0947360887144759        5.6972902333581485        5.6316175568743958     
         805   5.0961505074787325        5.6990667345607902        5.6333351483406027     
         806   5.1033118721854596        5.7080633024103298        5.6420320789138394     
         807   5.1037449676305275        5.7086074886506610        5.6425582949012494     
         808   5.1063214425765011        5.7118450850756259        5.6456879534377578     
         809   5.1066202664864386        5.7122206141057488        5.6460511269580742     
         810   5.1073816070720390        5.7131774087284510        5.6469761343982938     
         811   5.1091575194705907        5.7154093819536893        5.6491336589544474     
         812   5.1107459959196708        5.7174059538340725        5.6510636092721356     
         813   5.1115384733268270        5.7184020862063525        5.6520265840416393     
         814   5.1122726496046829        5.7193249703418729        5.6529187535365502     
         815   5.1159334736306823        5.7239272571115345        5.6573669598087513     
         816   5.1174295513917709        5.7258083286164387        5.6591851041124563     
         817   5.1175760234446637        5.7259925007182702        5.6593632885574578     
         818   5.1186283315833778        5.7273156995173746        5.6606422548930801     
         819   5.1187092323875962        5.7274174291285176        5.6607407626725568     
         820   5.1193828637457308        5.7282645104053413        5.6615595865751907     
         821   5.1199478668909686        5.7289750154753074        5.6622464156966501     
         822   5.1200062793040662        5.7290484716440675        5.6623175983050906     
         823   5.1204548707566877        5.7296126022439609        5.6628629663559877     
         824   5.1287065605077222        5.7399918673351058        5.6728930268014359     
         825   5.1307501143783876        5.7425629870150212        5.6753776098780584     
         826   5.1311290603497657        5.7430397911030520        5.6758385172172581     
         827   5.1332226720559504        5.7456742160933469        5.6783841827186272     
         828   5.1381977006024355        5.7519354876897753        5.6844339292813721     
         829   5.1398880176720665        5.7540631760092342        5.6864897704783921     
         830   5.1464782477017845        5.7623603644459509        5.6945057478079413     
         831   5.1475071312011904        5.7636559911960692        5.6957575608688344     
         832   5.1508526471559675        5.7678693132712056        5.6998278361149168     
         833   5.1525812330307676        5.7700465618783614        5.7019311843183758     
         834   5.1526078381708933        5.7700800739915925        5.7019637516969510     
         835   5.1540408917812268        5.7718852297126233        5.7037076306629793     
         836   5.1548358148643336        5.7728866161847616        5.7046750968524833     
         837   5.1551052277948024        5.7732260121644936        5.7050031236575158     
         838   5.1553751204241998        5.7735660170703245        5.7053317374018349     
         839   5.1553876755197594        5.7735818338211269        5.7053472113712864     
         840   5.1555822302195891        5.7738269326535248        5.7055841526575364     
         841   5.1568112090258973        5.7753752482437868        5.7070798774463292     
         842   5.1589248750262282        5.7780383516775897        5.7096523226474609     
         843   5.1607446805850961        5.7803314343323757        5.7118673092323036     
         844   5.1617583051633451        5.7816087636107465        5.7131011985880242     
         845   5.1625777948058182        5.7826414994962612        5.7140988375320880     
         846   5.1635035068313053        5.7838081500952452        5.7152258008119077     
         847   5.1641946268697456        5.7846791860598543        5.7160672459699562     
         848   5.1643021234601187        5.7848146694433193        5.7161982920880838     
         849   5.1674503489198500        5.7887828627014422        5.7200308687715449     
         850   5.1692192796414185        5.7910127948527164        5.7221846023004908     
         851   5.1702742248417373        5.7923427642449861        5.7234691793745505     
         852   5.1705509968961785        5.7926917024848512        5.7238063503691947     
         853   5.1709483466872843        5.7931926666945746        5.7242903324416332     
         854   5.1742412138647671        5.7973445805851727        5.7282999604124605     
         855   5.1749928943006784        5.7982924568931207        5.7292154789754370     
         856   5.1765710748890639        5.8002826748411662        5.7311375081062508     
         857   5.1783937513909546        5.8025814197969332        5.7333574094207478     
         858   5.1816249996218264        5.8066571636763964        5.7372930674839644     
         859   5.1848125975753447        5.8106785003270867        5.7411760140038695     
         860   5.1849210023554004        5.8108152705147100        5.7413082652460297     
         861   5.1886102187294405        5.8154702605716029        5.7458028009659365     
         862   5.1896348398004095        5.8167632637042415        5.7470513362308786     
         863   5.1918685088690886        5.8195822362129936        5.7497730644501779     
         864   5.1939016955475710        5.8221484689516405        5.7522507140611623     
         865   5.1945475243776693        5.8229636716054767        5.7530378971246350     
         866   5.1986152835553083        5.8280988445408424        5.7579953510747757     
         867   5.1988818367605321        5.8284353803457556        5.7583204152834568     
         868   5.1999121481362325        5.8297362389225009        5.7595763512310292     
         869   5.2027667004260021        5.8333407154311985        5.7630559065046540     
         870   5.2034223219590601        5.8341686497889658        5.7638552798606391     
         871   5.2042291845042268        5.8351876125068101        5.7648390356886452     
         872   5.2059430836621914        5.8373521826087211        5.7669285554240837     
         873   5.2066909652898108        5.8382967789532163        5.7678404965253307     
         874   5.2069713190554303        5.8386508831469257        5.7681824808485445     
         875   5.2070212686363826        5.8387139730919904        5.7682435745923968     
         876   5.2078377026291180        5.8397452110348560        5.7692391280586612     
         877   5.2090869025837128        5.8413231580932923        5.7707623447792322     
         878   5.2097840535672706        5.8422038188985432        5.7716125363486555     
         879   5.2101524081138466        5.8426691472880021        5.7720618556125736     
         880   5.2103393679527690        5.8429053299065012        5.7722900096539007     
         881   5.2110456328080303        5.8437975602829226        5.7731513524856126     
         882   5.2135492903078315        5.8469607085609194        5.7762044215416566     
         883   5.2135793914096134        5.8469987410571749        5.7762413264545209     
         884   5.2177293372747506        5.8522427176995198        5.7813024360205318     
         885   5.2182014328624735        5.8528393393238245        5.7818784098740146     
         886   5.2183656330093413        5.8530468543619820        5.7820788723094516     
         887   5.2198899678293298        5.8549733806500699        5.7839382507313495     
         888   5.2217826389597830        5.8573656343744478        5.7862470193185729     
         889   5.2267908158672114        5.8636968559536538        5.7923566627095475     
         890   5.2315645122075267        5.8697331455097572        5.7981812965224222     
         891   5.2322069363328474        5.8705455954387382        5.7989654013052423     
         892   5.2322833607342076        5.8706422482977514        5.7990588577381921     
         893   5.2327243928995859        5.8712000227372139        5.7995972301847267     
         894   5.2333430999670751        5.8719825240274233        5.8003524261656096     
         895   5.2340267659633177        5.8728472097186426        5.8011869099540228     
         896   5.2365557171040678        5.8760460313660214        5.8042733915316305     
         897   5.2377307208537021        5.8775324102787980        5.8057076389752140     
         898   5.2395923166283946        5.8798875085516249        5.8079799708120561     
         899   5.2401466753140618        5.8805888686493049        5.8086568115275163     
         900   5.2415566574969352        5.8823728298698326        5.8103780724708329     
         901   5.2419548471781878        5.8828766571253226        5.8108643293374804     
         902   5.2462409743042127        5.8883005136240563        5.8160969021289830     
         903   5.2494904356637297        5.8924133113843080        5.8200644865159212     
         904   5.2503919971467958        5.8935545250482075        5.8211655186718794     
         905   5.2515489708144107        5.8950191206377438        5.8225784688355020     
         906   5.2521849935585152        5.8958242888273205        5.8233553251132619     
         907   5.2525507254331654        5.8962872960753341        5.8238021339040422     
         908   5.2529572584193946        5.8968019665560432        5.8242987733134335     
         909   5.2540501123283265        5.8981855713805391        5.8256335510883233     
         910   5.2558351732398512        5.9004457077653409        5.8278137553346312     
         911   5.2589230049321847        5.9043558163752659        5.8315852993737600     
         912   5.2635522634355301        5.9102189733594672        5.8372402647481323     
         913   5.2637506393756786        5.9104702558326148        5.8374828088714104     
         914   5.2645703852703232        5.9115086533763144        5.8384844579433057     
         915   5.2654972202706212        5.9126827559636688        5.8396169689182003     
         916   5.2664334212856705        5.9138687792792988        5.8407609609129167     
         917   5.2701713792713676        5.9186047605040226        5.8453283466787376     
         918   5.2710826102797910        5.9197594234055053        5.8464420199693130     
         919   5.2730984014470552        5.9223139149971953        5.8489055323947881     
         920   5.2742403268294389        5.9237611245631276        5.8503012546428614     
         921   5.2744802408429177        5.9240651882278543        5.8505946571949856     
         922   5.2748547232124805        5.9245398093362631        5.8510525218137879     
         923   5.2754082966678419        5.9252414280217911        5.8517292687643945     
         924   5.2780487585984304        5.9285883143667393        5.8549566750005901     
         925   5.2782259522389889        5.9288129301176591        5.8551734563110145     
         926   5.2795411427869174        5.9304801665336573        5.8567812254350962     
         927   5.2829300508798474        5.9347767188070337        5.8609240672998766     
         928   5.2871856863441025        5.9401731782880196        5.8661271261330228     
         929   5.2875075707197610        5.9405813987944995        5.8665208907568278     
         930   5.2892242197214498        5.9427586015867107        5.8686200859013944     
         931   5.2904487465019621        5.9443117682721498        5.8701176297922615     
         932   5.2924752897657363        5.9468824095536892        5.8725960186348019     
         933   5.2926606144630224        5.9471175044860543        5.8728228573040724     
         934   5.2938486118256121        5.9486245993062488        5.8742759131316049     
         935   5.2952084080437851        5.9503497498706874        5.8759391458596433     
         936   5.2995953046894551        5.9559161434567622        5.8813050781818710     
         937   5.3024829660660346        5.9595808816429896        5.8848377210386182     
         938   5.3038245667303379        5.9612836931500164        5.8864792129755372     
         939   5.3046343679002534        5.9623115802842266        5.8874701501483386     
         940   5.3067490120682450        5.9649959144126496        5.8900576063665362     
         941   5.3089646666054975        5.9678087805747575        5.8927688604629047     
         942   5.3102243609365898        5.9694081563783810        5.8943105090742840     
         943   5.3121923788889394        5.9719070628362996        5.8967190497999766     
         944   5.3142137051252716        5.9744739179603537        5.8991930043839211     
         945   5.3142928246145962        5.9745743961005928        5.8992900403121808     
         946   5.3168315569546678        5.9777986846894704        5.9023974749271915     
         947   5.3179968911635456        5.9792788436170721        5.9038240619257287     
         948   5.3189267285212560        5.9804599471254516        5.9049624411166519     
         949   5.3215790753159347        5.9838293333902328        5.9082094827433984     
         950   5.3231874873416034        5.9858727871781516        5.9101787562856458     
         951   5.3235384520719808        5.9863187027171305        5.9106086379616620     
         952   5.3247779929145125        5.9878936554554443        5.9121264250991530     
         953   5.3325444857304136        5.9977639710504436        5.9216367763183690     
         954   5.3344751129642685        6.0002181802204646        5.9240014674031372     
         955   5.3345704936216904        6.0003394341517700        5.9241184914607032     
         956   5.3374317012734700        6.0039770559468737        5.9276232028440035     
         957   5.3395702298714127        6.0066962389849134        5.9302429886129389     
         958   5.3406968020903243        6.0081288176513237        5.9316232645543394     
         959   5.3419691231833966        6.0097468331090482        5.9331821530778299     
         960   5.3459474169504198        6.0148067197981980        5.9380565123264297     
         961   5.3465062870601843        6.0155176139636541        5.9387414942059991     
         962   5.3473861043589093        6.0166368004553341        5.9398197567313389     
         963   5.3477718925855022        6.0171275647029434        5.9402926867083750     
         964   5.3512939044435299        6.0216083892907717        5.9446088849765601     
         965   5.3522426864703485        6.0228155997353214        5.9457718541544473     
         966   5.3525331131898604        6.0231851442838753        5.9461279952358979     
         967   5.3559443034537075        6.0275260173620326        5.9503091000904398     
         968   5.3559486448423979        6.0275315424292728        5.9503146271858363     
         969   5.3572360104868446        6.0291699618656223        5.9518928170119381     
         970   5.3576114438571718        6.0296477929846608        5.9523532228500819     
         971   5.3579808981067840        6.0301180231209850        5.9528063056956917     
         972   5.3586537746395191        6.0309744626381869        5.9536313391041062     
         973   5.3608144878926653        6.0337248241360761        5.9562803326183307     
         974   5.3611316900134183        6.0341286146602489        5.9566694095982804     
         975   5.3630037630406928        6.0365118505722517        5.9589647567987818     
         976   5.3646785588997945        6.0386441360457237        5.9610183759868178     
         977   5.3653835044881157        6.0395416999599201        5.9618829303397369     
         978   5.3665511213497092        6.0410284256792544        5.9633148238379761     
         979   5.3670353533699631        6.0416450239038539        5.9639087946773301     
         980   5.3692668471688245        6.0444866994370940        5.9666453894676081     
         981   5.3696572188165286        6.0449838478672406        5.9671243151455045     
         982   5.3712115102537279        6.0469633764230064        5.9690306420558876     
         983   5.3718146664143127        6.0477315917210781        5.9697705638336096     
         984   5.3720736505189048        6.0480614564120874        5.9700883953778607     
         985   5.3725961375598352        6.0487269546195224        5.9707294030074252     
         986   5.3738160406857558        6.0502808292925687        5.9722257995047521     
         987   5.3771048226320186        6.0544704587133928        5.9762599683448450     
         988   5.3792018058614666        6.0571422042073078        5.9788325481375573     
         989   5.3792693202764168        6.0572282283970802        5.9789155783137282     
         990   5.3798650689286909        6.0579873205315096        5.9796466284471066     
         991   5.3811238065204829        6.0595912569565531        5.9811910615622494     
         992   5.3819470177848192        6.0606402830611721        5.9822012266180558     
         993   5.3858834139345682        6.0656570794582692        5.9870312227320142     
         994   5.3870554095729721        6.0671509405791504        5.9884695509211916     
         995   5.3871149121032840        6.0672267866867209        5.9885427735925454     
         996   5.3883663578135419        6.0688220206672936        5.9900786631699354     
         997   5.3922154421803521        6.0737291362393444        5.9948026192826376     
         998   5.3933747681974724        6.0752073250180993        5.9962257262563661     
         999   5.3941294247027578        6.0761695903434809        5.9971521939335020     
        1000   5.3945194712950739        6.0766669547277079        5.9976311518876955     
        1001   5.3945663967847031        6.0767267920081949        5.9976889571700305     
        1002   5.3980857712155750        6.0812149487100315        6.0020092218670058     
        1003   5.3990664496723531        6.0824657232155879        6.0032133172154580     
        1004   5.4020808540205278        6.0863107392405551        6.0069142952683237     
        1005   5.4022453544206668        6.0865205843372383        6.0071164712163991     
        1006   5.4031891145044195        6.0877245268549469        6.0082754187538434     
        1007   5.4047943467402497        6.0897724340164032        6.0102466061693853     
        1008   5.4058040224025685        6.0910606339050215        6.0114865999048810     
        1009   5.4081215919296843        6.0940177679786105        6.0143327338003267     
        1010   5.4091098713045040        6.0952788827566566        6.0155466003903193     
        1011   5.4094512861430948        6.0957145671605195        6.0159660938983279     
        1012   5.4103258004532284        6.0968305821291082        6.0170403005070092     
        1013   5.4117150974842749        6.0986036415927627        6.0187467858043782     
        1014   5.4125457141808777        6.0996637577626265        6.0197671640569972     
        1015   5.4140275442116605        6.1015551292171946        6.0215874435344681     
        1016   5.4145053899778963        6.1021650703288017        6.0221745911859799     
        1017   5.4157880562840450        6.1038023895884166        6.0237503519192472     
        1018   5.4175451909813939        6.1060455402485907        6.0259090403049491     
        1019   5.4199636947516625        6.1091333210428811        6.0288803842525738     
        1020   5.4221106110456967        6.1118746770325521        6.0315183000235564     
        1021   5.4234253775102577        6.1135536253850695        6.0331339353631179     
        1022   5.4247475884308232        6.1152421939820449        6.0347587949218067     
        1023   5.4266199198620901        6.1176335053790520        6.0370597410355771     
        1024   5.4273089853398879        6.1185136262370667        6.0379067189431836     
        1025   5.4292879507077609        6.1210414664379540        6.0403389273556272     
        1026   5.4303161096599988        6.1223548907421979        6.0416027350273325     
        1027   5.4308012170907425        6.1229746164403105        6.0421991534438853     
        1028   5.4337289188742979        6.1267150874005694        6.0457978025822285     
        1029   5.4341714136563191        6.1272804733408233        6.0463419157163045     
        1030   5.4357721387088294        6.1293258640056782        6.0483097693937324     
        1031   5.4413971910050618        6.1365148278455424        6.0552253103183418     
        1032   5.4446194916840351        6.1406339438149837        6.0591875870363623     
        1033   5.4470887429128370        6.1437908845879576        6.0622242433162192     
        1034   5.4542517388002114        6.1529510399630070        6.0710343431192584     
        1035   5.4559787198790870        6.1551600336325638        6.0731589373639387     
        1036   5.4566993591200559        6.1560818660850511        6.0740456555472839     
        1037   5.4568615937864857        6.1562893992722305        6.0742454452854808     
        1038   5.4588612644446792        6.1588475515443104        6.0767057226272883     
        1039   5.4589604361135242        6.1589744273641100        6.0768279425023373     
        1040   5.4636256946407045        6.1649436792391290        6.0825682323494235     
        1041   5.4651472436602333        6.1668908269552514        6.0844407481252993     
        1042   5.4667634360400683        6.1689592572250262        6.0864298375634576     
        1043   5.4701736618901737        6.1733242833956270        6.0906270362242267     
        1044   5.4701875050804052        6.1733420039769724        6.0906442854306988     
        1045   5.4745830741126822        6.1789693797323970        6.0960549167135305     
        1046   5.4748493983036832        6.1793103788601904        6.0963829689688787     
        1047   5.4796568290430301        6.1854665703550200        6.1023015916453893     
        1048   5.4816558616877931        6.1880268929116262        6.1047631074227660     
        1049   5.4816895608990688        6.1880700564606395        6.1048048128162655     
        1050   5.4845600675922714        6.1917470112152175        6.1083396435399067     
        1051   5.4852231080702110        6.1925964050026288        6.1091563471117318     
        1052   5.4854107208802718        6.1928367532676507        6.1093875957164769     
        1053   5.4869253105744509        6.1947771585230651        6.1112530131641201     
        1054   5.4874425615522195        6.1954398652447065        6.1118902391179262     
        1055   5.4903199982485207        6.1991267843864293        6.1154343387894592     
        1056   5.4908908648015577        6.1998583121479447        6.1161376812047834     
        1057   5.4918010078862567        6.2010246446332209        6.1172589368307868     
        1058   5.4921151017161565        6.2014271630264188        6.1176460339798950     
        1059   5.4928217540711675        6.2023327777988841        6.1185166808540146     
        1060   5.4957448759770857        6.2060792716347608        6.1221177483884546     
        1061   5.4960660176035363        6.2064909052324637        6.1225135831322071     
        1062   5.4963682052440355        6.2068782501392530        6.1228860721939284     
        1063   5.4979197020313855        6.2088670572846096        6.1247976970691624     
        1064   5.4983389795184809        6.2094045409596310        6.1253144693041612     
        1065   5.5006152542714775        6.2123227636591931        6.1281192417636809     
        1066   5.5012549758324312        6.2131429588336182        6.1289076860763601     
        1067   5.5033975665742370        6.2158901977610022        6.1315480199346943     
        1068   5.5039799632633972        6.2166370014492838        6.1322659028764726     
        1069   5.5046618062779675        6.2175113528969925        6.1331063497343692     
        1070   5.5075712243576147        6.2212425464133645        6.1366920655697754     
        1071   5.5078867137522414        6.2216471803733331        6.1370811034113153     
        1072   5.5085266525172738        6.2224679601120743        6.1378700223584097     
        1073   5.5086171241498523        6.2225840003933319        6.1379817405739026     
        1074   5.5101398424921477        6.2245371427445741        6.1398587389229924     
        1075   5.5109467460476536        6.2255721941094038        6.1408535209636845     
        1076   5.5136854865590026        6.2290856189408084        6.1442296519419664     
        1077   5.5138111678474342        6.2292468624802897        6.1443847947482162     
        1078   5.5141161169471697        6.2296381030232810        6.1447609269572503     
        1079   5.5141613558685041        6.2296961437231984        6.1448169078960149     
        1080   5.5145231975513962        6.2301603847636491        6.1452631792109749     
        1081   5.5150182355339501        6.2307955299449667        6.1458736568260015     
        1082   5.5168319399250816        6.2331226924983989        6.1481098298780736     
        1083   5.5176159559579165        6.2341287298642811        6.1490766343242491     
        1084   5.5184806955549082        6.2352383974249532        6.1501429922506539     
        1085   5.5196470366829553        6.2367351698503048        6.1515812497846731     
        1086   5.5205141044078943        6.2378479410333831        6.1526505564541871     
        1087   5.5207657942746433        6.2381709622523847        6.1529611095641776     
        1088   5.5212775727329815        6.2388277965673185        6.1535923666245900     
        1089   5.5213059052099078        6.2388641599600634        6.1536275157576910     
        1090   5.5215359004605142        6.2391593499326028        6.1539113269250976     
        1091   5.5222692678395777        6.2401006217607042        6.1548158407642291     
        1092   5.5230444890436043        6.2410956512089948        6.1557719897019751     
        1093   5.5238079891814085        6.2420756748805530        6.1567137113782131     
        1094   5.5268951753024815        6.2460387581179715        6.1605211434622653     
        1095   5.5272071433762591        6.2464392727939426        6.1609061101675593     
        1096   5.5276328081560315        6.2469857653190219        6.1614313069223741     
        1097   5.5283136223360394        6.2478598579125713        6.1622712024139616     
        1098   5.5291805895990320        6.2489729953957527        6.1633407194645358     
        1099   5.5301410050690647        6.2502061730180483        6.1645255330109237     
        1100   5.5301671779679626        6.2502397799850149        6.1645580300058036     
        1101   5.5301718321946538        6.2502457561883809        6.1645639848875540     
        1102   5.5303643806155485        6.2504929969063410        6.1648016980646183     
        1103   5.5318042133151311        6.2523418835021038        6.1665779274628463     
        1104   5.5347418731418010        6.2561145513729075        6.1702019932355689     
        1105   5.5347988704286655        6.2561877553468541        6.1702725223586654     
        1106   5.5369576108708571        6.2589604728336372        6.1729359753094997     
        1107   5.5371484566684588        6.2592056127355233        6.1731716462471304     
        1108   5.5373257021705875        6.2594332853194805        6.1733905392470554     
        1109   5.5375592790210186        6.2597333189209685        6.1736789337882918     
        1110   5.5385112346205769        6.2609561599936114        6.1748536673923482     
        1111   5.5387348422272957        6.2612434053485284        6.1751297739717792     
        1112   5.5396282050477366        6.2623910482598450        6.1762322616029941     
        1113   5.5408672985723060        6.2639829152853101        6.1777613867958010     
        1114   5.5412322650249424        6.2644518080650231        6.1782119445355512     
        1115   5.5414023674590851        6.2646703511645567        6.1784220557443312     
        1116   5.5431312238383352        6.2668916484133481        6.1805556518196063     
        1117   5.5436278562395422        6.2675297761898205        6.1811687276650780     
        1118   5.5448745409041020        6.2691317251430183        6.1827074415361984     
        1119   5.5464714941786148        6.2711839077585774        6.1846785131835702     
        1120   5.5514021006077350        6.2775211017370296        6.1907644799053685     
        1121   5.5515064504277154        6.2776552374981209        6.1908935037064730     
        1122   5.5519821658077007        6.2782667516931614        6.1914809444989594     
        1123   5.5525458793342226        6.2789914035544587        6.1921770237233460     
        1124   5.5548048566168582        6.2818955220877832        6.1949659265325643     
        1125   5.5557985731383788        6.2831731409286888        6.1961929480054678     
        1126   5.5571184566266050        6.2848702127832592        6.1978227112264186     
        1127   5.5572606784631420        6.2850530847966990        6.1979985204949237     
        1128   5.5597167435055468        6.2882113591117257        6.2010312521379944     
        1129   5.5618307043935022        6.2909300384028963        6.2036418008523242     
        1130   5.5628051831268648        6.2921833755092935        6.2048453763250926     
        1131   5.5637889052690737        6.2934486648672214        6.2060604091237082     
        1132   5.5647032016503886        6.2946247144022021        6.2071897453611840     
        1133   5.5657227832030367        6.2959362563629657        6.2084491485662525     
        1134   5.5667906842042392        6.2973100279776286        6.2097682760933708     
        1135   5.5681051713715384        6.2990011171800369        6.2113920196558219     
        1136   5.5690232202949215        6.3001822559889815        6.2125261665990372     
        1137   5.5705785427583603        6.3021834223754158        6.2144475294890711     
        1138   5.5727420556978808        6.3049673876565597        6.2171203131029209     
        1139   5.5734535210311460        6.3058829547925761        6.2179994413228528     
        1140   5.5737501506372453        6.3062646899985770        6.2183661069770260     
        1141   5.5743283823631584        6.3070088381647613        6.2190806686999096     
        1142   5.5757746279923071        6.3088701630749986        6.2208676369177027     
        1143   5.5800796312636063        6.3144115428366003        6.2261869836182235     
        1144   5.5809877194260551        6.3155805864931063        6.2273093113824594     
        1145   5.5812833352756694        6.3159611646779652        6.2276748240625110     
        1146   5.5824584092817187        6.3174740215437435        6.2291271322574495     
        1147   5.5833154105330900        6.3185774312550977        6.2301864224861347     
        1148   5.5853149687085333        6.3211520998592228        6.2326578001584352     
        1149   5.5871540110836238        6.3235203194141585        6.2349309608882848     
        1150   5.5872142351522482        6.3235978765143503        6.2350056136004177     
        1151   5.5885929049754806        6.3253734057828126        6.2367098844518303     
        1152   5.5891765133065086        6.3261250477139566        6.2374314744282877     
        1153   5.5896635294508270        6.3267523037538922        6.2380336826085703     
        1154   5.5904296307563399        6.3277390414395898        6.2389808839026912     
        1155   5.5949111082458796        6.3335119601846088        6.2445212159713641     
        1156   5.5950778016333089        6.3337267158387203        6.2447275210331163     
        1157   5.5951050061954737        6.3337617643959634        6.2447613722128494     
        1158   5.5954613424008812        6.3342208489143337        6.2452021426827180     
        1159   5.5956010488599812        6.3344008415485140        6.2453750864014737     
        1160   5.5961050986972216        6.3350502514864226        6.2459984941489779     
        1161   5.5982156002725878        6.3377695719594236        6.2486081880884043     
        1162   5.5983543702321832        6.3379483834183521        6.2487799910976705     
        1163   5.5999176188631896        6.3399627893506443        6.2507131853978102     
        1164   5.6013480185576663        6.3418061480444194        6.2524822056163565     
        1165   5.6018548574019329        6.3424593448011075        6.2531091914879795     
        1166   5.6050216143745883        6.3465409405469853        6.2570257505504792     
        1167   5.6053747603036665        6.3469961474759033        6.2574627330020789     
        1168   5.6056084314030761        6.3472973552882328        6.2577519541521234     
        1169   5.6057123188225972        6.3474312699005120        6.2578806602240711     
        1170   5.6057773926081538        6.3475151527109794        6.2579613617268848     
        1171   5.6062885834875669        6.3481741087613619        6.2585938304328828     
        1172   5.6069249448927492        6.3489944414816195        6.2593811287711212     
        1173   5.6073719567801579        6.3495707000625270        6.2599342418862634     
        1174   5.6088564084705315        6.3514844537008823        6.2617705961872225     
        1175   5.6129233000858267        6.3567282369035860        6.2668017042539930     
        1176   5.6132673092239083        6.3571718470895222        6.2672275077497197     
        1177   5.6136649607767541        6.3576846406000254        6.2677196806717603     
        1178   5.6139308972006354        6.3580275860892836        6.2680489061254434     
        1179   5.6153662052721405        6.3598786075508533        6.2698248917166772     
        1180   5.6154399924557854        6.3599737696833749        6.2699164021895974     
        1181   5.6157658957156249        6.3603940861585224        6.2703198427868330     
        1182   5.6167068493602770        6.3616076709617992        6.2714842782064437     
        1183   5.6202744169595160        6.3662094379329242        6.2758989117005868     
        1184   5.6204896029709115        6.3664870311369199        6.2761654138856962     
        1185   5.6218405092023502        6.3682297909921139        6.2778373693468055     
        1186   5.6223621173032168        6.3689027330199721        6.2784830960180145     
        1187   5.6229300904501178        6.3696355125654947        6.2791862148375372     
        1188   5.6235163346119688        6.3703918872769902        6.2799119602009554     
        1189   5.6245742509644430        6.3717568733665280        6.2812214785211289     
        1190   5.6255691865339603        6.3730406659422183        6.2824530959961749     
        1191   5.6274533985937083        6.3754720969527305        6.2847854622567816     
        1192   5.6275813285589411        6.3756371893247357        6.2849440297184849     
        1193   5.6278818387745710        6.3760249991145184        6.2853162156905640     
        1194   5.6290326201149874        6.3775101432598635        6.2867408918815251     
        1195   5.6328301525605475        6.3824116856478756        6.2914421812014929     
        1196   5.6366083024448699        6.3872891644669538        6.2961201134602582     
        1197   5.6370945400183805        6.3879169517924419        6.2967223878238556     
        1198   5.6397097591922254        6.3912937639504639        6.2999609288992104     
        1199   5.6406419168865334        6.3924974909066332        6.3011154757057355     
        1200   5.6408705900170517        6.3927927931560733        6.3013988760053010     
        1201   5.6418695985577356        6.3940829264703449        6.3026362600100043     
        1202   5.6423269196139989        6.3946735393624659        6.3032028372780076     
        1203   5.6436337905944791        6.3963613908453354        6.3048215695258456     
        1204   5.6451217675620846        6.3982832832826544        6.3066646876560490     
        1205   5.6455551795162346        6.3988431121780724        6.3072017179843591     
        1206   5.6461399048503127        6.3995984091764617        6.3079261736493102     
        1207   5.6464622494075911        6.4000147954141395        6.3083256532121581     
        1208   5.6487926153463617        6.4030252349845878        6.3112124294986351     
        1209   5.6501458782019967        6.4047735886403787        6.3128890077058024     
        1210   5.6510148505726638        6.4058963256287562        6.3139657127221298     
        1211   5.6517057279914740        6.4067889948611949        6.3148218173238710     
        1212   5.6521129684025748        6.4073151971823767        6.3153265518639046     
        1213   5.6527366426286578        6.4081210788184402        6.3160994322778343     
        1214   5.6552804686855849        6.4114083567686206        6.3192513385122631     
        1215   5.6569450859137955        6.4135597046326707        6.3213141006211764     
        1216   5.6572154352287622        6.4139091210041972        6.3216493085489454     
        1217   5.6579661298195836        6.4148793912760738        6.3225797254681986     
        1218   5.6582121239335681        6.4151973460453728        6.3228847661693948     
        1219   5.6582266916735859        6.4152161754130388        6.3229030380379321     
        1220   5.6606232995070176        6.4183140768718561        6.3258731258819090     
        1221   5.6634709798507910        6.4219955424732733        6.3294025137340633     
        1222   5.6649487625779500        6.4239062256007289        6.3312343120842449     
        1223   5.6653333072495808        6.4244034424020233        6.3317111569856763     
        1224   5.6658728392170916        6.4251010746659825        6.3323801121433227     
        1225   5.6664906047183266        6.4258998893237447        6.3331460514796838     
        1226   5.6665851277211541        6.4260221165295537        6.3332634347415038     
        1227   5.6697462766856939        6.4301101261076550        6.3371821701118662     
        1228   5.6700334905363974        6.4304815852549320        6.3375384392343328     
        1229   5.6722712783305056        6.4333759479019434        6.3403128872957311     
        1230   5.6727918422614598        6.4340492951760497        6.3409584931047895     
        1231   5.6739057754966069        6.4354902240999623        6.3423397869021727     
        1232   5.6755108757465162        6.4375666484398151        6.3443301348922105     
        1233   5.6755895380412609        6.4376684136841966        6.3444278906180855     
        1234   5.6796603114638620        6.4429353301412453        6.3494758990094766     
        1235   5.6808550711321688        6.4444813648162222        6.3509577707865681     
        1236   5.6816973369049801        6.4455713252301514        6.3520025446347113     
        1237   5.6848840707927728        6.4496956481482108        6.3559551425322134     
        1238   5.6853599217598809        6.4503115606120511        6.3565455816148813     
        1239   5.6865566734864270        6.4518606301148198        6.3580302280148722     
        1240   5.6870212741308421        6.4524620327515319        6.3586067474535604     
        1241   5.6876985920756011        6.4533388133703715        6.3594471419171121     
        1242   5.6885969010449680        6.4545017118741308        6.3605616941937235     
        1243   5.6889371336416872        6.4549421713139710        6.3609839757082582     
        1244   5.6917603231249307        6.4585973246748010        6.3644865724844770     
        1245   5.6935531682969778        6.4609187797008847        6.3667111356106538     
        1246   5.6955167102871407        6.4634615078516093        6.3691476427100859     
        1247   5.6972055924538827        6.4656487666502267        6.3712435003292178     
        1248   5.6981229359331129        6.4668368916081409        6.3723820539192175     
        1249   5.6981391084125095        6.4668578383870639        6.3724023449946223     
        1250   5.6981846288222524        6.4669167970327806        6.3724590545846915     
        1251   5.6986402491339856        6.4675069302372474        6.3730246712455880     
        1252   5.6990804829514090        6.4680771476219308        6.3735712031082912     
        1253   5.6992069579095048        6.4682409680185895        6.3737283765583754     
        1254   5.7010488971622060        6.4706269154940772        6.3760144632335098     
        1255   5.7050615172091499        6.4758254327697111        6.3809949091743690     
        1256   5.7060756999638205        6.4771395201450090        6.3822539882740656     
        1257   5.7061585280296399        6.4772468444013063        6.3823570235101208     
        1258   5.7065561827021369        6.4777621108509944        6.3828508498873227     
        1259   5.7078258830856123        6.4794074134838322        6.3844271826813781     
        1260   5.7078859035026435        6.4794851917964751        6.3845019120565922     
        1261   5.7079916974068716        6.4796222869238891        6.3846334629297168     
        1262   5.7083302949754273        6.4800610703470989        6.3850540097948532     
        1263   5.7092794937180873        6.4812911635727586        6.3862325644692142     
        1264   5.7100312810882707        6.4822654688280590        6.3871660819334366     
        1265   5.7100480123307307        6.4822871527014874        6.3871870758540439     
        1266   5.7110811526521514        6.4836261503088171        6.3884699164321468     
        1267   5.7115171638224060        6.4841912624578484        6.3890114505413571     
        1268   5.7119995227577851        6.4848164606236480        6.3896105356480959     
        1269   5.7122621196835910        6.4851568260129477        6.3899367844456769     
        1270   5.7131105820535133        6.4862565934298599        6.3909904323710123     
        1271   5.7133879854561229        6.4866161711068635        6.3913350779580078     
        1272   5.7138376601070382        6.4871990623500846        6.3918936218833515     
        1273   5.7152530023694466        6.4890337899699144        6.3936512079213728     
        1274   5.7155742869193578        6.4894502942986447        6.3940503672064217     
        1275   5.7162322036880893        6.4903032209002980        6.3948675340652592     
        1276   5.7164145291702733        6.4905395937202259        6.3950941565710941     
        1277   5.7165707119723077        6.4907420760772059        6.3952883180743569     
        1278   5.7180105645714230        6.4926088425196582        6.3970765138090329     
        1279   5.7183390042640267        6.4930346835471049        6.3974845981410837     
        1280   5.7192044020450625        6.4941567564800646        6.3985595076531823     
        1281   5.7195152311135589        6.4945597890861979        6.3989457393461855     
        1282   5.7224259968879316        6.4983343123030020        6.4025609555464769     
        1283   5.7225860133805622        6.4985418295399580        6.4027599206884425     
        1284   5.7240057882066830        6.5003831386273863        6.4045235647796481     
        1285   5.7252203079869446        6.5019583596276611        6.4060323447872634     
        1286   5.7309143490270813        6.5093448023119418        6.4131060203123020     
        1287   5.7310648933261472        6.5095401214994695        6.4132932782806336     
        1288   5.7394123765386436        6.5203727022013149        6.4236658754683376     
        1289   5.7402002101955691        6.5213953212670770        6.4246452026115968     
        1290   5.7416300210775422        6.5232513425703846        6.4264224360562636     
        1291   5.7433998563572892        6.5255489365495087        6.4286223877073496     
        1292   5.7478705853071572        6.5313537618338158        6.4341799007046561     
        1293   5.7482789858381924        6.5318840990907079        6.4346878275013353     
        1294   5.7490434377663870        6.5328768247546263        6.4356383986733157     
        1295   5.7504173182765390        6.5346610601556661        6.4373466608852752     
        1296   5.7505776220120133        6.5348692522039489        6.4375461842546642     
        1297   5.7510850194311711        6.5355282383454467        6.4381772413010303     
        1298   5.7512002550941403        6.5356779039334221        6.4383207368947879     
        1299   5.7520970187302067        6.5368426317759800        6.4394359141436759     
        1300   5.7532581950064738        6.5383508626939566        6.4408798907721483     
        1301   5.7535532721546829        6.5387341475782295        6.4412470103469595     
        1302   5.7541362435352310        6.5394914045074231        6.4419721047820637     
        1303   5.7564448298644235        6.5424903927760321        6.4448429860184469     
        1304   5.7569324732723199        6.5431239160244878        6.4454496112041610     
        1305   5.7584507829708427        6.5450965349793107        6.4473379705046447     
        1306   5.7590339692466523        6.5458542638702069        6.4480634598036275     
        1307   5.7593745170681387        6.5462967453344865        6.4484872053213742     
        1308   5.7600022617249440        6.5471124086477479        6.4492681350059975     
        1309   5.7601335270509466        6.5472829723020327        6.4494316127349975     
        1310   5.7614075375135050        6.5489384575913938        6.4510163424567786     
        1311   5.7632243012447226        6.5512994014981434        6.4532762272196962     
        1312   5.7644278439193624        6.5528635673654199        6.4547734794063096     
        1313   5.7649659152822625        6.5535628952574241        6.4554430060007491     
        1314   5.7674735187878472        6.5568222694618745        6.4585625822872821     
        1315   5.7679461247019503        6.5574366085584899        6.4591507408165540     
        1316   5.7681755582021053        6.5577348539625673        6.4594363907930763     
        1317   5.7682964025527497        6.5578919434912635        6.4595869525827219     
        1318   5.7684854835244641        6.5581377380187638        6.4598224052427113     
        1319   5.7686828233722736        6.5583942711935190        6.4600681341009150     
        1320   5.7689105667307334        6.5586903308749198        6.4603516889956509     
        1321   5.7696426979996964        6.5596421037881703        6.4612627544214902     
        1322   5.7697195108169073        6.5597419627883164        6.4613585439471564     
        1323   5.7701307077469961        6.5602765380950760        6.4618703490420195     
        1324   5.7741249756316790        6.5654698686926576        6.4668403251898781     
        1325   5.7767020930173452        6.5688211987418406        6.4700474315582852     
        1326   5.7768426390439966        6.5690039802554159        6.4702225571175198     
        1327   5.7772038390011158        6.5694737305433053        6.4706722746223058     
        1328   5.7787998431851486        6.5715494827115153        6.4726587004309373     
        1329   5.7813110952669859        6.5748159490435434        6.4757843666535990     
        1330   5.7818245765025056        6.5754839031561811        6.4764236932901156     
        1331   5.7821417138353484        6.5758964552591266        6.4768186479929284     
        1332   5.7835795452133718        6.5777669617654588        6.4786085425212754     
        1333   5.7853157052116169        6.5800257570812040        6.4807698895979691     
        1334   5.7869962066260694        6.5822123333336684        6.4828620827380874     
        1335   5.7886436105055372        6.5843560305371422        6.4849131969582601     
        1336   5.7892507193395701        6.5851460820184515        6.4856692567512049     
        1337   5.7892581870023072        6.5851558000987138        6.4856787806694030     
        1338   5.7907392555925785        6.5870832707942366        6.4875229647810428     
        1339   5.7918001704258684        6.5884640424675345        6.4888441100917547     
        1340   5.7924548594759955        6.5893161527758028        6.4896594989931664     
        1341   5.7957521097600946        6.5936081292884872        6.4937654666640476     
        1342   5.7959472631026383        6.5938621802853321        6.4940087142060818     
        1343   5.7960038941227374        6.5939359031395552        6.4940794630863721     
        1344   5.7965562555488575        6.5946549844224860        6.4947675451177496     
        1345   5.7969449761948990        6.5951610454484859        6.4952518537106165     
        1346   5.7976106825972868        6.5960277277761907        6.4960811137877528     
        1347   5.8012605946788653        6.6007800777582464        6.5006270855927681     
        1348   5.8015167234896996        6.6011136029343120        6.5009463282406976     
        1349   5.8018042311743159        6.6014879942746933        6.5013046576165294     
        1350   5.8026363127096525        6.6025715590692071        6.5023412956749596     
        1351   5.8032572465166981        6.6033801907323273        6.5031149559489698     
        1352   5.8057424633128436        6.6066169086662656        6.5062109324898536     
        1353   5.8068988018382006        6.6081230536004316        6.5076516652166809     
        1354   5.8073320143600498        6.6086873415229475        6.5081915814053310     
        1355   5.8075757661250140        6.6090048498956309        6.5084954744278853     
        1356   5.8096272106176592        6.6116771987599874        6.5110514916727631     
        1357   5.8097052981172252        6.6117789264058864        6.5111490083950230     
        1358   5.8144094601211025        6.6179079863167569        6.5170106364640112     
        1359   5.8149184558141851        6.6185712476854253        6.5176451339328914     
        1360   5.8154043661140955        6.6192044433914896        6.5182508750664745     
        1361   5.8166341713220611        6.6208070893924420        6.5197836617913119     
        1362   5.8198052775110707        6.6249400558444274        6.5237359706328206     
        1363   5.8198837062801907        6.6250422822947739        6.5238339486923707     
        1364   5.8201681128846863        6.6254129900460352        6.5241886497064776     
        1365   5.8210643461114859        6.6265812147809999        6.5253059299429168     
        1366   5.8226127561188594        6.6285996694720755        6.5272361583096128     
        1367   5.8228193859277946        6.6288690373975632        6.5274939464834461     
        1368   5.8239726039776016        6.6303724553672190        6.5289316721434218     
        1369   5.8246133862815288        6.6312078643295491        6.5297306675284332     
        1370   5.8252776918050557        6.6320739707602163        6.5305590051684490     
        1371   5.8268178419900005        6.6340820989705476        6.5324792279527841     
        1372   5.8270922514855297        6.6344399053262135        6.5328215542571044     
        1373   5.8277242830469795        6.6352640395460725        6.5336097295181226     
        1374   5.8277373045749270        6.6352810191843696        6.5336261921877323     
        1375   5.8280285549862381        6.6356608030239324        6.5339895256527285     
        1376   5.8283360538494149        6.6360617807324305        6.5343731203521358     
        1377   5.8300269868238974        6.6382668678103256        6.5364815500693076     
        1378   5.8309474637967318        6.6394673116838501        6.5376294537271953     
        1379   5.8311655968420339        6.6397517992511554        6.5379016621325690     
        1380   5.8322079091763657        6.6411112202837597        6.5392015292348837     
        1381   5.8337799654137870        6.6431616920977508        6.5411620151846854     
        1382   5.8340658717536522        6.6435346248798632        6.5415187635886589     
        1383   5.8360805717612170        6.6461627330106978        6.5440313862248800     
        1384   5.8372427135201281        6.6476788333499064        6.5454809247491887     
        1385   5.8378735373153399        6.6485018283981114        6.5462678808530441     
        1386   5.8395270173683320        6.6506591455773858        6.5483303190850712     
        1387   5.8398317055694902        6.6510566965954983        6.5487105667334333     
        1388   5.8404634566953870        6.6518810128634938        6.5494987525714912     
        1389   5.8426352222634437        6.6547149653501334        6.5522078695526282     
        1390   5.8437641256524255        6.6561882063956084        6.5536162865323675     
        1391   5.8449688482669089        6.6577604887816815        6.5551193428401469     
        1392   5.8452416709182566        6.6581165631078374        6.5554599130102424     
        1393   5.8453235927932603        6.6582234843858563        6.5555623390654212     
        1394   5.8454265075966827        6.6583578054740942        6.5556909539618857     
        1395   5.8456716020232955        6.6586776977352260        6.5559969386322088     
        1396   5.8468519154519969        6.6602182761410624        6.5574696458751518     
        1397   5.8485796537627861        6.6624735401617139        6.5596253949734198     
        1398   5.8489522853858906        6.6629599730724873        6.5600905359176522     
        1399   5.8514323190675839        6.6661976474493851        6.5631851202944418     
        1400   5.8518445453096906        6.6667358478560468        6.5636997142406273     
        1401   5.8531124317151333        6.6683912662825051        6.5652820240199610     
        1402   5.8531498423415229        6.6684401132067741        6.5653289363694718     
        1403   5.8628952113807307        6.6811678593300723        6.5774919386163191     
        1404   5.8664110349704686        6.6857612220715135        6.5818811577526191     
        1405   5.8667978999535011        6.6862667060298326        6.5823643661384672     
        1406   5.8709712721951703        6.6917203507067224        6.5875752275936996     
        1407   5.8710044757808362        6.6917637449829392        6.5876169176214532     
        1408   5.8718848727948973        6.6929143768435075        6.5887164619232301     
        1409   5.8719966601598763        6.6930604807462215        6.5888562793022842     
        1410   5.8751645086285569        6.6972011518061594        6.5928123673076549     
        1411   5.8752821915170763        6.6973549874428642        6.5929595637334586     
        1412   5.8754036470213995        6.6975137556536843        6.5931114721538826     
        1413   5.8779011038670754        6.7007786871932629        6.5962307504330226     
        1414   5.8783209088246595        6.7013275411203725        6.5967552989211917     
        1415   5.8791791992478979        6.7024497094146911        6.5978275203737589     
        1416   5.8797929771044055        6.7032522216473298        6.5985943699994785     
        1417   5.8811707716220116        6.7050537766076550        6.6003155500630442     
        1418   5.8833347715705662        6.7078836078504889        6.6030189197303564     
        1419   5.8853499171844295        6.7105190725022510        6.6055365379082538     
        1420   5.8859780201986869        6.7113405802555972        6.6063214536885546     
        1421   5.8868624015049260        6.7124973249759305        6.6074265658956257     
        1422   5.8871582676334171        6.7128843211126403        6.6077964385957841     
        1423   5.8890899100801786        6.7154110778319751        6.6102100687013241     
        1424   5.8922204053969152        6.7195065810111894        6.6141219027067599     
        1425   5.8924396714814060        6.7197934632990659        6.6143961273776242     
        1426   5.8939740272962506        6.7218010683861644        6.6163137356652477     
        1427   5.8950183103889717        6.7231675373039801        6.6176189948805160     
        1428   5.8975563194188751        6.7264888930241522        6.6207911476697241     
        1429   5.8992203990060208        6.7286668238815146        6.6228712484824364     
        1430   5.9035773345134395        6.7343700367317982        6.6283176323664676     
        1431   5.9047709616817237        6.7359327174580494        6.6298100420789723     
        1432   5.9062593777743011        6.7378814687549182        6.6316710626784037     
        1433   5.9067452292894327        6.7385176166199177        6.6322787185839509     
        1434   5.9072674020870171        6.7392013396685924        6.6329317960351126     
        1435   5.9093408347838725        6.7419164372395635        6.6355244515266882     
        1436   5.9113185200115641        6.7445064311765330        6.6379975727926457     
        1437   5.9123734620170971        6.7458881022354564        6.6393169718275544     
        1438   5.9124542368267941        6.7459938971857731        6.6394182126998480     
        1439   5.9142045949512134        6.7482865418167624        6.6416073202565435     
        1440   5.9146517665409624        6.7488722874141525        6.6421667765330064     
        1441   5.9156572051038516        6.7501893514629678        6.6434244223291259     
        1442   5.9175433365674195        6.7526602574320282        6.6457835946376491     
        1443   5.9195815812004478        6.7553307121821549        6.6483331902503906     
        1444   5.9209300073051283        6.7570975415501859        6.6500200881249754     
        1445   5.9244550413978532        6.7617169487736550        6.6544299576049610     
        1446   5.9250760294188156        6.7625308155938244        6.6552070727373476     
        1447   5.9260609843359120        6.7638217517232064        6.6564395609008145     
        1448   5.9262432496115851        6.7640606459352277        6.6566678271638189     
        1449   5.9277206598315111        6.7659971645906607        6.6585165084427373     
        1450   5.9280423550432992        6.7664188471762703        6.6589192409414437     
        1451   5.9290256008032873        6.7677077435729016        6.6601497214556638     
        1452   5.9290819158642440        6.7677815666803811        6.6602204184475333     
        1453   5.9298142554103466        6.7687416064636956        6.6611369926360311     
        1454   5.9307496522373020        6.7699678920574007        6.6623076773607970     
        1455   5.9309900815594352        6.7702830995665879        6.6626087638545286     
        1456   5.9310614246634552        6.7703766325256778        6.6626982708278142     
        1457   5.9312414453855702        6.7706126466723244        6.6629237694531014     
        1458   5.9330609342964804        6.7729981922545157        6.6652008604400592     
        1459   5.9333929404092451        6.7734335125226242        6.6656165734393227     
        1460   5.9336960446202189        6.7738309437713866        6.6659961223476607     
        1461   5.9340128410431490        6.7742463350467039        6.6663928105696613     
        1462   5.9350705512539568        6.7756332807299158        6.6677167464693206     
        1463   5.9367380022794576        6.7778199186895209        6.6698038618240467     
        1464   5.9380061718887891        6.7794830807765702        6.6713913439841583     
        1465   5.9380854554149129        6.7795870621480461        6.6714908122392451     
        1466   5.9393584236838297        6.7812566357418076        6.6730843774124402     
        1467   5.9438333954338241        6.7871267124257404        6.6786863568862493     
        1468   5.9441974011762575        6.7876042602243905        6.6791422911659133     
        1469   5.9457175634302031        6.7895986958740862        6.6810456851909059     
        1470   5.9507319094832347        6.7961785893192115        6.6873243385792307     
        1471   5.9512069995164643        6.7968020987791862        6.6879194878262105     
        1472   5.9524519019929265        6.7984359859614116        6.6894786550363783     
        1473   5.9574222127752900        6.8049603944010348        6.6957036660540652     
        1474   5.9577610801855512        6.8054052795773359        6.6961283362039161     
        1475   5.9594505523450421        6.8076234366782300        6.6982447298170023     
        1476   5.9599672890016251        6.8083019145581751        6.6988922321669335     
        1477   5.9628841476918799        6.8121321103391113        6.7025463645114343     
        1478   5.9639171048967770        6.8134886514650237        6.7038406584058059     
        1479   5.9654482907512421        6.8154996316607575        6.7057592064923170     
        1480   5.9657033999129769        6.8158346945419348        6.7060790601524296     
        1481   5.9667210123334140        6.8171712813849865        6.7073542588146644     
        1482   5.9667802230581239        6.8172490541329624        6.7074286807567631     
        1483   5.9674200481814461        6.8180894740419866        6.7082305765109105     
        1484   5.9686928002632591        6.8197613370184307        6.7098255439928671     
        1485   5.9690545763757425        6.8202365796604481        6.7102790908662122     
        1486   5.9693831953435978        6.8206682736665805        6.7106910964145250     
        1487   5.9713302983124583        6.8232262603442608        6.7131312122066049     
        1488   5.9719141295813909        6.8239933137308482        6.7138630696911790     
        1489   5.9723051277215840        6.8245070308716249        6.7143532890537188     
        1490   5.9723262450160997        6.8245347763581750        6.7143799884917108     
        1491   5.9727423958097559        6.8250815527888369        6.7149017361125836     
        1492   5.9739038065394228        6.8266075821738585        6.7163574694331238     
        1493   5.9740086467438429        6.8267453409808585        6.7164890956889138     
        1494   5.9752187845774323        6.8283355029457953        6.7180059645710699     
        1495   5.9764259862176132        6.8299219074366606        6.7195192190117545     
        1496   5.9769482970276648        6.8306083162792000        6.7201741015710219     
        1497   5.9774817465223444        6.8313093827786364        6.7208429576170055     
        1498   5.9784396780924487        6.8325683586816535        6.7220438870143653     
        1499   5.9785070685386810        6.8326569299712832        6.7221285934693213     
        1500   5.9794737971443084        6.8339275362916645        6.7233405939187385     
        1501   5.9795832888488061        6.8340714492645596        6.7234780772446285     
        1502   5.9799970995111869        6.8346153584323757        6.7239970271196619     
        1503   5.9807185577188706        6.8355636651831011        6.7249016330216129     
        1504   5.9829155864280708        6.8384517285492539        6.7276560547174817     
        1505   5.9832405965303783        6.8388789928846609        6.7280637407010673     
        1506   5.9858153203367852        6.8422640308508509        6.7312919520584735     
        1507   5.9877717726218824        6.8448365220792979        6.7337452245889047     
        1508   5.9883464325109994        6.8455921786009233        6.7344660129936535     
        1509   5.9885356632601701        6.8458410150434217        6.7347035246474825     
        1510   5.9897491480159220        6.8474367935894387        6.7362253786140940     
        1511   5.9912997437319859        6.8494760341008174        6.7381700400605489     
        1512   5.9914926029865070        6.8497296814161608        6.7384121271499886     
        1513   5.9918437492605161        6.8501915134627600        6.7388527143549872     
        1514   5.9943173075470169        6.8534450105329379        6.7419550409520319     
        1515   5.9960830153897877        6.8557677235404295        6.7441698200163813     
        1516   5.9980170125564660        6.8583120615986344        6.7465958270935502     
        1517   5.9981624824382260        6.8585034500943172        6.7467785307022936     
        1518   5.9999644494885613        6.8608743424918339        6.7490390979872501     
        1519   6.0009267681704284        6.8621405809723113        6.7502464967698685     
        1520   6.0032412559368291        6.8651862936630952        6.7531502671074648     
        1521   6.0035584782346749        6.8656037661231570        6.7535484797253851     
        1522   6.0038965659504786        6.8660487056682920        6.7539728742954885     
        1523   6.0041418966470825        6.8663715775140011        6.7542809012532885     
        1524   6.0047289823561272        6.8671442390780646        6.7550177016784012     
        1525   6.0055984732270149        6.8682886170190391        6.7561088385396957     
        1526   6.0074214524228084        6.8706880959730654        6.7583963714715409     
        1527   6.0084188959088118        6.8720010689180100        6.7596481663378398     
        1528   6.0091476535362025        6.8729604040054753        6.7605628518177667     
        1529   6.0091857047446346        6.8730104955516440        6.7606108369943314     
        1530   6.0091925482100432        6.8730195044683846        6.7606196620508605     
        1531   6.0102477606305040        6.8744086525244548        6.7619440285870525     
        1532   6.0109589488020516        6.8753449489480394        6.7628367259642985     
        1533   6.0120482916090552        6.8767791630872273        6.7642040080322445     
        1534   6.0120750354264798        6.8768143746736072        6.7642378080738155     
        1535   6.0121267498910669        6.8768824633862238        6.7643029451388479     
        1536   6.0123011092509220        6.8771120311699248        6.7645219966030901     
        1537   6.0128538371095939        6.8778397864168772        6.7652158934798337     
        1538   6.0129900199338149        6.8780190962911352        6.7653870393726798     
        1539   6.0138471291588802        6.8791476686232684        6.7664629592505889     
        1540   6.0151815463115508        6.8809048229667367        6.7681379716593888     
        1541   6.0167046853003061        6.8829106363027286        6.7700499390188469     
        1542   6.0171475584271761        6.8834938836822044        6.7706060576258054     
        1543   6.0171578188175179        6.8835073963946298        6.7706191743766588     
        1544   6.0180350355711294        6.8846626989149193        6.7717204939139712     
        1545   6.0185674951888002        6.8853639791604033        6.7723890915772884     
        1546   6.0208400829407616        6.8883573304143972        6.7752420938458400     
        1547   6.0217664560839399        6.8895776106448432        6.7764052685260907     
        1548   6.0218702965062434        6.8897143998584074        6.7765358669073699     
        1549   6.0227007859406276        6.8908084323226806        6.7775787091673969     
        1550   6.0244226854063161        6.8930769026102414        6.7797407341340055     
        1551   6.0249920092910045        6.8938269883811323        6.7804557687502900     
        1552   6.0250377081556579        6.8938871977356984        6.7805133836259230     
        1553   6.0269805780198560        6.8964471097051394        6.7829530427428395     
        1554   6.0270197040798248        6.8964986646252626        6.7830024088382750     
        1555   6.0280682336524620        6.8978803117400815        6.7843192280799158     
        1556   6.0289522518964915        6.8990452416549477        6.7854295178883532     
        1557   6.0297501852506397        6.9000967783706804        6.7864317420598184     
        1558   6.0303675489680737        6.9009103862105468        6.7872072399180183     
        1559   6.0324752429235886        6.9036882616469448        6.7898543598830621     
        1560   6.0330380270129051        6.9044300458832293        6.7905613871684878     
        1561   6.0331914248163558        6.9046322374926392        6.7907542775456236     
        1562   6.0336889264327036        6.9052879990243126        6.7913793332706298     
        1563   6.0356955904151919        6.9079331762044429        6.7938998723768478     
        1564   6.0359177639028108        6.9082260616995681        6.7941791647056462     
        1565   6.0376829261067675        6.9105531507783970        6.7963965529349188     
        1566   6.0393479719327532        6.9127484506911294        6.7984883171395012     
        1567   6.0396419890401107        6.9131361211473861        6.7988578949511087     
        1568   6.0410521987137473        6.9149956088595692        6.8006296660537870     
        1569   6.0430862409777308        6.9176779193329985        6.8031852644930630     
        1570   6.0494390786002725        6.9260573190295975        6.8111677427605386     
        1571   6.0499692530905813        6.9267567467472437        6.8118342200894517     
        1572   6.0524359228315943        6.9300111349720606        6.8149343373434839     
        1573   6.0550543034657904        6.9334661457846183        6.8182254091886954     
        1574   6.0551654175316099        6.9336127737990969        6.8183653063488769     
        1575   6.0552220837443329        6.9336875518300420        6.8184367692698871     
        1576   6.0556920829800376        6.9343077821972239        6.8190277496263398     
        1577   6.0560262062541428        6.9347487144019064        6.8194479540351196     
        1578   6.0568953687932110        6.9358957578915899        6.8205406804631394     
        1579   6.0577617425965480        6.9370391734333774        6.8216299353805319     
        1580   6.0596921334385563        6.9395870365357677        6.8240567598645754     
        1581   6.0597578901061553        6.9396738312987383        6.8241396620311896     
        1582   6.0605941756975739        6.9407777032077718        6.8251912036195961     
        1583   6.0612337157213823        6.9416219097569449        6.8259954359903112     
        1584   6.0634826332936269        6.9445907555872743        6.8288230287762346     
        1585   6.0642522048834433        6.9456067650352509        6.8297908312743267     
        1586   6.0648952511561882        6.9464557639684772        6.8305995772467618     
        1587   6.0658036238886233        6.9476551163450981        6.8317419512247213     
        1588   6.0676776129482572        6.9501295833795034        6.8340985503184974     
        1589   6.0680044882755571        6.9505612236982879        6.8345098209734481     
        1590   6.0686548272693130        6.9514200213867694        6.8353278458939037     
        1591   6.0696978182640517        6.9527973927644107        6.8366396600655861     
        1592   6.0704518887208927        6.9537932636483433        6.8375881837101531     
        1593   6.0714383022246272        6.9550960406515570        6.8388289293906865     
        1594   6.0724258966749067        6.9564004453702699        6.8400712040024096     
        1595   6.0724790557235515        6.9564706592320968        6.8401383008504482     
        1596   6.0738297051095085        6.9582546984269911        6.8418372403380729     
        1597   6.0754399250940105        6.9603817643490880        6.8438627462585409     
        1598   6.0768268677962061        6.9622140308751597        6.8456075170183865     
        1599   6.0791568135272067        6.9652923850561708        6.8485386138877793     
        1600   6.0792610526775546        6.9654301160173544        6.8486699840121332     
        1601   6.0803537478349412        6.9668739374056425        6.8500448234968410     
        1602   6.0812958499908607        6.9681188412390984        6.8512302617424758     
        1603   6.0818050717230507        6.9687917580755281        6.8518711381447979     
        1604   6.0823557588397961        6.9695194902005682        6.8525641939025270     
        1605   6.0825003330488485        6.9697105482924382        6.8527463250420482     
        1606   6.0829648881866580        6.9703244783132625        6.8533310325884109     
        1607   6.0837740059955143        6.9713937990372949        6.8543492644895068     
        1608   6.0837993212437196        6.9714272561140014        6.8543813567849732     
        1609   6.0843605428990548        6.9721689880114290        6.8550877164213588     
        1610   6.0845241160339834        6.9723851766332539        6.8552937651217469     
        1611   6.0857918426991873        6.9740607479322119        6.8568890969825489     
        1612   6.0879502176389790        6.9769137593641783        6.8596052342372467     
        1613   6.0885298940086940        6.9776800502425784        6.8603349216682581     
        1614   6.0895774502024231        6.9790649045067354        6.8616534120167465     
        1615   6.0897313589779181        6.9792683761641028        6.8618473373146713     
        1616   6.0898073759321587        6.9793688732907242        6.8619432415536608     
        1617   6.0910518460067973        6.9810141645910093        6.8635096059979936     
        1618   6.0919528413784834        6.9822054217994678        6.8646437628175576     
        1619   6.0920439746063844        6.9823259173827799        6.8647586991474618     
        1620   6.0934183418056254        6.9841431644974312        6.8664886767334394     
        1621   6.0941002752350357        6.9850448950895929        6.8673472103109958     
        1622   6.0949904478875458        6.9862220324069488        6.8684678683321216     
        1623   6.0950925698320413        6.9863570789131444        6.8685966484590857     
        1624   6.0959713701588143        6.9875192384608278        6.8697030316740459     
        1625   6.0999437020641238        6.9927730779584296        6.8747036586599073     
        1626   6.1011049334740584        6.9943091409443108        6.8761657967738259     
        1627   6.1022234624040834        6.9957888068445229        6.8775742332326324     
        1628   6.1024615176116530        6.9961037337153904        6.8778741871986817     
        1629   6.1030631593056341        6.9968996723870438        6.8786319079854792     
        1630   6.1072686519394548        7.0024640142063532        6.8839273995978232     
        1631   6.1072984704758051        7.0025034719204280        6.8839651904175732     
        1632   6.1078802510816335        7.0032733321208829        6.8846980320222073     
        1633   6.1086198886414076        7.0042521159250022        6.8856296747187606     
        1634   6.1086235932174064        7.0042570183941626        6.8856345825554612     
        1635   6.1092094316825571        7.0050323027516583        6.8863725689431412     
        1636   6.1101705325613400        7.0063042523267738        6.8875831549512618     
        1637   6.1109747601159254        7.0073686407990072        6.8885962175833022     
        1638   6.1118125593620825        7.0084775093215770        6.8896515903113773     
        1639   6.1150171713577066        7.0127194248892719        6.8936880334091484     
        1640   6.1155319102009376        7.0134008470797200        6.8943366316308037     
        1641   6.1155774649634544        7.0134611543344922        6.8943942551883666     
        1642   6.1164082619598359        7.0145610228429254        6.8954409810277291     
        1643   6.1168316057227790        7.0151214942182998        6.8959744854110454     
        1644   6.1171865359608795        7.0155914015503429        6.8964218195226543     
        1645   6.1188571393804363        7.0178033035478249        6.8985265288086168     
        1646   6.1204561296261311        7.0199205720266242        6.9005411441352180     
        1647   6.1225390412132974        7.0226788834758622        6.9031655649803128     
        1648   6.1242566762158228        7.0249537036188112        6.9053299350421966     
        1649   6.1244474978993910        7.0252064388932052        6.9055706116768434     
        1650   6.1249314118862719        7.0258473740214544        6.9061805885672136     
        1651   6.1263170109525520        7.0276826652548845        6.9079267500845063     
        1652   6.1268830926120046        7.0284325058465917        6.9086403072040810     
        1653   6.1282626176976285        7.0302599404760144        6.9103789360559418     
        1654   6.1283464370290455        7.0303709788971922        6.9104848060463624     
        1655   6.1298987200652260        7.0324274320645728        6.9124412410267375     
        1656   6.1301348915505409        7.0327403251408054        6.9127391182586138     
        1657   6.1331455800753210        7.0367293953977414        6.9165337802683098     
        1658   6.1342695361435604        7.0382187660091979        6.9179506681363527     
        1659   6.1345849176661167        7.0386366986159414        6.9183484319433255     
        1660   6.1345880895831524        7.0386409019653859        6.9183526740234846     
        1661   6.1374956804669534        7.0424942699206907        6.9220179755100872     
        1662   6.1381736936930880        7.0433929117388878        6.9228729190933826     
        1663   6.1397152788403559        7.0454362559406318        6.9248165531271404     
        1664   6.1400398686532993        7.0458665153568409        6.9252260031813790     
        1665   6.1415405046531912        7.0478557768431580        6.9271181394397772     
        1666   6.1469196906360555        7.0549877926770703        6.9339008986083073     
        1667   6.1477754908639470        7.0561226465469975        6.9349803255842239     
        1668   6.1486390910431714        7.0572678959490167        6.9360696218648421     
        1669   6.1490445487397558        7.0578056052103921        6.9365811846287038     
        1670   6.1516359577756967        7.0612425492400730        6.9398495997984213     
        1671   6.1516864803007305        7.0613095611466035        6.9399135644764769     
        1672   6.1521451289940874        7.0619179103630003        6.9404922692896882     
        1673   6.1537514751412896        7.0640486761748074        6.9425185551322528     
        1674   6.1549824738853927        7.0656816788098089        6.9440715040015277     
        1675   6.1560062875198769        7.0670399177150172        6.9453631746200237     
        1676   6.1569089837731870        7.0682375378724087        6.9465021084322736     
        1677   6.1591024013014595        7.0711478156791721        6.9492693501803409     
        1678   6.1594301302397518        7.0715826832121076        6.9496830441389150     
        1679   6.1597903936037728        7.0720607298003229        6.9501377877113804     
        1680   6.1613725404770365        7.0741602463802291        6.9521340947062775     
        1681   6.1616896762612221        7.0745811083193013        6.9525344571930994     
        1682   6.1620515617072753        7.0750613649255945        6.9529912840146686     
        1683   6.1621814580658638        7.0752337520699724        6.9531554177250818     
        1684   6.1636199217721952        7.0771428354071020        6.9549706018118975     
        1685   6.1640697586216193        7.0777398745086861        6.9555384346308742     
        1686   6.1649645305610559        7.0789274893151779        6.9566676969572718     
        1687   6.1650353539401550        7.0790214943302612        6.9567573085067558     
        1688   6.1658602754080478        7.0801164519563766        6.9577984685704273     
        1689   6.1673202750541805        7.0820544967097083        6.9596410672763582     
        1690   6.1710999536185636        7.0870724467961690        6.9644112813339056     
        1691   6.1723693044871855        7.0887578793556667        6.9660135967379091     
        1692   6.1724632735513509        7.0888826551433084        6.9661324455439164     
        1693   6.1736255830048119        7.0904260664517444        6.9675997306442916     
        1694   6.1737095035521383        7.0905375068330647        6.9677059015209686     
        1695   6.1740895492239254        7.0910421860542696        6.9681858466973452     
        1696   6.1745860633666556        7.0917015441873446        6.9688128098671562     
        1697   6.1745965413738073        7.0917154589012874        6.9688262817565523     
        1698   6.1749032384048874        7.0921227536610436        6.9692136569901280     
        1699   6.1749128780770608        7.0921355552879000        6.9692260708484071     
        1700   6.1769596997366705        7.0948539131276718        6.9718100323120673     
        1701   6.1775515550457740        7.0956400037384455        6.9725574161425214     
        1702   6.1788007582648365        7.0972992520939107        6.9741346649238416     
        1703   6.1801862441618320        7.0991396460911993        6.9758840399802793     
        1704   6.1805911522848351        7.0996775266477545        6.9763954853491335     
        1705   6.1806363837907421        7.0997376129664831        6.9764528372395418     
        1706   6.1808088428539474        7.0999667119090137        6.9766708168446989     
        1707   6.1813927982996102        7.1007424685511191        6.9774083293046658     
        1708   6.1818355893464414        7.1013307111455690        6.9779676265652526     
        1709   6.1822736297901013        7.1019126562402333        6.9785209345953341     
        1710   6.1824206248103435        7.1021079449674680        6.9787067761270372     
        1711   6.1840032652494914        7.1042106423351523        6.9807053168763531     
        1712   6.1845887702435531        7.1049885895625833        6.9814448699742364     
        1713   6.1852786785656733        7.1059052861968448        6.9823162710740156     
        1714   6.1859114530344419        7.1067460973550931        6.9831155475047311     
        1715   6.1861357144453857        7.1070440957743752        6.9833989823918863     
        1716   6.1875001032859629        7.1088571713409365        6.9851221728292145     
        1717   6.1881324733363812        7.1096975443347361        6.9859210018518496     
        1718   6.1882760716287004        7.1098883797729675        6.9861025928071818     
        1719   6.1889016157676799        7.1107197157759385        6.9868928235684109     
        1720   6.1892134951386684        7.1111342077260646        6.9872869415713588     
        1721   6.1910147066225640        7.1135281768889875        6.9895620166940198     
        1722   6.1910504366166057        7.1135756675259856        6.9896073900385076     
        1723   6.1922643146375984        7.1151891510166960        6.9911407805178136     
        1724   6.1931678226566289        7.1163901591152792        6.9922822127577930     
        1725   6.1931846589989368        7.1164125397447782        6.9923037254400491     
        1726   6.1934520997270717        7.1167680526571102        6.9926417735162545     
        1727   6.1942315352672326        7.1178041966783567        6.9936265342382242     
        1728   6.1946732012152976        7.1183913451537473        6.9941846666011536     
        1729   6.1985012720349379        7.1234809409266511        6.9990206650300948     
        1730   6.1997862973354021        7.1251896733332716        7.0006443483894643     
        1731   6.2000633856074518        7.1255581403043839        7.0009946648043950     
        1732   6.2007284964478080        7.1264426148303315        7.0018352170744187     
        1733   6.2040675795043096        7.1308834512830366        7.0060543820330814     
        1734   6.2048755858206519        7.1319581833849526        7.0070756175633733     
        1735   6.2056072143389702        7.1329313649625750        7.0080003683141108     
        1736   6.2058009988522196        7.1331891353426409        7.0082454907004035     
        1737   6.2070871349252847        7.1349000090972554        7.0098709999639084     
        1738   6.2075350164088592        7.1354958278782892        7.0104372430407160     
        1739   6.2106620661431338        7.1396561521251938        7.0143894474288686     
        1740   6.2128179532480372        7.1425248146469622        7.0171145554833281     
        1741   6.2132921137125532        7.1431557853314986        7.0177141305279065     
        1742   6.2137093121644460        7.1437109691931262        7.0182417153953516     
        1743   6.2137303054385242        7.1437389061685526        7.0182684990597899     
        1744   6.2148470800450664        7.1452251083415073        7.0196803844247704     
        1745   6.2151372629586250        7.1456112978417572        7.0200474418155920     
        1746   6.2167435748994846        7.1477491636250079        7.0220782367831340     
        1747   6.2169888375696800        7.1480756036523729        7.0223885329610098     
        1748   6.2204359253460391        7.1526640640265162        7.0267466916192305     
        1749   6.2209962911767276        7.1534100533701626        7.0274554216017435     
        1750   6.2212641993721274        7.1537667151353794        7.0277943966449321     
        1751   6.2246133962194934        7.1582258751649626        7.0320294356509763     
        1752   6.2262688123399155        7.1604302093898315        7.0341230114002471     
        1753   6.2266317646109908        7.1609135386935208        7.0345822414450616     
        1754   6.2272029563804816        7.1616741912941997        7.0353048185378988     
        1755   6.2276101641848793        7.1622164815785752        7.0358200307136052     
        1756   6.2277220296033624        7.1623654580167644        7.0359617481154970     
        1757   6.2279138398959955        7.1626209028693442        7.0362045677134120     
        1758   6.2290599526574830        7.1641473018695336        7.0376542701735971     
        1759   6.2317330636818262        7.1677077273870351        7.0410353502346652     
        1760   6.2318724103599763        7.1678933428129108        7.0412118474731962     
        1761   6.2336804537490540        7.1703018548798507        7.0434990224435161     
        1762   6.2337409714688325        7.1703824751324774        7.0435758206500481     
        1763   6.2346922873144388        7.1716498294176132        7.0447794149664951     
        1764   6.2348726069524547        7.1718900606275238        7.0450077598923961     
        1765   6.2364153179801542        7.1739454349420253        7.0469595251747208     
        1766   6.2371434233355103        7.1749155580413868        7.0478808585853443     
        1767   6.2374979193227222        7.1753878999419998        7.0483295689534948     
        1768   6.2419636821297990        7.1813389909785004        7.0539797908918658     
        1769   6.2419874608174020        7.1813706823321350        7.0540101270017317     
        1770   6.2425718082408777        7.1821494915474764        7.0547497454356218     
        1771   6.2435444843312498        7.1834459130149781        7.0559807463455932     
        1772   6.2435862066063903        7.1835015236302127        7.0560337891173326     
        1773   6.2441771561248798        7.1842891992890321        7.0567818038108960     
        1774   6.2444398633793288        7.1846393693329293        7.0571144782693089     
        1775   6.2446356713350237        7.1849003705706114        7.0573625016417125     
        1776   6.2449288440455959        7.1852911587667601        7.0577337327964322     
        1777   6.2470052229727573        7.1880590686311807        7.0603615485070748     
        1778   6.2487471278240543        7.1903813453715006        7.0625662517731058     
        1779   6.2519038809161174        7.1945904225433939        7.0665618527661174     
        1780   6.2548518662644490        7.1985217778997734        7.0702936315559484     
        1781   6.2553022143377870        7.1991224046281026        7.0708639620003488     
        1782   6.2559410089090948        7.1999743861574013        7.0716728561318618     
        1783   6.2577450419354719        7.2023806417001000        7.0739569137170228     
        1784   6.2581798471123076        7.2029606282308123        7.0745076255608588     
        1785   6.2582520099465322        7.2030568875215666        7.0745992345599511     
        1786   6.2584601699343390        7.2033345579159747        7.0748630182587782     
        1787   6.2587227034946018        7.2036847631279013        7.0751956424312965     
        1788   6.2591545735788232        7.2042608645459154        7.0757426574999549     
        1789   6.2595654676672625        7.2048089969547346        7.0762631239417146     
        1790   6.2627723112494884        7.2090873368725052        7.0803236878890345     
        1791   6.2634433313533453        7.2099826562409932        7.0811736025416323     
        1792   6.2639249746036976        7.2106253162637959        7.0817837355528681     
        1793   6.2642005962282443        7.2109930875945523        7.0821329976999188     
        1794   6.2649004963506769        7.2119270125038675        7.0830195265678917     
        1795   6.2685495221437728        7.2167967239920481        7.0876408681998271     
        1796   6.2706180181971076        7.2195576023603945        7.0902609086526382     
        1797   6.2711483066056601        7.2202654419360899        7.0909328109957386     
        1798   6.2714675972771792        7.2206916471781843        7.0913374744834528     
        1799   6.2716787966866150        7.2209735707616201        7.0916052324803189     
        1800   6.2717461567590389        7.2210634883152620        7.0916908027690866     
        1801   6.2731253231439403        7.2229045798155376        7.0934379713779911     
        1802   6.2735087254713715        7.2234164194257238        7.0939238732660641     
        1803   6.2742160558434019        7.2243607283664861        7.0948201080330442     
        1804   6.2743667366388092        7.2245618967140590        7.0950112312187201     
        1805   6.2746251173702490        7.2249068550239954        7.0953387836431681     
        1806   6.2760690947282241        7.2268347643903965        7.0971682343765750     
        1807   6.2766225135659601        7.2275736944462512        7.0978695696281946     
        1808   6.2771528522032325        7.2282818280945875        7.0985416793099603     
        1809   6.2779475893933467        7.2293430369556724        7.0995487654941378     
        1810   6.2793431317761819        7.2312066071939105        7.1013170672879866     
        1811   6.2797428878529402        7.2317404564396659        7.1018237966627709     
        1812   6.2806397060497190        7.2329381425437953        7.1029603138030915     
        1813   6.2833395028581815        7.2365440236388467        7.1063814175919653     
        1814   6.2841458613752508        7.2376211066494163        7.1074034517536511     
        1815   6.2843660745460728        7.2379152616250284        7.1076827530825035     
        1816   6.2849373895610716        7.2386784253698000        7.1084069737586120     
        1817   6.2849520816460540        7.2386980513936949        7.1084258434241470     
        1818   6.2855282847594918        7.2394677688717692        7.1091562735947029     
        1819   6.2862526093810835        7.2404353872003338        7.1100744281549915     
        1820   6.2871026393344929        7.2415709818453005        7.1111519133981709     
        1821   6.2872590434494668        7.2417799350132803        7.1113503779418572     
        1822   6.2883147614306756        7.2431904014931883        7.1126885821328791     
        1823   6.2886537447725717        7.2436433088684442        7.1131184513974084     
        1824   6.2902997858272389        7.2458426608356676        7.1152049202915890     
        1825   6.2911736676610612        7.2470103736080125        7.1163127927366858     
        1826   6.2918206664437459        7.2478749521149917        7.1171331195474608     
        1827   6.2932256897719494        7.2497525748052105        7.1189143119308014     
        1828   6.2934298271098852        7.2500253883416956        7.1191733261713459     
        1829   6.2942193085792644        7.2510804964080418        7.1201743335172907     
        1830   6.2949259910649360        7.2520249849610297        7.1210704078347824     
        1831   6.2953257229994914        7.2525592466840818        7.1215773879823168     
        1832   6.2958612087202175        7.2532749680246100        7.1222564703519673     
        1833   6.2959307097454058        7.2533678634454661        7.1223448293425875     
        1834   6.2983302995163637        7.2565753789510197        7.1253871848207098     
        1835   6.2984178302377947        7.2566923884574086        7.1254984100283352     
        1836   6.2986696053987048        7.2570289600527165        7.1258178688489622     
        1837   6.2989805326526520        7.2574446120809437        7.1262123260313039     
        1838   6.3003307604756218        7.2592496962385811        7.1279244964822617     
        1839   6.3009864003816327        7.2601262510412727        7.1287560470329154     
        1840   6.3010054359452550        7.2601517010109573        7.1287804353875366     
        1841   6.3014488579893593        7.2607445501303500        7.1293429223510536     
        1842   6.3017215641269795        7.2611091614338319        7.1296889554811180     
        1843   6.3017487211301724        7.2611454709566603        7.1297236422265584     
        1844   6.3045548031340113        7.2648975498528756        7.1332820937356622     
        1845   6.3046893908578552        7.2650775244481034        7.1334530167575920     
        1846   6.3054972564950047        7.2661578529637421        7.1344777387989460     
        1847   6.3055667065397500        7.2662507280915003        7.1345660638063713     
        1848   6.3056986577340597        7.2664271865817378        7.1347336495145264     
        1849   6.3078200660804713        7.2692643194975348        7.1374242586350150     
        1850   6.3089553430160690        7.2707827504780171        7.1388643456633929     
        1851   6.3089931586714485        7.2708333304402979        7.1389125599345533     
        1852   6.3112911087110435        7.2739071232449106        7.1418274084908404     
        1853   6.3152733591946513        7.2792347716292696        7.1468790961795925     
        1854   6.3157751105954247        7.2799061196019412        7.1475158654552899     
        1855   6.3162146403711663        7.2804942292838728        7.1480737104464538     
        1856   6.3162893140070127        7.2805941471847007        7.1481686963069286     
        1857   6.3166052409000217        7.2810168811466509        7.1485697439600138     
        1858   6.3195881358472850        7.2850085715024138        7.1523544091325810     
        1859   6.3201634583322805        7.2857785375829920        7.1530846228781471     
        1860   6.3229622848714078        7.2895246038410413        7.1566361969902168     
        1861   6.3261101915982785        7.2937385644026795        7.1606311271007677     
        1862   6.3265410538628748        7.2943153955241922        7.1611781775165291     
        1863   6.3277608832365289        7.2959485546671736        7.1627265319119822     
        1864   6.3278309356395255        7.2960423470257627        7.1628156922134245     
        1865   6.3285724642944778        7.2970351928105091        7.1637570644329571     
        1866   6.3292235005980277        7.2979069092979332        7.1645836078735918     
        1867   6.3302718035843490        7.2993106168632051        7.1659143988485994     
        1868   6.3314633995828959        7.3009062935723428        7.1674271217369707     
        1869   6.3339926914368307        7.3042936281609112        7.1706379672515119     
        1870   6.3348845848400082        7.3054881989794511        7.1717704273982008     
        1871   6.3351029860638510        7.3057807266374652        7.1720479345617427     
        1872   6.3362994897391314        7.3073833902063772        7.1735671475995595     
        1873   6.3364256303762243        7.3075523559781121        7.1737275409513259     
        1874   6.3374370196950451        7.3089071563716157        7.1750118078800504     
        1875   6.3375711577402045        7.3090868456864566        7.1751823611241861     
        1876   6.3378945809936162        7.3095201039405309        7.1755932302512448     
        1877   6.3398506250356830        7.3121405833834343        7.1780769579202932     
        1878   6.3400122245983308        7.3123570878951565        7.1782823935401048     
        1879   6.3400710412614592        7.3124358885300831        7.1783573271956413     
        1880   6.3416339276152751        7.3145298833676744        7.1803420254584402     
        1881   6.3430121301198774        7.3163765796322879        7.1820923165353641     
        1882   6.3446277585436883        7.3185415839468373        7.1841441992680544     
        1883   6.3450085603253381        7.3190519003056167        7.1846280375642628     
        1884   6.3455500308065345        7.3197775483677017        7.1853159217369083     
        1885   6.3463275548216824        7.3208195788412711        7.1863036004294578     
        1886   6.3471283187267513        7.3218928006014918        7.1873208213696813     
        1887   6.3482690611996393        7.3234217573312854        7.1887698633346915     
        1888   6.3484358803161172        7.3236453556956489        7.1889819899316620     
        1889   6.3491274475453094        7.3245723289522324        7.1898605957996935     
        1890   6.3499780671838497        7.3257125424028118        7.1909412417604557     
        1891   6.3502145751358778        7.3260295788260335        7.1912418966161020     
        1892   6.3503623184243940        7.3262276291912780        7.1914298086106285     
        1893   6.3514200088115338        7.3276455124647519        7.1927735236554042     
        1894   6.3518185382866195        7.3281797806646471        7.1932799970783314     
        1895   6.3540007081966206        7.3311053978142713        7.1960522051983418     
        1896   6.3541749590469427        7.3313390292497314        7.1962738159652488     
        1897   6.3545114387088120        7.3317901794329936        7.1967015142252073     
        1898   6.3545262196740131        7.3318099978610540        7.1967205464368611     
        1899   6.3557023293391222        7.3333869848078415        7.1982148997917328     
        1900   6.3568666047057691        7.3349482017177614        7.1996942806679272     
        1901   6.3570596227300875        7.3352070356513437        7.1999397570563168     
        1902   6.3575909903231045        7.3359196045259001        7.2006151005377497     
        1903   6.3600281697292180        7.3391881449679195        7.2037118892689058     
        1904   6.3639852249413131        7.3444959256024953        7.2087403112069630     
        1905   6.3652631920974070        7.3462103626510675        7.2103646101086554     
        1906   6.3680648136831994        7.3499692461517316        7.2139254298061353     
        1907   6.3691515935454301        7.3514275106041573        7.2153069629955908     
        1908   6.3698570053340466        7.3523740927491632        7.2162038129431458     
        1909   6.3699391183034981        7.3524842813153573        7.2163084378533817     
        1910   6.3703181281516095        7.3529928863367822        7.2167904344611493     
        1911   6.3703227974948380        7.3529991523372020        7.2167966255530338     
        1912   6.3707442745916820        7.3535647577645706        7.2173326078897375     
        1913   6.3708097892037401        7.3536526769060053        7.2174161382721458     
        1914   6.3713904716639371        7.3544319532721243        7.2181544964018016     
        1915   6.3716692853581645        7.3548061301238503        7.2185091563738908     
        1916   6.3717411476717443        7.3549025725436543        7.2186007582471063     
        1917   6.3733749807939759        7.3570953496254727        7.2206778774377760     
        1918   6.3744238531739832        7.3585031488150925        7.2220114815737908     
        1919   6.3744617808994049        7.3585540569902941        7.2220599532927707     
        1920   6.3748508968132498        7.3590763505892225        7.2225548749401547     
        1921   6.3763829214233381        7.3611328275631900        7.2245027908021875     
        1922   6.3765019476777001        7.3612926067206290        7.2246543694468741     
        1923   6.3775902091545538        7.3627535208610722        7.2260382004565038     
        1924   6.3793391173116287        7.3651014853459333        7.2282620647160343     
        1925   6.3804019347723999        7.3665284591143019        7.2296136827220181     
        1926   6.3805453446775804        7.3667210122186466        7.2297962874440280     
        1927   6.3844584594260452        7.3719756317065857        7.2347724936842681     
        1928   6.3861894198534905        7.3743003571138486        7.2369740746925082     
        1929   6.3873327310525250        7.3758359726980842        7.2384283954069062     
        1930   6.3883170669531744        7.3771581393551067        7.2396805785544061     
        1931   6.3888010903192525        7.3778083084694126        7.2402964560157130     
        1932   6.3889823088907658        7.3780517364361948        7.2405272043522544     
        1933   6.3892177672517390        7.3783680273727583        7.2408269423221050     
        1934   6.3893516748146109        7.3785479070278894        7.2409975183413025     
        1935   6.3902762000252356        7.3797898682858420        7.2421737144516065     
        1936   6.3905182629972970        7.3801150538543068        7.2424818671052762     
        1937   6.3905523277745955        7.3801608165583659        7.2425254536335153     
        1938   6.3915779177097347        7.3815386357810802        7.2438302558188106     
        1939   6.3930789711340559        7.3835553489000842        7.2457399307041754     
        1940   6.3943584295638196        7.3852744705233615        7.2473678056162072     
        1941   6.3943810753123032        7.3853048991463215        7.2473968715887160     
        1942   6.3965396333641502        7.3882054788956637        7.2501432316199690     
        1943   6.3979928236907471        7.3901584046511157        7.2519923462071887     
        1944   6.3980436267084020        7.3902266810018276        7.2520572408297994     
        1945   6.3980625396032655        7.3902520988986806        7.2520815614092022     
        1946   6.3981673721103540        7.3903929885263082        7.2522151986760193     
        1947   6.3992186038057621        7.3918058350630149        7.2535529792971154     
        1948   6.4002387360316328        7.3931769605162128        7.2548512385836155     
        1949   6.4007032076362478        7.3938012661106756        7.2554424988235056     
        1950   6.4009073022360603        7.3940755986839974        7.2557024534522014     
        1951   6.4013442340566433        7.3946629081789119        7.2562586844921739     
        1952   6.4020822989970503        7.3956550223255046        7.2571981116101973     
        1953   6.4027398583376707        7.3965389532189265        7.2580351180862159     
        1954   6.4077793568529655        7.4033143886390924        7.2644488199514896     
        1955   6.4089482723937738        7.4048862184669400        7.2659368449910495     
        1956   6.4100979206069439        7.4064322361009198        7.2674004072638390     
        1957   6.4103145238416017        7.4067235293174836        7.2676763706947405     
        1958   6.4107000295517436        7.4072419750235099        7.2681673283514989     
        1959   6.4109657860212517        7.4075993827359516        7.2685058644535658     
        1960   6.4130592322387256        7.4104149729182840        7.2711709544251981     
        1961   6.4135133372619082        7.4110257654266576        7.2717492873485803     
        1962   6.4141406398512313        7.4118695413133837        7.2725481157069538     
        1963   6.4143006129020641        7.4120847233705671        7.2727520261197043     
        1964   6.4144725785268450        7.4123160388775071        7.2729712048550219     
        1965   6.4147608943244228        7.4127038648793580        7.2733385058762536     
        1966   6.4153108484835384        7.4134436485979425        7.2740388980646848     
        1967   6.4153383026708584        7.4134805798147712        7.2740741081119893     
        1968   6.4164218379489650        7.4149381888838990        7.2754538313114132     
        1969   6.4169095086608445        7.4155942480974550        7.2760749678670749     
        1970   6.4182093678028176        7.4173430215270644        7.2777301948074076     
        1971   6.4185456996510188        7.4177955275531460        7.2781586803339700     
        1972   6.4188867835176868        7.4182544353827629        7.2785932214961946     
        1973   6.4196080975334695        7.4192249477557066        7.2795119052918764     
        1974   6.4198307740676688        7.4195245618165817        7.2797956953075804     
        1975   6.4206187622197932        7.4205848385641797        7.2807993078927282     
        1976   6.4209857412139337        7.4210786421668562        7.2812668545139196     
        1977   6.4224389706075531        7.4230341902385790        7.2831176237245074     
        1978   6.4226057725483061        7.4232586581975788        7.2833302905388706     
        1979   6.4238311738647305        7.4249077615495658        7.2848910318740892     
        1980   6.4248954395427305        7.4263401023188722        7.2862466307266054     
        1981   6.4249330868439491        7.4263907713998405        7.2862948343182836     
        1982   6.4257417970452053        7.4274792301976840        7.2873250194642409     
        1983   6.4259246859570283        7.4277253905137668        7.2875581991761429     
        1984   6.4263102086827795        7.4282442948431253        7.2880494510159295     
        1985   6.4263265178092048        7.4282662467730365        7.2880704810654180     
        1986   6.4269080223630253        7.4290489589986795        7.2888113440109912     
        1987   6.4280950674248141        7.4306468122114282        7.2903234705357249     
        1988   6.4289165792153380        7.4317526895529138        7.2913700767474623     
        1989   6.4301842390063637        7.4334592446035916        7.2929849947541499     
        1990   6.4305391773006990        7.4339370922143262        7.2934373632101313     
        1991   6.4306364540074918        7.4340680558456400        7.2935615314179536     
        1992   6.4326940037531930        7.4368382958230503        7.2961827541589486     
        1993   6.4340072814318550        7.4386066246740974        7.2978560026847354     
        1994   6.4345840221304851        7.4393832457537412        7.2985909987461071     
        1995   6.4345898786305042        7.4393911320581800        7.2985987190906982     
        1996   6.4351806650511403        7.4401866919358888        7.2993516244157526     
        1997   6.4361876178207371        7.4415427246193895        7.3006347507738276     
        1998   6.4367512869195282        7.4423018327710153        7.3013531497730391     
        1999   6.4384886262002627        7.4446416987586606        7.3035669471043505     
        2000   6.4395822705012176        7.4461147422119618        7.3049606849395765     
        2001   6.4401502562431983        7.4468798036949240        7.3056846708369747     
        2002   6.4413037746017299        7.4484336338892856        7.3071547860344488     
        2003   6.4421367477227207        7.4495557383170521        7.3082164881282807     
        2004   6.4423337273526347        7.4498210984384192        7.3084677600260406     
        2005   6.4428930511737148        7.4505746040754381        7.3091807784646043     
        2006   6.4453940684107174        7.4539441834174553        7.3123683123516443     
        2007   6.4463091393515892        7.4551771569207599        7.3135348011429357     
        2008   6.4466379689604629        7.4556202392739825        7.3139541532748069     
        2009   6.4467288526370288        7.4557427021169751        7.3140702450726636     
        2010   6.4468084243897446        7.4558499229974631        7.3141719200696897     
        2011   6.4471595152398189        7.4563230143358021        7.3146196521993261     
        2012   6.4480140060372229        7.4574744693781900        7.3157090006081518     
        2013   6.4488876324784217        7.4586517651744355        7.3168227724280896     
        2014   6.4491198015320768        7.4589646446666098        7.3171189577125304     
        2015   6.4497236329969718        7.4597784083281171        7.3178888792713650     
        2016   6.4510796347441737        7.4616059434996354        7.3196175993208854     
        2017   6.4522357877217882        7.4631642403962006        7.3210916430497299     
        2018   6.4535548406397734        7.4649422172430278        7.3227734141000198     
        2019   6.4536103657339670        7.4650170633609765        7.3228444588432531     
        2020   6.4545268440576535        7.4662524803066423        7.3240130819231588     
        2021   6.4555296956068577        7.4676043987083478        7.3252918605182309     
        2022   6.4557752550978753        7.4679354422902042        7.3256051874934833     
        2023   6.4575947681692432        7.4703885002518051        7.3279252500386427     
        2024   6.4576588266785642        7.4704748679838691        7.3280071852414856     
        2025   6.4578391038220921        7.4707179306273810        7.3282373002214136     
        2026   6.4580827302228769        7.4710464090619810        7.3285481882085435     
        2027   6.4603565254493445        7.4741123469108350        7.3314477017547723     
        2028   6.4608983841212169        7.4748430332735598        7.3321389058444737     
        2029   6.4612702761094365        7.4753445350765180        7.3326133870490011     
        2030   6.4626788854754258        7.4772441566972674        7.3344099017036832     
        2031   6.4630167703295749        7.4776998427276604        7.3348410455078366     
        2032   6.4640062124902000        7.4790342947096136        7.3361031083672614     
        2033   6.4645015158787853        7.4797023328089782        7.3367350294975253     
        2034   6.4648157396600636        7.4801261499005109        7.3371360256540896     
        2035   6.4650740093127812        7.4804745028578639        7.3374656658685140     
        2036   6.4653076260839741        7.4807896082995713        7.3377638681144575     
        2037   6.4653854088930149        7.4808945236794386        7.3378633293336577     
        2038   6.4656176840757809        7.4812078248210119        7.3381598238764099     
        2039   6.4680298211269820        7.4844616343725905        7.3412365624157552     
        2040   6.4699299698721697        7.4870251045988798        7.3436604882402499     
        2041   6.4707488545533405        7.4881299341652836        7.3447052979446639     
        2042   6.4709308991876160        7.4883755532754419        7.3449377748431459     
        2043   6.4719057146752368        7.4896908394322361        7.3461815335019089     
        2044   6.4720508736165581        7.4898867034895202        7.3463669666427229     
        2045   6.4723988294339243        7.4903562091531395        7.3468111012278889     
        2046   6.4728498361711084        7.4909647771740326        7.3473867018888512     
        2047   6.4737517719613562        7.4921818528304200        7.3485375703463376     
        2048   6.4741284529155037        7.4926901651125553        7.3490183777222455     
        2049   6.4774810890610155        7.4972148368823923        7.3532960046428748     
        2050   6.4774988501983497        7.4972388092505611        7.3533189276624640     
        2051   6.4800904586620094        7.5007369731109463        7.3566259693815965     
        2052   6.4804124284346951        7.5011716034316498        7.3570370718158422     
        2053   6.4804630696029220        7.5012399651552490        7.3571019532900337     
        2054   6.4828785213927622        7.5045008583866171        7.3601845408526465     
        2055   6.4836607698321185        7.5055569957531754        7.3611830760700414     
        2056   6.4840240944952345        7.5060475465855401        7.3616470074276350     
        2057   6.4855992185233093        7.5081743464693327        7.3636574877310359     
        2058   6.4862900021663172        7.5091071291891929        7.3645393829939430     
        2059   6.4895319004862388        7.5134852119305373        7.3686775025470581     
        2060   6.4928080286525329        7.5179103000410423        7.3728597947142234     
        2061   6.4931516681738479        7.5183745016194354        7.3732987465831457     
        2062   6.4944414439983920        7.5201168576608293        7.3749455815859157     
        2063   6.4962257843484590        7.5225275203286222        7.3772239188593360     
        2064   6.4964252626482493        7.5227970320659798        7.3774788651806134     
        2065   6.4968512529004983        7.5233725899765647        7.3780230164488501     
        2066   6.4979121410322396        7.5248060197030089        7.3793778176168594     
        2067   6.5003142202604494        7.5280519170972484        7.3824452353072942     
        2068   6.5005587406908676        7.5283823579050049        7.3827577347806645     
        2069   6.5007615581843794        7.5286564453772584        7.3830169843852573     
        2070   6.5018059005459374        7.5300678167642712        7.3843508444011832     
        2071   6.5020245623183683        7.5303633362375715        7.3846303387521282     
        2072   6.5022239981189616        7.5306328750241454        7.3848852834015837     
        2073   6.5027488939109928        7.5313422890035033        7.3855558527092882     
        2074   6.5033068274399799        7.5320963766461242        7.3862686258048242     
        2075   6.5044834377433736        7.5336867254019548        7.3877715275104023     
        2076   6.5051824762124122        7.5346316188192457        7.3886645561012507     
        2077   6.5064196381258110        7.5363039836347694        7.3902448944481058     
        2078   6.5071848223727793        7.5373383967343672        7.3912224682711347     
        2079   6.5094153465119513        7.5403539714712968        7.3940717585694991     
        2080   6.5097929563275141        7.5408645200497295        7.3945543615222959     
        2081   6.5104371377809631        7.5417355117434068        7.3953774844980025     
        2082   6.5107672221803599        7.5421818275185633        7.3957993958420012     
        2083   6.5110839399705887        7.5426100774414193        7.3962042374033494     
        2084   6.5145762211451128        7.5473326514922716        7.4006658734528834     
        2085   6.5152472784477133        7.5482402172126850        7.4015234726988233     
        2086   6.5159648929539085        7.5492107852821047        7.4024405755036895     
        2087   6.5188237335356698        7.5530777191622347        7.4060935844763591     
        2088   6.5196311920527812        7.5541700145590429        7.4071256062705686     
        2089   6.5222532200498353        7.5577173111934419        7.4104764602773798     
        2090   6.5222949600715214        7.5577737846219915        7.4105300647372268     
        2091   6.5237653186094180        7.5597632322129122        7.4124093829816218     
        2092   6.5247520766583511        7.5610984398579406        7.4136707357300367     
        2093   6.5249663374311062        7.5613883710328480        7.4139448334924225     
        2094   6.5256522136336015        7.5623165005038473        7.4148216882632241     
        2095   6.5261616089560528        7.5630058378856830        7.4154730037556220     
        2096   6.5266518258318680        7.5636692400517811        7.4160998186423335     
        2097   6.5269891614707021        7.5641257608635639        7.4165312409450372     
        2098   6.5319119899229188        7.5707888388389026        7.4228240955104390     
        2099   6.5322769439110600        7.5712828769752445        7.4232909049241478     
        2100   6.5327531125488960        7.5719274810385810        7.4238998965018297     
        2101   6.5337473986047625        7.5732735301024467        7.4251712749905536     
        2102   6.5338183729500727        7.5733696168433191        7.4252622761916847     
        2103   6.5348025926083428        7.5747021146763949        7.4265208328769710     
        2104   6.5355904473509838        7.5757688126477287        7.4275283751736687     
        2105   6.5366273783718656        7.5771728111441137        7.4288544060405073     
        2106   6.5383491204353232        7.5795042139271391        7.4310561082696687     
        2107   6.5384121363251779        7.5795895475699897        7.4311369483871701     
        2108   6.5384561401630457        7.5796491360115246        7.4311934788375495     
        2109   6.5391919254721564        7.5806455315075274        7.4321345709533908     
        2110   6.5400025987082566        7.5817433857110901        7.4331714484864975     
        2111   6.5422300396061326        7.5847601457186942        7.4360201083805357     
        2112   6.5423921927457531        7.5849797738901268        7.4362277394701657     
        2113   6.5426573351057797        7.5853388998736904        7.4365670787071849     
        2114   6.5428302826930764        7.5855731540663758        7.4367885174572130     
        2115   6.5430892161752938        7.5859238786092247        7.4371199216654311     
        2116   6.5444056868105882        7.5877071098230919        7.4388038127616198     
        2117   6.5447491193706400        7.5881723288603897        7.4392433045192909     
        2118   6.5447879205185204        7.5882248900374387        7.4392931939846960     
        2119   6.5448839078948140        7.5883549178376350        7.4394162214976838     
        2120   6.5465080699532532        7.5905551661450721        7.4414937605440805     
        2121   6.5467071013567582        7.5908248068125719        7.4417485915398771     
        2122   6.5474242275129049        7.5917963679441360        7.4426660926062453     
        2123   6.5479939361900978        7.5925682350733261        7.4433950568704539     
        2124   6.5510706378116428        7.5967371017548126        7.4473309019932934     
        2125   6.5515863677326971        7.5974359731031793        7.4479909081337574     
        2126   6.5518421063970322        7.5977825346558285        7.4483183283886625     
        2127   6.5534732499883592        7.5999930747311746        7.4504053108789741     
        2128   6.5547833182524613        7.6017686322575777        7.4520816299504204     
        2129   6.5571222276203942        7.6049389089919774        7.4550744039154360     
        2130   6.5578344780559990        7.6059044093227621        7.4559860048538944     
        2131   6.5580120090834058        7.6061450696187025        7.4562134278645615     
        2132   6.5581701344910108        7.6063594256907399        7.4564160219129931     
        2133   6.5581855037415346        7.6063802604681436        7.4564359534156743     
        2134   6.5582381786617177        7.6064516674804539        7.4565036193489362     
        2135   6.5583703502411979        7.6066308424060196        7.4566730056537196     
        2136   6.5601491630026363        7.6090423680893693        7.4589494327033847     
        2137   6.5608479607154342        7.6099897875595612        7.4598439163799206     
        2138   6.5627369361100794        7.6125510118217177        7.4622615237079515     
        2139   6.5646808930700313        7.6151870584881500        7.4647496602129948     
        2140   6.5665207775208438        7.6176822366890420        7.4671047626621423     
        2141   6.5680298595182620        7.6197289796588432        7.4690365912363745     
        2142   6.5708892708410342        7.6236076115902280        7.4726970680439067     
        2143   6.5716997294065553        7.6247070628772411        7.4737348352861694     
        2144   6.5717907212931967        7.6248305036032198        7.4738515860683172     
        2145   6.5723340308689231        7.6255675768212381        7.4745473840354997     
        2146   6.5725929673104027        7.6259188669128468        7.4748791393095466     
        2147   6.5727228068793950        7.6260950176121236        7.4750456267854588     
        2148   6.5728222214891616        7.6262298922277596        7.4751731646870105     
        2149   6.5738594642175503        7.6276371504718430        7.4765013437200309     
        2150   6.5750778569481989        7.6292902815253392        7.4780614992337782     
        2151   6.5764172966478753        7.6311077768282871        7.4797767068685772     
        2152   6.5773415002607569        7.6323619123595146        7.4809603177193509     
        2153   6.5799127168976872        7.6358513599643922        7.4842529564016900     
        2154   6.5799727567568018        7.6359328470327803        7.4843301063231316     
        2155   6.5800312895633937        7.6360122889607833        7.4844053265764856     
        2156   6.5804577421082850        7.6365910867383553        7.4849516854796718     
        2157   6.5817130829450337        7.6382949613359159        7.4865595214580303     
        2158   6.5826062285780385        7.6395072989517141        7.4877035796749531     
        2159   6.5832661485126680        7.6404030985430387        7.4885489847760311     
        2160   6.5841154584393884        7.6415560303153871        7.4896369645339256     
        2161   6.5842782884122828        7.6417770768405866        7.4898457720642426     
        2162   6.5851290248265730        7.6429320085774686        7.4909356178019841     
        2163   6.5862298786310847        7.6444265706401220        7.4923458494470836     
        2164   6.5863031542097392        7.6445260555953789        7.4924399694432147     
        2165   6.5869553379187611        7.6454115313083690        7.4932755762728895     
        2166   6.5887415374573424        7.6478368311431728        7.4955637685725165     
        2167   6.5887956216857049        7.6479102703209945        7.4956333141955440     
        2168   6.5896825263585193        7.6491145995030658        7.4967696647243613     
        2169   6.5922062304202242        7.6525418584800295        7.5000028730601187     
        2170   6.5929807108034133        7.6535937181972971        7.5009953311795563     
        2171   6.5936163932942478        7.6544571027743862        7.5018099949964707     
        2172   6.5937338612541403        7.6546166511358384        7.5019607571972031     
        2173   6.5953568690543296        7.6568211712365946        7.5040404113905126     
        2174   6.5954808580692355        7.6569895926380314        7.5041995379477555     
        2175   6.5958274272364799        7.6574603634646135        7.5046438451819419     
        2176   6.5974847404719146        7.6597117385826738        7.5067676098048786     
        2177   6.5975599881276130        7.6598139634794862        7.5068642946179160     
        2178   6.5980788947983893        7.6605189161683818        7.5075294591361121     
        2179   6.5982040458509967        7.6606889411843380        7.5076900901104366     
        2180   6.5987782909274957        7.6614691014923846        7.5084261795323108     
        2181   6.5996515057652916        7.6626554840653780        7.5095453890558801     
        2182   6.6006129296713851        7.6639617759229894        7.5107776700802660     
        2183   6.6006777902423517        7.6640499047890778        7.5108610549702810     
        2184   6.6012263985309847        7.6647953350514060        7.5115643554151710     
        2185   6.6013762677939738        7.6649989761682331        7.5117566808344343     
        2186   6.6023954192508683        7.6663838347470961        7.5130630176661768     
        2187   6.6029714231428800        7.6671665628761856        7.5138014703845570     
        2188   6.6032369017652517        7.6675273283860177        7.5141419708748955     
        2189   6.6036691100036027        7.6681146780596290        7.5146961556930592     
        2190   6.6041206467013689        7.6687283088950418        7.5152751208620217     
        2191   6.6043532261641280        7.6690443863799658        7.5155734704167436     
        2192   6.6055336728112533        7.6706486851148128        7.5170866748385130     
        2193   6.6067658040995960        7.6723233362365102        7.5186661889938016     
        2194   6.6070372319309225        7.6726922624256169        7.5190143607656559     
        2195   6.6073842054340899        7.6731638786322263        7.5194593682947435     
        2196   6.6076262053040642        7.6734928169719341        7.5197698273458293     
        2197   6.6079508383580645        7.6739340812698513        7.5201862081587620     
        2198   6.6082804022336994        7.6743820558577083        7.5206089141667078     
        2199   6.6083762321877764        7.6745123185588948        7.5207320191325522     
        2200   6.6086944825921687        7.6749449246726957        7.5211402295217198     
        2201   6.6094606118054813        7.6759863748898285        7.5221225618569854     
        2202   6.6096590971759763        7.6762561962852560        7.5223772634724071     
        2203   6.6111927571074913        7.6783411547432454        7.5243435499246942     
        2204   6.6112558485310773        7.6784269291092482        7.5244246984988052     
        2205   6.6118365694589647        7.6792164475345963        7.5251694300320686     
        2206   6.6122372182636910        7.6797611636611300        7.5256833246472112     
        2207   6.6128264786791942        7.6805623348799736        7.5264390298573112     
        2208   6.6132380196914511        7.6811218901782476        7.5269669067370835     
        2209   6.6136955207636907        7.6817439501702900        7.5275537148517699     
        2210   6.6145522312190339        7.6829088531137666        7.5286523550190978     
        2211   6.6169241238191612        7.6861342920887497        7.5316937535619140     
        2212   6.6169613276621497        7.6861848873762142        7.5317417255242027     
        2213   6.6177965901486813        7.6873208277816776        7.5328129910170460     
        2214   6.6190379814365290        7.6890091906631968        7.5344050644938783     
        2215   6.6207515198993061        7.6913398879401980        7.5366026750602231     
        2216   6.6211433870957181        7.6918729230249481        7.5371054704392186     
        2217   6.6212250320895807        7.6919839815857065        7.5372104411027436     
        2218   6.6234316720370243        7.6949857763377780        7.5400406196136203     
        2219   6.6244356633168087        7.6963516715922173        7.5413285323059220     
        2220   6.6245833295610224        7.6965525726824433        7.5415181910388327     
        2221   6.6249507404056791        7.6970524450410780        7.5419896876442927     
        2222   6.6255694728790635        7.6978942698397512        7.5427835337418685     
        2223   6.6277675601486141        7.7008851363252724        7.5456031763518681     
        2224   6.6293586671664322        7.7030503276162756        7.5476444133714367     
        2225   6.6294486177085936        7.7031727386415954        7.5477600690006206     
        2226   6.6301546643437650        7.7041335973865106        7.5486660484281956     
        2227   6.6311326528136796        7.7054646027359617        7.5499209095922808     
        2228   6.6318916838196547        7.7064976640947860        7.5508949157876764     
        2229   6.6319915747177021        7.7066336214388160        7.5510233342535358     
        2230   6.6325169823978172        7.7073487441379722        7.5516976502939563     
        2231   6.6332677948433654        7.7083706966079522        7.5526611602059006     
        2232   6.6333500179997280        7.7084826154550630        7.5527669181165109     
        2233   6.6353838417663047        7.7112511338944625        7.5553765783452604     
        2234   6.6374529261760031        7.7140679651075095        7.5580316703299069     
        2235   6.6381036791886023        7.7149539594851744        7.5588669552869554     
        2236   6.6381944306319234        7.7150775192543648        7.5589836747175561     
        2237   6.6382565410256795        7.7151620840566491        7.5590636430696030     
        2238   6.6388151054949054        7.7159225959354645        7.5597806553510125     
        2239   6.6401516202342679        7.7177424177242004        7.5614959801605686     
        2240   6.6403739648003510        7.7180451788173681        7.5617815771821739     
        2241   6.6413336552101558        7.7193520075668278        7.5630134096997779     
        2242   6.6438586060787062        7.7227906076952548        7.5662541268138170     
        2243   6.6439559788503546        7.7229232241136998        7.5663793682417264     
        2244   6.6440824392463282        7.7230954573443702        7.5665419422386897     
        2245   6.6443139562939866        7.7234107759671735        7.5668393514845889     
        2246   6.6446784064838171        7.7239071532261345        7.5673073777670474     
        2247   6.6456606481594473        7.7252450049559283        7.5685683425036459     
        2248   6.6464615787667150        7.7263359568843706        7.5695966292697427     
        2249   6.6479898226445444        7.7284177182592710        7.5715585232334099     
        2250   6.6482487035458622        7.7287703808867922        7.5718910986422934     
        2251   6.6489972465266618        7.7297901176806914        7.5728522315187909     
        2252   6.6512943761381891        7.7329197469032200        7.5758013561436677     
        2253   6.6529132676904057        7.7351255741060152        7.5778799618779757     
        2254   6.6529802081808658        7.7352167883312104        7.5779661735179964     
        2255   6.6557927668032661        7.7390495282436529        7.5815775016697309     
        2256   6.6560220602651459        7.7393620177534812        7.5818721793884372     
        2257   6.6560624916054634        7.7394171194668031        7.5819243633722948     
        2258   6.6565288648750904        7.7400527234561745        7.5825234535561776     
        2259   6.6578749267296145        7.7418873152078813        7.5842521115599588     
        2260   6.6581243665181491        7.7422272996448429        7.5845726804060511     
        2261   6.6590497977831085        7.7434886954568665        7.5857612933149241     
        2262   6.6590961402248317        7.7435518635307456        7.5858210735612985     
        2263   6.6617525166136060        7.7471729619948357        7.5892326061049928     
        2264   6.6635444748240813        7.7496160059056889        7.5915342522396259     
        2265   6.6640355513126268        7.7502855506002231        7.5921652283900016     
        2266   6.6644310319994879        7.7508247708711222        7.5926734358581243     
        2267   6.6653526528189868        7.7520814048711566        7.5938574195698898     
        2268   6.6667592544021081        7.7539994340317415        7.5956643776725308     
        2269   6.6681301395059798        7.7558689021319385        7.5974255467149412     
        2270   6.6693559873881707        7.7575407022121556        7.5990004881501640     
        2271   6.6701268942812799        7.7585921152138635        7.5999910675265703     
        2272   6.6715102209293802        7.7604788970129457        7.6017684294979340     
        2273   6.6716480068063619        7.7606668372025522        7.6019457126211769     
        2274   6.6732772226121844        7.7628891976858370        7.6040390775933844     
        2275   6.6767001404878137        7.7675589326702097        7.6084372474083075     
        2276   6.6767372326322940        7.7676095406147478        7.6084851797955366     
        2277   6.6774139096247263        7.7685328061524439        7.6093549367915649     
        2278   6.6774550379317823        7.7685889231665444        7.6094080566872435     
        2279   6.6793550078330428        7.7711814511231125        7.6118497783453876     
        2280   6.6794817301821663        7.7713543746015308        7.6120128937922402     
        2281   6.6813777611111611        7.7739418137293423        7.6144497281107810     
        2282   6.6816513225133702        7.7743151543646904        7.6148015636949289     
        2283   6.6820625140904895        7.7748763351185897        7.6153302790143691     
        2284   6.6830039334710589        7.7761612007943404        7.6165404456970762     
        2285   6.6838089952564967        7.7772600156168643        7.6175754001186071     
        2286   6.6839794293434984        7.7774926443311623        7.6177947217230901     
        2287   6.6847847343602469        7.7785918496840871        7.6188300244455647     
        2288   6.6857279296842274        7.7798793305978160        7.6200425901882625     
        2289   6.6864788954396666        7.7809044616312812        7.6210081112910686     
        2290   6.6867134488260795        7.7812246552265103        7.6213098706524356     
        2291   6.6870178809827152        7.7816402478669993        7.6217014535002150     
        2292   6.6872556308662432        7.7819648146461304        7.6220073273897846     
        2293   6.6880761502350756        7.7830849877455401        7.6230623069954575     
        2294   6.6881458617098071        7.7831801601690209        7.6231521891499874     
        2295   6.6883457941733981        7.7834531166264993        7.6234094630314786     
        2296   6.6885077684153904        7.7836742530612781        7.6236179452296433     
        2297   6.6887117064894985        7.7839526836849497        7.6238803714727474     
        2298   6.6897401686327838        7.7853568598978873        7.6252027165006311     
        2299   6.6907518563366368        7.7867382106475169        7.6265035451105412     
        2300   6.6913453506472491        7.7875485988190771        7.6272667948246671     
        2301   6.6920341183058500        7.7884891111370713        7.6281525449125418     
        2302   6.6920521795532437        7.7885137742485719        7.6281760375350096     
        2303   6.6921103676625631        7.7885932318178792        7.6282511178550294     
        2304   6.6922896303914712        7.7888380219175009        7.6284818544004374     
        2305   6.6938457016287760        7.7909629973054262        7.6304827042598653     
        2306   6.6942694033941539        7.7915416369509281        7.6310277322266558     
        2307   6.6945896952902979        7.7919790610322996        7.6314398111502690     
        2308   6.6954068783738290        7.7930951263157011        7.6324907745067669     
        2309   6.6963867129106136        7.7944333980109421        7.6337509063990723     
        2310   6.6965790323981071        7.7946960790636926        7.6339984665651706     
        2311   6.6967291411225958        7.7949011081386681        7.6341917527207954     
        2312   6.6973972147011640        7.7958136305109988        7.6350510617482676     
        2313   6.6997112763998894        7.7989746672317128        7.6380270051782659     
        2314   6.6999517609830992        7.7993031950557752        7.6383365334083493     
        2315   6.7005875404661852        7.8001717590534563        7.6391544100450588     
        2316   6.7008872161857527        7.8005811686063415        7.6395400684225017     
        2317   6.7019077341336590        7.8019754252694309        7.6408527655243219     
        2318   6.7028801752698604        7.8033040705660630        7.6421036780900664     
        2319   6.7034655733750199        7.8041039334280722        7.6428568422634839     
        2320   6.7035672214685187        7.8042428236307959        7.6429878487002050     
        2321   6.7044686380815488        7.8054745375152574        7.6441474844139030     
        2322   6.7046193192183212        7.8056804371869619        7.6443415609497691     
        2323   6.7046572180114872        7.8057322246200442        7.6443905792928852     
        2324   6.7050392894230120        7.8062543184153119        7.6448822705988277     
        2325   6.7051677821844438        7.8064299039408063        7.6450478121918124     
        2326   6.7061179705585001        7.8077283758686038        7.6462702461640859     
        2327   6.7067596610555311        7.8086053107712443        7.6470959042587374     
        2328   6.7079203974378920        7.8101916524720885        7.6485892407877678     
        2329   6.7080154843228517        7.8103216091710932        7.6487118280829129     
        2330   6.7081288452082113        7.8104765421085229        7.6488579224086344     
        2331   6.7088105760343248        7.8114082996075105        7.6497351459495668     
        2332   6.7089952491252394        7.8116607080449594        7.6499729790131106     
        2333   6.7093224758940071        7.8121079629902530        7.6503941937420201     
        2334   6.7110300207351683        7.8144419723984120        7.6525911135593638     
        2335   6.7117220584703086        7.8153879672024003        7.6534816869028397     
        2336   6.7136418832553844        7.8180124974479357        7.6559519095602546     
        2337   6.7160647831720768        7.8213251587359496        7.6590696018755118     
        2338   6.7172164506522254        7.8228999069085141        7.6605517595838855     
        2339   6.7182666976479375        7.8243360628840390        7.6619034691816985     
        2340   6.7189477799675661        7.8252674502282762        7.6627801723707982     
        2341   6.7197245905906122        7.8263297894089749        7.6637800861955085     
        2342   6.7200771921704243        7.8268120099577141        7.6642341152579192     
        2343   6.7213572462615199        7.8285626996544178        7.6658817087557836     
        2344   6.7215388922975112        7.8288111411545804        7.6661157519617404     
        2345   6.7216006575201188        7.8288956194458486        7.6661955152798242     
        2346   6.7219003668473114        7.8293055456328959        7.6665815038024121     
        2347   6.7224354244109383        7.8300373851040836        7.6672703863939766     
        2348   6.7227362062017839        7.8304487969500638        7.6676577665860002     
        2349   6.7244315795821015        7.8327678694608549        7.6698400609513833     
        2350   6.7259703505986366        7.8348729145038227        7.6718209142305369     
        2351   6.7266794315449401        7.8358429997991079        7.6727338953675499     
        2352   6.7274035415413769        7.8368336850103173        7.6736662450136528     
        2353   6.7282387104506238        7.8379763633250930        7.6747415793761071     
        2354   6.7282786993105930        7.8380310774037802        7.6747933300479971     
        2355   6.7297840542531073        7.8400908408487542        7.6767314348769737     
        2356   6.7304713724271448        7.8410313484747469        7.6776165225188642     
        2357   6.7311663553023013        7.8419823802483375        7.6785114990869836     
        2358   6.7339384150751922        7.8457760954594429        7.6820806650127551     
        2359   6.7342466994512220        7.8461980350406844        7.6824778626517443     
        2360   6.7344071119141686        7.8464175895854265        7.6826846738409778     
        2361   6.7346065081441893        7.8466905034157648        7.6829416794974463     
        2362   6.7348643559088925        7.8470434243406499        7.6832739465133990     
        2363   6.7355598854269836        7.8479954330869841        7.6841697657729497     
        2364   6.7372393127693577        7.8502943052874938        7.6863325146194974     
        2365   6.7382263210366524        7.8516454631824875        7.6876037467455021     
        2366   6.7389440535140039        7.8526280437750700        7.6885282639933479     
        2367   6.7390895316513673        7.8528272090315507        7.6887158779946070     
        2368   6.7398074233826799        7.8538100541069014        7.6896406285087338     
        2369   6.7401784041653281        7.8543179684492230        7.6901186487812261     
        2370   6.7415074610852699        7.8561376812988586        7.6918305200691108     
        2371   6.7415703387440331        7.8562237751622748        7.6919117730988553     
        2372   6.7422540661800401        7.8571599731886304        7.6927926046843389     
        2373   6.7428427086345586        7.8579660036004855        7.6935509956519077     
        2374   6.7432693327934388        7.8585501979703940        7.6941007323416173     
        2375   6.7447353469801996        7.8605577767983732        7.6959891914361904     
        2376   6.7451545649955769        7.8611318890249899        7.6965294256032450     
        2377   6.7452114066670017        7.8612097337808571        7.6966029147319581     
        2378   6.7458214070045557        7.8620451454339166        7.6973888949946776     
        2379   6.7467926097091642        7.8633752909245569        7.6986401531109223     
        2380   6.7468620696668742        7.8634704250122418        7.6987299001749250     
        2381   6.7479516804744986        7.8649628304905885        7.7001337313506646     
        2382   6.7481631225193670        7.8652524462972124        7.7004063772917100     
        2383   6.7500831402167636        7.8678824811403558        7.7028800264288577     
        2384   6.7506491249473868        7.8686578182376667        7.7036094377511972     
        2385   6.7514411539602559        7.8697428516169721        7.7046300772972600     
        2386   6.7520079102924599        7.8705193035186340        7.7053605176794342     
        2387   6.7532110957048097        7.8721677384044755        7.7069109317313078     
        2388   6.7538720020193113        7.8730732652370881        7.7077627221919087     
        2389   6.7539285335843253        7.8731507222900685        7.7078358347377005     
        2390   6.7545016232797703        7.8739359580215176        7.7085744994857883     
        2391   6.7552679393871458        7.8749859871552959        7.7095621471764382     
        2392   6.7559847054420823        7.8759681612514907        7.7104859755363897     
        2393   6.7572183838615736        7.8776587432074336        7.7120758995041214     
        2394   6.7572193167523089        7.8776600216456290        7.7120773779050928     
        2395   6.7586261835514412        7.8795880734361559        7.7138905470441976     
        2396   6.7596400601056992        7.8809776408192382        7.7151973635657249     
        2397   6.7597450104335417        7.8811214847856519        7.7153328877465661     
        2398   6.7598040818209428        7.8812024478568885        7.7154092887236416     
        2399   6.7607010090026876        7.8824318058520149        7.7165654431798743     
        2400   6.7615337299407887        7.8835732147697311        7.7176388872376585     
        2401   6.7629740290195031        7.8855475528513237        7.7194954208899205     
        2402   6.7635372175538393        7.8863196047566406        7.7202215603772508     
        2403   6.7651149921276019        7.8884826377363053        7.7222554210239913     
        2404   6.7679400512699504        7.8923560896088549        7.7258971816684294     
        2405   6.7681360202159340        7.8926248058127735        7.7261500747574878     
        2406   6.7695217853539855        7.8945250747530249        7.7279367392729661     
        2407   6.7695391963014062        7.8945489509171400        7.7279594612100517     
        2408   6.7706956596697809        7.8961348955256607        7.7294506009523047     
        2409   6.7723081081934797        7.8983463345881333        7.7315296785890517     
        2410   6.7730039396061770        7.8993007130866051        7.7324270718336905     
        2411   6.7738601077583853        7.9004750539531425        7.7335312130100107     
        2412   6.7743348885377781        7.9011262984874362        7.7341436429804240     
        2413   6.7771147115803583        7.9049396504511904        7.7377282564763163     
        2414   6.7771912030136958        7.9050445893673276        7.7378271677466834     
        2415   6.7779685204753992        7.9061110194153956        7.7388297928326573     
        2416   6.7781543505952673        7.9063659732416145        7.7390697014929088     
        2417   6.7786569034024859        7.9070554749295363        7.7397180375797916     
        2418   6.7794621996707143        7.9081603798381757        7.7407567954505154     
        2419   6.7800545777495707        7.9089731820043347        7.7415210007136999     
        2420   6.7803937882907466        7.9094386248036530        7.7419587296111807     
        2421   6.7805912543407745        7.9097095789562539        7.7422136649553757     
        2422   6.7807507422121747        7.9099284232809524        7.7424196238701128     
        2423   6.7808514385455894        7.9100665966620580        7.7425497636800706     
        2424   6.7811859303053561        7.9105255846691271        7.7429814192882525     
        2425   6.7815321296390225        7.9110006466281488        7.7434281789689159     
        2426   6.7831413992283016        7.9132090385005389        7.7455039510897201     
        2427   6.7831486276949677        7.9132189585259898        7.7455135516771527     
        2428   6.7839882785603578        7.9143712847326775        7.7465967842687249     
        2429   6.7841620604800399        7.9146097874711501        7.7468212043746867     
        2430   6.7842163914977309        7.9146843532122988        7.7468915580569195     
        2431   6.7847653983649368        7.9154378414342190        7.7475999503666060     
        2432   6.7861821087184753        7.9173823201476452        7.7494275786472677     
        2433   6.7872540029560184        7.9188536286029407        7.7508105049161315     
        2434   6.7907323257923187        7.9236286567621326        7.7552978700962321     
        2435   6.7915992613316893        7.9248189245223859        7.7564165932743698     
        2436   6.7924622205515703        7.9260037892381732        7.7575302205165606     
        2437   6.7927280342663048        7.9263687694678975        7.7578734457759744     
        2438   6.7930378475969384        7.9267941708741887        7.7582734424530067     
        2439   6.7935841054240305        7.9275442493506665        7.7589785084251766     
        2440   6.7936250434358936        7.9276004631296226        7.7590316058737194     
        2441   6.7938058804450749        7.9278487798678574        7.7592652053065905     
        2442   6.7948385585444671        7.9292668513391664        7.7605979035018144     
        2443   6.7960724827997838        7.9309613791078988        7.7621903245251183     
        2444   6.7963235916692035        7.9313062368302587        7.7625146192284085     
        2445   6.7966076990658939        7.9316964184686034        7.7628814967900084     
        2446   6.7972867596441411        7.9326290375479616        7.7637580187399173     
        2447   6.7978350337949287        7.9333820604576113        7.7644657923366687     
        2448   6.7982195305481339        7.9339101580929183        7.7649622351035461     
        2449   6.7986680428864936        7.9345261937897886        7.7655412937088073     
        2450   6.7988824011560585        7.9348206221461126        7.7658181928201202     
        2451   6.7989079653467552        7.9348557356608431        7.7658514610227733     
        2452   6.8031850275482029        7.9407311589160505        7.7713715554025171     
        2453   6.8036766002387257        7.9414065234331455        7.7720062926688733     
        2454   6.8040404588355825        7.9419064351787485        7.7724762001851531     
        2455   6.8040407957959843        7.9419068981392202        7.7724769138912784     
        2456   6.8052918501585697        7.9436258201095820        7.7740919623025526     
        2457   6.8053876305699568        7.9437574252195695        7.7742158704542206     
        2458   6.8054282938665178        7.9438132979977789        7.7742686359030024     
        2459   6.8087385067572637        7.9483620640711798        7.7785418595628997     
        2460   6.8089927414029257        7.9487114576800177        7.7788703346493548     
        2461   6.8106431904267177        7.9509797816143530        7.7810012792769605     
        2462   6.8114627971675743        7.9521062991827653        7.7820596848949393     
        2463   6.8145418872463814        7.9563388422862440        7.7860353954478221     
        2464   6.8164844916121829        7.9590095312801248        7.7885440044691130     
        2465   6.8179264496087582        7.9609921170467368        7.7904062799026015     
        2466   6.8180426340921754        7.9611518689767555        7.7905565922193958     
        2467   6.8186057350349802        7.9619261388293365        7.7912840309379732     
        2468   6.8200969042042603        7.9639766283138291        7.7932099982140954     
        2469   6.8207275610722284        7.9648438878892582        7.7940247351101100     
        2470   6.8211580069562494        7.9654358408647576        7.7945809213983708     
        2471   6.8215652709219894        7.9659959267664791        7.7951071767879192     
        2472   6.8221073188912786        7.9667413925538577        7.7958075155459312     
        2473   6.8232373806517996        7.9682956113218077        7.7972673215309065     
        2474   6.8241985305284674        7.9696175949190016        7.7985090158800467     
        2475   6.8259166541365772        7.9719809085906927        7.8007285169684337     
        2476   6.8259173737545638        7.9719818984865540        7.8007297264506015     
        2477   6.8263209149907951        7.9725370100173079        7.8012512615398215     
        2478   6.8264122210899458        7.9726626124439326        7.8013694828418210     
        2479   6.8267122669381193        7.9730753657293727        7.8017573387793142     
        2480   6.8271414513556117        7.9736657782735003        7.8023120130387937     
        2481   6.8274911519690367        7.9741468583059056        7.8027640211845224     
        2482   6.8278389673349711        7.9746253540030256        7.8032135995859093     
        2483   6.8280762719545898        7.9749518233847585        7.8035204264099534     
        2484   6.8285454197174564        7.9755972611244363        7.8041267524918965     
        2485   6.8286530791456821        7.9757453777016876        7.8042661086641338     
        2486   6.8294776113655340        7.9768797885461655        7.8053315494223341     
        2487   6.8305668717455834        7.9783784975507999        7.8067390230708824     
        2488   6.8316874825056928        7.9799204351849777        7.8081870540064742     
        2489   6.8321342894072439        7.9805352589220968        7.8087645934645522     
        2490   6.8329363014703519        7.9816388967570093        7.8098010686103017     
        2491   6.8335132548846493        7.9824328645945197        7.8105467874435419     
        2492   6.8343386517703797        7.9835687689137638        7.8116135279210113     
        2493   6.8356585580396043        7.9853853201900264        7.8133192673144265     
        2494   6.8358801756720187        7.9856903394818266        7.8136059090616996     
        2495   6.8365148101784339        7.9865638274270063        7.8144262392962993     
        2496   6.8369936086195251        7.9872228484558061        7.8150452164555659     
        2497   6.8372417168757345        7.9875643529724334        7.8153661031181620     
        2498   6.8377652228931041        7.9882849395010140        7.8160428686655266     
        2499   6.8380763346352902        7.9887131830624840        7.8164451800003363     
        2500   6.8383224650510064        7.9890519853914306        7.8167635230639512     
        2501   6.8383923286007162        7.9891481544861671        7.8168540854785284     
        2502   6.8392157667219848        7.9902816675497359        7.8179184781035254     
        2503   6.8394044490710098        7.9905414076099408        7.8181625933986965     
        2504   6.8396163634739118        7.9908331321254433        7.8184367334722715     
        2505   6.8407208539565625        7.9923536452429573        7.8198643928647087     
        2506   6.8412678774392433        7.9931067474352409        7.8205716352147228     
        2507   6.8413384449507531        7.9932039013107952        7.8206631169441074     
        2508   6.8425835075471220        7.9949181042937569        7.8222725450969293     
        2509   6.8436454472604185        7.9963802764588747        7.8236453568283757     
        2510   6.8437440318642269        7.9965160207658297        7.8237730585016116     
        2511   6.8438981812009869        7.9967282754152889        7.8239725785810244     
        2512   6.8442081426453534        7.9971550797077446        7.8243734902585302     
        2513   6.8445517758038541        7.9976282570969559        7.8248179283611634     
        2514   6.8452416218319643        7.9985781911333200        7.8257098742318441     
        2515   6.8455338964948211        7.9989806710328111        7.8260879432441861     
        2516   6.8455484513229754        7.9990007140814248        7.8261070376107114     
        2517   6.8455593967733579        7.9990157867669867        7.8261214665541594     
        2518   6.8470380411345850        8.0010520717188651        7.8280330731731418     
        2519   6.8475009801744715        8.0016896328784366        7.8286317790677238     
        2520   6.8475729500625153        8.0017887515039625        7.8287250939631434     
        2521   6.8480037952631685        8.0023821298838076        7.8292823234983722     
        2522   6.8483216851959954        8.0028199504823583        7.8296935425520928     
        2523   6.8488214776349903        8.0035083156392020        7.8303399172075920     
        2524   6.8497606721413149        8.0048019214461270        7.8315543480739116     
        2525   6.8499576283331445        8.0050732088589900        7.8318092507660957     
        2526   6.8510895415923914        8.0066323629968039        7.8332728835617047     
        2527   6.8516389934426769        8.0073892406125484        7.8339835240690228     
        2528   6.8520405308945609        8.0079423785659980        7.8345029420602756     
        2529   6.8529265797389538        8.0091629985331867        7.8356487974008679     
        2530   6.8529556926478632        8.0092031054575141        7.8356867195318713     
        2531   6.8533242842439499        8.0097108952249361        7.8361635646164665     
        2532   6.8540836400527860        8.0107570533513002        7.8371456605666623     
        2533   6.8566340552260261        8.0142710594075321        7.8404437115871630     
        2534   6.8570629147512356        8.0148619979791089        7.8409985515243399     
        2535   6.8574382030349028        8.0153791305693591        7.8414841253680621     
        2536   6.8583288698140468        8.0166064774083932        7.8426361703554619     
        2537   6.8586512408791016        8.0170507224895946        7.8430533342138986     
        2538   6.8595754736806231        8.0183244099505675        7.8442488367984815     
        2539   6.8599457562402888        8.0188347154496995        7.8447279800738592     
        2540   6.8606632017548739        8.0198234937726092        7.8456561036186763     
        2541   6.8612965803340638        8.0206964441443684        7.8464755264755190     
        2542   6.8613763726947079        8.0208064196669131        7.8465790041341741     
        2543   6.8630867620978071        8.0231639166713808        7.8487914098455072     
        2544   6.8638438524000405        8.0242075150058554        7.8497709133647078     
        2545   6.8638494993237043        8.0242152990760420        7.8497784991819053     
        2546   6.8643400967555248        8.0248915782887913        7.8504133345763094     
        2547   6.8649512237779549        8.0257340308346166        7.8512040819004305     
        2548   6.8660504565711165        8.0272494197826507        7.8526262148937853     
        2549   6.8662203535658737        8.0274836459075196        7.8528462626314592     
        2550   6.8665994889507314        8.0280063435366387        7.8533369697482875     
        2551   6.8666039490975805        8.0280124926140779        7.8533430212727886     
        2552   6.8669394796865388        8.0284750834181562        7.8537773295960491     
        2553   6.8680873000068914        8.0300576301693241        7.8552624155166662     
        2554   6.8687277052463056        8.0309406265665668        7.8560911427411320     
        2555   6.8706966145853245        8.0336555714996614        7.8586385746391016     
        2556   6.8710668942236861        8.0341661860124880        7.8591179021288262     
        2557   6.8716043619226088        8.0349073709163807        7.8598135384266783     
        2558   6.8720459765227755        8.0355163878204117        7.8603851737384716     
        2559   6.8732247395336286        8.0371420557326552        7.8619105617079725     
        2560   6.8744495682711548        8.0388313662861499        7.8634956174224477     
        2561   6.8748595903168743        8.0393969031528183        7.8640264318120430     
        2562   6.8756311178463063        8.0404610934523255        7.8650250227216922     
        2563   6.8768152250269994        8.0420944549506945        7.8665575186162258     
        2564   6.8772993205527273        8.0427622487093267        7.8671842305261954     
        2565   6.8780472047171921        8.0437939652337338        7.8681523111753862     
        2566   6.8783728603505745        8.0442432249801694        7.8685740158684894     
        2567   6.8784212665698847        8.0443100046947844        7.8686369401888676     
        2568   6.8800390505689979        8.0465419517928076        7.8707308276295898     
        2569   6.8810592036070775        8.0479494903501916        7.8720513709356688     
        2570   6.8815543543514339        8.0486326946162841        7.8726924845213873     
        2571   6.8825702919101692        8.0500345340095087        7.8740076423006968     
        2572   6.8843795572733271        8.0525312398371529        7.8763496791451963     
        2573   6.8846407895607697        8.0528917493896532        7.8766880906170762     
        2574   6.8848112855591754        8.0531270425424264        7.8769090584365742     
        2575   6.8851654006836167        8.0536157465081661        7.8773677013912575     
        2576   6.8855737481099091        8.0541793067537331        7.8778965487090318     
        2577   6.8863660976829628        8.0552728645692415        7.8789224694137872     
        2578   6.8869765166629087        8.0561153642902603        7.8797129140364319     
        2579   6.8875310301481178        8.0568807279098920        7.8804310061083989     
        2580   6.8880212524807254        8.0575573735999733        7.8810658859984066     
        2581   6.8893381602736516        8.0593751700954250        7.8827709708735227     
        2582   6.8897338562842876        8.0599213957573816        7.8832835174981071     
        2583   6.8904128425298072        8.0608587080018275        7.8841628248749984     
        2584   6.8912139236305521        8.0619646123019582        7.8852002247906618     
        2585   6.8916158062049391        8.0625194355639458        7.8857208149442286     
        2586   6.8919767892716548        8.0630178050731356        7.8861884598820424     
        2587   6.8920894453641051        8.0631733389497739        7.8863345993946439     
        2588   6.8927304962800946        8.0640583972451729        7.8871648635558564     
        2589   6.8938111968758946        8.0655505228767090        7.8885643928102986     
        2590   6.8940061518027349        8.0658197070447279        7.8888171015046602     
        2591   6.8952998080826697        8.0676059973986796        7.8904924383082253     
        2592   6.8957688700425335        8.0682537132228873        7.8911000920301007     
        2593   6.8958174595681729        8.0683208102319810        7.8911632929756799     
        2594   6.8964978976250801        8.0692604423265291        7.8920446687179151     
        2595   6.8970348229591645        8.0700019194297887        7.8927402262693285     
        2596   6.8978646990544910        8.0711479956420451        7.8938151566377144     
        2597   6.8993460161101057        8.0731938560206071        7.8957337473274016     
        2598   6.8995728779672465        8.0735071917667796        7.8960278263343717     
        2599   6.8997296699573143        8.0737237511147590        7.8962311634598805     
        2600   6.9003625103645332        8.0745978422934499        7.8970510177661097     
        2601   6.9010232084643350        8.0755104436559115        7.8979069691288508     
        2602   6.9017948416782140        8.0765763183536805        7.8989066173065403     
        2603   6.9018526413789942        8.0766561602386613        7.8989817604528447     
        2604   6.9022113448761582        8.0771516626812279        7.8994466217882113     
        2605   6.9023651009070264        8.0773640597392831        7.8996460458063176     
        2606   6.9031092514154624        8.0783920473822768        7.9006101454405631     
        2607   6.9031168799495575        8.0784025858440245        7.9006203100472305     
        2608   6.9033208249548172        8.0786843279420548        7.9008847459439977     
        2609   6.9038836803655714        8.0794619072894154        7.9016140563862507     
        2610   6.9062541570507614        8.0827369635160888        7.9046848076807024     
        2611   6.9073978437987682        8.0843172372959362        7.9061665954303741     
        2612   6.9076911916912778        8.0847225828974487        7.9065468849386491     
        2613   6.9089448410917509        8.0864549389484370        7.9081712008436398     
        2614   6.9103474152249822        8.0883932290060763        7.9099885251681705     
        2615   6.9103746608375678        8.0884308826215126        7.9100241073163993     
        2616   6.9107362652240960        8.0889306276284874        7.9104928665738186     
        2617   6.9114553120233015        8.0899243953890423        7.9114247263077218     
        2618   6.9124772916802613        8.0913369033287630        7.9127490972259871     
        2619   6.9136468446027513        8.0929534745213445        7.9142647238616490     
        2620   6.9144044888147063        8.0940007559556069        7.9152466904812684     
        2621   6.9159469308617432        8.0961329884977129        7.9172456029319953     
        2622   6.9162391031887189        8.0965369005571475        7.9176244838078347     
        2623   6.9165642766274313        8.0969864424989222        7.9180461320235658     
        2624   6.9165860230621545        8.0970165065419835        7.9180745962759289     
        2625   6.9175750733801138        8.0983838884965227        7.9193565342914951     
        2626   6.9190432920073253        8.1004138682012634        7.9212594810650963     
        2627   6.9196794931402987        8.1012935400168047        7.9220842484104459     
        2628   6.9202310508238831        8.1020562008497912        7.9227993373588745     
        2629   6.9211282989961749        8.1032969114360647        7.9239624615530708     
        2630   6.9239791866973945        8.1072395143377278        7.9276577580624661     
        2631   6.9247049132772114        8.1082432489952829        7.9285987104607756     
        2632   6.9253844689061443        8.1091831622780290        7.9294798391096819     
        2633   6.9257383749199217        8.1096726740396665        7.9299388674652569     
        2634   6.9273179115379220        8.1118575566925273        7.9319866627753832     
        2635   6.9279382561363096        8.1127156961166342        7.9327911149333872     
        2636   6.9289549290850845        8.1141221509429187        7.9341093744661144     
        2637   6.9289917830146708        8.1141731357734930        7.9341574367784844     
        2638   6.9310515355320215        8.1170228244436817        7.9368280507682236     
        2639   6.9329750290982899        8.1196842908007891        7.9393221889379895     
        2640   6.9368048403296054        8.1249843017043428        7.9442884126922557     
        2641   6.9371923196988092        8.1255205904374304        7.9447911622757310     
        2642   6.9376327252863064        8.1261301453866963        7.9453625522375226     
        2643   6.9407520895598287        8.1304480091346196        7.9494081841391697     
        2644   6.9417741821513941        8.1318629649407015        7.9507340669182724     
        2645   6.9426281871336526        8.1330452864736440        7.9518419860666789     
        2646   6.9433707101051603        8.1340733129212239        7.9528053415993547     
        2647   6.9435544613353013        8.1343277238644021        7.9530439612822406     
        2648   6.9462945139509564        8.1381217437169919        7.9565983989900602     
        2649   6.9472437678505488        8.1394362645070011        7.9578300525235228     
        2650   6.9501329463368267        8.1434376059673088        7.9615784186622101     
        2651   6.9509698964361206        8.1445968520359564        7.9626645367452227     
        2652   6.9517731378259571        8.1457094592678807        7.9637069523252819     
        2653   6.9524990046868451        8.1467149340121541        7.9646490071852440     
        2654   6.9526189700168715        8.1468811145372886        7.9648049439612016     
        2655   6.9530004542044139        8.1474095682441892        7.9653001949810793     
        2656   6.9544209885388373        8.1493774718682932        7.9671436407218970     
        2657   6.9575515283488913        8.1537148380382760        7.9712061621368910     
        2658   6.9576747180197991        8.1538855328452993        7.9713663110074116     
        2659   6.9581851939397126        8.1545928739573537        7.9720290443148834     
        2660   6.9584508956623088        8.1549610515487920        7.9723741380630067     
        2661   6.9586820850971858        8.1552814105612317        7.9726744471240849     
        2662   6.9589823930451491        8.1556975531709561        7.9730644571671760     
        2663   6.9593821074134574        8.1562514559518906        7.9735834777371970     
        2664   6.9601545091999748        8.1573218437844535        7.9745861779451914     
        2665   6.9603639522963068        8.1576120961461829        7.9748582823348251     
        2666   6.9618390234858971        8.1596563883416042        7.9767729875515734     
        2667   6.9624475750278014        8.1604998249355525        7.9775631110314400     
        2668   6.9629498374773160        8.1611959690496754        7.9782152951379146     
        2669   6.9631170623686609        8.1614277498336545        7.9784326296370764     
        2670   6.9647493174784145        8.1636902374286056        7.9805515465191483     
        2671   6.9650579867254034        8.1641181104468288        7.9809524931469262     
        2672   6.9652635184035336        8.1644030196627337        7.9812195674478303     
        2673   6.9655788735102959        8.1648401730715783        7.9816291999354760     
        2674   6.9664411558987762        8.1660355302580676        7.9827487917197928     
        2675   6.9672601548117639        8.1671709377379305        7.9838122298817673     
        2676   6.9674215269713873        8.1673946598146454        7.9840219998304605     
        2677   6.9680277395728609        8.1682351147544185        7.9848092421648431     
        2678   6.9682522498195709        8.1685463835928918        7.9851009819295946     
        2679   6.9694545206207241        8.1702133197241569        7.9866620590437059     
        2680   6.9703171626275262        8.1714094325051612        7.9877822702762096     
        2681   6.9705188481084459        8.1716890916221061        7.9880444007111855     
        2682   6.9706171483467960        8.1718253968555317        7.9881723095979886     
        2683   6.9706174811452293        8.1718258583222863        7.9881730293730477     
        2684   6.9708863646994912        8.1721987018690516        7.9885224053447352     
        2685   6.9711367028382254        8.1725458346783117        7.9888477070070891     
        2686   6.9711484526415468        8.1725621277285931        7.9888632495808629     
        2687   6.9712835325669529        8.1727494392025442        7.9890389128111643     
        2688   6.9716532538095342        8.1732621282659981        7.9895192172566176     
        2689   6.9731273193325141        8.1753063059668847        7.9914333765882724     
        2690   6.9738574409596632        8.1763188726219642        7.9923816637402396     
        2691   6.9740081807901522        8.1765279307426386        7.9925776771852632     
        2692   6.9749446676018660        8.1778267651424912        7.9937939536160805     
        2693   6.9753390967861506        8.1783738279519600        7.9943064031489044     
        2694   6.9755672899789918        8.1786903313200039        7.9946030004914164     
        2695   6.9756908497412029        8.1788617100627352        7.9947637320906857     
        2696   6.9757689865775827        8.1789700873165021        7.9948654819196499     
        2697   6.9762155963155470        8.1795895523951678        7.9954457046531218     
        2698   6.9776565691668484        8.1815883424541411        7.9973171966404202     
        2699   6.9780795619234475        8.1821751109265044        7.9978667883656378     
        2700   6.9781868216937202        8.1823239020735130        7.9980063666412420     
        2701   6.9783072851459034        8.1824910104723152        7.9981630921737761     
        2702   6.9784132120427280        8.1826379545037291        7.9983009406580372     
        2703   6.9785264690452857        8.1827950679682555        7.9984483088457878     
        2704   6.9799667083401404        8.1847930966442508        8.0003190001559155     
        2705   6.9801242669899786        8.1850116857760469        8.0005239116323850     
        2706   6.9814046661320415        8.1867881195336523        8.0021871111914855     
        2707   6.9821075004303887        8.1877632898882062        8.0031002334354717     
        2708   6.9824155161995041        8.1881906683943875        8.0035005765745986     
        2709   6.9830464581716596        8.1890661367662947        8.0043203539128491     
        2710   6.9836201102563198        8.1898621387249104        8.0050657369780112     
        2711   6.9857476717446882        8.1928145730029609        8.0078295644054194     
        2712   6.9859824820232914        8.1931404424904137        8.0081348660993719     
        2713   6.9860412997680568        8.1932220703674545        8.0082115579329169     
        2714   6.9873896945997789        8.1950934598140215        8.0099634327563471     
        2715   6.9874846096662386        8.1952251943517975        8.0100870206704471     
        2716   6.9875675968679394        8.1953403745339539        8.0101951140489085     
        2717   6.9877410356818341        8.1955810966689775        8.0104207098714895     
        2718   6.9878791279255177        8.1957727616512930        8.0106003894159556     
        2719   6.9881871952136985        8.1962003486109527        8.0110008808731976     
        2720   6.9886244947019494        8.1968073180450780        8.0115692622300934     
        2721   6.9888027096590104        8.1970546837128904        8.0118010712139203     
        2722   6.9906508507696214        8.1996200821852607        8.0142023784088572     
        2723   6.9910053425789611        8.2001121811670714        8.0146632241824527     
        2724   6.9930083025753014        8.2028928352373072        8.0172658732092934     
        2725   6.9930426817850027        8.2029405656450276        8.0173108311585359     
        2726   6.9950367816174195        8.2057092319469476        8.0199021535371031     
        2727   6.9952051681475034        8.2059430387506289        8.0201212438903902     
        2728   6.9952489761443006        8.2060038670606996        8.0201784572146764     
        2729   6.9965739156437818        8.2078436429046544        8.0219004194012165     
        2730   6.9973259613627921        8.2088879738791540        8.0228779788794711     
        2731   6.9997540615587051        8.2122600617265302        8.0260337181995283     
        2732   6.9997971931060503        8.2123199659061648        8.0260900617356192     
        2733   7.0011859400058993        8.2142488337049713        8.0278952278500029     
        2734   7.0014511535342390        8.2146172128091930        8.0282402104312105     
        2735   7.0032924180794245        8.2171748616683455        8.0306336464700827     
        2736   7.0040889103765940        8.2182813278269204        8.0316692087438710     
        2737   7.0046944288921775        8.2191225309961293        8.0324565645935273     
        2738   7.0053237306059781        8.2199968044414149        8.0332748521273309     
        2739   7.0060667309490494        8.2210290759659888        8.0342409541435664     
        2740   7.0063897870881302        8.2214779203507682        8.0346611863346418     
        2741   7.0065646540638271        8.2217208785756810        8.0348887885675992     
        2742   7.0067749949939300        8.2220131270452850        8.0351625058643101     
        2743   7.0074623502234754        8.2229681647781820        8.0360563205514914     
        2744   7.0080345276092881        8.2237631978219010        8.0368004266799211     
        2745   7.0080720863591548        8.2238153861011636        8.0368495423742985     
        2746   7.0090710340528881        8.2252034744464488        8.0381484768883702     
        2747   7.0091112437453820        8.2252593494615116        8.0382010407394482     
        2748   7.0097195669236561        8.2261046849338442        8.0389921818649945     
        2749   7.0102970832219986        8.2269072371303604        8.0397432881220752     
        2750   7.0113928600672057        8.2284300669051227        8.0411682155537036     
        2751   7.0115529955243066        8.2286526191116796        8.0413767048039233     
        2752   7.0118270599798933        8.2290335115546416        8.0417333210168991     
        2753   7.0119028949307536        8.2291389073476235        8.0418322087517886     
        2754   7.0123773261186848        8.2297982842645290        8.0424493425587364     
        2755   7.0127934504109461        8.2303766390442981        8.0429906756416329     
        2756   7.0130044280483474        8.2306698736723423        8.0432652809157439     
        2757   7.0164271032547934        8.2354274787542803        8.0477160520169697     
        2758   7.0206790414485258        8.2413390416467944        8.0532458525569481     
        2759   7.0208844514302999        8.2416246630474106        8.0535132929986695     
        2760   7.0213470584395683        8.2422679273887205        8.0541152432071250     
        2761   7.0216877897207439        8.2427417316666585        8.0545586899303245     
        2762   7.0232350765629148        8.2448934261601288        8.0565714536346675     
        2763   7.0234537854979804        8.2451975830322493        8.0568562160094181     
        2764   7.0249902553261006        8.2473344443928305        8.0588550341325309     
        2765   7.0252948639265194        8.2477581036607468        8.0592515501569260     
        2766   7.0255571364212788        8.2481228862871365        8.0595930001040585     
        2767   7.0263686953806985        8.2492516796526303        8.0606489717877530     
        2768   7.0277458540289661        8.2511672794767037        8.0624407479262814     
        2769   7.0279290998780422        8.2514221818114137        8.0626794217491806     
        2770   7.0281208187567836        8.2516888732527196        8.0629291197190156     
        2771   7.0286064292046433        8.2523643966628928        8.0635611488695176     
        2772   7.0299248911479690        8.2541985759282710        8.0652767020469511     
        2773   7.0308536984511756        8.2554907676603690        8.0664853789757380     
        2774   7.0317380113060013        8.2567211191093755        8.0676362048935779     
        2775   7.0342349968344502        8.2601955216738112        8.0708853907641078     
        2776   7.0352783284329066        8.2616473967890354        8.0722432729197138     
        2777   7.0357157067000724        8.2622560669311849        8.0728126988273914     
        2778   7.0357216623622971        8.2622643551310695        8.0728207398653886     
        2779   7.0359042203558761        8.2625184133739893        8.0730585857433432     
        2780   7.0366623000606330        8.2635734284763949        8.0740453488917439     
        2781   7.0374024504973383        8.2646035344780753        8.0750088064388805     
        2782   7.0376767369682778        8.2649852840579463        8.0753660362426167     
        2783   7.0380730760915347        8.2655369157798866        8.0758821034751875     
        2784   7.0413914403889128        8.2701559508709259        8.0802010293568323     
        2785   7.0414315119142206        8.2702117341037003        8.0802534744330146     
        2786   7.0424426208677851        8.2716193315554793        8.0815697600200842     
        2787   7.0426547489354903        8.2719146519521836        8.0818461497110690     
        2788   7.0433457002380937        8.2728766045406932        8.0827457723980736     
        2789   7.0433875266670869        8.2729348370998359        8.0828005053406784     
        2790   7.0446575347726510        8.2747030617719979        8.0844538783525053     
        2791   7.0447307776312966        8.2748050411794214        8.0845495074494380     
        2792   7.0455121684128965        8.2758930334675576        8.0855669204923686     
        2793   7.0455134305120986        8.2758947908265608        8.0855688551189289     
        2794   7.0482409721697215        8.2796929345666861        8.0891197539230824     
        2795   7.0482747505000098        8.2797399750290150        8.0891640192626078     
        2796   7.0484946618608264        8.2800462306991722        8.0894505983087441     
        2797   7.0497107601548485        8.2817398762371024        8.0910340829748328     
        2798   7.0507900122896903        8.2832430338700984        8.0924394693678359     
        2799   7.0513740341641240        8.2840564838369879        8.0932001303485706     
        2800   7.0514606255024193        8.2841770941090171        8.0933131615851757     
        2801   7.0516028617717232        8.2843752116670490        8.0934986414991030     
        2802   7.0521155343966635        8.2850893143506230        8.0941664273665204     
        2803   7.0532382612620568        8.2866532340080390        8.0956285386875955     
        2804   7.0542010329979892        8.2879944196308752        8.0968824302155440     
        2805   7.0542323896571002        8.2880381021193035        8.0969235518198346     
        2806   7.0546465947571910        8.2886151321545167        8.0974631830585615     
        2807   7.0553811598283964        8.2896384891242985        8.0984199762775830     
        2808   7.0557664670396383        8.2901752953780399        8.0989219994168096     
        2809   7.0560551509478042        8.2905774945403437        8.0992982082175828     
        2810   7.0568117457724027        8.2916316255792957        8.1002837362161273     
        2811   7.0581265125098920        8.2934635392819676        8.1019961763348789     
        2812   7.0583804427760635        8.2938173652927567        8.1023271571586619     
        2813   7.0587169499213189        8.2942862615049542        8.1027656807783472     
        2814   7.0590561791617228        8.2947589596441347        8.1032077546192660     
        2815   7.0610762243665430        8.2975739716891983        8.1058388794233842     
        2816   7.0629832486921575        8.3002317756138044        8.1083229810688948     
        2817   7.0632976157932701        8.3006699335549516        8.1087327380027965     
        2818   7.0638241197403904        8.3014037803606673        8.1094188140380545     
        2819   7.0651733952768012        8.3032845133088653        8.1111766265194127     
        2820   7.0660983836506617        8.3045739211186689        8.1123818252911200     
        2821   7.0665461904241811        8.3051981750736648        8.1129654530936399     
        2822   7.0673915280110160        8.3063766395129850        8.1140669488986035     
        2823   7.0676545678767226        8.3067433482840283        8.1144099048151297     
        2824   7.0676697903538006        8.3067645703872124        8.1144300282413404     
        2825   7.0700061516585082        8.3100219740117645        8.1174740477581473     
        2826   7.0711468156235151        8.3116124656891692        8.1189604469311867     
        2827   7.0714596124769491        8.3120486335467945        8.1193682756554040     
        2828   7.0716770326402001        8.3123518114338069        8.1196518430092688     
        2829   7.0718638029252991        8.3126122530499149        8.1198954787316318     
        2830   7.0723252282844742        8.3132556987601980        8.1204969687250816     
        2831   7.0730829025765356        8.3143122918574743        8.1214844662393730     
        2832   7.0738475436582107        8.3153786455680017        8.1224810676870298     
        2833   7.0756097183361746        8.3178363136104547        8.1247775321678972     
        2834   7.0773484396238091        8.3202615085279543        8.1270435751989965     
        2835   7.0790765627963506        8.3226721541718973        8.1292959445891455     
        2836   7.0794698266789737        8.3232207701452321        8.1298087554729577     
        2837   7.0800146189737188        8.3239807930990715        8.1305190559736005     
        2838   7.0801950947159851        8.3242325743444852        8.1307545597024635     
        2839   7.0803055253313323        8.3243866370633892        8.1308987758873421     
        2840   7.0815121655883555        8.3260700933229952        8.1324717018207870     
        2841   7.0819319688579689        8.3266558126475569        8.1330191470005424     
        2842   7.0832258224990916        8.3284611137881601        8.1347058382314437     
        2843   7.0834664749726057        8.3287969081744748        8.1350198047907369     
        2844   7.0836892720387574        8.3291077920420999        8.1353105005157360     
        2845   7.0837257081719542        8.3291586342194854        8.1353582867556646     
        2846   7.0839350095724383        8.3294506907846309        8.1356313941640153     
        2847   7.0842300406819980        8.3298623793115691        8.1360162492391872     
        2848   7.0842839765510695        8.3299376425432143        8.1360868467686274     
        2849   7.0855605805937563        8.3317191084846325        8.1377511918611063     
        2850   7.0858079414809580        8.3320643085031847        8.1380739289002655     
        2851   7.0873588784232862        8.3342287991822630        8.1400959842411815     
        2852   7.0890338722273558        8.3365666343684524        8.1422798803971510     
        2853   7.0902604712666584        8.3382787712547142        8.1438793090438502     
        2854   7.0903636519820221        8.3384228004455156        8.1440141245185522     
        2855   7.0914895424965145        8.3399944765445220        8.1454823239222911     
        2856   7.0920340294330195        8.3407545833250136        8.1461925261011707     
        2857   7.0949052414980462        8.3447631935740496        8.1499365615871433     
        2858   7.0966185307222789        8.3471554891851003        8.1521709740246067     
        2859   7.0981184590291386        8.3492500531798086        8.1541272753961067     
        2860   7.0996363192397896        8.3513698367139249        8.1561070658847967     
        2861   7.1001049939030256        8.3520244055303241        8.1567185972643834     
        2862   7.1004295496794159        8.3524777024851566        8.1571421774088364     
        2863   7.1017068897545208        8.3542618034583320        8.1588084249704984     
        2864   7.1017732007566474        8.3543544255927014        8.1588952070012439     
        2865   7.1024009592862711        8.3552312855468855        8.1597142762720516     
        2866   7.1030774707106437        8.3561762785077889        8.1605969532853813     
        2867   7.1038862428953138        8.3573060683517717        8.1616521671188735     
        2868   7.1045857762873599        8.3582833015482763        8.1625649198960026     
        2869   7.1049767680894140        8.3588295253812266        8.1630752267596307     
        2870   7.1050825863886695        8.3589773578397430        8.1632135529267273     
        2871   7.1078726490341850        8.3628755040051459        8.1668534375893529     
        2872   7.1081549944811773        8.3632700178417867        8.1672220674213420     
        2873   7.1082738116125492        8.3634360397428331        8.1673773669497685     
        2874   7.1083502253273503        8.3635428123880455        8.1674773489188581     
        2875   7.1091734430912235        8.3646931209204638        8.1685516037184982     
        2876   7.1093048903141707        8.3648768012331747        8.1687233862045510     
        2877   7.1095768587727246        8.3652568458900198        8.1690784965255823     
        2878   7.1095990840682601        8.3652879034409882        8.1691077874398879     
        2879   7.1109052494187805        8.3671132021423311        8.1708121787014960     
        2880   7.1109389126144826        8.3671602464835164        8.1708563939147503     
        2881   7.1113611485237440        8.3677503290017494        8.1714075790225849     
        2882   7.1116211184136073        8.3681136486745888        8.1717470602656732     
        2883   7.1119799762137079        8.3686151773469870        8.1722155668733407     
        2884   7.1122259092120652        8.3689588915848692        8.1725367409247838     
        2885   7.1127002879392691        8.3696218933240534        8.1731559851452538     
        2886   7.1135025277474782        8.3707431606542695        8.1742030317546295     
        2887   7.1145761647281773        8.3722438306382045        8.1756042396402080     
        2888   7.1151069997794600        8.3729858355930986        8.1762972034639141     
        2889   7.1160664518414531        8.3743270202869731        8.1775494875239261     
        2890   7.1173830901517681        8.3761676203481148        8.1792679322777175     
        2891   7.1175166941596890        8.3763544002060311        8.1794425791156442     
        2892   7.1186699547145604        8.3779667290336182        8.1809478960406139     
        2893   7.1204125005597820        8.3804031120331768        8.1832223539387350     
        2894   7.1223366086767648        8.3830936266194165        8.1857339264834685     
        2895   7.1241332799941945        8.3856062055135077        8.1880793259701790     
        2896   7.1249035691009848        8.3866835039023595        8.1890850863205245     
        2897   7.1253995659454361        8.3873772116587286        8.1897328252587229     
        2898   7.1256572540727783        8.3877376252851601        8.1900694955556190     
        2899   7.1257420169751233        8.3878561794381366        8.1901804379122645     
        2900   7.1260528599862258        8.3882909467324271        8.1905864994119533     
        2901   7.1261048051217051        8.3883636016559464        8.1906546036340160     
        2902   7.1265224721806160        8.3889477943159907        8.1912001180987701     
        2903   7.1266754227412976        8.3891617303190920        8.1914000763558157     
        2904   7.1267091461617822        8.3892089004074748        8.1914443953124945     
        2905   7.1276200612053540        8.3904830617470871        8.1926338261707130     
        2906   7.1276797772511085        8.3905665930747428        8.1927120787528196     
        2907   7.1286807118724420        8.3919667507340758        8.1940190702910769     
        2908   7.1298731663846375        8.3936349184096937        8.1955761461324137     
        2909   7.1300782913626533        8.3939218863693874        8.1958442448765219     
        2910   7.1312378740450928        8.3955441938358160        8.1973584790095444     
        2911   7.1326256481083075        8.3974858895370179        8.1991707180448543     
        2912   7.1330863671468938        8.3981305351427995        8.1997725702903494     
        2913   7.1352164580267008        8.4011112092105531        8.2025542290767284     
        2914   7.1366614738897418        8.4031334479503510        8.2044414706093178     
        2915   7.1369258281214591        8.4035034182459949        8.2047869793030870     
        2916   7.1371230020988694        8.4037793716764799        8.2050447614838440     
        2917   7.1373715629176626        8.4041272475337294        8.2053696512341610     
        2918   7.1378480109323510        8.4047940787987194        8.2059921444450978     
        2919   7.1393539804080204        8.4069019336520032        8.2079591644980070     
        2920   7.1413487508723765        8.4096942204565241        8.2105646947060755     
        2921   7.1419294087915492        8.4105070860893623        8.2113233834730863     
        2922   7.1419583583059989        8.4105476133365649        8.2113614915566266     
        2923   7.1420782656645905        8.4107154757518341        8.2115184004975319     
        2924   7.1426850539575764        8.4115649567353277        8.2123112385550918     
        2925   7.1436525631832728        8.4129194932806293        8.2135752579189223     
        2926   7.1441048708144512        8.4135527601866809        8.2141663560494820     
        2927   7.1447366993388552        8.4144373975753837        8.2149919587953875     
        2928   7.1451323760901522        8.4149914094727514        8.2155091052352169     
        2929   7.1455392560513866        8.4155611204925460        8.2160408932600255     
        2930   7.1462365062832180        8.4165374365101702        8.2169519978664098     
        2931   7.1467188406369493        8.4172128415375695        8.2175823741653282     
        2932   7.1472848545721215        8.4180054450057966        8.2183220756873254     
        2933   7.1477983556530917        8.4187245351516093        8.2189931904956275     
        2934   7.1499693576244150        8.4217649640205003        8.2218297322534397     
        2935   7.1502217095529792        8.4221183999825584        8.2221597217449442     
        2936   7.1506698558536375        8.4227460715356024        8.2227455193286794     
        2937   7.1515182570629552        8.4239343813465268        8.2238542724474293     
        2938   7.1521654773213248        8.4248409458332230        8.2247002002193916     
        2939   7.1523025898501222        8.4250330042228114        8.2248796455859008     
        2940   7.1533474146018836        8.4264965758284447        8.2262451133818111     
        2941   7.1538128477634588        8.4271485737653613        8.2268535630289428     
        2942   7.1539019561630681        8.4272734024199654        8.2269702941028129     
        2943   7.1540325611808973        8.4274563632754056        8.2271412473680243     
        2944   7.1543801923222663        8.4279433563809008        8.2275957825795771     
        2945   7.1546275643841470        8.4282899032882845        8.2279193161151483     
        2946   7.1546547791296558        8.4283280290910874        8.2279551749072937     
        2947   7.1556039537492779        8.4296577874160850        8.2291957662439934     
        2948   7.1559673784970830        8.4301669506913068        8.2296709647580037     
        2949   7.1563285204929397        8.4306729260709634        8.2301431863203618     
        2950   7.1563543694747773        8.4307091419926099        8.2301772625928606     
        2951   7.1580023869738234        8.4330182183264668        8.2323311917688997     
        2952   7.1582296510959118        8.4333366602021886        8.2326284884339316     
        2953   7.1583270249951187        8.4334731014887723        8.2327560395537773     
        2954   7.1585320517265014        8.4337603894407884        8.2330242783755914     
        2955   7.1585552825193961        8.4337929411454446        8.2330549357565097     
        2956   7.1599388567367876        8.4357317245183712        8.2348634211821690     
        2957   7.1600061233755605        8.4358259881596851        8.2349516318875438     
        2958   7.1621197442973976        8.4387880773490593        8.2377143880177819     
        2959   7.1622864693620274        8.4390217455875405        8.2379326009654648     
        2960   7.1628233782101907        8.4397742480354676        8.2386346643008679     
        2961   7.1633366381286105        8.4404936265970179        8.2393058297271153     
        2962   7.1635199860711349        8.4407506097551170        8.2395457796390623     
        2963   7.1659634606824731        8.4441756717241159        8.2427400590076623     
        2964   7.1670613642309551        8.4457147755219246        8.2441755678704176     
        2965   7.1673799802920595        8.4461614474236999        8.2445923804821710     
        2966   7.1674563518646863        8.4462685148868584        8.2446925171089411     
        2967   7.1678253320758154        8.4467858051182798        8.2451751759130509     
        2968   7.1687073863704542        8.4480224407486979        8.2463285914219711     
        2969   7.1694755467582914        8.4490994475366765        8.2473331414991549     
        2970   7.1694997275985113        8.4491333512735842        8.2473650531661811     
        2971   7.1698931114334137        8.4496849176414894        8.2478796514485104     
        2972   7.1702158620675975        8.4501374577671040        8.2483019110336464     
        2973   7.1710570904966859        8.4513170125231731        8.2494020459037785     
        2974   7.1711826581756037        8.4514930859457653        8.2495665165805612     
        2975   7.1727645932363178        8.4537114120441164        8.2516351607119063     
        2976   7.1727767330296599        8.4537284362728986        8.2516513323462526     
        2977   7.1763102858278067        8.4586842038570254        8.2562720895539847     
        2978   7.1768361949629478        8.4594218694270911        8.2569601137927719     
        2979   7.1771503851156622        8.4598625781063390        8.2573712816057601     
        2980   7.1781682531151025        8.4612903759595763        8.2587026854656607     
        2981   7.1816080425437594        8.4661160883862099        8.2632016794751095     
        2982   7.1817436008126379        8.4663062834156371        8.2633792782815938     
        2983   7.1828910530848207        8.4679162742928131        8.2648803892387868     
        2984   7.1835852737989390        8.4688903860791171        8.2657887246657822     
        2985   7.1837595844661104        8.4691349800686897        8.2660170246224567     
        2986   7.1844741887922083        8.4701377430459797        8.2669520504709091     
        2987   7.1849300803731078        8.4707774903859594        8.2675486835691459     
        2988   7.1851463117569718        8.4710809310897606        8.2678318299756448     
        2989   7.1858265588365757        8.4720355559116562        8.2687219581041767     
        2990   7.1863614867291696        8.4727862726389347        8.2694220096353241     
        2991   7.1871460160322362        8.4738873202598572        8.2704485945368411     
        2992   7.1876410104465451        8.4745820451029683        8.2710964376279854     
        2993   7.1879419270657419        8.4750043911247435        8.2714903968186455     
        2994   7.1886320129760461        8.4759729755374345        8.2723934836923405     
        2995   7.1888298325865723        8.4762506362811560        8.2726525797387715     
        2996   7.1903846686814168        8.4784331205526762        8.2746870480812227     
        2997   7.1904205314101866        8.4784834624099901        8.2747342676984168     
        2998   7.1907509590339691        8.4789473008272473        8.2751668756543779     
        2999   7.1910679358512306        8.4793922657364256        8.2755818902350171     
        3000   7.1917361523950678        8.4803303190008368        8.2764564625139450     
        3001   7.1918769741433159        8.4805280113544690        8.2766410113912592     
        3002   7.1925554282400785        8.4814804798064483        8.2775290034800300     
        3003   7.1925565576374897        8.4814820653756637        8.2775307809656944     
        3004   7.1929039020895802        8.4819697095421329        8.2779855559321902     
        3005   7.1929674343692795        8.4820589048720638        8.2780689837223065     
        3006   7.1950091306232604        8.4849254876169429        8.2807408136195058     
        3007   7.1970042339226801        8.4877269704751424        8.2833518616972910     
        3008   7.1971938564980409        8.4879932509174854        8.2836003071011461     
        3009   7.1976450991186436        8.4886269267713690        8.2841911224382372     
        3010   7.1976974618583949        8.4887004603243437        8.2842599471929752     
        3011   7.1985159189668675        8.4898498564685987        8.2853313408401839     
        3012   7.1992989896274331        8.4909496073007507        8.2863564539066772     
        3013   7.2006093466666119        8.4927899916462479        8.2880716951375675     
        3014   7.2016668660016974        8.4942753665709922        8.2894560902147525     
        3015   7.2029689593563999        8.4961043875315809        8.2911606572791285     
        3016   7.2044784006987452        8.4982248329866490        8.2931367124399777     
        3017   7.2045830216729021        8.4983718099664536        8.2932739583720654     
        3018   7.2048090167951964        8.4986893026045340        8.2935700809123496     
        3019   7.2049528995485570        8.4988914405499454        8.2937587215891284     
        3020   7.2060408902973645        8.5004199894687797        8.2951832153733953     
        3021   7.2076283340142737        8.5026504016368651        8.2972615965313175     
        3022   7.2093856410344870        8.5051197095871522        8.2995624758628423     
        3023   7.2096077041724147        8.5054317625007645        8.2998535005948320     
        3024   7.2107442080371191        8.5070288888298276        8.3013417423274447     
        3025   7.2111867511794356        8.5076508213155719        8.3019214483128536     
        3026   7.2114324690433511        8.5079961500838905        8.3022434621997157     
        3027   7.2118822611639137        8.5086282945811949        8.3028326732928157     
        3028   7.2140523989263334        8.5116784629056550        8.3056744534458815     
        3029   7.2142422174278336        8.5119452739816683        8.3059233043187675     
        3030   7.2143234748245568        8.5120594911865233        8.3060300048870523     
        3031   7.2156018964211306        8.5138565377191426        8.3077043295260253     
        3032   7.2181011637612436        8.5173700709466615        8.3109775015772165     
        3033   7.2182739418326722        8.5176129849780278        8.3112040717502929     
        3034   7.2190446630654019        8.5186965945311091        8.3122137209746150     
        3035   7.2191246229538812        8.5188090182817273        8.3123187404090793     
        3036   7.2215809982293946        8.5222629327927333        8.3155361379063422     
        3037   7.2217203035248172        8.5224588245645503        8.3157188946349159     
        3038   7.2218967286660884        8.5227069166438678        8.3159502704375221     
        3039   7.2220780971174072        8.5229619626575683        8.3161881222826501     
        3040   7.2221268473862645        8.5230305172607466        8.3162522754280488     
        3041   7.2223623668805725        8.5233617169636471        8.3165610553324925     
        3042   7.2227488863080325        8.5239052700973925        8.3170676173223015     
        3043   7.2241107294539066        8.5258204920995198        8.3188517064217962     
        3044   7.2245312581593470        8.5264119304089832        8.3194028476303039     
        3045   7.2258312962154925        8.5282404132548386        8.3211060867217128     
        3046   7.2264641439232520        8.5291305518867322        8.3219353921546997     
        3047   7.2272599073491461        8.5302498863283240        8.3229781363848403     
        3048   7.2275890716141404        8.5307129090649791        8.3234096486208529     
        3049   7.2278148402035916        8.5310304940318211        8.3237057137180273     
        3050   7.2286152311576881        8.5321564233469722        8.3247545696455987     
        3051   7.2311202357816438        8.5356806016813707        8.3280367487279960     
        3052   7.2317479772867355        8.5365638208212982        8.3288595175121678     
        3053   7.2319948677241035        8.5369111990413078        8.3291833002133799     
        3054   7.2320401328844506        8.5369748882642327        8.3292429097570739     
        3055   7.2326134327138121        8.5377815496334328        8.3299943725590602     
        3056   7.2326572011981076        8.5378431351367965        8.3300520223908023     
        3057   7.2326995933957461        8.5379027842473967        8.3301078690225054     
        3058   7.2336292229917145        8.5392108809860048        8.3313262453736385     
        3059   7.2359090269234905        8.5424191194972092        8.3343138947586048     
        3060   7.2369381797753034        8.5438675227068881        8.3356628281504577     
        3061   7.2370832131476837        8.5440716456849835        8.3358531901120614     
        3062   7.2380271669489940        8.5454002265800053        8.3370905252333998     
        3063   7.2387253129860012        8.5463828873436984        8.3380057604134770     
        3064   7.2387393243159854        8.5464026090917589        8.3380244250326037     
        3065   7.2392271146347253        8.5470892115542707        8.3386639988709383     
        3066   7.2407399036868911        8.5492186986525454        8.3406469498168647     
        3067   7.2411352547651706        8.5497752470013939        8.3411654132982207     
        3068   7.2412613877597121        8.5499528110562117        8.3413310315841578     
        3069   7.2415495904072955        8.5503585338243973        8.3417090687598012     
        3070   7.2425088823961472        8.5517090428340001        8.3429667011377511     
        3071   7.2430680665263694        8.5524963062570425        8.3436999375177976     
        3072   7.2433016598954749        8.5528251847259291        8.3440064198150168     
        3073   7.2433453371318608        8.5528866788292639        8.3440639720600913     
        3074   7.2450980329380226        8.5553544610921843        8.3463616833269860     
        3075   7.2454666800960235        8.5558735444733678        8.3468452213276194     
        3076   7.2461134865226882        8.5567843234151955        8.3476933951207535     
        3077   7.2465737851284953        8.5574324977858574        8.3482970954255507     
        3078   7.2469582378485136        8.5579738818468876        8.3488013781156987     
        3079   7.2471574431992174        8.5582544062623604        8.3490628222826118     
        3080   7.2472657582268969        8.5584069386762192        8.3492051176719890     
        3081   7.2474863607571756        8.5587176005381025        8.3494946149743683     
        3082   7.2483225169075745        8.5598951462256565        8.3505910804270691     
        3083   7.2493391148870359        8.5613268800454367        8.3519241400984505     
        3084   7.2493424354019087        8.5613315566532204        8.3519287962348621     
        3085   7.2495358868258819        8.5616040148363250        8.3521827187303970     
        3086   7.2495474543913172        8.5616203067611814        8.3521981870351887     
        3087   7.2502858593382902        8.5626603088361914        8.3531665733092275     
        3088   7.2517040077739985        8.5646578129472726        8.3550262051513506     
        3089   7.2517608976499597        8.5647379473537555        8.3551010981734457     
        3090   7.2525122075088291        8.5657962576319839        8.3560864799242083     
        3091   7.2532410396333331        8.5668229481306195        8.3570424147830842     
        3092   7.2540927225777407        8.5680227494234895        8.3581594603442753     
        3093   7.2543456559943458        8.5683790783686575        8.3584914208678320     
        3094   7.2544911066722211        8.5685839894835372        8.3586824466532157     
        3095   7.2555396181673437        8.5700611836136833        8.3600576423247830     
        3096   7.2561896492540345        8.5709770229422890        8.3609103438203469     
        3097   7.2566332191800509        8.5716019950559321        8.3614923199706510     
        3098   7.2571862534672125        8.5723812199174585        8.3622178542417025     
        3099   7.2576548469970357        8.5730414868291778        8.3628326666773383     
        3100   7.2595131779643465        8.5756601207551881        8.3652700667501918     
        3101   7.2595334474336095        8.5756886846284068        8.3652969533269648     
        3102   7.2598874042858679        8.5761874882803308        8.3657614695740499     
        3103   7.2616311179219801        8.5786449125399589        8.3680487293805044     
        3104   7.2646924923452545        8.5829599070858009        8.3720644957439880     
        3105   7.2647366606902493        8.5830221676352316        8.3721227361737505     
        3106   7.2647847343624861        8.5830899333853541        8.3721860994224748     
        3107   7.2648035657414542        8.5831164785787895        8.3722111048008223     
        3108   7.2652001381611448        8.5836755037514560        8.3727316076171441     
        3109   7.2652775332631991        8.5837846046023625        8.3728334342967763     
        3110   7.2654887616245336        8.5840823673918791        8.3731108179987110     
        3111   7.2667305496528849        8.5858329534073725        8.3747400853030953     
        3112   7.2671044177165847        8.5863600304961203        8.3752308388871342     
        3113   7.2675272396115149        8.5869561358107340        8.3757858191091152     
        3114   7.2684388392725436        8.5882413811030549        8.3769820274154156     
        3115   7.2686814036319376        8.5885833786492736        8.3773005517752637     
        3116   7.2709794330130322        8.5918236597879609        8.3803157766177456     
        3117   7.2716858604000159        8.5928198251602979        8.3812429332562424     
        3118   7.2718699401124267        8.5930794108504038        8.3814847588698882     
        3119   7.2721014144963458        8.5934058354256351        8.3817887708073862     
        3120   7.2722978259764188        8.5936828177275402        8.3820467801204863     
        3121   7.2740985350791121        8.5962223467216390        8.3844098191725713     
        3122   7.2742313308935911        8.5964096380576454        8.3845843724873816     
        3123   7.2744600204395429        8.5967321783989963        8.3848847554244195     
        3124   7.2752758020561039        8.5978827785823064        8.3859555202780101     
        3125   7.2761730712774630        8.5991483722170230        8.3871332476327467     
        3126   7.2763474039966116        8.5993942750567864        8.3873623207847174     
        3127   7.2766966822035988        8.5998869523471040        8.3878209710499476     
        3128   7.2774191026767552        8.6009059993854589        8.3887693009782822     
        3129   7.2784720242930998        8.6023913260595766        8.3901513873075118     
        3130   7.2786901765681780        8.6026990783257933        8.3904379861812828     
        3131   7.2788515722976959        8.6029267653091495        8.3906501014320831     
        3132   7.2790967458852247        8.6032726448133658        8.3909721664470425     
        3133   7.2798852817742645        8.6043851070492803        8.3920073471002929     
        3134   7.2801062920690089        8.6046969160788667        8.3922977111403299     
        3135   7.2801456160746492        8.6047523961646402        8.3923496257590706     
        3136   7.2805619517116220        8.6053397888643754        8.3928963465581212     
        3137   7.2815013727759714        8.6066652343390153        8.3941296156730267     
        3138   7.2827268251491297        8.6083943519792836        8.3957383539302803     
        3139   7.2828067411912158        8.6085071179517882        8.3958435526230666     
        3140   7.2837393534348323        8.6098231232130207        8.3970679812923450     
        3141   7.2853791461243098        8.6121371958611359        8.3992207343915553     
        3142   7.2859081153497494        8.6128837220255470        8.3999154087564349     
        3143   7.2863396900626274        8.6134928133200823        8.4004822444232303     
        3144   7.2865873642348440        8.6138423682640148        8.4008076766005360     
        3145   7.2870638918093347        8.6145149292066936        8.4014335375379154     
        3146   7.2874238250882657        8.6150229434207972        8.4019063476033296     
        3147   7.2875089687320020        8.6151431177065074        8.4020184264004953     
        3148   7.2875764696855239        8.6152383909820198        8.4021073446849961     
        3149   7.2879362393443463        8.6157461889531977        8.4025799484468919     
        3150   7.2880303621826990        8.6158790406197916        8.4027038171019477     
        3151   7.2881891029239867        8.6161031001885782        8.4029125165136982     
        3152   7.2886565629369322        8.6167629228631277        8.4035265084570732     
        3153   7.2887447453618455        8.6168873948490337        8.4036425815299332     
        3154   7.2890740556558695        8.6173522311180868        8.4040752163000327     
        3155   7.2900666923940705        8.6187534347454005        8.4053787186313009     
        3156   7.2901080393451654        8.6188118017057160        8.4054333076605516     
        3157   7.2903908764967840        8.6192110692565898        8.4058049483679120     
        3158   7.2918082655481973        8.6212120249974760        8.4076661922780325     
        3159   7.2920842502807410        8.6216016566504354        8.4080288580389855     
        3160   7.2924503576530419        8.6221185316440145        8.4085098578142876     
        3161   7.2928831512586250        8.6227295688843757        8.4090784237553109     
        3162   7.2932581139977684        8.6232589700130600        8.4095710643783477     
        3163   7.2933421050937035        8.6233775566154218        8.4096816529411242     
        3164   7.2935714111493564        8.6237013155366480        8.4099830468241343     
        3165   7.2936931856241998        8.6238732515256888        8.4101432481698879     
        3166   7.2944507017116855        8.6249428312706993        8.4111382256459919     
        3167   7.2946067224245823        8.6251631314097423        8.4113434004945447     
        3168   7.2956451869628580        8.6266294854294756        8.4127073333851961     
        3169   7.2957677554493969        8.6268025627753886        8.4128685890808619     
        3170   7.2958079559610329        8.6268593296494771        8.4129216837875838     
        3171   7.2959126870220610        8.6270072202868722        8.4130595170957285     
        3172   7.2969113620044261        8.6284174922820345        8.4143712605503787     
        3173   7.2969410143941360        8.6284593669159992        8.4144105056086858     
        3174   7.2970912803972467        8.6286715712581845        8.4146081412774620     
        3175   7.2971772977672025        8.6287930450502941        8.4147214057491269     
        3176   7.2973101638060793        8.6289806797265456        8.4148961930874044     
        3177   7.2976122045905374        8.6294072298175042        8.4152931464577989     
        3178   7.2981085314084009        8.6301081716579287        8.4159452504306422     
        3179   7.2984618792960880        8.6306072022441462        8.4164095950286999     
        3180   7.2985531660142655        8.6307361274145151        8.4165297850939282     
        3181   7.2990753575282135        8.6314736366369100        8.4172158786372506     
        3182   7.3013009228599559        8.6346171238838156        8.4201391331512099     
        3183   7.3014127190569607        8.6347750402207417        8.4202862725467860     
        3184   7.3017371912690789        8.6352333750843151        8.4207127448925227     
        3185   7.3022338967032123        8.6359350151338514        8.4213654402725773     
        3186   7.3033966912966548        8.6375776416341310        8.4228930438237590     
        3187   7.3035601607624123        8.6378085760914569        8.4231080671593546     
        3188   7.3038030291671427        8.6381516819241728        8.4234273834406928     
        3189   7.3040749331424504        8.6385358125684348        8.4237848414999767     
        3190   7.3043620438575028        8.6389414328461047        8.4241622776620559     
        3191   7.3057570647422159        8.6409123647020820        8.4259950475880458     
        3192   7.3066995165429960        8.6422439798712301        8.4272333848380647     
        3193   7.3070105785665254        8.6426835032311260        8.4276423196609045     
        3194   7.3075258262011049        8.6434115530819788        8.4283194941132891     
        3195   7.3077321481792135        8.6437030939614594        8.4285908438181885     
        3196   7.3077420834439373        8.6437171329579101        8.4286042018402583     
        3197   7.3081732588325554        8.6443264116616430        8.4291709462925404     
        3198   7.3099233576958227        8.6467995669771813        8.4314704580173299     
        3199   7.3109062879776996        8.6481887039512930        8.4327621579094263     
        3200   7.3111852889247384        8.6485830191566055        8.4331290293353476     
        3201   7.3113511735802801        8.6488174687714494        8.4333472847255635     
        3202   7.3131439510221181        8.6513513936343198        8.4357031289767797     
        3203   7.3135357160022165        8.6519051513432448        8.4362181966758847     
        3204   7.3138922702312685        8.6524091495054769        8.4366870051969585     
        3205   7.3171211752190413        8.6569737487227982        8.4409302663475962     
        3206   7.3178163838236934        8.6579566518344091        8.4418441769864110     
        3207   7.3184383954954235        8.6588361000689780        8.4426619151646776     
        3208   7.3185291684107643        8.6589644444278289        8.4427815147306511     
        3209   7.3194114701614845        8.6602119703902218        8.4439413535100165     
        3210   7.3195515107867370        8.6604099858272168        8.4441257066859627     
        3211   7.3195926154242299        8.6604681074932479        8.4441800347972880     
        3212   7.3210272898080069        8.6624968115704153        8.4460658968979132     
        3213   7.3215059375911853        8.6631736810162057        8.4466952991003943     
        3214   7.3217607278467387        8.6635339946384899        8.4470304856477796     
        3215   7.3220536484062659        8.6639482369438383        8.4474157918759936     
        3216   7.3229084880327013        8.6651571730252908        8.4485396774667443     
        3217   7.3242913223368813        8.6671129364791888        8.4503576163809377     
        3218   7.3257245910832882        8.6691401916123247        8.4522419402294382     
        3219   7.3261154281012084        8.6696930308754254        8.4527560148559928     
        3220   7.3266822210889408        8.6704947817140106        8.4535014016084133     
        3221   7.3270020489597556        8.6709472020883194        8.4539221460649223     
        3222   7.3274467448113958        8.6715762711399620        8.4545070465082404     
        3223   7.3277287462529852        8.6719752000395971        8.4548780750257464     
        3224   7.3285402864050226        8.6731232680596460        8.4559452597189413     
        3225   7.3288153468373638        8.6735124019724097        8.4563071773481795     
        3226   7.3300058321682204        8.6751966770305522        8.4578726056533178     
        3227   7.3301657688327602        8.6754229609010522        8.4580831853161769     
        3228   7.3305505953917578        8.6759674350893370        8.4585894376188335     
        3229   7.3306978802618810        8.6761758251178538        8.4587833873526108     
        3230   7.3309358668215543        8.6765125505846843        8.4590965889997065     
        3231   7.3316537844925183        8.6775283545970918        8.4600407987757613     
        3232   7.3318940592479462        8.6778683360306275        8.4603570194472546     
        3233   7.3321509383606376        8.6782318172359538        8.4606950744732394     
        3234   7.3335465154255708        8.6802066362533754        8.4625303555307170     
        3235   7.3337807278442000        8.6805380751146135        8.4628386258538661     
        3236   7.3346882006376735        8.6818223002213806        8.4640321811083652     
        3237   7.3356022911860235        8.6831159572494094        8.4652344763813865     
        3238   7.3357000148016445        8.6832542635288572        8.4653632884113001     
        3239   7.3367107983725557        8.6846848501964864        8.4666927798626119     
        3240   7.3375795539571165        8.6859144866076647        8.4678355415460551     
        3241   7.3377152303769053        8.6861065284346282        8.4680142732137966     
        3242   7.3386375505849974        8.6874120564199178        8.4692275185713370     
        3243   7.3387820200499583        8.6876165565751489        8.4694178208070845     
        3244   7.3389250761679738        8.6878190577506498        8.4696062652773492     
        3245   7.3397025103047557        8.6889195729296560        8.4706290125112460     
        3246   7.3397531937773275        8.6889913207935567        8.4706959774993429     
        3247   7.3407206689992064        8.6903609246910900        8.4719686975479220     
        3248   7.3415386367847892        8.6915189372961574        8.4730448207101965     
        3249   7.3417234418350663        8.6917805767615199        8.4732881939498057     
        3250   7.3420000206159051        8.6921721508534002        8.4736522757465131     
        3251   7.3421424400955004        8.6923737875800668        8.4738399041682015     
        3252   7.3425119439235882        8.6928969366788884        8.4743262147592482     
        3253   7.3425126593840604        8.6928979496492520        8.4743274638118073     
        3254   7.3432079874555374        8.6938824353556576        8.4752423429692456     
        3255   7.3432361668853083        8.6939223342398577        8.4752797161407543     
        3256   7.3432373902223311        8.6939240663481101        8.4752816332805097     
        3257   7.3439240634000775        8.6948963376235380        8.4761851513357023     
        3258   7.3451487399748432        8.6966304701727211        8.4777963815453106     
        3259   7.3460411147237856        8.6978941416716502        8.4789705500797972     
        3260   7.3465591002591069        8.6986276784567078        8.4796522510042216     
        3261   7.3467556823110574        8.6989060705641990        8.4799111596058836     
        3262   7.3490450317808698        8.7021483894639697        8.4829231989436522     
        3263   7.3500036780862441        8.7035062088167816        8.4841847164363884     
        3264   7.3501247916812504        8.7036777584409446        8.4843443666841019     
        3265   7.3501847169105483        8.7037626391125666        8.4844235153617440     
        3266   7.3508962054728020        8.7047704441308493        8.4853599017632995     
        3267   7.3515833444029939        8.7057437970960425        8.4862642743902441     
        3268   7.3522390399647399        8.7066726449203848        8.4871272974294030     
        3269   7.3523153664342971        8.7067807700163602        8.4872280318467546     
        3270   7.3542199813604041        8.7094790243943123        8.4897344069518041     
        3271   7.3562882458421992        8.7124094497999920        8.4924562985688929     
        3272   7.3563004444609623        8.7124267344607205        8.4924726598159310     
        3273   7.3570935383826326        8.7135505233482462        8.4935166356639016     
        3274   7.3579600828342713        8.7147784470560410        8.4946573013342572     
        3275   7.3581584184988253        8.7150595040915508        8.4949186212029417     
        3276   7.3590789564738071        8.7163640192401992        8.4961303875754517     
        3277   7.3595813494775708        8.7170760004227024        8.4967918782155323     
        3278   7.3596009189628253        8.7171037343108750        8.4968179421169268     
        3279   7.3603365522347017        8.7181462966143304        8.4977864136476882     
        3280   7.3611088094739401        8.7192408103211338        8.4988031125313164     
        3281   7.3618054277955265        8.7202281627343456        8.4997202843960658     
        3282   7.3620200236191602        8.7205323281156275        8.5000030409141587     
        3283   7.3634047809283487        8.7224951544421039        8.5018259952706501     
        3284   7.3637796469515706        8.7230265353563556        8.5023197257360934     
        3285   7.3640695065691730        8.7234374255458533        8.5027015700823974     
        3286   7.3642882326538199        8.7237474849428480        8.5029897856624288     
        3287   7.3643448356102468        8.7238277241862079        8.5030646009933903     
        3288   7.3645326882795867        8.7240940222997967        8.5033121805478942     
        3289   7.3665531746204964        8.7269584233930697        8.5059721568970517     
        3290   7.3665614969378144        8.7269702224464378        8.5059834217106101     
        3291   7.3666552053440855        8.7271030789145261        8.5061070886959733     
        3292   7.3673805816441229        8.7281315156942298        8.5070622962352154     
        3293   7.3676585223680169        8.7285255905978225        8.5074284981114516     
        3294   7.3680975345455737        8.7291480513745050        8.5080067482507857     
        3295   7.3689385549849487        8.7303405495913555        8.5091142497908088     
        3296   7.3689862248363500        8.7304081432463772        8.5091773169586560     
        3297   7.3701465546541183        8.7320534938840826        8.5107052409089086     
        3298   7.3703038873516729        8.7322766003872285        8.5109126891673590     
        3299   7.3703504086130387        8.7323425705009718        8.5109742471995879     
        3300   7.3703558566106731        8.7323502961202415        8.5109817294289201     
        3301   7.3706701059177622        8.7327959263643695        8.5113957727679370     
        3302   7.3708489248853848        8.7330495092769596        8.5116315135183669     
        3303   7.3712186398703583        8.7335738097052520        8.5121185906319603     
        3304   7.3713398412173099        8.7337456902226638        8.5122784755512093     
        3305   7.3730959698698548        8.7362362596944383        8.5145910033412520     
        3306   7.3733315364167140        8.7365703627767584        8.5149014840396333     
        3307   7.3733806945225675        8.7366400840829179        8.5149665206675635     
        3308   7.3736668617478864        8.7370459610418880        8.5153436314849529     
        3309   7.3747519935952264        8.7385850860999739        8.5167727863459817     
        3310   7.3752966072992603        8.7393575888657473        8.5174902354924136     
        3311   7.3756224980492480        8.7398198572975421        8.5179196800013663     
        3312   7.3766332322933597        8.7412536146285120        8.5192509611156382     
        3313   7.3766525058039845        8.7412809554897049        8.5192766515276119     
        3314   7.3767043579783822        8.7413545116773292        8.5193452435545751     
        3315   7.3777282898926622        8.7428070800170001        8.5206939550875660     
        3316   7.3784642895301644        8.7438512345573116        8.5216635224235517     
        3317   7.3788322653830649        8.7443732941802956        8.5221484388807234     
        3318   7.3789634502606276        8.7445594131802267        8.5223215145673983     
        3319   7.3791219321164299        8.7447842617107909        8.5225305404337064     
        3320   7.3793392606400934        8.7450926031297342        8.5228170674761081     
        3321   7.3796239492143449        8.7454965194124625        8.5231923095548652     
        3322   7.3798201951167455        8.7457749569907062        8.5234510756971069     
        3323   7.3801036489025575        8.7461771323178947        8.5238246978543408     
        3324   7.3802519611471258        8.7463875661144730        8.5240203384480715     
        3325   7.3834657986786310        8.7509479755929931        8.5282535915332147     
        3326   7.3843732773529398        8.7522358311235777        8.5294492271460847     
        3327   7.3848029688050048        8.7528456542873254        8.5300155376108222     
        3328   7.3858190719159289        8.7542877789579006        8.5313543176690914     
        3329   7.3877660501221092        8.7570512991694471        8.5339194326691654     
        3330   7.3887487813125974        8.7584462934138063        8.5352143864250003     
        3331   7.3900728514121417        8.7603259438814085        8.5369590878697892     
        3332   7.3902244324753505        8.7605411374379951        8.5371591035219758     
        3333   7.3912991770629404        8.7620669623571725        8.5385753988345847     
        3334   7.3914614854422904        8.7622974011719155        8.5387895567603671     
        3335   7.3914733954196592        8.7623143105554995        8.5388055593635528     
        3336   7.3914998512644576        8.7623518717112656        8.5388407267601387     
        3337   7.3917358610981143        8.7626869533637386        8.5391519916324228     
        3338   7.3922755396768158        8.7634531942036897        8.5398633641014214     
        3339   7.3924261198904526        8.7636669936308138        8.5400620765133546     
        3340   7.3927146406005360        8.7640766512492352        8.5404425396337800     
        3341   7.3929595398304384        8.7644243779512330        8.5407655304946637     
        3342   7.3930186004673146        8.7645082374952512        8.5408436602143176     
        3343   7.3933418788203165        8.7649672618312415        8.5412699287939908     
        3344   7.3950507839348329        8.7673938836600165        8.5435220055732231     
        3345   7.3972508279104732        8.7705182627852682        8.5464214368256215     
        3346   7.3973157421675007        8.7706104563049809        8.5465072923768339     
        3347   7.3974525101020516        8.7708047000671687        8.5466878378914934     
        3348   7.3976382865369636        8.7710685502479695        8.5469329687950868     
        3349   7.3978929639525477        8.7714302620167341        8.5472689013565706     
        3350   7.3982226299189167        8.7718984858631117        8.5477036605069401     
        3351   7.3985307751852369        8.7723361518360541        8.5481100632821985     
        3352   7.3987777088345554        8.7726868830392224        8.5484358010112160     
        3353   7.3996771795886573        8.7739644842680811        8.5496215219411802     
        3354   7.4004367564027298        8.7750434320886370        8.5506229060608661     
        3355   7.4009748455904205        8.7758077939667203        8.5513323999459523     
        3356   7.4016619257043761        8.7767838331420425        8.5522382780071311     
        3357   7.4019571269801716        8.7772031962485322        8.5526276691872347     
        3358   7.4019878298094417        8.7772468131097767        8.5526684475343586     
        3359   7.4024346929881624        8.7778816416970216        8.5532577397406762     
        3360   7.4039679035611314        8.7800598938119503        8.5552789445770365     
        3361   7.4044474579379616        8.7807412418917217        8.5559113689831356     
        3362   7.4044945478809856        8.7808081480111522        8.5559737514682226     
        3363   7.4065528370164300        8.7837327720273031        8.5586872713250344     
        3364   7.4068990941653698        8.7842248025967926        8.5591440334193614     
        3365   7.4069155672790048        8.7842482110926543        8.5591660606818145     
        3366   7.4075722539191418        8.7851813886895798        8.5600320594572956     
        3367   7.4077505299813069        8.7854347320120070        8.5602673896397228     
        3368   7.4088164558069538        8.7869495441332539        8.5616729251823358     
        3369   7.4092337779289661        8.7875426353645167        8.5622234122852490     
        3370   7.4094526853907281        8.7878537486199644        8.5625123232185594     
        3371   7.4100671357609142        8.7887270317038535        8.5633227145623110     
        3372   7.4105537311928931        8.7894186235389284        8.5639645567433256     
        3373   7.4121096847886250        8.7916302087997611        8.5660163203564359     
        3374   7.4128701745183987        8.7927112170261772        8.5670193427280807     
        3375   7.4134067372838803        8.7934739494203598        8.5677271320178896     
        3376   7.4145399734352919        8.7950849388781069        8.5692217002042597     
        3377   7.4153775082838163        8.7962756310528452        8.5703264021858949     
        3378   7.4157478256233293        8.7968021155360017        8.5708150322666690     
        3379   7.4160686696350320        8.7972582721763413        8.5712384295855593     
        3380   7.4167808922242076        8.7982708969891075        8.5721779404191309     
        3381   7.4171281179279696        8.7987645909009498        8.5726361430608939     
        3382   7.4180020862045080        8.8000072633088831        8.5737889917018109     
        3383   7.4189665856076701        8.8013787312368112        8.5750612681004448     
        3384   7.4202938431836145        8.8032661454098946        8.5768120132827015     
        3385   7.4203394622789407        8.8033310201490984        8.5768724910818008     
        3386   7.4214604526388461        8.8049252291060345        8.5783512694529591     
        3387   7.4216199714126292        8.8051520959279905        8.5785619746915707     
        3388   7.4222914329358032        8.8061070678030511        8.5794479053971564     
        3389   7.4225550915408443        8.8064820606227272        8.5797959737139919     
        3390   7.4228744679449861        8.8069363065388817        8.5802175360272130     
        3391   7.4229296241858256        8.8070147555531388        8.5802905987405609     
        3392   7.4240114175127907        8.8085534457114782        8.5817178083905148     
        3393   7.4244929494065826        8.8092383836929251        8.5823532840325853     
        3394   7.4256744271763759        8.8109190143971130        8.5839120662184278     
        3395   7.4260414660038458        8.8114411434758768        8.5843965473239336     
        3396   7.4261277932024932        8.8115639493447055        8.5845107368582987     
        3397   7.4262565151012891        8.8117470654609029        8.5846808511989110     
        3398   7.4268990683718652        8.8126611635474390        8.5855287903843589     
        3399   7.4271673048376412        8.8130427673854470        8.5858829538221073     
        3400   7.4273105115888862        8.8132465013762857        8.5860721826020132     
        3401   7.4283375998006917        8.8147077435776637        8.5874274413777201     
        3402   7.4303138787723970        8.8175196432887777        8.5900350194623805     
        3403   7.4308283082038988        8.8182516383772533        8.5907140382454052     
        3404   7.4309893644458676        8.8184808139204645        8.5909268411561612     
        3405   7.4314409096432792        8.8191233529416451        8.5915229078375397     
        3406   7.4327340529594501        8.8209635592028501        8.5932294030332272     
        3407   7.4330385283935181        8.8213968623570196        8.5936314542289729     
        3408   7.4334600762606193        8.8219967852886843        8.5941879829543986     
        3409   7.4346856093480405        8.8237409759957242        8.5958053846933637     
        3410   7.4351734121974768        8.8244352556531176        8.5964493720012065     
        3411   7.4352512412348082        8.8245460298879728        8.5965523845079339     
        3412   7.4364520279993540        8.8262551744600195        8.5981372318016192     
        3413   7.4372428624606499        8.8273808756282452        8.5991811505194491     
        3414   7.4374360650345288        8.8276558945692134        8.5994364232461358     
        3415   7.4381078135223850        8.8286121349722766        8.6003232216573160     
        3416   7.4381255866536335        8.8286374356914195        8.6003469898960248     
        3417   7.4404025664929243        8.8318790137079244        8.6033523173109039     
        3418   7.4427001110304616        8.8351502943366675        8.6063850263529496     
        3419   7.4430325998353002        8.8356237326672495        8.6068241926879878     
        3420   7.4437844815469179        8.8366943871082739        8.6078169354717602     
        3421   7.4439499922450789        8.8369300749713506        8.6080357146863271     
        3422   7.4443036272736842        8.8374336600414765        8.6085028125374592     
        3423   7.4454126382747212        8.8390129850610091        8.6099670140022404     
        3424   7.4460110072018262        8.8398651542225384        8.6107571945687553     
        3425   7.4462367451538594        8.8401866472482169        8.6110554941940975     
        3426   7.4465066272185583        8.8405710151653807        8.6114120694385221     
        3427   7.4466738512836406        8.8408091798094279        8.6116331312981522     
        3428   7.4491151792888592        8.8442864378342918        8.6148563240731626     
        3429   7.4496812122715479        8.8450927249686035        8.6156039162549334     
        3430   7.4499847918554538        8.8455251703992790        8.6160050228638134     
        3431   7.4505603215438283        8.8463450259851086        8.6167651758109365     
        3432   7.4512047223508588        8.8472630220065511        8.6176162734657318     
        3433   7.4514952112778019        8.8476768557254477        8.6180001178404808     
        3434   7.4515828140845963        8.8478016569915319        8.6181160939898867     
        3435   7.4517452066752288        8.8480330074016056        8.6183308161132217     
        3436   7.4528698400151212        8.8496352598503218        8.6198160245852620     
        3437   7.4529796979374989        8.8497917787001725        8.6199613912658108     
        3438   7.4531277675345198        8.8500027407578425        8.6201572121831092     
        3439   7.4532770083394713        8.8502153732946116        8.6203545805587432     
        3440   7.4533275433256279        8.8502873740016259        8.6204216202218795     
        3441   7.4539863957080241        8.8512261057576858        8.6212918821073785     
        3442   7.4555876896259354        8.8535077735660366        8.6234066256396211     
        3443   7.4555922618942914        8.8535142888439857        8.6234129775574218     
        3444   7.4564052192394792        8.8546727436992807        8.6244868070672140     
        3445   7.4564260036172403        8.8547023619020155        8.6245145677060648     
        3446   7.4566613226169203        8.8550376991823807        8.6248256281452456     
        3447   7.4568449226910820        8.8552993384241123        8.6250683939089079     
        3448   7.4584388477882584        8.8575708760827041        8.6271736167039528     
        3449   7.4586627650899198        8.8578900020811702        8.6274696416229624     
        3450   7.4598367399855929        8.8595632128452344        8.6290203727312935     
        3451   7.4602382166197136        8.8601354441567697        8.6295509142120856     
        3452   7.4604225645324966        8.8603982026852055        8.6297946980506062     
        3453   7.4609158948801504        8.8611013799464349        8.6304465643593673     
        3454   7.4610016478269792        8.8612236114653875        8.6305601358106756     
        3455   7.4611602970654722        8.8614497503122802        8.6307699847930870     
        3456   7.4615187459771644        8.8619606914253950        8.6312437214563573     
        3457   7.4624830106066931        8.8633352276736712        8.6325176196861371     
        3458   7.4629537548433209        8.8640062898178105        8.6331397005285986     
        3459   7.4634343990930043        8.8646914833576869        8.6337748680015132     
        3460   7.4656173744174144        8.8678037107379684        8.6366586712540929     
        3461   7.4666434511524367        8.8692667031488064        8.6380144048816021     
        3462   7.4679528656423670        8.8711338062483502        8.6397444901560547     
        3463   7.4684052995726118        8.8717789673073373        8.6403425003777095     
        3464   7.4690291224547183        8.8726685526328097        8.6411669422406412     
        3465   7.4714378192828406        8.8761037050704736        8.6443495331499740     
        3466   7.4715773812522821        8.8763027552296805        8.6445342403121295     
        3467   7.4718154121715985        8.8766422503149425        8.6448490486384522     
        3468   7.4733575863911161        8.8788419105867717        8.6468869908810362     
        3469   7.4742485442690416        8.8801128050554148        8.6480645510698331     
        3470   7.4749123047907213        8.8810596590131379        8.6489419334977633     
        3471   7.4760140801683059        8.8826314200524497        8.6503981363283344     
        3472   7.4761320878209450        8.8827997722318450        8.6505543905442437     
        3473   7.4763765053598688        8.8831484669982661        8.6508776885451084     
        3474   7.4775212621560687        8.8847816825525907        8.6523907654024335     
        3475   7.4784087286844434        8.8860478975211539        8.6535638825099142     
        3476   7.4786474287946714        8.8863884797921919        8.6538796503768758     
        3477   7.4793470938748587        8.8873868031816148        8.6548046180764864     
        3478   7.4812900509681137        8.8901593380087114        8.6573727937404676     
        3479   7.4826744715987532        8.8921350475878338        8.6592028998714028     
        3480   7.4833107993403036        8.8930432046181735        8.6600442803878401     
        3481   7.4839219466179356        8.8939154555417499        8.6608523962571624     
        3482   7.4844344803139338        8.8946469851516436        8.6615301803076434     
        3483   7.4844904482251291        8.8947268683846659        8.6616044754545705     
        3484   7.4854792611964882        8.8961382473557578        8.6629118432394385     
        3485   7.4855064886713256        8.8961771115304416        8.6629481501872476     
        3486   7.4857474065028722        8.8965209974185164        8.6632669279375492     
        3487   7.4858173356542066        8.8966208151097028        8.6633596815864884     
        3488   7.4858876373412029        8.8967211649644007        8.6634529279127861     
        3489   7.4865661632369900        8.8976897253732936        8.6643501849106173     
        3490   7.4868720962522328        8.8981264411071894        8.6647549196484448     
        3491   7.4880518762971233        8.8998106345021402        8.6663148498488560     
        3492   7.4882213293716262        8.9000525463264903        8.6665391802723413     
        3493   7.4885698719504479        8.9005501343366351        8.6670002683857419     
        3494   7.4905812700981445        8.9034218496094972        8.6696597545885119     
        3495   7.4926146984201116        8.9063253531716366        8.6723485550736008     
        3496   7.4929723289606605        8.9068360436370462        8.6728217300351957     
        3497   7.4935158667997666        8.9076122266103361        8.6735407226563837     
        3498   7.4935356951767993        8.9076405423873926        8.6735672567906050     
        3499   7.4935372183937687        8.9076427176082067        8.6735695872528531     
        3500   7.4948258489239503        8.9094830064826045        8.6752738114706140     
        3501   7.4953022921870751        8.9101634477885803        8.6759041303547519     
        3502   7.4955684721570233        8.9105436057262608        8.6762564220131537     
        3503   7.4955926765838177        8.9105781747484798        8.6762887447055022     
        3504   7.4957363207617114        8.9107833298892007        8.6764790063470159     
        3505   7.5001446824134508        8.9170802483079044        8.6823090965655609     
        3506   7.5030095365557621        8.9211732659175258        8.6860984772764240     
        3507   7.5033098229745319        8.9216023239794442        8.6864959757249594     
        3508   7.5039783035293937        8.9225574950890039        8.6873804904745420     
        3509   7.5052431804633004        8.9243649383297310        8.6890539137298290     
        3510   7.5053018662947490        8.9244488004975828        8.6891318588201507     
        3511   7.5055603013520722        8.9248181080468125        8.6894740286407455     
        3512   7.5057956689513805        8.9251544566015824        8.6897856879777819     
        3513   7.5064259271939351        8.9260551400192369        8.6906197178533908     
        3514   7.5065327990558322        8.9262078706546131        8.6907614081177975     
        3515   7.5076119880171275        8.9277501924654104        8.6921893364637377     
        3516   7.5081808414770874        8.9285632071091019        8.6929421862456770     
        3517   7.5098177980231018        8.9309029196295970        8.6951081058346986     
        3518   7.5100323580627286        8.9312096079064158        8.6953922832861039     
        3519   7.5102418018822874        8.9315089867787805        8.6956696941025307     
        3520   7.5105549501952202        8.9319566074803092        8.6960843093994491     
        3521   7.5115575306465905        8.9333897707058902        8.6974110797984991     
        3522   7.5118510941178185        8.9338094277634745        8.6977998018981886     
        3523   7.5121565615301176        8.9342461093111574        8.6982042779605528     
        3524   7.5142749866692151        8.9372747180793226        8.7010075650408467     
        3525   7.5149828402449073        8.9382867834874364        8.7019445168884708     
        3526   7.5153625051981345        8.9388296326424346        8.7024472179715140     
        3527   7.5162586011886940        8.9401109273585408        8.7036333016280736     
        3528   7.5164346612098605        8.9403626768295510        8.7038665964580666     
        3529   7.5164591724113299        8.9403977257711436        8.7038993495118397     
        3530   7.5166779651826285        8.9407105830755853        8.7041891940922795     
        3531   7.5167547142390294        8.9408203294155122        8.7042910737932537     
        3532   7.5178223126524557        8.9423469781912406        8.7057041721113428     
        3533   7.5195075956096762        8.9447570958079794        8.7079347751871019     
        3534   7.5206852461605731        8.9464413879076030        8.7094936606874107     
        3535   7.5208278693637709        8.9466453772883501        8.7096827383624813     
        3536   7.5209697601182022        8.9468483207228591        8.7098708475906683     
        3537   7.5223226951519875        8.9487834786889184        8.7116618108495665     
        3538   7.5223980054199595        8.9488912024273048        8.7117618064838744     
        3539   7.5232644141101366        8.9501305460138099        8.7129088866015501     
        3540   7.5236815556302963        8.9507272628497763        8.7134613375987939     
        3541   7.5243818093883572        8.9517290009776627        8.7143885369769478     
        3542   7.5244674991184644        8.9518515859678374        8.7145022787047353     
        3543   7.5247753867577032        8.9522920451477024        8.7149101364624286     
        3544   7.5247974743305726        8.9523236435779161        8.7149396913071584     
        3545   7.5248896655533200        8.9524555325573214        8.7150620405678048     
        3546   7.5251677350535182        8.9528533436506272        8.7154304343896278     
        3547   7.5259641702709192        8.9539927728414597        8.7164849994069407     
        3548   7.5267531351448902        8.9551215657055625        8.7175297047144049     
        3549   7.5274288110649783        8.9560883135902802        8.7184244673361739     
        3550   7.5281748337260206        8.9571557560585795        8.7194123778188128     
        3551   7.5284792756404979        8.9575913782118022        8.7198157267505536     
        3552   7.5299546417263317        8.9597025687477565        8.7217692454463318     
        3553   7.5301892152540351        8.9600382506184637        8.7220801191702790     
        3554   7.5310738234393968        8.9613041924554668        8.7232516059390548     
        3555   7.5312956222529994        8.9616216135397693        8.7235455784625699     
        3556   7.5322238444528606        8.9629500561547157        8.7247748558586480     
        3557   7.5323136150749725        8.9630785368083572        8.7248940321397122     
        3558   7.5324003720477526        8.9632027049229599        8.7250092186606700     
        3559   7.5324111587673590        8.9632181431100353        8.7250238191051714     
        3560   7.5326415107149316        8.9635478300896310        8.7253291299959201     
        3561   7.5338653287877957        8.9652994700644015        8.7269498582746223     
        3562   7.5343484341768372        8.9659909683192254        8.7275898568935020     
        3563   7.5388630717759559        8.9724539696075958        8.7335685274942954     
        3564   7.5393278173562468        8.9731193783989305        8.7341843228933840     
        3565   7.5393969262082150        8.9732183278943225        8.7342761656392831     
        3566   7.5396680897647750        8.9736065814649599        8.7346356000773575     
        3567   7.5399264274511548        8.9739764764881134        8.7349780517408391     
        3568   7.5401174991659392        8.9742500617591556        8.7352314208879136     
        3569   7.5401593781005580        8.9743100263443090        8.7352872034488875     
        3570   7.5405722301573608        8.9749011785531749        8.7358342989486424     
        3571   7.5417501247162413        8.9765878522202023        8.7373946510225373     
        3572   7.5422159716167450        8.9772549481700441        8.7380119670589416     
        3573   7.5433940858996191        8.9789420953232444        8.7395726994109175     
        3574   7.5434225042727050        8.9789827939505802        8.7396106595645939     
        3575   7.5449290885001794        8.9811405038877936        8.7416065457651762     
        3576   7.5454815194177822        8.9819317347815542        8.7423386212662137     
        3577   7.5471405584112183        8.9843080790924201        8.7445366067723889     
        3578   7.5472704454354984        8.9844941338572308        8.7447089879678863     
        3579   7.5479383890396150        8.9854509417558575        8.7455941468003395     
        3580   7.5484962587923903        8.9862501004403637        8.7463335041955190     
        3581   7.5491795531781287        8.9872289670274963        8.7472390374293774     
        3582   7.5500775005260623        8.9885153971485270        8.7484289710348477     
        3583   7.5504554451277661        8.9890568733227525        8.7489300083827892     
        3584   7.5505610162735293        8.9892081257863445        8.7490701944984792     
        3585   7.5506802503341719        8.9893789542968943        8.7492284826260729     
        3586   7.5508153620888425        8.9895725324397624        8.7494078072851984     
        3587   7.5513118146495861        8.9902838258737354        8.7500658675145431     
        3588   7.5518335835400592        8.9910314131440199        8.7507574811342010     
        3589   7.5522472568055266        8.9916241375534174        8.7513058873129346     
        3590   7.5524029342836325        8.9918472009092145        8.7515124702110967     
        3591   7.5526866020301426        8.9922536609631347        8.7518886353132643     
        3592   7.5532818716019650        8.9931066285625789        8.7526776691091541     
        3593   7.5538682815267473        8.9939469295436325        8.7534549801350927     
        3594   7.5540694485659436        8.9942352000329144        8.7537218492608240     
        3595   7.5547390994693036        8.9951948274762490        8.7546094799413154     
        3596   7.5552986620534597        8.9959967236992391        8.7553512556267883     
        3597   7.5557782925091859        8.9966840915071931        8.7559871276948513     
        3598   7.5560443686727563        8.9970654186232757        8.7563400262959341     
        3599   7.5586308585540030        9.0007725503151619        8.7597678852498646     
        3600   7.5595006530099944        9.0020193218979898        8.7609209001381494     
        3601   7.5598384554179283        9.0025035478215187        8.7613689021802053     
        3602   7.5601690359221818        9.0029774305222947        8.7618073383058217     
        3603   7.5602837096145414        9.0031418158143595        8.7619596358632919     
        3604   7.5614861216710372        9.0048655443973491        8.7635535529919686     
        3605   7.5623513515998519        9.0061059760531279        8.7647006326217465     
        3606   7.5625323145926320        9.0063654203361185        8.7649408021890878     
        3607   7.5627209560814643        9.0066358760450438        8.7651911504927646     
        3608   7.5633421929488680        9.0075265653642642        8.7660148782541434     
        3609   7.5634075592682368        9.0076202852186960        8.7661018382546310     
        3610   7.5645808866820534        9.0093026192031633        8.7676573767892378     
        3611   7.5650272075489280        9.0099425903049735        8.7682493017682432     
        3612   7.5651624358234120        9.0101364948197826        8.7684288709824969     
        3613   7.5651711007630142        9.0101489195722912        8.7684406770583223     
        3614   7.5660117729810317        9.0113543981048441        8.7695553508393509     
        3615   7.5669144534749302        9.0126488578739750        8.7707522560060838     
        3616   7.5670296814435165        9.0128141016398811        8.7709053243389405     
        3617   7.5671000444982965        9.0129150069859154        8.7709989194241516     
        3618   7.5682182469389732        9.0145186390505287        8.7724815801278311     
        3619   7.5715978565196451        9.0193660167472220        8.7769624154356052     
        3620   7.5718216214729814        9.0196869962406439        8.7772594110080391     
        3621   7.5720991602946350        9.0200851173506305        8.7776277049259974     
        3622   7.5729923837688249        9.0213664626550383        8.7788123246002563     
        3623   7.5743609129838037        9.0233297700819328        8.7806272095883777     
        3624   7.5747453946041494        9.0238813794897386        8.7811373390181338     
        3625   7.5750323026122750        9.0242930095833014        8.7815180938895843     
        3626   7.5753985114912767        9.0248184233603048        8.7820040055533788     
        3627   7.5754446852983106        9.0248846714575599        8.7820655531783842     
        3628   7.5764092213482934        9.0262685844471839        8.7833448745756932     
        3629   7.5768738874539361        9.0269353131129062        8.7839613705216095     
        3630   7.5778637596514686        9.0283556958584175        8.7852743541677079     
        3631   7.5785255110469762        9.0293052980599455        8.7861522443626896     
        3632   7.5793883504592259        9.0305435123858686        8.7872968339576971     
        3633   7.5794794267154240        9.0306742145897054        8.7874179394386296     
        3634   7.5794878391521916        9.0306862871892033        8.7874294171687524     
        3635   7.5800845936872197        9.0315426982193667        8.7882211568798851     
        3636   7.5801690505105821        9.0316639057931525        8.7883334864854881     
        3637   7.5803334379552583        9.0318998268810269        8.7885518226343358     
        3638   7.5804819409059840        9.0321129532083155        8.7887490934383692     
        3639   7.5811901663923411        9.0331293990632187        8.7896887007503146     
        3640   7.5819153412975417        9.0341702135629305        8.7906508112658024     
        3641   7.5829383393528182        9.0356385553867842        8.7920079616413886     
        3642   7.5832674018330231        9.0361108876204881        8.7924447374744048     
        3643   7.5838212087520462        9.0369058354034753        8.7931796160065083     
        3644   7.5838505982316793        9.0369480224763343        8.7932189194300356     
        3645   7.5840324669227082        9.0372090871276729        8.7934604707998538     
        3646   7.5844197793798109        9.0377650665175189        8.7939745270317111     
        3647   7.5847688696383724        9.0382661892901943        8.7944378909415768     
        3648   7.5848302058021337        9.0383542390420448        8.7945195709392578     
        3649   7.5857092096231362        9.0396161072965029        8.7956858533670896     
        3650   7.5878743598587839        9.0427245956786919        8.7985583057791885     
        3651   7.5888722846192813        9.0441574381831824        8.7998824746161368     
        3652   7.5889490012531704        9.0442675930269854        8.7999845705793192     
        3653   7.5895035302892850        9.0450638371216225        8.8007205524500556     
        3654   7.5895536454564283        9.0451357983647558        8.8007873597083730     
        3655   7.5902412982775322        9.0461232319731764        8.8016999701595893     
        3656   7.5906966232834421        9.0467770764111357        8.8023043702065920     
        3657   7.5911447336767477        9.0474205773980145        8.8028992080072861     
        3658   7.5913904559447269        9.0477734495369351        8.8032255378817190     
        3659   7.5916247044560956        9.0481098493001095        8.8035366477447106     
        3660   7.5927459371453683        9.0497200926008805        8.8050245941427221     
        3661   7.5928629836362598        9.0498881933289486        8.8051802139269206     
        3662   7.5928914764965230        9.0499291145948622        8.8052183404661264     
        3663   7.5944719878503761        9.0521991399316537        8.8073157558099666     
        3664   7.5949042052889357        9.0528199524697541        8.8078895834204971     
        3665   7.5956916019193983        9.0539509638173676        8.8089347173435080     
        3666   7.5958346796751801        9.0541564852595684        8.8091248952036096     
        3667   7.5961635485361301        9.0546288893635296        8.8095616104467496     
        3668   7.5964824883767017        9.0550870394398153        8.8099851551418844     
        3669   7.5965210566963739        9.0551424425530183        8.8100366565270214     
        3670   7.5968583755235386        9.0556270038496613        8.8104845952509052     
        3671   7.5980610672557951        9.0573547569560251        8.8120809122691384     
        3672   7.5981774026615039        9.0575218874606875        8.8122356173854222     
        3673   7.5982171691222167        9.0575790172606521        8.8122887118777413     
        3674   7.6015601483423136        9.0623821175572239        8.8167256054480276     
        3675   7.6016306270165641        9.0624833893047381        8.8168194679044731     
        3676   7.6017351275243472        9.0626335482339382        8.8169584848926625     
        3677   7.6030535249094422        9.0645280580267951        8.8187086456653141     
        3678   7.6040994580901762        9.0660311445237411        8.8200972363491807     
        3679   7.6046136915312834        9.0667701707033874        8.8207801200071856     
        3680   7.6075333643390497        9.0709665676336257        8.8246560632377360     
        3681   7.6076597811816802        9.0711482803594183        8.8248242026773411     
        3682   7.6087642537405333        9.0727359154972405        8.8262907289912924     
        3683   7.6111505783252733        9.0761665059538483        8.8294591246826393     
        3684   7.6121666135136339        9.0776273053985665        8.8308084107071210     
        3685   7.6126012916775530        9.0782522877976835        8.8313858590057599     
        3686   7.6135362450700796        9.0795966213248978        8.8326275557484877     
        3687   7.6148415320613259        9.0814735642105600        8.8343610261344629     
        3688   7.6152185421353815        9.0820157136522663        8.8348619542538422     
        3689   7.6156992313000824        9.0827069731409296        8.8355005599993568     
        3690   7.6163019490241153        9.0835737439339734        8.8363012162948245     
        3691   7.6166702505401158        9.0841034146244368        8.8367906057519399     
        3692   7.6173936583992399        9.0851438121132997        8.8377515577656993     
        3693   7.6179446362630197        9.0859362516645596        8.8384835525513985     
        3694   7.6180588128785374        9.0861004684200086        8.8386354986186291     
        3695   7.6187967784810615        9.0871618879319058        8.8396158297540914     
        3696   7.6191935737413115        9.0877326191128702        8.8401431019974517     
        3697   7.6210850552191909        9.0904534140252053        8.8426554349861810     
        3698   7.6219318412311168        9.0916715663620629        8.8437803985120418     
        3699   7.6231305034615326        9.0933960151742408        8.8453727551576122     
        3700   7.6235363505952698        9.0939799118728253        8.8459121298209844     
        3701   7.6241855373436955        9.0949139322844381        8.8467747268575359     
        3702   7.6242920748054148        9.0950672168794053        8.8469165593811354     
        3703   7.6243100607930829        9.0950930949571180        8.8469407731489405     
        3704   7.6269418646223501        9.0988799994562868        8.8504369681678909     
        3705   7.6274573944655772        9.0996218629256393        8.8511221168335688     
        3706   7.6274723652041398        9.0996434066127225        8.8511423279399999     
        3707   7.6288404845502322        9.1016122813142672        8.8529601084916756     
        3708   7.6293538803925838        9.1023511545938280        8.8536424674096494     
        3709   7.6293910503930116        9.1024046500705875        8.8536921714453669     
        3710   7.6295114867011744        9.1025779841270449        8.8538524944079739     
        3711   7.6296765923597372        9.1028156090526213        8.8540721614295279     
        3712   7.6317403965434449        9.1057860873896495        8.8568143566222837     
        3713   7.6320028778428508        9.1061639077444827        8.8571634149340994     
        3714   7.6323637268601363        9.1066833297018253        8.8576431703523291     
        3715   7.6324531157153075        9.1068120016220053        8.8577622593205341     
        3716   7.6326864148927154        9.1071478301987803        8.8580725536588751     
        3717   7.6329926266991883        9.1075886216048332        8.8584797263000574     
        3718   7.6332175849520656        9.1079124536024967        8.8587789441586509     
        3719   7.6335241949559487        9.1083538317175829        8.8591866534137615     
        3720   7.6340170377816365        9.1090633162147512        8.8598418146336115     
        3721   7.6353947756367919        9.1110467808122078        8.8616727893624159     
        3722   7.6355425242675263        9.1112594969320746        8.8618694379320146     
        3723   7.6365803836244934        9.1127537710340043        8.8632488687126170     
        3724   7.6376645321094783        9.1143147860098459        8.8646898615463812     
        3725   7.6379753324846416        9.1147623109907308        8.8651032024724472     
        3726   7.6404074528033359        9.1182646252460113        8.8683356769309718     
        3727   7.6423168699785791        9.1210145777136731        8.8708736998581443     
        3728   7.6425084583451923        9.1212905209669355        8.8711286631729642     
        3729   7.6428671347331019        9.1218071280029029        8.8716057063778671     
        3730   7.6444826347107107        9.1241340894307168        8.8737532730868089     
        3731   7.6450218829629151        9.1249108692482395        8.8744703666370484     
        3732   7.6455445921588403        9.1256638478159289        8.8751654893136198     
        3733   7.6458038484891837        9.1260373228951224        8.8755104287580409     
        3734   7.6459684087869721        9.1262743852674646        8.8757294958552215     
        3735   7.6461085113642273        9.1264762160937476        8.8759160534715811     
        3736   7.6462381854619537        9.1266630251749010        8.8760887497525083     
        3737   7.6464572527705750        9.1269786176837879        8.8763802751026937     
        3738   7.6465545491422864        9.1271187859550835        8.8765099343084302     
        3739   7.6466832469438115        9.1273041933398211        8.8766813355067029     
        3740   7.6470594438759463        9.1278461661101691        8.8771817382088294     
        3741   7.6474397908571934        9.1283941296449509        8.8776876642220408     
        3742   7.6476870684628917        9.1287503873991049        8.8780167027157155     
        3743   7.6478642364325120        9.1290056399308952        8.8782525441501079     
        3744   7.6479747254191386        9.1291648268730832        8.8783997473344449     
        3745   7.6480023247302089        9.1292045907224200        8.8784367615571362     
        3746   7.6483622864098599        9.1297232131550334        8.8789156046395092     
        3747   7.6508312498742912        9.1332807146886790        8.8821982274652882     
        3748   7.6509516097421244        9.1334541528024609        8.8823585691363256     
        3749   7.6520536549921365        9.1350422517832595        8.8838240759992715     
        3750   7.6524120698501825        9.1355587661733892        8.8843009300042510     
        3751   7.6529594251708444        9.1363475847007738        8.8850290003111922     
        3752   7.6537051129817382        9.1374222692096687        8.8860207890039504     
        3753   7.6540182427044146        9.1378735652182996        8.8864374580130487     
        3754   7.6554413079160133        9.1399246505861349        8.8883299766076505     
        3755   7.6555690946847745        9.1401088398187742        8.8885002196819656     
        3756   7.6561628361379306        9.1409646643963729        8.8892900507123400     
        3757   7.6563731090742584        9.1412677608319068        8.8895699827541925     
        3758   7.6587344597694447        9.1446717654431584        8.8927104100244634     
        3759   7.6587710244737055        9.1447244789293283        8.8927593611532991     
        3760   7.6595239159951021        9.1458099092920939        8.8937609302131548     
        3761   7.6598645720098206        9.1463010425168498        8.8942142907420596     
        3762   7.6601301409624512        9.1466839273345055        8.8945677975293513     
        3763   7.6601526408746130        9.1467163669184242        8.8945980461747247     
        3764   7.6601999752759289        9.1467846121348835        8.8946613225312703     
        3765   7.6616189462412443        9.1488305253113573        8.8965488021724646     
        3766   7.6617458503801750        9.1490135075080641        8.8967179081427510     
        3767   7.6626332909910788        9.1502931393940372        8.8978985339686645     
        3768   7.6626562053099159        9.1503261812252141        8.8979293365267154     
        3769   7.6627167609305316        9.1504135010108900        8.8980102030923298     
        3770   7.6637795180665655        9.1519460215407129        8.8994240526617752     
        3771   7.6639861213082980        9.1522439591318445        8.8996991780321792     
        3772   7.6641143540986931        9.1524288823562507        8.8998700652333937     
        3773   7.6654772749426678        9.1543944214070532        8.9016832459663888     
        3774   7.6659439478137301        9.1550674701487900        8.9023043248844296     
        3775   7.6676609631984505        9.1575439540242272        8.9045886546138462     
        3776   7.6678556170262464        9.1578247224169314        8.9048479213093934     
        3777   7.6686584938826901        9.1589828241312503        8.9059163021369940     
        3778   7.6697908731543532        9.1606163045154023        8.9074230655152498     
        3779   7.6698594151464254        9.1607151811741296        8.9075145771583877     
        3780   7.6700906884251943        9.1610488120794145        8.9078225810849716     
        3781   7.6705188617518090        9.1616664994028838        8.9083925402289417     
        3782   7.6723417830814595        9.1642964356111367        8.9108181374977278     
        3783   7.6733151195089313        9.1657007854430734        8.9121134836498790     
        3784   7.6734380989545876        9.1658782283320708        8.9122774368884095     
        3785   7.6748309156815138        9.1678879644610909        8.9141309836887608     
        3786   7.6751789174300971        9.1683901316240135        8.9145943600064186     
        3787   7.6755716508710350        9.1689568588165304        8.9151172628656035     
        3788   7.6759754939573099        9.1695396309881794        8.9156549558116112     
        3789   7.6763993055623931        9.1701512336571280        8.9162192276154748     
        3790   7.6764317059215559        9.1701979912419276        8.9162626682212789     
        3791   7.6766804565077598        9.1705569709357331        8.9165939992589571     
        3792   7.6780120050465568        9.1724786576241595        8.9183662229364664     
        3793   7.6785853414100629        9.1733061403682932        8.9191295159277466     
        3794   7.6794248615316327        9.1745178492197947        8.9202470598166812     
        3795   7.6795145074534084        9.1746472417950411        8.9203666876714500     
        3796   7.6800944151830457        9.1754842816001752        8.9211387658932431     
        3797   7.6802388788326281        9.1756928050386044        8.9213313499774252     
        3798   7.6823727038287011        9.1787730386750273        8.9241715563545227     
        3799   7.6833089527098011        9.1801246588552754        8.9254179909804421     
        3800   7.6849399904419897        9.1824794888414054        8.9275892568066091     
        3801   7.6858214492702377        9.1837521977664931        8.9287628716763727     
        3802   7.6858585694152177        9.1838057957242221        8.9288126093998201     
        3803   7.6862452862024293        9.1843641848070856        8.9293276976227780     
        3804   7.6864563510178021        9.1846689513110586        8.9296089774149863     
        3805   7.6866181278478001        9.1849025510689906        8.9298246504069709     
        3806   7.6874634831768773        9.1861232483965836        8.9309502737248074     
        3807   7.6877273645852497        9.1865043066785184        8.9313018739569117     
        3808   7.6883553901596882        9.1874112311663296        8.9321382275199426     
        3809   7.6893593754530274        9.1888611430899019        8.9334750956587499     
        3810   7.6903009046575264        9.1902209350546809        8.9347288623793233     
        3811   7.6908219800324407        9.1909735235457024        8.9354229048490303     
        3812   7.6909045581258244        9.1910927930590329        8.9355331709053161     
        3813   7.6911028608705303        9.1913792087751887        8.9357975057221850     
        3814   7.6931566373169762        9.1943457442279630        8.9385322034459449     
        3815   7.6936081426109162        9.1949979590333797        8.9391336852568237     
        3816   7.6949499276071789        9.1969363136767992        8.9409205804733425     
        3817   7.6953416730242541        9.1975022609663224        8.9414425273324021     
        3818   7.6974977323970828        9.2006173090042722        8.9443138304143268     
        3819   7.6995692980277655        9.2036106471909189        8.9470728252063729     
        3820   7.7012240498186646        9.2060019618131488        8.9492768989169029     
        3821   7.7020008252347480        9.2071245742613854        8.9503117553756084     
        3822   7.7033422937056386        9.2090634119015800        8.9520987493871687     
        3823   7.7039229238248916        9.2099026489800853        8.9528724290630244     
        3824   7.7041086862479062        9.2101711541126541        8.9531201808517018     
        3825   7.7044497591429453        9.2106641559598259        8.9535748002925182     
        3826   7.7059053697732400        9.2127682692314181        8.9555139857822432     
        3827   7.7075534339689700        9.2151507916282220        8.9577096354535541     
        3828   7.7090805662788711        9.2173586916569334        8.9597443085720450     
        3829   7.7091803730199873        9.2175029972107207        8.9598775968245299     
        3830   7.7095188498329819        9.2179923900357803        8.9603288379584392     
        3831   7.7095394670644293        9.2180222001425012        8.9603566326146407     
        3832   7.7099904621868056        9.2186742952658278        8.9609577772426832     
        3833   7.7102012490416456        9.2189790784083190        8.9612389194864512     
        3834   7.7105662092643596        9.2195067943121511        8.9617254588291928     
        3835   7.7106477874584005        9.2196247541983372        8.9618344691834402     
        3836   7.7108500877004076        9.2199172773378031        8.9621043115696004     
        3837   7.7128719981078895        9.2228411177734966        8.9647984265662295     
        3838   7.7129843607079192        9.2230036129029127        8.9649484613034396     
        3839   7.7143088054164251        9.2249190612684497        8.9667134537795157     
        3840   7.7144086846571618        9.2250635153246652        8.9668468630332896     
        3841   7.7149246276903778        9.2258097303640927        8.9675346484105098     
        3842   7.7153569818434109        9.2264350668852924        8.9681110671932700     
        3843   7.7154183440351947        9.2265238195138952        8.9681931588098749     
        3844   7.7177176545245647        9.2298497076675297        8.9712573534135380     
        3845   7.7177918055627206        9.2299569724300898        8.9713564939026966     
        3846   7.7178493636274705        9.2300402345910584        8.9714335232766622     
        3847   7.7186017113547090        9.2311285888591339        8.9724364245664781     
        3848   7.7195049708704495        9.2324353163271908        8.9736404642104617     
        3849   7.7203709446686650        9.2336881674275446        8.9747948512312696     
        3850   7.7209607932196072        9.2345415691567911        8.9755812741219678     
        3851   7.7209685176305269        9.2345527451435991        8.9755918978241773     
        3852   7.7213386299429452        9.2350882443019451        8.9760854856686052     
        3853   7.7216029679388418        9.2354707102951217        8.9764381091411778     
        3854   7.7224238924882229        9.2366585288786407        8.9775325391937244     
        3855   7.7227055609888966        9.2370660958777506        8.9779082740456140     
        3856   7.7227279124740420        9.2370984381803307        8.9779383934230275     
        3857   7.7248820230721886        9.2402156039905581        8.9808098275908002     
        3858   7.7251427600456140        9.2405929370699411        8.9811576946906904     
        3859   7.7258024910160641        9.2415477113303819        8.9820373969609832     
        3860   7.7268697373513593        9.2430923262019267        8.9834603298062099     
        3861   7.7284531305244517        9.2453841310323970        8.9855713659509995     
        3862   7.7286099003697721        9.2456110512909344        8.9857806804260534     
        3863   7.7288709821648265        9.2459889649450595        8.9861290523176045     
        3864   7.7292368527044735        9.2465185690186456        8.9866171210225971     
        3865   7.7310126934353001        9.2490892892631322        8.9889848972914557     
        3866   7.7314352633728660        9.2497010435832276        8.9895485939816417     
        3867   7.7315700256190141        9.2498961419783399        8.9897285895077133     
        3868   7.7318702407029996        9.2503307757161863        8.9901291705987774     
        3869   7.7322533301473433        9.2508854010509634        8.9906402470950972     
        3870   7.7325037000759496        9.2512478857254230        8.9909743815361622     
        3871   7.7330842621250397        9.2520884415783762        8.9917487542683503     
        3872   7.7331382818792669        9.2521666545015897        8.9918211076169712     
        3873   7.7331916987134584        9.2522439947229262        8.9918926572410491     
        3874   7.7344900930907983        9.2541239646066824        8.9936241532808410     
        3875   7.7354090900438672        9.2554546832005240        8.9948498409470901     
        3876   7.7356178694747921        9.2557570081908889        8.9951285554724834     
        3877   7.7359040503141534        9.2561714209487249        8.9955104795698269     
        3878   7.7367309186295508        9.2573688310414575        8.9966133785586813     
        3879   7.7372094071080841        9.2580617691848257        8.9972517527920850     
        3880   7.7373545734391191        9.2582720001714787        8.9974456581958613     
        3881   7.7385347282915191        9.2599811750309708        8.9990197279690491     
        3882   7.7397406461438782        9.2617277822092650        9.0006282193072238     
        3883   7.7414306019308201        9.2641756575173986        9.0028823163032392     
        3884   7.7415296083822707        9.2643190742922155        9.0030146882436668     
        3885   7.7417350974205288        9.2646167400975816        9.0032890738403637     
        3886   7.7423049417566983        9.2654422195730941        9.0040494004906790     
        3887   7.7424286181576338        9.2656213814519539        9.0042146790230966     
        3888   7.7425244962073876        9.2657602745687893        9.0043428831951680     
        3889   7.7428093660308024        9.2661729539489510        9.0047231504874823     
        3890   7.7431268227888470        9.2666328487277987        9.0051468840905855     
        3891   7.7434374876819199        9.2670829124258294        9.0055615636759363     
        3892   7.7441653476002594        9.2681374029436441        9.0065326943202528     
        3893   7.7442319447153345        9.2682338880518156        9.0066218515575436     
        3894   7.7450891893696578        9.2694758871577037        9.0077655861964381     
        3895   7.7450941745931567        9.2694831100640176        9.0077725662648653     
        3896   7.7452399340138296        9.2696942964308580        9.0079673161040219     
        3897   7.7454519145848160        9.2700014317810240        9.0082503958884956     
        3898   7.7454786694765074        9.2700401967953763        9.0082864135408265     
        3899   7.7455803529916274        9.2701875260254525        9.0084223750593964     
        3900   7.7457533832534757        9.2704382315421370        9.0086535037709723     
        3901   7.7459767400161121        9.2707618594162629        9.0089517630246654     
        3902   7.7462786118884654        9.2711992566910073        9.0093547548070525     
        3903   7.7474254026834890        9.2728609690701340        9.0108848061901803     
        3904   7.7481655437360013        9.2739335001835439        9.0118724539789028     
        3905   7.7483983940924119        9.2742709308580675        9.0121834025879544     
        3906   7.7490966991001242        9.2752828936165415        9.0131152736384408     
        3907   7.7492001537824589        9.2754328205358814        9.0132536151460947     
        3908   7.7516158193733995        9.2789338679356508        9.0164766339941060     
        3909   7.7518230215011528        9.2792341908065605        9.0167534014801198     
        3910   7.7523449709777861        9.2799907307145055        9.0174500945825251     
        3911   7.7527510794418379        9.2805793806504262        9.0179922464263278     
        3912   7.7532780246633655        9.2813432028526677        9.0186956273530363     
        3913   7.7536579701248121        9.2818939591693397        9.0192028893163751     
        3914   7.7549592829568237        9.2837803909617396        9.0209395087542319     
        3915   7.7549743607197668        9.2838022490855163        9.0209599580290707     
        3916   7.7558899212631118        9.2851295663918147        9.0221819316343996     
        3917   7.7577503984694891        9.2878269766240393        9.0246648372534359     
        3918   7.7584971609291999        9.2889097509734988        9.0256616747829419     
        3919   7.7589464551880925        9.2895612314632228        9.0262615727046551     
        3920   7.7601334960413286        9.2912825324611141        9.0278460110433940     
        3921   7.7613886963744783        9.2931027989010655        9.0295214791693077     
        3922   7.7614019542552537        9.2931220259221803        9.0295395045003310     
        3923   7.7619072722798590        9.2938548660066242        9.0302142327321562     
        3924   7.7622673518215963        9.2943770863366701        9.0306951331320668     
        3925   7.7627801195060497        9.2951207678238337        9.0313798243240093     
        3926   7.7629266221696680        9.2953332488470828        9.0315756863042971     
        3927   7.7635435232070558        9.2962279948070172        9.0323993782301173     
        3928   7.7645670960097188        9.2977126433293993        9.0337658822574838     
        3929   7.7654497829843674        9.2989930137938348        9.0349443835767289     
        3930   7.7664590784916285        9.3004571150307260        9.0362919202730509     
        3931   7.7665932932153874        9.3006518156521096        9.0364714051035371     
        3932   7.7668079057571013        9.3009631497364396        9.0367582085899834     
        3933   7.7674870335533228        9.3019483722761684        9.0376650758600228     
        3934   7.7690027063677789        9.3041473252973805        9.0396886842426412     
        3935   7.7699878807330922        9.3055767296770515        9.0410041855771048     
        3936   7.7700302424528793        9.3056381947693936        9.0410610698597225     
        3937   7.7719829619066010        9.3084716734745001        9.0436683426522890     
        3938   7.7732213442135611        9.3102687851248032        9.0453220447477953     
        3939   7.7733678403447835        9.3104813854541746        9.0455179693175154     
        3940   7.7736478572582550        9.3108877608615952        9.0458921651478654     
        3941   7.7738056717660404        9.3111167925622400        9.0461032044771628     
        3942   7.7747012369086397        9.3124165404881047        9.0472992782865411     
        3943   7.7765325346929881        9.3150745424546386        9.0497448400147071     
        3944   7.7778959671725030        9.3170536538573021        9.0515657881759140     
        3945   7.7779896038984981        9.3171895794379171        9.0516911586073441     
        3946   7.7799991396938237        9.3201068535807590        9.0543750255520834     
        3947   7.7800249023988570        9.3201442559076426        9.0544097628887457     
        3948   7.7802223787300360        9.3204309541467385        9.0546738157340911     
        3949   7.7802281560093629        9.3204393417118450        9.0546818636592405     
        3950   7.7809716916803824        9.3215188445695762        9.0556751691585262     
        3951   7.7810473726181080        9.3216287246132161        9.0557765732093429     
        3952   7.7813135335039849        9.3220151635361450        9.0561323640810052     
        3953   7.7816446707819669        9.3224959500052815        9.0565749355990093     
        3954   7.7818745211603479        9.3228296809363584        9.0568822399336639     
        3955   7.7836550494164323        9.3254150673492706        9.0592606009020464     
        3956   7.7839479850646907        9.3258404452943449        9.0596521851588960     
        3957   7.7844358820512838        9.3265489467190417        9.0603041729948615     
        3958   7.7849579001768063        9.3273070195176793        9.0610017466276034     
        3959   7.7850794789570461        9.3274835790747606        9.0611644697146581     
        3960   7.7856177890178291        9.3282653405579570        9.0618838201655088     
        3961   7.7857728198005365        9.3284904887470397        9.0620912292738360     
        3962   7.7858991828782438        9.3286740048859045        9.0622603474709891     
        3963   7.7863609215926903        9.3293445959720582        9.0628774387712703     
        3964   7.7870461646531925        9.3303398194253031        9.0637930897849799     
        3965   7.7878995558349970        9.3315793108236633        9.0649333761879909     
        3966   7.7882358884975362        9.3320678275307340        9.0653829890878619     
        3967   7.7883048765102645        9.3321680324688252        9.0654754783655669     
        3968   7.7883871712533823        9.3322875659291178        9.0655857434553120     
        3969   7.7889018236818828        9.3330351137083394        9.0662735732061428     
        3970   7.7892954444663616        9.3336068745536132        9.0667997315517930     
        3971   7.7897990974154370        9.3343384836401722        9.0674728887704816     
        3972   7.7905211810096713        9.3353874236548311        9.0684378654302300     
        3973   7.7919100659455864        9.3374051212623819        9.0702937009373130     
        3974   7.7930233464040288        9.3390225530414650        9.0717814028691244     
        3975   7.7930290011317620        9.3390307687912717        9.0717892912111928     
        3976   7.7933077395372230        9.3394357509644070        9.0721620346165182     
        3977   7.7936203117700602        9.3398898984903020        9.0725799861947216     
        3978   7.7941028859806343        9.3405910642522958        9.0732250811176272     
        3979   7.7962472319662739        9.3437069721067054        9.0760905794019031     
        3980   7.7970042550304859        9.3448070805002352        9.0771024590236316     
        3981   7.7971501544826696        9.3450191076255713        9.0772977487820476     
        3982   7.7975717712820245        9.3456318287234712        9.0778614676872316     
        3983   7.7976786546700083        9.3457871610369239        9.0780046254971758     
        3984   7.7982704841463439        9.3466472770052214        9.0787958078764284     
        3985   7.7988953574946649        9.3475554483192198        9.0796311636765523     
        3986   7.7993122195790878        9.3481613209363985        9.0801885628079724     
        3987   7.7994776710836735        9.3484017943127515        9.0804099966087399     
        3988   7.8003244605220079        9.3496325858232563        9.0815419519750584     
        3989   7.8004108535154666        9.3497581597175969        9.0816577403697387     
        3990   7.8006000688964274        9.3500331901532565        9.0819109406653098     
        3991   7.8010358795143393        9.3506666659384177        9.0824936959639544     
        3992   7.8014173956241954        9.3512212347119625        9.0830038987966937     
        3993   7.8020503971197908        9.3521413877748287        9.0838502087596531     
        3994   7.8039140569342438        9.3548506653687387        9.0863413421737498     
        3995   7.8043318986387096        9.3554581390377312        9.0869001477113081     
        3996   7.8049383482058987        9.3563398440283656        9.0877110538456840     
        3997   7.8068889618324180        9.3591760133508917        9.0903186665400177     
        3998   7.8072167399480197        9.3596526304623175        9.0907571410519132     
        3999   7.8081889773791566        9.3610663993925733        9.0920570923372388     
        4000   7.8085510059642331        9.3615928599161524        9.0925413715204364     
        4001   7.8095145604500802        9.3629941110269286        9.0938297754309652     
        4002   7.8118120853930124        9.3663356083839524        9.0969015905958130     
        4003   7.8121115452055765        9.3667711726500915        9.0973022803725065     
        4004   7.8122521906097671        9.3669757439948729        9.0974906486227169     
        4005   7.8126500273439916        9.3675544139563716        9.0980228700175765     
        4006   7.8128608183596757        9.3678610236235009        9.0983050240420553     
        4007   7.8131542405785668        9.3682878321771490        9.0986976562728827     
        4008   7.8142829409183836        9.3699296945176318        9.1002070704173477     
        4009   7.8146557303595490        9.3704719958359224        9.1007058398205913     
        4010   7.8147008125993178        9.3705375783138418        9.1007664516532678     
        4011   7.8148722294630861        9.3707869451055856        9.1009959801677205     
        4012   7.8162948592449952        9.3728565960767600        9.1028985027531242     
        4013   7.8164659236097469        9.3731054731569543        9.1031275726629914     
        4014   7.8171307459953709        9.3740727294225508        9.1040168739236620     
        4015   7.8174177904703477        9.3744903646635276        9.1044010361982437     
        4016   7.8177926123988986        9.3750357221779321        9.1049025776965813     
        4017   7.8183089950814457        9.3757870669052341        9.1055934229694273     
        4018   7.8184423572361332        9.3759811145558238        9.1057720925681274     
        4019   7.8184536472287647        9.3759975420481112        9.1057875246338860     
        4020   7.8192254167822366        9.3771205301419407        9.1068199032248742     
        4021   7.8198241987502302        9.3779918418420891        9.1076209743297021     
        4022   7.8202417363400620        9.3785994355365592        9.1081796816814133     
        4023   7.8206845620117855        9.3792438441592818        9.1087722155926052     
        4024   7.8207444042691074        9.3793309290625704        9.1088525793826314     
        4025   7.8224352112192914        9.3817915859502250        9.1111141500547035     
        4026   7.8229934051118128        9.3826039871306328        9.1118610263051032     
        4027   7.8238012667756118        9.3837798041293805        9.1129418394837316     
        4028   7.8254486264418972        9.3861776551888969        9.1151455365559073     
        4029   7.8272367918239043        9.3887807194854567        9.1175377050588828     
        4030   7.8277602096349659        9.3895427194273271        9.1182381871283269     
        4031   7.8277765239088861        9.3895664703790107        9.1182603453600954     
        4032   7.8280089773014367        9.3899048874800837        9.1185716248581201     
        4033   7.8282087715861080        9.3901957615037688        9.1188392195089669     
        4034   7.8286913917189800        9.3908984064750758        9.1194851501280212     
        4035   7.8294649048545777        9.3920246027482346        9.1205202273974493     
        4036   7.8295009897567445        9.3920771417918854        9.1205688349032954     
        4037   7.8297507917656226        9.3924408525717826        9.1209033411357794     
        4038   7.8306217721227807        9.3937090380669304        9.1220688467344857     
        4039   7.8336334171291613        9.3980946207883704        9.1260983368056117     
        4040   7.8340465665905636        9.3986963125135574        9.1266514406924237     
        4041   7.8355038959094765        9.4008188150216139        9.1286016552149896     
        4042   7.8362938981511432        9.4019694756781274        9.1296590400042454     
        4043   7.8377501424387894        9.4040906755587343        9.1316079543257445     
        4044   7.8395239393721576        9.4066746732882045        9.1339819137058349     
        4045   7.8399099078473204        9.4072369723911944        9.1344987564429019     
        4046   7.8400440368061517        9.4074323814492811        9.1346785867532816     
        4047   7.8408206494480357        9.4085638386188535        9.1357182190308350     
        4048   7.8422973304482619        9.4107153758494029        9.1376947897611238     
        4049   7.8435203906155362        9.4124975254943433        9.1393320175216104     
        4050   7.8442272795142873        9.4135276078171710        9.1402784553033349     
        4051   7.8445279895726765        9.4139658170073091        9.1406812695516635     
        4052   7.8446928504494409        9.4142060634824958        9.1409022616047011     
        4053   7.8456816998271268        9.4156471304642704        9.1422261360714607     
        4054   7.8462534839440883        9.4164804390671186        9.1429918048895722     
        4055   7.8468301789483004        9.4173209328507976        9.1437640622900851     
        4056   7.8478197750348642        9.4187632677568534        9.1450890342546067     
        4057   7.8498521700201564        9.4217257415627529        9.1478099992093433     
        4058   7.8500752484111143        9.4220509280301421        9.1481089672746769     
        4059   7.8502110148771598        9.4222488399802238        9.1482910534083750     
        4060   7.8503240653147746        9.4224136391056952        9.1484427304302898     
        4061   7.8513501167852882        9.4239094139516286        9.1498166672146226     
        4062   7.8521897230860720        9.4251334561537110        9.1509410416148391     
        4063   7.8550466391800011        9.4292989356430148        9.1547663694768744     
        4064   7.8552753165571705        9.4296323849313630        9.1550728881361252     
        4065   7.8554414184293737        9.4298745916132862        9.1552956244466834     
        4066   7.8562614866745690        9.4310704343736926        9.1563939971218069     
        4067   7.8570879383351357        9.4322756434541954        9.1575009484614931     
        4068   7.8571941397347720        9.4324305204773200        9.1576434908800586     
        4069   7.8576002414255468        9.4330227608902071        9.1581876094930728     
        4070   7.8577470631955961        9.4332368825991963        9.1583845469008729     
        4071   7.8577607587286558        9.4332568559633199        9.1584032228860224     
        4072   7.8579929124138506        9.4335954279135272        9.1587144254200510     
        4073   7.8580503444838579        9.4336791873084067        9.1587916673090994     
        4074   7.8591075262965520        9.4352210399328342        9.1602076584624932     
        4075   7.8593794306350331        9.4356176156839648        9.1605721064107044     
        4076   7.8597416656633792        9.4361459496068836        9.1610575227563693     
        4077   7.8600573719814220        9.4366064286967841        9.1614806361648427     
        4078   7.8605609063811253        9.4373408853428629        9.1621552880038948     
        4079   7.8607281139234155        9.4375847794914467        9.1623795459765098     
        4080   7.8610748499319341        9.4380905470564844        9.1628442287608820     
        4081   7.8623815008606694        9.4399965894645863        9.1645944704967519     
        4082   7.8625050410439163        9.4401768079518735        9.1647602604735390     
        4083   7.8627806513948482        9.4405788687037706        9.1651297147830526     
        4084   7.8636048763399344        9.4417812877504392        9.1662339337782974     
        4085   7.8639308137236714        9.4422567968609830        9.1666708066738991     
        4086   7.8640208203661768        9.4423881088861954        9.1667916929369930     
        4087   7.8640946631013069        9.4424958396623353        9.1668909306339792     
        4088   7.8641396699186537        9.4425615013170638        9.1669515474578027     
        4089   7.8643086043787171        9.4428079658770656        9.1671781462999178     
        4090   7.8648657437468028        9.4436208137612674        9.1679246945847943     
        4091   7.8651137115819001        9.4439825991185824        9.1682571551696199     
        4092   7.8653194850001427        9.4442828267481236        9.1685331035805753     
        4093   7.8655488503186195        9.4446174796923117        9.1688406530800002     
        4094   7.8659838312664228        9.4452521461618115        9.1694236109521512     
        4095   7.8668402575382057        9.4465017768074642        9.1705710849999953     
        4096   7.8668842985232690        9.4465660396782347        9.1706304140051458     
        4097   7.8669073938627410        9.4465997395539638        9.1706616870564375     
        4098   7.8683148770569913        9.4486535733650623        9.1725473501840256     
        4099   7.8692911088526190        9.4500782137236268        9.1738554054671759     
        4100   7.8704041257771369        9.4517025672153743        9.1753467460520710     
        4101   7.8719104845268584        9.4539011377231095        9.1773651006717749     
        4102   7.8723358800402554        9.4545220487583421        9.1779353452582342     
        4103   7.8743349863331336        9.4574401684348359        9.1806140185140954     
        4104   7.8745201031883312        9.4577104029828778        9.1808623792195085     
        4105   7.8749679261276153        9.4583641493197099        9.1814627245635094     
        4106   7.8752539169978606        9.4587816569397596        9.1818462470748052     
        4107   7.8753344920835735        9.4588992868217687        9.1819545442357295     
        4108   7.8753741064391889        9.4589571191937498        9.1820079599869828     
        4109   7.8754256732577890        9.4590324009780513        9.1820773904757544     
        4110   7.8758142140379865        9.4595996343245137        9.1825983235421553     
        4111   7.8767112947395495        9.4609093377491789        9.1838006618525974     
        4112   7.8775724212613305        9.4621666139964695        9.1849548601991060     
        4113   7.8778545878756807        9.4625786013375439        9.1853332929615839     
        4114   7.8780485247033099        9.4628617695961132        9.1855935026846325     
        4115   7.8786849238735099        9.4637910021545384        9.1864466154478315     
        4116   7.8806026434363439        9.4665913521018137        9.1890168103000356     
        4117   7.8810702335765024        9.4672741981615776        9.1896437726853577     
        4118   7.8812194208691713        9.4674920680039634        9.1898440411676390     
        4119   7.8819561911071361        9.4685680589050847        9.1908317612138610     
        4120   7.8824641670748257        9.4693099420100495        9.1915128776146879     
        4121   7.8836823898224413        9.4710892081648428        9.1931458994918565     
        4122   7.8847155481231557        9.4725982790644725        9.1945309487037541     
        4123   7.8849306167136453        9.4729124280056638        9.1948195434211364     
        4124   7.8856182179020351        9.4739168279565718        9.1957414872708085     
        4125   7.8861354281487150        9.4746723592742477        9.1964350673047370     
        4126   7.8879781659142951        9.4773643826838416        9.1989054153677081     
        4127   7.8880626866440995        9.4774878644945968        9.1990190496873723     
        4128   7.8893793744967180        9.4794115778564851        9.2007843810193251     
        4129   7.8898626399254512        9.4801176776804397        9.2014325472422804     
        4130   7.8909849331934918        9.4817575389529729        9.2029373853305358     
        4131   7.8916013983988051        9.4826583451988764        9.2037641564696848     
        4132   7.8916404139533727        9.4827153575463807        9.2038168002469156     
        4133   7.8920214160277746        9.4832721121420889        9.2043279194609156     
        4134   7.8924868415160603        9.4839522506697165        9.2049522278103240     
        4135   7.8926086472955843        9.4841302517192716        9.2051158665595878     
        4136   7.8933463442265852        9.4852083132628948        9.2061052184211931     
        4137   7.8945187404374586        9.4869217348341301        9.2076774132268042     
        4138   7.8945753248310853        9.4870044341832092        9.2077536178661923     
        4139   7.8951532848251285        9.4878491512296481        9.2085288648406447     
        4140   7.8967076058555890        9.4901210097053834        9.2106132580938009     
        4141   7.8972911928892584        9.4909740574268486        9.2113961074474275     
        4142   7.8982757041870286        9.4924132148672271        9.2127165769728627     
        4143   7.8991952118065116        9.4937574248347918        9.2139499237466431     
        4144   7.9002962547968876        9.4953671128578669        9.2154267507119769     
        4145   7.9004630834000977        9.4956110197374670        9.2156508105853447     
        4146   7.9006198508745538        9.4958402192067624        9.2158613794774986     
        4147   7.9011284156634138        9.4965837729819782        9.2165437258414116     
        4148   7.9012235491660165        9.4967228666142720        9.2166716447633945     
        4149   7.9029486289049817        9.4992452207031857        9.2189854859362121     
        4150   7.9031227801224579        9.4994998729511924        9.2192193871657366     
        4151   7.9045640577537597        9.5016074776786486        9.2211527392659107     
        4152   7.9048910418566516        9.5020856568075196        9.2215916368802873     
        4153   7.9050454936247085        9.5023115291090186        9.2217991322880160     
        4154   7.9051450362675810        9.5024571026635165        9.2219329824197835     
        4155   7.9068623423412534        9.5049686658260306        9.2242367103436109     
        4156   7.9070900817409040        9.5053017540498033        9.2245425227681892     
        4157   7.9071589704385081        9.5054025104980049        9.2246352652654124     
        4158   7.9071687331487652        9.5054167894480734        9.2246487002138586     
        4159   7.9079615933878191        9.5065764548769174        9.2257125450145487     
        4160   7.9085510390895388        9.5074386338719190        9.2265035581841417     
        4161   7.9090994539948793        9.5082408240484675        9.2272395477814904     
        4162   7.9091696836789138        9.5083435539008434        9.2273340956462242     
        4163   7.9098088304177105        9.5092784977738987        9.2281918136078822     
        4164   7.9105352177705637        9.5103410996714590        9.2291665827704321     
        4165   7.9110373361879409        9.5110756542571124        9.2298405155197258     
        4166   7.9146042588874632        9.5162943662418282        9.2346262243952602     
        4167   7.9149607968996918        9.5168160716417329        9.2351049270543868     
        4168   7.9170529135894743        9.5198775875487627        9.2379123513875321     
        4169   7.9187561405776012        9.5223702954466205        9.2401981353883649     
        4170   7.9187900823341142        9.5224199724346672        9.2402440214355117     
        4171   7.9189990465809572        9.5227258136541781        9.2405247663905925     
        4172   7.9202518298166709        9.5245594725396412        9.2422062308519521     
        4173   7.9205962344138641        9.5250635901393430        9.2426687446450231     
        4174   7.9207753036170860        9.5253257042953106        9.2429093890912277     
        4175   7.9210731403974526        9.5257616716467606        9.2433094182248503     
        4176   7.9228777797769547        9.5284034282478416        9.2457316213569243     
        4177   7.9237569842874240        9.5296905700792109        9.2469119270212623     
        4178   7.9243386721081102        9.5305421884968222        9.2476929605320066     
        4179   7.9247645430492177        9.5311657020452287        9.2482648796622371     
        4180   7.9249188536089825        9.5313916304896971        9.2484723289584636     
        4181   7.9251126528844793        9.5316753778576118        9.2487327797284919     
        4182   7.9256121713624061        9.5324067527846186        9.2494035629632734     
        4183   7.9260565663357490        9.5330574360718092        9.2500003704413594     
        4184   7.9264585482480072        9.5336460327275407        9.2505402590621877     
        4185   7.9272687707411906        9.5348324323274269        9.2516281186105900     
        4186   7.9289015820392201        9.5372235104507617        9.2538201878375759     
        4187   7.9304655272598321        9.5395139559888911        9.2559199338556972     
        4188   7.9317438764436226        9.5413862932854503        9.2576363864823534     
        4189   7.9329285941418028        9.5431216181996898        9.2592272118493639     
        4190   7.9335161510372121        9.5439822916410808        9.2600163727706857     
        4191   7.9335354067528163        9.5440104985735061        9.2600425660556276     
        4192   7.9339735399694806        9.5446523111084467        9.2606311303315110     
        4193   7.9347913703491111        9.5458503784639603        9.2617294870327100     
        4194   7.9349374851134629        9.5460644329644566        9.2619260047900447     
        4195   7.9358193024083032        9.5473563123073149        9.2631103108070150     
        4196   7.9365376088142572        9.5484086943846904        9.2640751070103029     
        4197   7.9365914537790907        9.5484875837800480        9.2641477460478505     
        4198   7.9369203031133670        9.5489693932890223        9.2645896354207302     
        4199   7.9379614411352897        9.5504948649425110        9.2659879517535693     
        4200   7.9382415693455606        9.5509053236723105        9.2663644405672407     
        4201   7.9385045308829003        9.5512906350136344        9.2667178818542659     
        4202   7.9394063206624512        9.5526120514228960        9.2679291535528741     
        4203   7.9402227666209004        9.5538084715207319        9.2690258575106199     
        4204   7.9416119261683082        9.5558442778444483        9.2708916994054320     
        4205   7.9417524280858833        9.5560501919292555        9.2710807260675843     
        4206   7.9420016787702714        9.5564154881030756        9.2714157973907625     
        4207   7.9422970413337755        9.5568483717158337        9.2718127980797860     
        4208   7.9438692912566635        9.5591527886320993        9.2739246697814153     
        4209   7.9447108042347701        9.5603862655320242        9.2750552098139387     
        4210   7.9451077699248298        9.5609681529177717        9.2755887099393917     
        4211   7.9452638720590363        9.5611969770652276        9.2757987122262371     
        4212   7.9454663772927825        9.5614938248622039        9.2760710400398452     
        4213   7.9460314983219051        9.5623222415150781        9.2768304088847096     
        4214   7.9466017747405697        9.5631582433344846        9.2775967170963867     
        4215   7.9466271195492517        9.5631953984324269        9.2776311014667918     
        4216   7.9475831115567894        9.5645969082703601        9.2789155180999252     
        4217   7.9481743288326925        9.5654636879221435        9.2797099959223033     
        4218   7.9497690779341150        9.5678018886720171        9.2818525198528583     
        4219   7.9501505568581186        9.5683612406089580        9.2823653096091228     
        4220   7.9516302012812092        9.5705309204947326        9.2843533484237284     
        4221   7.9526923171607882        9.5720884725765494        9.2857805584039106     
        4222   7.9536240026725977        9.5734548334413159        9.2870325887776275     
        4223   7.9538241211450194        9.5737483263881984        9.2873017889805283     
        4224   7.9538753828736795        9.5738235071876421        9.2873710016060826     
        4225   7.9543397626326602        9.5745045799976314        9.2879952430939028     
        4226   7.9549764222059389        9.5754383535325989        9.2888509605368696     
        4227   7.9551453979418723        9.5756861921040386        9.2890783312728793     
        4228   7.9561491545607241        9.5771584636313545        9.2904273027841846     
        4229   7.9567483302856603        9.5780373528218909        9.2912327092127782     
        4230   7.9574365202778843        9.5790468489746434        9.2921577374568294     
        4231   7.9577186184220423        9.5794606665266482        9.2925371273661739     
        4232   7.9586073363841123        9.5807643962123272        9.2937316389178051     
        4233   7.9597514203203428        9.5824428422656585        9.2952693392560484     
        4234   7.9600135427906480        9.5828274089614123        9.2956219165876171     
        4235   7.9605248313986170        9.5835775508038541        9.2963093270741908     
        4236   7.9610831397280535        9.5843967037779514        9.2970599363513138     
        4237   7.9616772390247492        9.5852683989286636        9.2978586581844560     
        4238   7.9620235161215636        9.5857764897438109        9.2983243523745074     
        4239   7.9620251679391885        9.5857789134730744        9.2983269152776025     
        4240   7.9622449880685897        9.5861014599425296        9.2986226707632618     
        4241   7.9630701210065453        9.5873122311237449        9.2997319155464027     
        4242   7.9639872832921066        9.5886581117644081        9.3009648762973995     
        4243   7.9647526801708066        9.5897813412399397        9.3019939022858971     
        4244   7.9653264151482066        9.5906233375760390        9.3027653551967759     
        4245   7.9665917537462549        9.5924804109969593        9.3044663892887343     
        4246   7.9675092605605915        9.5938270755974617        9.3056999631591708     
        4247   7.9677909375501432        9.5942405197027227        9.3060789193742721     
        4248   7.9682898603755792        9.5949728529631670        9.3067498930946009     
        4249   7.9695133615923579        9.5967688340217041        9.3083948624276864     
        4250   7.9700512405661090        9.5975584289900144        9.3091182428686494     
        4251   7.9714608695154219        9.5996278528292756        9.3110135257934417     
        4252   7.9714828169160716        9.5996600743463336        9.3110433736355986     
        4253   7.9722390023812055        9.6007702741358276        9.3120602828284973     
        4254   7.9728673176077010        9.6016927777059387        9.3129053119775271     
        4255   7.9730071498682289        9.6018980865442654        9.3130936438674148     
        4256   7.9744607152754652        9.6040323850850413        9.3150481908079108     
        4257   7.9750619699902705        9.6049152724275793        9.3158569024580480     
        4258   7.9751301787809421        9.6050154327431034        9.3159489518876519     
        4259   7.9752861967605524        9.6052445368339203        9.3161590601642885     
        4260   7.9753658816842581        9.6053615507089791        9.3162665399333839     
        4261   7.9756565310236525        9.6057883613754882        9.3166576626961124     
        4262   7.9756653833924958        9.6058013609532242        9.3166699086463680     
        4263   7.9758145195576846        9.6060203663067654        9.3168707681156491     
        4264   7.9761663895634305        9.6065370924063576        9.3173442101119441     
        4265   7.9766144865867190        9.6071951447086477        9.3179470401094555     
        4266   7.9768996077692478        9.6076138680687322        9.3183307468130216     
        4267   7.9772627846508026        9.6081472326490847        9.3188194096393566     
        4268   7.9787064766634508        9.6102675632431183        9.3207609676653576     
        4269   7.9795168050540326        9.6114577602016222        9.3218509360987021     
        4270   7.9809104497329448        9.6135048550278679        9.3237253438373848     
        4271   7.9820461268102676        9.6151731507310370        9.3252529237662749     
        4272   7.9835843526028372        9.6174329630900690        9.3273219386190576     
        4273   7.9843128366741176        9.6185032526161152        9.3283020172030113     
        4274   7.9848645123816793        9.6193138056072716        9.3290443236074303     
        4275   7.9852358072515504        9.6198593477180019        9.3295440394292086     
        4276   7.9854765157375729        9.6202130261225971        9.3298681270973844     
        4277   7.9858794153853072        9.6208050268539669        9.3304103614079033     
        4278   7.9867202901662102        9.6220406116547110        9.3315416855459752     
        4279   7.9883135882413168        9.6243819777766593        9.3336851118280926     
        4280   7.9883340338890232        9.6244120242683540        9.3337129578047318     
        4281   7.9885366667499671        9.6247098111900602        9.3339858644203630     
        4282   7.9899974413663273        9.6268566537255413        9.3359511574336551     
        4283   7.9901415430837233        9.6270684442966701        9.3361453446681715     
        4284   7.9906268531843727        9.6277817321528438        9.3367985252317141     
        4285   7.9911608124462479        9.6285665459623750        9.3375171609778853     
        4286   7.9915177802537620        9.6290912313123851        9.3379977122395026     
        4287   7.9923093774348501        9.6302547913292429        9.3390629643917400     
        4288   7.9973536338798592        9.6376705608799345        9.3458498499791141     
        4289   7.9998745606670205        9.6413775039193066        9.3492422915258864     
        4290   8.0002551663119643        9.6419372202327782        9.3497547959032090     
        4291   8.0003960831095089        9.6421444547846757        9.3499447665150122     
        4292   8.0020822676433241        9.6446243186624852        9.3522142052520358     
        4293   8.0024111446234034        9.6451080252014378        9.3526571347762442     
        4294   8.0025978658854751        9.6453826557494615        9.3529087613858621     
        4295   8.0029273019528571        9.6458671992900680        9.3533524512221469     
        4296   8.0033315735079835        9.6464618257382266        9.3538968591477278     
        4297   8.0049877436902293        9.6488979661891427        9.3561261323730882     
        4298   8.0060772570950025        9.6505007133680412        9.3575928499697625     
        4299   8.0063638628733216        9.6509223467314698        9.3579789463913947     
        4300   8.0069566305895261        9.6517944056066369        9.3587771269261424     
        4301   8.0070259940107888        9.6518964526040349        9.3588708332606956     
        4302   8.0077838460015656        9.6530114264784679        9.3598912349969510     
        4303   8.0082947237472535        9.6537630727259351        9.3605792286319200     
        4304   8.0089562340989016        9.6547363758921136        9.3614699936970283     
        4305   8.0096697388059521        9.6557862226391400        9.3624307680504479     
        4306   8.0101808555531271        9.6565383040024759        9.3631191282480621     
        4307   8.0114009682941969        9.6583337270889906        9.3647619171806085     
        4308   8.0127043752664484        9.6602518619495008        9.3665169082559956     
        4309   8.0141351855845340        9.6623576570615093        9.3684435004629023     
        4310   8.0143748208737158        9.6627103576447126        9.3687664678289622     
        4311   8.0152941235372079        9.6640634540459747        9.3700044969652474     
        4312   8.0163604664880275        9.6656330667648938        9.3714405397803411     
        4313   8.0164409855391430        9.6657515914794843        9.3715492969104730     
        4314   8.0167380323604309        9.6661888517375445        9.3719495898262295     
        4315   8.0182516632344001        9.6684170725527760        9.3739879668628809     
        4316   8.0191914183502409        9.6698005889770844        9.3752537015380533     
        4317   8.0210839040730519        9.6725869568330634        9.3778024206504185     
        4318   8.0218231235456887        9.6736754178882389        9.3787982262774747     
        4319   8.0226469238780407        9.6748884755624456        9.3799079614251717     
        4320   8.0229053802091013        9.6752690683063616        9.3802563703309616     
        4321   8.0240672136055409        9.6769800105600847        9.3818213926234009     
        4322   8.0244048096876757        9.6774771841759648        9.3822764017516391     
        4323   8.0249109041572435        9.6782225218251146        9.3829583484879642     
        4324   8.0251441526696947        9.6785660400699598        9.3832728346226446     
        4325   8.0266699264501877        9.6808132496394936        9.3853281579466632     
        4326   8.0267088260208403        9.6808705448412109        9.3853808977550308     
        4327   8.0268303002274681        9.6810494651207009        9.3855448560283072     
        4328   8.0271653194511909        9.6815429241099231        9.3859964378707410     
        4329   8.0293078527455624        9.6846989504200849        9.3888826708908155     
        4330   8.0295683839206120        9.6850827491035254        9.3892339549721555     
        4331   8.0301761316443496        9.6859780689953485        9.3900529541825577     
        4332   8.0302338181499930        9.6860630530875973        9.3901310073340163     
        4333   8.0308947736593090        9.6870367971677407        9.3910217001261493     
        4334   8.0312446348377868        9.6875522409356929        9.3914933388891484     
        4335   8.0317161319640267        9.6882469054260767        9.3921288402676382     
        4336   8.0318500444029404        9.6884442043499917        9.3923095828493679     
        4337   8.0325790104797665        9.6895182485592457        9.3932919458358484     
        4338   8.0332572130379738        9.6905175402400232        9.3942059457025806     
        4339   8.0334566139855674        9.6908113534364091        9.3944749235147711     
        4340   8.0351665340089689        9.6933310272094602        9.3967789307443361     
        4341   8.0354617026239872        9.6937660022717154        9.3971769525755917     
        4342   8.0362065976893735        9.6948637501129795        9.3981808994987723     
        4343   8.0362679867985420        9.6949542210621047        9.3982639577636711     
        4344   8.0372020751385556        9.6963308551182017        9.3995228445558894     
        4345   8.0378351358208331        9.6972638858772626        9.4003761662773826     
        4346   8.0378381342935512        9.6972683052320079        9.4003805538671266     
        4347   8.0378650291144620        9.6973079446986059        9.4004171393284857     
        4348   8.0379247032172589        9.6973958967860590        9.4004978916201019     
        4349   8.0388690034723211        9.6987877172365504        9.4017706104016270     
        4350   8.0389254395483221        9.6988709017973385        9.4018470024652210     
        4351   8.0400939000639102        9.7005932289248591        9.4034218202640751     
        4352   8.0407143053583177        9.7015077632269442        9.4042581736905717     
        4353   8.0411176249084662        9.7021023111769757        9.4048020103084937     
        4354   8.0412791359908642        9.7023404044755353        9.4050200026278468     
        4355   8.0415456131956145        9.7027332396688539        9.4053794449728336     
        4356   8.0418907058969360        9.7032419773772514        9.4058448315318621     
        4357   8.0421102199044796        9.7035655916171546        9.4061409940689806     
        4358   8.0425562739672536        9.7042231910153625        9.4067424465899592     
        4359   8.0430170727846537        9.7049025461718781        9.4073637789537123     
        4360   8.0447819662015920        9.7075046972411165        9.4097426348187483     
        4361   8.0451569340227369        9.7080575830293192        9.4102483372146537     
        4362   8.0452368331973538        9.7081753950340062        9.4103563682777001     
        4363   8.0453867201976745        9.7083964061737529        9.4105587254208913     
        4364   8.0456985762490643        9.7088562499210624        9.4109793786813754     
        4365   8.0458074094153513        9.7090167306034090        9.4111264080394577     
        4366   8.0458668577036185        9.7091043909144883        9.4112068784676808     
        4367   8.0459607714468326        9.7092428733740999        9.4113338006753189     
        4368   8.0461451842574601        9.7095148053443268        9.4115826961609947     
        4369   8.0461980162328075        9.7095927110148672        9.4116542501759426     
        4370   8.0465852195707281        9.7101636858261049        9.4121764684129481     
        4371   8.0467024490291763        9.7103365564011934        9.4123348189024725     
        4372   8.0468077121189872        9.7104917819777654        9.4124770416050829     
        4373   8.0468776440824570        9.7105949072561444        9.4125716449258441     
        4374   8.0476897626445094        9.7117925303086707        9.4136665950265659     
        4375   8.0485898996257834        9.7131200202758006        9.4148802153105393     
        4376   8.0488132991510408        9.7134494928589756        9.4151816838900508     
        4377   8.0491100926262238        9.7138872145293469        9.4155820838665463     
        4378   8.0491791231899406        9.7139890243811049        9.4156754797847739     
        4379   8.0493827032154037        9.7142892771642799        9.4159502391547001     
        4380   8.0497391169916792        9.7148149475770289        9.4164310120934580     
        4381   8.0503300703317660        9.7156865619427624        9.4172279435977515     
        4382   8.0518487832119199        9.7179266953992496        9.4192755352679427     
        4383   8.0525679665219716        9.7189875759529389        9.4202453887967614     
        4384   8.0526472717546191        9.7191045633189308        9.4203526471268830     
        4385   8.0530206200180050        9.7196553165514210        9.4208563037215427     
        4386   8.0532216349509724        9.7199518533537859        9.4211276416216698     
        4387   8.0541165338384584        9.7212720489799729        9.4223344318579194     
        4388   8.0543707228565822        9.7216470529187937        9.4226774674147826     
        4389   8.0569816358721429        9.7254992470526815        9.4261979148310715     
        4390   8.0576468631655640        9.7264808318147313        9.4270951902934144     
        4391   8.0579110790525430        9.7268707096880700        9.4274517872607966     
        4392   8.0590748242479400        9.7285880084799690        9.4290212789012067     
        4393   8.0590830866353276        9.7286002014228394        9.4290327684617132     
        4394   8.0593837027361062        9.7290438296608563        9.4294384650767711     
        4395   8.0605929800774341        9.7308284762026531        9.4310694343903627     
        4396   8.0630483170521057        9.7344524444313318        9.4343808315646100     
        4397   8.0638200011872314        9.7355915244170532        9.4354218627153443     
        4398   8.0642446876110707        9.7362184245564158        9.4359949495495030     
        4399   8.0650605324448357        9.7374227766232107        9.4370955814545781     
        4400   8.0682559303701353        9.7421403892841170        9.4414056772731385     
        4401   8.0692132570342885        9.7435539378749016        9.4426972993585743     
        4402   8.0693078065857904        9.7436935501326456        9.4428251824171276     
        4403   8.0693599979228861        9.7437706164102469        9.4428959305084561     
        4404   8.0718311797651943        9.7474198614757359        9.4462297027292514     
        4405   8.0718787196412141        9.7474900698112794        9.4462941823674029     
        4406   8.0719427940207353        9.7475846971167019        9.4463809668406462     
        4407   8.0728486131049610        9.7489224810389317        9.4476032681993445     
        4408   8.0729759131311170        9.7491104933343422        9.4477753487648535     
        4409   8.0730467932625469        9.7492151784206165        9.4478713177495734     
        4410   8.0732826165092177        9.7495634763157160        9.4481898017643644     
        4411   8.0748311990160087        9.7518507676100921        9.4502793120478756     
        4412   8.0748867842399878        9.7519328721304603        9.4503546526129867     
        4413   8.0755532030666242        9.7529172554124948        9.4512540901679643     
        4414   8.0755597971923674        9.7529269959479414        9.4512633362813041     
        4415   8.0762867102285885        9.7540007813004284        9.4522444124068450     
        4416   8.0763839768716004        9.7541444656677765        9.4523759928309197     
        4417   8.0801832033120515        9.7597574104835410        9.4575025470289589     
        4418   8.0815178976626942        9.7617295757230931        9.4593039270188086     
        4419   8.0817768506524530        9.7621122267304443        9.4596537165167796     
        4420   8.0820725760465262        9.7625492229399935        9.4600531317098842     
        4421   8.0829118835027636        9.7637895171057281        9.4611861031985676     
        4422   8.0832705009903272        9.7643194860968467        9.4616704073301072     
        4423   8.0838526135545585        9.7651797625670405        9.4624563306618974     
        4424   8.0859842732686928        9.7683302937764989        9.4653335351379511     
        4425   8.0861798741891366        9.7686194061501208        9.4655978758976005     
        4426   8.0870181504162915        9.7698584771964718        9.4667296160349075     
        4427   8.0882115934658430        9.7716226326190405        9.4683407678632747     
        4428   8.0898389660929730        9.7740284262499699        9.4705377053483950     
        4429   8.0941158189502076        9.7803521296977003        9.4763114322511548     
        4430   8.0944526078240120        9.7808501696423864        9.4767664545533030     
        4431   8.0945441834693863        9.7809855924865836        9.4768904351345853     
        4432   8.0951611124970331        9.7818979315042025        9.4777236684606407     
        4433   8.0965457506998586        9.7839457104074032        9.4795934089422822     
        4434   8.0996130864567579        9.7884826737035180        9.4837352642741237     
        4435   8.1006139843047507        9.7899633017533834        9.4850871182397896     
        4436   8.1019652201850150        9.7919623239194227        9.4869121042807087     
        4437   8.1029585179489008        9.7934319133735617        9.4882538045090072     
        4438   8.1033687855381107        9.7940389317176706        9.4888081943925968     
        4439   8.1047358352684054        9.7960616796296254        9.4906547103554324     
        4440   8.1090158206056433        9.8023955958292461        9.4964356310871203     
        4441   8.1093446790625201        9.8028823372340792        9.4968801757862948     
        4442   8.1097591541982013        9.8034958128642238        9.4974403711538677     
        4443   8.1102604725230432        9.8042378475160472        9.4981178788699552     
        4444   8.1107289036829844        9.8049312235893709        9.4987509748198669     
        4445   8.1119681577004954        9.8067656714240847        9.5004253268837822     
        4446   8.1133297294783553        9.8087813394815413        9.5022649897654858     
        4447   8.1136269325797592        9.8092213399506214        9.5026668368532938     
        4448   8.1137284574479480        9.8093716463128722        9.5028043408322134     
        4449   8.1151999462250632        9.8115502694549388        9.5047926120062947     
        4450   8.1155556824041284        9.8120769856753913        9.5052735636674122     
        4451   8.1160566319426053        9.8128187290150422        9.5059507086272532     
        4452   8.1164843674023572        9.8134520835342105        9.5065289491529867     
        4453   8.1166864495602145        9.8137513152959386        9.5068023256102840     
        4454   8.1172034958994690        9.8145169444029090        9.5075012451353587     
        4455   8.1176593180109560        9.8151919336737983        9.5081174565898827     
        4456   8.1177349820549036        9.8153039800631561        9.5082200390146241     
        4457   8.1188002947658457        9.8168815917042860        9.5096597721733112     
        4458   8.1189145306558110        9.8170507684767490        9.5098144755688274     
        4459   8.1213598497259678        9.8206724197242909        9.5131189959912916     
        4460   8.1239188105236142        9.8244629424622314        9.5165773694780249     
        4461   8.1256705089005248        9.8270580195654560        9.5189450342487945     
        4462   8.1270451131930947        9.8290946342203416        9.5208031796646395     
        4463   8.1274136300942548        9.8296406573147763        9.5213016019150380     
        4464   8.1274316140227416        9.8296673039969811        9.5213262609658962     
        4465   8.1277298491104855        9.8301092013322044        9.5217296986251441     
        4466   8.1284716472859220        9.8312083635493561        9.5227326598866604     
        4467   8.1289452057556808        9.8319100858547106        9.5233730839101689     
        4468   8.1293597097975834        9.8325243170550412        9.5239336973573359     
        4469   8.1294159450381809        9.8326076501899280        9.5240100606292160     
        4470   8.1311496550788185        9.8351769138043359        9.5263538582505447     
        4471   8.1311643765820456        9.8351987313988829        9.5263741107126201     
        4472   8.1319154065667512        9.8363117997701366        9.5273896699870235     
        4473   8.1334641973487329        9.8386073506733229        9.5294836869979918     
        4474   8.1344432633488104        9.8400585888208791        9.5308076045076007     
        4475   8.1373754371799034        9.8444053601170065        9.5347721257521272     
        4476   8.1376127690527262        9.8447572234042848        9.5350933586129543     
        4477   8.1378581937865206        9.8451210902071136        9.5354255360294076     
        4478   8.1379469059444105        9.8452526161889722        9.5355458324285145     
        4479   8.1381486840429318        9.8455517780147996        9.5358190007895338     
        4480   8.1386129010004744        9.8462400525909999        9.5364470080968680     
        4481   8.1393918836606591        9.8473950593557902        9.5375006233445134     
        4482   8.1397069363735568        9.8478622068792614        9.5379269673004679     
        4483   8.1407385444068208        9.8493918949744348        9.5393222157828461     
        4484   8.1409386736491403        9.8496886612778116        9.5395931809536343     
        4485   8.1412474392808338        9.8501465284891978        9.5400110462625456     
        4486   8.1431634197082232        9.8529879150073985        9.5426022811158404     
        4487   8.1432960271700985        9.8531845829607896        9.5427819592608323     
        4488   8.1433387927691658        9.8532480082498086        9.5428401447967062     
        4489   8.1434116745171394        9.8533560989088169        9.5429390566029682     
        4490   8.1440637279995904        9.8543231778850657        9.5438211949701781     
        4491   8.1442405242674116        9.8545853958809140        9.5440606371077870     
        4492   8.1443272239893716        9.8547139868591547        9.5441782387193577     
        4493   8.1451322252497302        9.8559079772827225        9.5452672486045067     
        4494   8.1460136404478654        9.8572153714547426        9.5464596327193973     
        4495   8.1478846479917166        9.8599908444856599        9.5489904664067744     
        4496   8.1481360381463031        9.8603637828700759        9.5493308301206952     
        4497   8.1489163307077668        9.8615213857030835        9.5503865628690150     
        4498   8.1497533691538866        9.8627632334725774        9.5515190783825510     
        4499   8.1498119319901043        9.8628501208319079        9.5515986445225920     
        4500   8.1503117754217431        9.8635917310116206        9.5522750937285537     
        4501   8.1503766820656462        9.8636880336365564        9.5523632422390712     
        4502   8.1517776702777383        9.8657667840296810        9.5542586587118841     
        4503   8.1519432129018750        9.8660124233505293        9.5544829419458068     
        4504   8.1525083262562958        9.8668509812226723        9.5552477332033838     
        4505   8.1549725924305889        9.8705079742573592        9.5585817101033044     
        4506   8.1551273999251706        9.8707377278227764        9.5587914951169708     
        4507   8.1567449924949695        9.8731385625803174        9.5609802699557846     
        4508   8.1573864128301423        9.8740906240159703        9.5618484275321229     
        4509   8.1575948286795725        9.8743999838662191        9.5621307602153429     
        4510   8.1576976309127289        9.8745525786778572        9.5622702026896924     
        4511   8.1579543116949669        9.8749335876542315        9.5626178399114323     
        4512   8.1581891121347550        9.8752821232156496        9.5629358762722134     
        4513   8.1582244824639503        9.8753346270203011        9.5629840865676243     
        4514   8.1583744572950643        9.8755572512577174        9.5631873566105909     
        4515   8.1594315949247012        9.8771265338587497        9.5646180452650178     
        4516   8.1595458145757522        9.8772960946989929        9.5647729450361396     
        4517   8.1596513638086172        9.8774527851916183        9.5649161138217202     
        4518   8.1614170621224282        9.8800741544182813        9.5673056372927050     
        4519   8.1619260261923117        9.8808298174072515        9.5679946989143652     
        4520   8.1626532676504269        9.8819095982015170        9.5689791444888819     
        4521   8.1643663424746844        9.8844532916722692        9.5712977004643172     
        4522   8.1648802926406905        9.8852164913472276        9.5719935798263158     
        4523   8.1653325547687050        9.8858881055173597        9.5726059874786174     
        4524   8.1665055759106178        9.8876301387388654        9.5741938529613080     
        4525   8.1668839416907435        9.8881920690469940        9.5747062837041135     
        4526   8.1686804515740832        9.8908603298290032        9.5771381048505120     
        4527   8.1691137169518129        9.8915038785245688        9.5777248806005773     
        4528   8.1691268968183639        9.8915234554371381        9.5777430746899732     
        4529   8.1705023932610263        9.8935666540108524        9.5796052101957940     
        4530   8.1713069393372724        9.8947618253075191        9.5806945862120649     
        4531   8.1718305817982682        9.8955397386612756        9.5814037517867661     
        4532   8.1724512601943893        9.8964618381192953        9.5822442832297412     
        4533   8.1726064743498767        9.8966924344943799        9.5824547457085423     
        4534   8.1733960831136603        9.8978655622286187        9.5835239800219369     
        4535   8.1737175286128902        9.8983431520139948        9.5839594786233810     
        4536   8.1745310749958691        9.8995519247235038        9.5850611594604302     
        4537   8.1746486387055945        9.8997266065105265        9.5852206674499527     
        4538   8.1761596867974387        9.9019719027587474        9.5872666701990745     
        4539   8.1775652638010001        9.9040606584784303        9.5891699823650818     
        4540   8.1776023181552731        9.9041157254102679        9.5892205056959767     
        4541   8.1788033444610519        9.9059006510653465        9.5908469595808654     
        4542   8.1790660609751331        9.9062911086650711        9.5912030224040592     
        4543   8.1836122429749238        9.9130487542634960        9.5973592264917365     
        4544   8.1839437126026837        9.9135415368036650        9.5978084531589509     
        4545   8.1849845763684090        9.9150890101694831        9.5992183629178207     
        4546   8.1862652616494582        9.9169931625116963        9.6009531119465983     
        4547   8.1865303384033687        9.9173873028450377        9.6013124629731443     
        4548   8.1875964552722209        9.9189725655548919        9.6027567000579630     
        4549   8.1877436134031036        9.9191913902650626        9.6029563620470348     
        4550   8.1885230032255674        9.9203503778843594        9.6040123131494965     
        4551   8.1891166812719582        9.9212332398167398        9.6048167577967973     
        4552   8.1892770441691844        9.9214717217235417        9.6050343153485116     
        4553   8.1894088261864759        9.9216677015941546        9.6052131628399628     
        4554   8.1910934033022489        9.9241730589173613        9.6074952534541112     
        4555   8.1915494269178168        9.9248513151055633        9.6081133097075089     
        4556   8.1917631201085186        9.9251691530672570        9.6084031243385830     
        4557   8.1922128564259715        9.9258380845153464        9.6090126782346275     
        4558   8.1936278973997254        9.9279429132406563        9.6109298622834309     
        4559   8.1963708677964888        9.9320234997806462        9.6146461373973402     
        4560   8.1970520766684523        9.9330370050589494        9.6155693862010487     
        4561   8.1977182503959227        9.9340281807282960        9.6164722865485608     
        4562   8.1992953874363241        9.9363749022478647        9.6186094580237054     
        4563   8.1998655450852187        9.9372233299338291        9.6193823325656567     
        4564   8.2000129522490965        9.9374426850368440        9.6195824167838069     
        4565   8.2002302266676566        9.9377660124010117        9.6198771685227662     
        4566   8.2013250337579411        9.9393952650155466        9.6213609618772580     
        4567   8.2014347332994237        9.9395585217883120        9.6215099621252449     
        4568   8.2016075125981232        9.9398156571189578        9.6217444367912037     
        4569   8.2033862651048839        9.9424630036877275        9.6241551017284124     
        4570   8.2038394205250000        9.9431374871509774        9.6247695330460026     
        4571   8.2044655833035769        9.9440695073599663        9.6256184236519360     
        4572   8.2050522164570978        9.9449427207060541        9.6264137629925095     
        4573   8.2052106325866383        9.9451785310178469        9.6266288022770823     
        4574   8.2063658060390168        9.9468981315791947        9.6281946604718094     
        4575   8.2076379736534797        9.9487920274648953        9.6299191421371049     
        4576   8.2085739206491652        9.9501854780529495        9.6311880039422739     
        4577   8.2092489107853694        9.9511904607339883        9.6321032119886496     
        4578   8.2100777670354113        9.9524245876277480        9.6332269921655573     
        4579   8.2107457004228852        9.9534191524879283        9.6341326825908276     
        4580   8.2123900913653980        9.9558678488814536        9.6363619755431280     
        4581   8.2148579407032738        9.9595432242538493        9.6397076844878846     
        4582   8.2149456305556328        9.9596738309537347        9.6398269175652445     
        4583   8.2157451321422403        9.9608646531603515        9.6409111226984940     
        4584   8.2165352920688690        9.9620416171127975        9.6419826930823227     
        4585   8.2168830391832159        9.9625596131273824        9.6424544977664901     
        4586   8.2173437816744777        9.9632459409586946        9.6430795009362704     
        4587   8.2183833782680242        9.9647946063915125        9.6444893138820085     
        4588   8.2186332774888786        9.9651668903681170        9.6448284855447994     
        4589   8.2194472399859109        9.9663795184013626        9.6459324350148812     
        4590   8.2199218523950535        9.9670866153645896        9.6465762991433053     
        4591   8.2206479075844108        9.9681683607582539        9.6475611037921745     
        4592   8.2213427885989177        9.9692037037678851        9.6485036629255383     
        4593   8.2230994393526462        9.9718212295262489        9.6508859940517624     
        4594   8.2253480835540103        9.9751722580391977        9.6539356654411357     
        4595   8.2257835483678274        9.9758212587808810        9.6545265707373957     
        4596   8.2258947886935321        9.9759870499724670        9.6546777869468734     
        4597   8.2273778823630721        9.9781975392993463        9.6566894871086788     
        4598   8.2298697991979282        9.9819120776718329        9.6600695637130300     
        4599   8.2310403161969870        9.9836570817711081        9.6616575621896921     
        4600   8.2313265762228927        9.9840838561082457        9.6620462016722684     
        4601   8.2318659788926318        9.9848880511180909        9.6627782121265575     
        4602   8.2337482568999523        9.9876945405553421        9.6653318195825833     
        4603   8.2340329848901117        9.9881190993790430        9.6657184171042054     
        4604   8.2344126486671403        9.9886852284775181        9.6662338026106163     
        4605   8.2345270056254467        9.9888557523975354        9.6663892919177812     
        4606   8.2353554748275339        9.9900911629097084        9.6675135247151012     
        4607   8.2373809013123420        9.9931117292281400        9.6702616447636593     
        4608   8.2375570067416923        9.9933743766573002        9.6705009234287687     
        4609   8.2384480233146249        9.9947033002598626        9.6717101332060125     
        4610   8.2390582829610590        9.9956135243699382        9.6725384588039667     
        4611   8.2401556495896102        9.9972503693631900        9.6740277078050951     
        4612   8.2410569030988654        9.9985947698743711        9.6752509156529207     
        4613   8.2414404525912133        9.9991669328607031        9.6757716982699300     
        4614   8.2417428035504603        9.9996179765237123        9.6761823106405060     
        4615   8.2432287513093261        10.001834814480356        9.6781989799483377     
        4616   8.2432779001886907        10.001908141480788        9.6782660322127256     
        4617   8.2437865353839896        10.002667005455516        9.6789565929882535     
        4618   8.2445433314793721        10.003796158500082        9.6799839223217390     
        4619   8.2446952409221979        10.004022816198512        9.6801904257175764     
        4620   8.2448721867910724        10.004286832287454        9.6804309053585307     
        4621   8.2457338007399663        10.005572462727807        9.6816005179619360     
        4622   8.2458812585539416        10.005792493941808        9.6818009886579759     
        4623   8.2470431318652349        10.007526266999943        9.6833781310112883     
        4624   8.2488295862453977        10.010192288333920        9.6858030175293699     
        4625   8.2489928692736960        10.010435978503443        9.6860249880052613     
        4626   8.2500145931267603        10.011960894281664        9.6874120780265116     
        4627   8.2504677661389820        10.012637281643597        9.6880275205646598     
        4628   8.2528132160138057        10.016138295954251        9.6912114655887045     
        4629   8.2553629098227699        10.019944738080813        9.6946729311338267     
        4630   8.2572434514084279        10.022752573153305        9.6972262441029180     
        4631   8.2573015182861980        10.022839277779353        9.6973054364559239     
        4632   8.2578489838412423        10.023656760248690        9.6980490479592341     
        4633   8.2581580922276103        10.024118336596038        9.6984690667738427     
        4634   8.2596327362473509        10.026320467281142        9.7004715268200314     
        4635   8.2610211575654073        10.028394016297202        9.7023570164787927     
        4636   8.2611048015028157        10.028518940502940        9.7024709474504220     
        4637   8.2616743035752762        10.029369521959534        9.7032445777156475     
        4638   8.2621843035207565        10.030131258406259        9.7039374288830622     
        4639   8.2646263555508437        10.033779031527903        9.7072538364307661     
        4640   8.2653935429306458        10.034925114329777        9.7082960134410818     
        4641   8.2661566829270594        10.036065202970379        9.7093327215058096     
        4642   8.2662026952791017        10.036133944522934        9.7093955681771931     
        4643   8.2667034433150111        10.036882064500862        9.7100759627592907     
        4644   8.2686498343425114        10.039790194720116        9.7127197032916932     
        4645   8.2707564359940537        10.042938079136139        9.7155812238653283     
        4646   8.2724476148566328        10.045465486195527        9.7178786723374451     
        4647   8.2750645281042985        10.049376874244235        9.7214337863646563     
        4648   8.2753389415885348        10.049787063767686        9.7218069229887369     
        4649   8.2773950715864597        10.052860752927485        9.7246005328671679     
        4650   8.2784839612257617        10.054488676754076        9.7260802286155545     
        4651   8.2791595671695291        10.055498781913615        9.7269984768467097     
        4652   8.2825005874596176        10.060494574587040        9.7315383031875555     
        4653   8.2828578123301835        10.061028788279073        9.7320240594152914     
        4654   8.2836287018025043        10.062181657636112        9.7330719202468607     
        4655   8.2842506482478662        10.063111820644702        9.7339174147622813     
        4656   8.2852575213735697        10.064617740928441        9.7352860056257811     
        4657   8.2861224392077322        10.065911419554348        9.7364617328004499     
        4658   8.2864520314478334        10.066404416294658        9.7369099977053608     
        4659   8.2864927844601119        10.066465374419153        9.7369657418362401     
        4660   8.2872533053115660        10.067602984462443        9.7379996425840787     
        4661   8.2874327946123962        10.067871477526383        9.7382439324108567     
        4662   8.2891518471564485        10.070443106589552        9.7405805800906791     
        4663   8.2900857009340161        10.071840222781621        9.7418501579642864     
        4664   8.2904273079337223        10.072351312308550        9.7423148139436009     
        4665   8.2912227983433144        10.073541512308624        9.7433963847838037     
        4666   8.2916453443697939        10.074173741944039        9.7439710719845891     
        4667   8.2928977656946934        10.076047756888260        9.7456737752759857     
        4668   8.2945560747688702        10.078529323317259        9.7479282900079696     
        4669   8.2979407417515656        10.083595052022142        9.7525298545152950     
        4670   8.2981196487245228        10.083862845242141        9.7527734427713177     
        4671   8.2983215795812733        10.084165104734744        9.7530483339979064     
        4672   8.2989691132642402        10.085134387899625        9.7539290428333132     
        4673   8.2993992545054347        10.085778280451308        9.7545142094227586     
        4674   8.3007043250579606        10.087731984921321        9.7562889497615224     
        4675   8.3021259056898540        10.089860279963654        9.7582221880160631     
        4676   8.3039580173705598        10.092603461772518        9.7607137506583150     
        4677   8.3057714711236788        10.095319003915421        9.7631800976420138     
        4678   8.3058509459079684        10.095438019556729        9.7632885363142705     
        4679   8.3068872611894200        10.096989981614424        9.7646981820505943     
        4680   8.3076187438919007        10.098085491380690        9.7656933169578970     
        4681   8.3079773028664619        10.098622507064851        9.7661813076068746     
        4682   8.3080591947196538        10.098745158547313        9.7662930417476730     
        4683   8.3081446467618782        10.098873142855730        9.7664096179940714     
        4684   8.3084511082169907        10.099332145552792        9.7668267650716665     
        4685   8.3094262992107879        10.100792794108795        9.7681534051597652     
        4686   8.3116206513030733        10.104079823614741        9.7711382878976778     
        4687   8.3121762617247033        10.104912168765038        9.7718943680096721     
        4688   8.3124394921070444        10.105306516853249        9.7722527708602271     
        4689   8.3130869422976517        10.106276494974713        9.7731337935251226     
        4690   8.3142586793458388        10.108032029644408        9.7747279987928977     
        4691   8.3146068118780398        10.108553636915872        9.7752019180403522     
        4692   8.3162388425459319        10.110999054971886        9.7774223657092847     
        4693   8.3166696910497819        10.111644673873833        9.7780088420874307     
        4694   8.3184115236125056        10.114254949289311        9.7803788277340047     
        4695   8.3187474901151255        10.114758453320974        9.7808362631101389     
        4696   8.3198959228420701        10.116479655382408        9.7823990720300671     
        4697   8.3217511072186667        10.119260344764008        9.7849235480338415     
        4698   8.3220952895158256        10.119776265000835        9.7853922146354435     
        4699   8.3246960514442634        10.123675083149463        9.7889314149274789     
        4700   8.3254148333289812        10.124752720730694        9.7899098757195517     
        4701   8.3254652664220821        10.124828334559021        9.7899788687878342     
        4702   8.3259278108903914        10.125521833487246        9.7906086634046652     
        4703   8.3286143326524531        10.129550150851262        9.7942650425884956     
        4704   8.3338150607366845        10.137350251419011        9.8013438944545364     
        4705   8.3347272205157541        10.138718568065702        9.8025858908618737     
        4706   8.3360288745613769        10.140671288678634        9.8043581340357200     
        4707   8.3369259506540008        10.142017156693793        9.8055796910554633     
        4708   8.3370787982265639        10.142246478533549        9.8057881316336619     
        4709   8.3372732358353794        10.142538202203623        9.8060531914442990     
        4710   8.3380130867864821        10.143648265669002        9.8070607578193965     
        4711   8.3394831779233645        10.145854119006238        9.8090625177122561     
        4712   8.3396167799437659        10.146054596812567        9.8092447748417548     
        4713   8.3407361153056101        10.147734289496917        9.8107690875274649     
        4714   8.3413430385336866        10.148645095462502        9.8115957882510152     
        4715   8.3426574793586799        10.150617782506858        9.8133858442400879     
        4716   8.3432162047754730        10.151456353816361        9.8141469724949566     
        4717   8.3434999680223516        10.151882254855087        9.8145337167148412     
        4718   8.3442008559270775        10.152934250535838        9.8154884439676344     
        4719   8.3455751820230599        10.154997169840936        9.8173602228566565     
        4720   8.3456266994067274        10.155074502837023        9.8174307410950910     
        4721   8.3464844684120685        10.156362139228873        9.8185991734590310     
        4722   8.3471733928327456        10.157396363296751        9.8195377066628922     
        4723   8.3476801575309878        10.158157153664943        9.8202281915025971     
        4724   8.3501281465455577        10.161832570907592        9.8235624314504300     
        4725   8.3513583663691193        10.163679830261687        9.8252383181854306     
        4726   8.3518293333233764        10.164387055543134        9.8258801450394593     
        4727   8.3522576444283683        10.165030244243091        9.8264638832903586     
        4728   8.3527634332258245        10.165789801401848        9.8271531594992965     
        4729   8.3538462768480404        10.167416015495732        9.8286284541566040     
        4730   8.3548397766637237        10.168908146155445        9.8299821028830898     
        4731   8.3573568751346237        10.172688958035881        9.8334113078137442     
        4732   8.3574849604767731        10.172881364122823        9.8335861622269043     
        4733   8.3595278172723013        10.175950284531798        9.8363695761106804     
        4734   8.3620935557371148        10.179805247644394        9.8398656042146442     
        4735   8.3623111578917655        10.180132217230268        9.8401624545074426     
        4736   8.3624671938312733        10.180366679887507        9.8403754219724391     
        4737   8.3635270341701649        10.181959274921907        9.8418198643920611     
        4738   8.3646091162028018        10.183585396659101        9.8432946662164547     
        4739   8.3649180259805025        10.184049636791121        9.8437159606018838     
        4740   8.3662319161286653        10.186024291959232        9.8455067146353663     
        4741   8.3685123806744475        10.189451989230012        9.8486147737332637     
        4742   8.3702899747421178        10.192124163077089        9.8510377170324084     
        4743   8.3712302574420594        10.193537761497968        9.8523195986489895     
        4744   8.3716714459019066        10.194201061180598        9.8529212772595507     
        4745   8.3733113514853397        10.196666712538274        9.8551568100750693     
        4746   8.3746701508230590        10.198709895756272        9.8570092947201324     
        4747   8.3753716295213092        10.199764752255373        9.8579658493935227     
        4748   8.3754471642113941        10.199878341051386        9.8580691796076252     
        4749   8.3798404066466521        10.206485771361852        9.8640585251432391     
        4750   8.3800950362930777        10.206868787530674        9.8644060378801193     
        4751   8.3803309873781195        10.207223712480307        9.8647280882275972     
        4752   8.3812722060824338        10.208639573027728        9.8660116876176822     
        4753   8.3813185149981422        10.208709236873668        9.8660751926578776     
        4754   8.3834616040508578        10.211933360317412        9.8689975482458330     
        4755   8.3850188109360477        10.214276327007186        9.8711212193790523     
        4756   8.3865870443443526        10.216636106093933        9.8732600401251780     
        4757   8.3868934375040247        10.217097173278621        9.8736782211490279     
        4758   8.3905426968736503        10.222589313135542        9.8786552389935629     
        4759   8.3909282634618751        10.223169661806956        9.8791814570673573     
        4760   8.3911900838526297        10.223563757358475        9.8795389095230597     
        4761   8.3933094943699533        10.226754151104389        9.8824299575660000     
        4762   8.3945172875621541        10.228572450032253        9.8840777379565417     
        4763   8.3948343848561215        10.229049853073692        9.8845106337173050     
        4764   8.3970588355119595        10.232399111507460        9.8875453312533814     
        4765   8.3981334266644811        10.234017237336154        9.8890116111819246     
        4766   8.3993211760470174        10.235805879374588        9.8906323195801633     
        4767   8.4003760767041395        10.237394570678967        9.8920718497515097     
        4768   8.4012594668996670        10.238725043128753        9.8932774347014956     
        4769   8.4046755235530277        10.243870626572326        9.8979386994955902     
        4770   8.4060060044683862        10.245875007744136        9.8997545352671708     
        4771   8.4069370693246661        10.247277760702993        9.9010254094548920     
        4772   8.4072463549719298        10.247743751411804        9.9014478301555613     
        4773   8.4076369486237734        10.248332258680003        9.9019812102513782     
        4774   8.4095639006887541        10.251235799210999        9.9046112361120464     
        4775   8.4123770761038088        10.255475310913519        9.9084509774578819     
        4776   8.4124234481869085        10.255545200595130        9.9085146378739459     
        4777   8.4127592461688625        10.256051304328972        9.9089733239786923     
        4778   8.4133467598282792        10.256936810343015        9.9097755789573085     
        4779   8.4142573853975158        10.258309375597465        9.9110188747287573     
        4780   8.4170951780521186        10.262587199459244        9.9148928377615633     
        4781   8.4171749101034585        10.262707401925232        9.9150020474297378     
        4782   8.4175964980584830        10.263342989207702        9.9155779194393610     
        4783   8.4177070074954390        10.263509596243773        9.9157291451085321     
        4784   8.4183721483557914        10.264512404168716        9.9166375072232071     
        4785   8.4188429206620921        10.265222194227018        9.9172805468858414     
        4786   8.4279908579868454        10.279018670545353        9.9297711821116295     
        4787   8.4312499186455163        10.283935668086288        9.9342223020681324     
        4788   8.4318683466066240        10.284868809531362        9.9350672874401589     
        4789   8.4318996714367298        10.284916076266107        9.9351104403207913     
        4790   8.4319252330525920        10.284954646824563        9.9351457220705583     
        4791   8.4326166585546218        10.285997978550963        9.9360904265227141     
        4792   8.4357090601357321        10.290664814172734        9.9403146049534108     
        4793   8.4374528789919587        10.293296847502900        9.9426969967625247     
        4794   8.4383546969568268        10.294658115338919        9.9439292884592270     
        4795   8.4389387583317959        10.295539778447560        9.9447275318451567     
        4796   8.4391043474544940        10.295789747254270        9.9449541132060197     
        4797   8.4398350349987030        10.296892803017549        9.9459526872816610     
        4798   8.4410830078273591        10.298776872172372        9.9476579901468618     
        4799   8.4416897382279270        10.299692906581095        9.9484872790557084     
        4800   8.4418860768201327        10.299989343462192        9.9487558926408219     
        4801   8.4433466968553113        10.302194734201462        9.9507518533135375     
        4802   8.4454470913630821        10.305366461732632        9.9536220883922546     
        4803   8.4457921471322113        10.305887556085413        9.9540939448721737     
        4804   8.4494371509453536        10.311392810628801        9.9590751979286516     
        4805   8.4500908794147058        10.312380301777830        9.9599689524256121     
        4806   8.4503618901228048        10.312789689107399        9.9603396922323171     
        4807   8.4515490406067553        10.314583071299985        9.9619624853893107     
        4808   8.4517561244933059        10.314895918073995        9.9622458755725063     
        4809   8.4529906451970227        10.316761020422062        9.9639334892961351     
        4810   8.4542500735962758        10.318663896478387        9.9656552183496423     
        4811   8.4547046276044480        10.319350719754750        9.9662768823184287     
        4812   8.4547991994774758        10.319493618597148        9.9664065179849892     
        4813   8.4553426323352561        10.320314765742689        9.9671496781688340     
        4814   8.4558953104606012        10.321149910493839        9.9679054893990156     
        4815   8.4586172284009251        10.325263372504271        9.9716265779173803     
        4816   8.4609207240000295        10.328745028191515        9.9747759763340120     
        4817   8.4648413308052142        10.334672007953225        9.9801366402573990     
        4818   8.4652171018024536        10.335240153790725        9.9806508084108359     
        4819   8.4664387735886280        10.337087346030142        9.9823216309759673     
        4820   8.4664922584337265        10.337168219307026        9.9823951376929969     
        4821   8.4672850659919696        10.338367037141616        9.9834795932506637     
        4822   8.4678807169109103        10.339267768880168        9.9842944767769275     
        4823   8.4689138408107159        10.340830115716313        9.9857076132298594     
        4824   8.4698193451409516        10.342199549509010        9.9869462751665274     
        4825   8.4721628501738042        10.345744082977077        9.9901516000735811     
        4826   8.4738650417922585        10.348318949917259        9.9924800329742354     
        4827   8.4777921191899637        10.354260363364666        9.9978519232188994     
        4828   8.4778097974788800        10.354287112662183        9.9978764789178705     
        4829   8.4778910487585257        10.354410055621779        9.9979879967912417     
        4830   8.4792433329505101        10.356456313039116        9.9998382187130410     
        4831   8.4795082267081892        10.356857166165359        10.000200961971657     
        4832   8.4797232553416553        10.357182565120421        10.000495493099187     
        4833   8.4798193710493095        10.357328016658009        10.000627352930103     
        4834   8.4826262828839578        10.361576078999104        10.004467772402524     
        4835   8.4839089099049811        10.363517484501719        10.006222989673741     
        4836   8.4841522946056376        10.363885892634487        10.006556362241781     
        4837   8.4842035261503099        10.363963441823087        10.006626831370205     
        4838   8.4854251936885561        10.365812751227471        10.008298734652055     
        4839   8.4858142660366891        10.366401741454956        10.008831465987818     
        4840   8.4881525328977574        10.369941777316784        10.012031378087912     
        4841   8.4882541926080162        10.370095697134424        10.012170862736646     
        4842   8.4889010503166435        10.371075106549387        10.013056404712142     
        4843   8.4931488735596332        10.377507703375958        10.018870038050334     
        4844   8.4940505878294577        10.378873407352851        10.020104541050685     
        4845   8.4964363282835471        10.382487123836238        10.023370335827245     
        4846   8.4978201645730458        10.384583480602272        10.025264922484162     
        4847   8.4997782029551665        10.387549989500146        10.027945637240926     
        4848   8.5019676362656078        10.390867488174125        10.030943318949948     
        4849   8.5037134707151445        10.393513147320345        10.033333880265250     
        4850   8.5075155194603962        10.399275788064269        10.038540056531339     
        4851   8.5107652919293280        10.404202414877421        10.042990587470381     
        4852   8.5129574984203771        10.407526329300877        10.045993193908775     
        4853   8.5162778920567064        10.412561689639871        10.050541283417147     
        4854   8.5165527777126346        10.412978597822079        10.050918174202454     
        4855   8.5208136588126244        10.419441796623067        10.056755195744667     
        4856   8.5219735981675928        10.421201562157680        10.058344628622052     
        4857   8.5243427485764300        10.424796229161307        10.061590813864321     
        4858   8.5243429207147194        10.424796490362247        10.061591425934346     
        4859   8.5245810278583143        10.425157794406573        10.061918030834505     
        4860   8.5245869713728055        10.425166813168865        10.061926550269803     
        4861   8.5250523091597650        10.425872932573096        10.062564489858541     
        4862   8.5300894163696874        10.433517687255184        10.069466899450266     
        4863   8.5333194252245512        10.438421061760884        10.073893780579063     
        4864   8.5337265456185296        10.439039166636816        10.074452122464745     
        4865   8.5344746639375781        10.440175026714289        10.075477827821395     
        4866   8.5353600347191048        10.441519342425099        10.076691677543050     
        4867   8.5361600004209635        10.442734044247960        10.077788504266803     
        4868   8.5361628018911855        10.442738298222773        10.077792721010145     
        4869   8.5363077531645004        10.442958404732554        10.077991774444058     
        4870   8.5372825031674360        10.444438599505549        10.079328211556007     
        4871   8.5391423237205757        10.447263050561942        10.081877911461500     
        4872   8.5409177353560501        10.449959610184763        10.084312060291424     
        4873   8.5413320036063638        10.450588857691418        10.084880346415822     
        4874   8.5434487574014923        10.453804321270921        10.087782648458369     
        4875   8.5440580907726922        10.454730008306219        10.088618419150631     
        4876   8.5450408043515598        10.456222999283012        10.089966129119237     
        4877   8.5481141150564053        10.460892712636831        10.094180408356621     
        4878   8.5483294968315189        10.461220005179428        10.094476118545032     
        4879   8.5484343411856507        10.461379327430285        10.094620260087606     
        4880   8.5524729881435864        10.467517257998354        10.100158872322627     
        4881   8.5544368581483425        10.470502489813127        10.102852599767690     
        4882   8.5563260467281825        10.473374536608382        10.105444076008524     
        4883   8.5577049174067064        10.475470978805035        10.107335736380708     
        4884   8.5581367560546298        10.476127584698114        10.107928450090768     
        4885   8.5594757475028551        10.478163616043968        10.109765523914696     
        4886   8.5629105331098270        10.483387209229290        10.114477784356257     
        4887   8.5644345498566583        10.485705270751888        10.116569005299315     
        4888   8.5691442294020916        10.492870151118932        10.123031416561123     
        4889   8.5703288984517094        10.494672722698093        10.124657413641330     
        4890   8.5712698538306498        10.496104556464337        10.125949030621214     
        4891   8.5713560028979590        10.496235651946785        10.126067630900504     
        4892   8.5759083147904711        10.503164012361820        10.132315582238629     
        4893   8.5773213285297842        10.505314929648888        10.134255372759167     
        4894   8.5813777584217252        10.511490735345404        10.139823865175199     
        4895   8.5832700264964128        10.514372184647787        10.142421955831960     
        4896   8.5847262414619845        10.516589860671145        10.144421545938521     
        4897   8.5955562220592636        10.533089059440321        10.159293322364313     
        4898   8.5984010632948156        10.537424908835662        10.163201063269227     
        4899   8.5991152202044301        10.538513480218748        10.164182390766911     
        4900   8.6007659609061982        10.541029844096771        10.166450276253304     
        4901   8.6031995862086248        10.544740087299886        10.169793787600593     
        4902   8.6081520432699641        10.552292178171291        10.176598337355721     
        4903   8.6148017952454570        10.562436094062711        10.185736605611833     
        4904   8.6186326482171634        10.568281767661789        10.191002170365429     
        4905   8.6198510672297584        10.570141295450806        10.192677310322658     
        4906   8.6201923572688433        10.570662190578208        10.193146819470325     
        4907   8.6202727262855188        10.570784855652567        10.193257675139311     
        4908   8.6272502004297245        10.581436682309866        10.202850310025031     
        4909   8.6287017699489788        10.583653221788724        10.204846518421270     
        4910   8.6296834642292612        10.585152375504922        10.206196731069390     
        4911   8.6358305723334272        10.594541721210271        10.214650418186825     
        4912   8.6379149366837709        10.597726265792273        10.217517554118540     
        4913   8.6401776498417817        10.601183755458635        10.220630214874866     
        4914   8.6452067541440982        10.608870081877143        10.227548804013537     
        4915   8.6457311391069069        10.609671671594004        10.228270617541799     
        4916   8.6480694393247699        10.613246376444406        10.231488107646758     
        4917   8.6523390491047039        10.619774913279791        10.237363415908682     
        4918   8.6533397893411479        10.621305362895139        10.238740928471625     
        4919   8.6538430738465610        10.622075080135156        10.239433905074772     
        4920   8.6548649517484915        10.623638000760884        10.240840578132943     
        4921   8.6553892810252364        10.624439978962730        10.241562553288347     
        4922   8.6566947721707397        10.626436880712093        10.243359633055899     
        4923   8.6586635958554670        10.629448729038234        10.246069782420019     
        4924   8.6616941432801546        10.634085480220028        10.250241577250247     
        4925   8.6672061565815159        10.642521090497770        10.257830101996198     
        4926   8.6686614569618108        10.644748763877818        10.259834171241554     
        4927   8.6698504781641113        10.646568982825521        10.261471696297068     
        4928   8.6716450518172259        10.649316465698270        10.263943120467111     
        4929   8.6731237308939431        10.651580542547601        10.265979687151791     
        4930   8.6750659102719379        10.654554618618542        10.268654662482739     
        4931   8.6754536294897342        10.655148378776044        10.269189000132524     
        4932   8.6868652093548313        10.672630595325204        10.284908144428830     
        4933   8.6902678252281440        10.677845673216348        10.289596610717417     
        4934   8.6918382497017355        10.680252978328854        10.291760890913757     
        4935   8.6924736607762902        10.681227066420021        10.292636845552014     
        4936   8.6932930477040617        10.682483246368905        10.293766338793180     
        4937   8.6956674052697807        10.686123666261368        10.297038743865503     
        4938   8.6986227297762948        10.690655578757077        10.301112129035769     
        4939   8.7104509868085049        10.708802128670175        10.317418207111029     
        4940   8.7122075955766753        10.711498187759767        10.319840705390149     
        4941   8.7175076331506318        10.719634496045927        10.327149960803364     
        4942   8.7200275793577351        10.723503899358017        10.330625872562866     
        4943   8.7214121866718255        10.725630233090831        10.332536045754310     
        4944   8.7256388412560568        10.732122201853745        10.338366804287219     
        4945   8.7336395494399035        10.744415580508921        10.349405900670984     
        4946   8.7343511039257553        10.745509202593313        10.350388178584264     
        4947   8.7364713831433907        10.748768244716867        10.353314526545617     
        4948   8.7432345515407484        10.759166626109149        10.362649415819551     
        4949   8.7476818572686028        10.766006723107946        10.368789131903746     
        4950   8.7551726329862607        10.777532005779161        10.379132337699861     
        4951   8.7593393308350915        10.783945173740232        10.384886997246948     
        4952   8.7621272413578026        10.788237101671859        10.388737987779468     
        4953   8.7756935434748566        10.809132653158242        10.407481068965026     
        4954   8.7758001138884829        10.809296867823798        10.407628728348815     
        4955   8.7811721330586590        10.817576025976333        10.415053317445469     
        4956   8.7840325008953055        10.821985438425457        10.419007327046145     
        4957   8.7857543381933034        10.824640119216829        10.421387838539459     
        4958   8.7978740117559511        10.843333873890007        10.438145368127337     
        4959   8.8014275751148059        10.848817649709666        10.443060367390864     
        4960   8.8036642098157252        10.852269788950894        10.446154348683685     
        4961   8.8148470723918368        10.869537158870394        10.461625783266008     
        4962   8.8201435264375441        10.877719535650874        10.468955662089677     
        4963   8.8269644324943783        10.888260951957763        10.478397095187873     
        4964   8.8292553728036367        10.891802498850772        10.481568946348343     
        4965   8.8357422076976597        10.901833169047853        10.490550712143289     
        4966   8.8365099119412172        10.903020545658748        10.491614166097971     
        4967   8.8422175501546434        10.911850083846458        10.499518937176060     
        4968   8.8462928032905150        10.918156281970086        10.505163994768619     
        4969   8.8524756255890047        10.927726849402889        10.513729754649159     
        4970   8.8623404854225232        10.943004538471433        10.527400147381055     
        4971   8.8624715885143122        10.943207640449462        10.527582248035657     
        4972   8.8629265987137664        10.943912544876383        10.528213277843502     
        4973   8.8644769314981726        10.946314478616072        10.530362471233090     
        4974   8.8656299149062576        10.948100947801031        10.531961002833643     
        4975   8.8658373995790871        10.948422444709962        10.532248998164953     
        4976   8.8824855863595555        10.974232246859343        10.555332363333022     
        4977   8.8838280086573569        10.976314575056577        10.557194619420311     
        4978   8.8872311566311240        10.981594221015044        10.561915357184233     
        4979   8.8879863418634226        10.982765967051021        10.562963309881752     
        4980   8.8964975204583681        10.995975717674872        10.574771838418840     
        4981   8.9004265883513742        11.002076171987440        10.580224448855915     
        4982   8.9020168710689997        11.004545742461305        10.582431827004996     
        4983   8.9111643523248922        11.018755723032085        10.595129326984640     
        4984   8.9149265844789447        11.024602435840929        10.600353012740097     
        4985   8.9187850643033126        11.030600143367719        10.605711016956736     
        4986   8.9285613075544656        11.045802999629911        10.619289138655461     
        4987   8.9503966611933379        11.079792178295696        10.649631811022349     
        4988   8.9506997123112626        11.080264236652711        10.650053489377289     
        4989   8.9571119831863566        11.090254628737549        10.658968705945075     
        4990   8.9651559430221663        11.102792859129679        10.670155160387079     
        4991   8.9822914854333895        11.129523247904473        10.693994684591569     
        4992   8.9936193430585440        11.147209711826715        10.709762113518455     
        4993   9.0043214044802973        11.163930607194340        10.724664073273100     
        4994   9.0097941465891882        11.172485540390170        10.732286816554272     
        4995   9.0241770018670415        11.194982635875308        10.752326148539300     
        4996   9.0341636917112869        11.210615339780341        10.766246265972558     
        4997   9.0406873354129331        11.220832431821844        10.775342042801064     
        4998   9.0573424064403447        11.246935948618150        10.798572337454438     
        4999   9.0881913121032838        11.295357596373279        10.841634298983450     
        5000   9.2477839340336185        11.547369102378800        11.065126686625494     
