           2  0.25975496433100481       0.26388946627986420       0.26382435435355678     
           3  0.64895214397906931       0.67561403546532861       0.67454844370972200     
           4  0.67163160037687142       0.70024515575438051       0.69906052868633584     
           5   1.0127554657146045        1.0797855623582175        1.0755424441064090     
           6   1.0730075209124332        1.1486569200333183        1.1435707996010587     
           7   1.0741677031985803        1.1499886726976269        1.1448853001241792     
           8   1.2291043076972001        1.3297774313374759        1.3219744823363859     
           9   1.2554660830037647        1.3607575782445740        1.3524126288522202     
          10   1.3055764522523148        1.4199663252698853        1.4105189729452254     
          11   1.3798940311080090        1.5085594584091020        1.4972937479473547     
          12   1.5210222897436063        1.6794342735847445        1.6640558560904033     
          13   1.5621500091302780        1.7298972886519102        1.7131437474337732     
          14   1.5758488324403843        1.7467735843547980        1.7295432474324910     
          15   1.6104635117626533        1.7895701291009709        1.7710918763976347     
          16   1.6198263358138196        1.8011839066869271        1.7823573688628178     
          17   1.6623772152596776        1.8541694992574236        1.8337005292193460     
          18   1.6721693773223190        1.8664108178603034        1.8455498932614409     
          19   1.7399507501955116        1.9516419033423977        1.9279183536143290     
          20   1.7420486303820737        1.9542938223560538        1.9304774813125887     
          21   1.7979594517272091        2.0252831488496508        1.9988945022957187     
          22   1.8084983341206948        2.0387322505091476        2.0118373043302675     
          23   1.8644983684725398        2.1105625864567688        2.0808586858125810     
          24   1.8886814636485878        2.1417743002241303        2.1107942574047964     
          25   1.9134932568899252        2.1739194015712799        2.1415892815971205     
          26   1.9201422531823273        2.1825546657342993        2.1498556902095247     
          27   1.9757007677382528        2.2550622113529677        2.2191600944505998     
          28   1.9766457823179833        2.2563009911516998        2.2203425744544107     
          29   1.9789992999741026        2.2593869189179050        2.2232878944556980     
          30   2.0138821478665583        2.3052597384556339        2.2670283503151767     
          31   2.1232107839491583        2.4506908765031916        2.4051797379069537     
          32   2.1326347147692957        2.4633464083593695        2.4171637831877089     
          33   2.1456786062693514        2.4808950093931288        2.4337709944734920     
          34   2.1593382952346452        2.4993117723631837        2.4511869266435928     
          35   2.1781856393217334        2.5247898328005323        2.4752585488461945     
          36   2.1789852661068889        2.5258725020875383        2.4762809734164248     
          37   2.1947749724061190        2.5472801257299356        2.4964862444332665     
          38   2.1950488140577442        2.5476518847836194        2.4968370515786953     
          39   2.2035921811860160        2.5592584364675064        2.5077840301130445     
          40   2.2313090277324039        2.5970247123937091        2.5433668985762781     
          41   2.2367788015958445        2.6044979520475193        2.5504014085295248     
          42   2.2980093604554703        2.6886166621626892        2.6294254490796360     
          43   2.3036570572782851        2.6964184263160997        2.6367402038239485     
          44   2.3372358269984486        2.7429557736626324        2.6803201124924909     
          45   2.3539331563768937        2.7661939728784763        2.7020480580774811     
          46   2.3603644947866198        2.7751619843878483        2.7104272913481777     
          47   2.3615060093433313        2.7767547484871917        2.7119152153582098     
          48   2.3669305744422791        2.7843278496177541        2.7189880177813874     
          49   2.3996384934393271        2.8301369992162897        2.7617191472959144     
          50   2.4157809926482479        2.8528385607754547        2.7828626129168557     
          51   2.4356878198716063        2.8809194078943423        2.8089858798252232     
          52   2.4402910733916836        2.8874263137394109        2.8150344580118327     
          53   2.4820090984532066        2.9466294504880342        2.8699832511859169     
          54   2.4937782814451088        2.9634077534240837        2.8855284493721660     
          55   2.5074276365375896        2.9829088565590065        2.9035809689960610     
          56   2.5182257644187365        2.9983687519986453        2.9178807241680866     
          57   2.5232531899739126        3.0055764145676087        2.9245439998571028     
          58   2.5262949253235085        3.0099402841107938        2.9285772090023228     
          59   2.5282366500843163        3.0127272030606025        2.9311525592458336     
          60   2.5317234614751909        3.0177340949025959        2.9357784132397269     
          61   2.5540301317981635        3.0498367704418761        2.9654112425118351     
          62   2.5721775906123865        3.0760452509421596        2.9895696705732542     
          63   2.5809258905824870        3.0887090131288719        3.0012320144502693     
          64   2.6232994445540552        3.1503214645264159        3.0578698943659282     
          65   2.6339033286509599        3.1658113641685417        3.0720824680841927     
          66   2.6353635040380752        3.1679466105131531        3.0740408884974704     
          67   2.6537772857103534        3.1949205439755324        3.0987619938271065     
          68   2.6628686262340135        3.2082705083636549        3.1109848645923348     
          69   2.7079675985069098        3.2748130726876958        3.1717879849731565     
          70   2.7100609937797371        3.2779147745124195        3.1746173300247387     
          71   2.7264449803986022        3.3022302444249481        3.1967815587048785     
          72   2.7334225713775759        3.3126072660483028        3.2062322788054383     
          73   2.7673323286301210        3.3632224208091488        3.2522573907046484     
          74   2.7676570901233921        3.3637086630326114        3.2526990809476191     
          75   2.7887369696229363        3.3953309062554720        3.2813925142231684     
          76   2.8114040710584054        3.4294685896382773        3.3123158831081208     
          77   2.8209769573289516        3.4439278983735564        3.3253973071808796     
          78   2.8250362931940671        3.4500668810166166        3.3309483751272309     
          79   2.8340606214645363        3.4637307056874120        3.3432971141417509     
          80   2.8576757306288796        3.4995929612392573        3.3756655565710156     
          81   2.8595573529846856        3.5024570703551849        3.3782481208201238     
          82   2.8699965213187668        3.5183649422956096        3.3925845558189947     
          83   2.8722526504954811        3.5218069704912343        3.3956850822728244     
          84   2.8760781824669812        3.5276465846065679        3.4009439373055441     
          85   2.8888299967430227        3.5471416351156044        3.4184880884451685     
          86   2.8969479608144764        3.5595762283095778        3.4296688873620633     
          87   2.9037982824092752        3.5700835793571177        3.4391110157708047     
          88   2.9084472562263364        3.5772219518090074        3.4455227286004115     
          89   2.9135834839090142        3.5851156054701123        3.4526099746635586     
          90   2.9136170532088270        3.5851672213261709        3.4526564365517229     
          91   2.9139483538216675        3.5856766433422385        3.4531138338001819     
          92   2.9158856440307974        3.5886561273939561        3.4557881586840891     
          93   2.9180252714099790        3.5919480373357202        3.4587424006902543     
          94   2.9262948942541840        3.6046834522064364        3.4701661928108498     
          95   2.9359513594641813        3.6195793116401731        3.4835179804925120     
          96   2.9365890665930507        3.6205639630880091        3.4844003101925880     
          97   2.9494470877453920        3.6404422486200718        3.5022003664930930     
          98   2.9496320015840904        3.6407284684675609        3.5024566531039669     
          99   2.9666474862336694        3.6671081364215539        3.5260484136593400     
         100   2.9758584479440242        3.6814231087707978        3.5388364326327357     
         101   2.9764738966266018        3.6823804690340212        3.5396914417821668     
         102   2.9764873429834262        3.6824013867217276        3.5397102533687095     
         103   2.9787347563226936        3.6858982903220223        3.5428325667981317     
         104   2.9826504075507563        3.6919944266900444        3.5482741576053956     
         105   2.9848804856121669        3.6954683491219034        3.5513743302660759     
         106   2.9933143285386419        3.7086193475180558        3.5631047399726574     
         107   3.0154574860792107        3.7432465564707309        3.5939507881209645     
         108   3.0215136975662746        3.7527423005321952        3.6023994597676205     
         109   3.0399700984416995        3.7817476455252907        3.6281787158779748     
         110   3.0420248038021449        3.7849829928363135        3.6310517680224512     
         111   3.0645683693722923        3.8205629212319665        3.6626119580930849     
         112   3.0719235169239241        3.8322043054846411        3.6729246140859653     
         113   3.0874100592899274        3.8567689805290444        3.6946632893870612     
         114   3.0876620410712188        3.8571692720456365        3.6950174199667911     
         115   3.0910775777971833        3.8625969998609446        3.6998166790479425     
         116   3.0957732257998929        3.8700647650652500        3.7064173123506761     
         117   3.0981879753161867        3.8739076904282457        3.7098129958565726     
         118   3.1028437329561895        3.8813220484740136        3.7163622548555120     
         119   3.1135092425483695        3.8983319256711133        3.7313768872135844     
         120   3.1455781004085854        3.9496870613912445        3.7766199470105493     
         121   3.1463688726055734        3.9509574124804785        3.7777375692990125     
         122   3.1526142241285493        3.9609971867969125        3.7865664534288728     
         123   3.1528761354444601        3.9614184892060873        3.7869369706011407     
         124   3.1567891244144417        3.9677153392774920        3.7924716936972116     
         125   3.1616451147678895        3.9755363056077937        3.7993432484405885     
         126   3.1663897874581415        3.9831850820070671        3.8060605364517697     
         127   3.1690124669492423        3.9874160573695452        3.8097750495536067     
         128   3.1793182926335333        4.0040625222361061        3.8243803276097195     
         129   3.2071027785158011        4.0491077384719771        3.8638315170115698     
         130   3.2096599765362552        4.0532658230416434        3.8674681659142722     
         131   3.2156334135827143        4.0629869113481556        3.8759665739789542     
         132   3.2203922404266687        4.0707394837665927        3.8827406424460209     
         133   3.2255560564425187        4.0791599883984464        3.8900948587616098     
         134   3.2529038809981072        4.1238978089276035        3.9291062073159422     
         135   3.2580297757865826        4.1323099625117106        3.9364302911876239     
         136   3.2594332425956676        4.1346146865185105        3.9384363882184301     
         137   3.2635281929575806        4.1413429158854020        3.9442909812866285     
         138   3.2666510887342941        4.1464776594968473        3.9487574713558038     
         139   3.2719095479717843        4.1551309055867405        3.9562813886553121     
         140   3.2779963002985957        4.1651584118910874        3.9649953789137848     
         141   3.2795716046143104        4.1677555842384155        3.9672516151853090     
         142   3.2917166826991142        4.1878061514565363        3.9846573970756625     
         143   3.2931787668719696        4.1902231939422219        3.9867543551602962     
         144   3.2933447004803957        4.1904975511656870        3.9869924971355006     
         145   3.3107736724133314        4.2193653034779928        4.0120119717041751     
         146   3.3108975284600053        4.2195708055532579        4.0121900785873938     
         147   3.3172604544242539        4.2301350020936637        4.0213352243884062     
         148   3.3197689716523699        4.2343035098591075        4.0249422980472209     
         149   3.3240559644309222        4.2414322149570900        4.0311086823124542     
         150   3.3287337409141378        4.2492177056517626        4.0378401716033681     
         151   3.3407862229521466        4.2693109183383893        4.0551983998891723     
         152   3.3425263571273862        4.2722159776863995        4.0577064391887285     
         153   3.3562125328128509        4.2950996776000725        4.0774463314933138     
         154   3.3623532017302877        4.3053875198836575        4.0863120249073317     
         155   3.3626961227393251        4.3059624112589487        4.0868074327483308     
         156   3.3651824189477102        4.3101317596599902        4.0903988284634805     
         157   3.3801522214544888        4.3352792795022541        4.1120404053896804     
         158   3.3963816770080593        4.3626288784290406        4.1355395713233554     
         159   3.3982360928344684        4.3657596297706540        4.1382272054329183     
         160   3.3992170155520229        4.3674161661972759        4.1396491489336702     
         161   3.3994537779450851        4.3678160487950271        4.1399925021017756     
         162   3.4056015727069497        4.3782061619764212        4.1489068620249947     
         163   3.4106831608236656        4.3868041170665553        4.1562793640573874     
         164   3.4162909422428736        4.3963026894781336        4.1644195976111122     
         165   3.4222112518180210        4.4063423908819619        4.1730184216785018     
         166   3.4227259404231343        4.4072157750771925        4.1737663577442392     
         167   3.4244107423313728        4.4100753856377661        4.1762145798280619     
         168   3.4262873239267613        4.4132616590550402        4.1789419461573951     
         169   3.4304356331012982        4.4203094557936957        4.1849725832156190     
         170   3.4408578661307994        4.4380427206404347        4.2001347287139632     
         171   3.4464898412816733        4.4476411662791895        4.2083346820123770     
         172   3.4512595760030171        4.4557787706545922        4.2152828620997065     
         173   3.4525868564759850        4.4580446467510617        4.2172170463134835     
         174   3.4625977559385701        4.4751547003222134        4.2318126122675155     
         175   3.4687848503401630        4.4857469184464192        4.2408405202884234     
         176   3.4736600826444182        4.4941027416139709        4.2479581675772353     
         177   3.4763056409389885        4.4986405614857299        4.2518220972400504     
         178   3.4781809029388659        4.5018586202694069        4.2545616457211635     
         179   3.4840760138860780        4.5119830752504804        4.2631767112201642     
         180   3.4857456524490384        4.5148528034156357        4.2656177427258486     
         181   3.4902503052507141        4.5226002084352599        4.2722053340064710     
         182   3.4944440565015920        4.5298193839528391        4.2783409227212816     
         183   3.4997687208834494        4.5389943477118173        4.2861347064952815     
         184   3.5016116271641851        4.5421722261047908        4.2888332622652756     
         185   3.5061108688394649        4.5499357418822157        4.2954233031459763     
         186   3.5196269791334243        4.5733016076667763        4.3152377047739359     
         187   3.5230622612948639        4.5792507804100282        4.3202781310272647     
         188   3.5302826421404614        4.5917687949297834        4.3308776591836944     
         189   3.5303558215629609        4.5918957628082726        4.3309852935755098     
         190   3.5308444858738204        4.5927436555341021        4.3317030908542611     
         191   3.5336301731859887        4.5975788142532501        4.3357948421468118     
         192   3.5411335657096505        4.6106165364289122        4.3468215127793579     
         193   3.5508131531210596        4.6274657508210595        4.3610582796239692     
         194   3.5607738450585860        4.6448399219870966        4.3757227304105699     
         195   3.5739704558239476        4.6679143492811077        4.3951734046499569     
         196   3.5772449379250171        4.6736497265487440        4.4000037704670794     
         197   3.5828628515814427        4.6834989164403602        4.4082945765541490     
         198   3.5871050868725822        4.6909440220557128        4.4145582757103137     
         199   3.5981247075681275        4.7103145485892837        4.4308408336518790     
         200   3.6046236610039690        4.7217596923837615        4.4404520448903488     
         201   3.6076057344114654        4.7270166127940492        4.4448643496102198     
         202   3.6100106643828207        4.7312585381975660        4.4484236869941727     
         203   3.6111213116731129        4.7332182777514236        4.4500678434160497     
         204   3.6146702641238972        4.7394835030317086        4.4553223885692494     
         205   3.6182871656570379        4.7458735339968339        4.4606794278018009     
         206   3.6189796106237648        4.7470974453169985        4.4617053771370854     
         207   3.6204150158114210        4.7496351274233826        4.4638321552276308     
         208   3.6264529430269112        4.7603181722984251        4.4727810238033348     
         209   3.6304288840566445        4.7673603829078974        4.4786767725018715     
         210   3.6308531965130850        4.7681122792383492        4.4793062612313888     
         211   3.6404207169250484        4.7850842920195982        4.4935033327820646     
         212   3.6404278418356912        4.7850969439277540        4.4935140876628159     
         213   3.6428068425712747        4.7893224780922639        4.4970464576543003     
         214   3.6428069714222047        4.7893227070127802        4.4970468266538779     
         215   3.6507051771326791        4.8033667292737352        4.5087797052170417     
         216   3.6576041849672252        4.8156534457336688        4.5190357533215968     
         217   3.6660151808633339        4.8306574691357858        4.5315489029205382     
         218   3.6710279328689319        4.8396123720701718        4.5390114383172060     
         219   3.6778549433176462        4.8518238086512309        4.5491807326918297     
         220   3.6786564309131009        4.8532585995831115        4.5503752095667798     
         221   3.6789272711888112        4.8537435028258784        4.5507789901627058     
         222   3.6829188881645258        4.8608932326296284        4.5567286390554740     
         223   3.6904994787565868        4.8744883931419505        4.5680340477100261     
         224   3.6934159144587801        4.8797246922742277        4.5723858656421781     
         225   3.7032890712803148        4.8974758630603432        4.5871271192771443     
         226   3.7034345218039455        4.8977376546643994        4.5873445723288944     
         227   3.7101260516587287        4.9097904198548772        4.5973437837682711     
         228   3.7123155492170286        4.9137379249988360        4.6006171183256361     
         229   3.7126013726219700        4.9142533818617888        4.6010446396701044     
         230   3.7181186555709482        4.9242095594687170        4.6092961418190184     
         231   3.7237136578025720        4.9343181471544497        4.6176684393988898     
         232   3.7264401492635315        4.9392485937936605        4.6217500898102175     
         233   3.7278212270204909        4.9417471771328199        4.6238181173602806     
         234   3.7279400234951954        4.9419621333309252        4.6239961843490169     
         235   3.7323526723040650        4.9499505282567622        4.6306052415022991     
         236   3.7326055270015961        4.9504085133036098        4.6309842154744443     
         237   3.7339935323310618        4.9529229972075317        4.6330638734534082     
         238   3.7351503531773997        4.9550192515631259        4.6347973931064059     
         239   3.7442143691160057        4.9714622703611520        4.6483855526417672     
         240   3.7479521057441181        4.9782523528153089        4.6539925391713650     
         241   3.7496990882494723        4.9814278709498536        4.6566139942150455     
         242   3.7566966598317695        4.9941596137797797        4.6671182237496192     
         243   3.7725987881330720        5.0231653013065296        4.6910158488889442     
         244   3.7750871463472060        5.0277132478788875        4.6947588634295068     
         245   3.7754521119307380        5.0283805004680273        4.6953080848233606     
         246   3.7758687136326197        5.0291422226994529        4.6959350087679619     
         247   3.7765986156610518        5.0304769569045735        4.6970333242603024     
         248   3.7789229418455528        5.0347287572435979        4.7005309531969326     
         249   3.7796778940656655        5.0361102291204052        4.7016672974381786     
         250   3.7868903967012049        5.0493198006250228        4.7125260900211208     
         251   3.7885722267541500        5.0524030556643860        4.7150594170572129     
         252   3.7896214591158790        5.0543271639076011        4.7166401491497920     
         253   3.7919023365474605        5.0585114265536655        4.7200767678268489     
         254   3.7937788286358196        5.0619554214808034        4.7229047035732981     
         255   3.7967014880897749        5.0673223222686747        4.7273101765554317     
         256   3.8002405273406703        5.0738257158856115        4.7326463953072393     
         257   3.8022842053877870        5.0775835234058535        4.7357288056836682     
         258   3.8040662464964572        5.0808616302915395        4.7384171246715523     
         259   3.8062154996368296        5.0848169486649137        4.7416599895534501     
         260   3.8137241611050028        5.0986500602533686        4.7529941823166473     
         261   3.8178490190822889        5.1062590170988065        4.7592242068683843     
         262   3.8217954535135776        5.1135453523620038        4.7651871050054195     
         263   3.8219172266808648        5.1137702845463915        4.7653713203655199     
         264   3.8272603545334039        5.1236457763562644        4.7734482544011589     
         265   3.8422306697036115        5.1513773099234204        4.7961002135860875     
         266   3.8528000190168412        5.1710120677800404        4.8121129470584725     
         267   3.8558470678511148        5.1766811945069113        4.8167324768031632     
         268   3.8629707969374647        5.1899501760834141        4.8275376221343302     
         269   3.8678062961986552        5.1989690499177410        4.8348763576352942     
         270   3.8684356458493534        5.2001435921128412        4.8358319312888911     
         271   3.8687767286733221        5.2007802170889583        4.8363499280498372     
         272   3.8706027292975276        5.2041892418979510        4.8391224929232122     
         273   3.8855213450162669        5.2320936955524582        4.8617917203667078     
         274   3.8907395868508781        5.2418762305823572        4.8697288763004112     
         275   3.8937458558032056        5.2475172417491951        4.8743034453545837     
         276   3.8988146388738887        5.2570370428127182        4.8820193896755244     
         277   3.8998980046666167        5.2590731490254132        4.8836691887196606     
         278   3.9009183423051859        5.2609912534865666        4.8852231760412872     
         279   3.9035187967187506        5.2658817730954697        4.8891840949053682     
         280   3.9141286025008935        5.2858647985887206        4.9053543466150780     
         281   3.9152653418324670        5.2880086336666707        4.9070880000382493     
         282   3.9178343025696711        5.2928556012095935        4.9110064067239589     
         283   3.9350387299526117        5.3253887902948494        4.9372722162897409     
         284   3.9356138829142564        5.3264785887487154        4.9381512464490127     
         285   3.9457510938390490        5.3457099814740854        4.9536491166766607     
         286   3.9508690399323010        5.3554361681254985        4.9614793766531440     
         287   3.9525725235732549        5.3586760020299060        4.9640866369245904     
         288   3.9544218223069469        5.3621945863180924        4.9669175446604745     
         289   3.9608283906360238        5.3743956004394304        4.9767281575053532     
         290   3.9646679703209280        5.3817164734265832        4.9826108486819889     
         291   3.9647814007431670        5.3819328474659507        4.9827848659697223     
         292   3.9833966146288136        5.4175186057680653        5.0113361758066661     
         293   3.9864133247078892        5.4232998326964781        5.0159681114075871     
         294   3.9899977752677644        5.4301742962112023        5.0214734920722934     
         295   3.9903362707761856        5.4308237753343747        5.0219936720742302     
         296   3.9919331787216237        5.4338884822462754        5.0244471816858516     
         297   3.9960223889665065        5.4417414349423083        5.0307313088623955     
         298   4.0035753555133793        5.4562656998559707        5.0423447615107806     
         299   4.0056666444250268        5.4602917025638291        5.0455619788705510     
         300   4.0070382834022862        5.4629333423155639        5.0476725180364950     
         301   4.0111440946218861        5.4708457334852039        5.0539913916885171     
         302   4.0117966876483324        5.4721040508336776        5.0549961404094264     
         303   4.0123927238511525        5.4732534824410699        5.0559138860064463     
         304   4.0173224456416321        5.4827663339469641        5.0635049561595702     
         305   4.0236021802613955        5.4949000448182437        5.0731800401480820     
         306   4.0262058614301619        5.4999360664647945        5.0771933322146294     
         307   4.0286146130224889        5.5045977684023013        5.0809070765373496     
         308   4.0370624866651514        5.5209677378428221        5.0939380849148312     
         309   4.0371596259883731        5.5211561578758221        5.0940881902151043     
         310   4.0412860363394802        5.5291640456168691        5.1004572908539556     
         311   4.0434550011301358        5.5333763185667895        5.1038061970056772     
         312   4.0442915332138014        5.5350014882769365        5.1050981266929876     
         313   4.0461027738903343        5.5385213560184852        5.1078955006127069     
         314   4.0465049116119998        5.5393030505740430        5.1085168105518930     
         315   4.0467812478052654        5.5398402486048086        5.1089438337285857     
         316   4.0491131769987101        5.5443749026125344        5.1125462831646287     
         317   4.0499297851621208        5.5459634569515082        5.1138081359147121     
         318   4.0546434868566434        5.5551389818567394        5.1210928743622679     
         319   4.0547390580983418        5.5553251219885835        5.1212408118260724     
         320   4.0594502818322944        5.5645061345587736        5.1285251009023485     
         321   4.0634404164391444        5.5722898413314255        5.1346970961537055     
         322   4.0650079160561630        5.5753496123904531        5.1371225030534236     
         323   4.0709204765746785        5.5869010966608039        5.1462737867722259     
         324   4.0757526558531865        5.5963537245177237        5.1537568035884336     
         325   4.0759595615980793        5.5967587095389595        5.1540774920849985     
         326   4.0779164383987379        5.6005899576569487        5.1571090499823695     
         327   4.0820282061824509        5.6086458770524041        5.1634805588493053     
         328   4.0822852715083462        5.6091497871949718        5.1638791826044601     
         329   4.0860380427176359        5.6165095968601486        5.1696967653871999     
         330   4.0986726850681947        5.6413361256978041        5.1892980864487503     
         331   4.1003097278406457        5.6445582635502909        5.1918397166781327     
         332   4.1195128174573235        5.6824483954662952        5.2216815979723608     
         333   4.1202168725702508        5.6838408648398673        5.2227769634715591     
         334   4.1203929455141628        5.6841891355736403        5.2230510681553826     
         335   4.1209358694200038        5.6852631259272544        5.2238958602802432     
         336   4.1216340228075303        5.6866443884976912        5.2249821942290984     
         337   4.1221024837829914        5.6875713441548337        5.2257112354109170     
         338   4.1258117887861161        5.6949146831443604        5.2314835181585115     
         339   4.1318701709065193        5.7069224408122627        5.2409156427119230     
         340   4.1342967187729629        5.7117367335031366        5.2446951366775876     
         341   4.1346350686706801        5.7124082437284525        5.2452223911747540     
         342   4.1364224575658390        5.7159565049939696        5.2480070678644362     
         343   4.1395677961344592        5.7222041909011212        5.2529083725969654     
         344   4.1418518509206841        5.7267440189804271        5.2564685475038813     
         345   4.1465551753201302        5.7361002277703355        5.2638018929369066     
         346   4.1514411467823402        5.7458309092046056        5.2714235213764473     
         347   4.1516123760254526        5.7461721278390065        5.2716908945908498     
         348   4.1516713493497068        5.7462896507029795        5.2717831231858368     
         349   4.1552677722730511        5.7534597868227690        5.2773956521544791     
         350   4.1563095247668604        5.7555378664816770        5.2790219124279760     
         351   4.1623377638656933        5.7675731364449128        5.2884346467591010     
         352   4.1628107342322096        5.7685181489852244        5.2891735914412044     
         353   4.1634938690073593        5.7698832671024753        5.2902408494635891     
         354   4.1636237874325710        5.7701429102841466        5.2904440034102356     
         355   4.1667376545534633        5.7763684244902542        5.2953089606548795     
         356   4.1670661683636929        5.7770254891934192        5.2958224934304345     
         357   4.1708499107125609        5.7845971381154575        5.3017361295478418     
         358   4.1727751433920961        5.7884523646867718        5.3047460196816720     
         359   4.1750755671292046        5.7930612412309728        5.3083431671087018     
         360   4.1752107506169933        5.7933321593449749        5.3085547811410274     
         361   4.1756764500362085        5.7942655242631442        5.3092832695686374     
         362   4.1774639792809491        5.7978491003557036        5.3120791676560808     
         363   4.1779679171134640        5.7988596558181547        5.3128676262259171     
         364   4.1810084433647097        5.8049594786059595        5.3176245330958123     
         365   4.1821564368131501        5.8072637141349972        5.3194210666073891     
         366   4.1834045124765531        5.8097695563026690        5.3213744277377986     
         367   4.1845227130640676        5.8120152800398150        5.3231247429849295     
         368   4.1886122507408965        5.8202336082151440        5.3295271014044383     
         369   4.1947354858418393        5.8325540241608600        5.3391178935719301     
         370   4.1962663015869461        5.8356369904042804        5.3415166465750969     
         371   4.2016401633748393        5.8464686473302665        5.3499396024486314     
         372   4.2017752004271669        5.8467410119728678        5.3501515282379897     
         373   4.2051409219949383        5.8535324230440571        5.3554292986316296     
         374   4.2067053742782310        5.8566910871057667        5.3578832052251775     
         375   4.2121326383908553        5.8676581448203970        5.3663983980918486     
         376   4.2147731710533547        5.8729991831067503        5.3705430184675658     
         377   4.2150081306031009        5.8734746046081705        5.3709120660139407     
         378   4.2151970813577702        5.8738569507394942        5.3712088973849061     
         379   4.2157365169501331        5.8749486074188164        5.3720559424078322     
         380   4.2202891299676164        5.8841674385454086        5.3792047559249818     
         381   4.2234075316525201        5.8904879483711561        5.3841033446294562     
         382   4.2245680958760863        5.8928414541364278        5.3859269468553341     
         383   4.2263297807326179        5.8964152419097626        5.3886953667881672     
         384   4.2310099090630828        5.9059168911576556        5.3960519101280306     
         385   4.2336119377042971        5.9112042488138243        5.4001434794305814     
         386   4.2338890582949542        5.9117675593495074        5.4005794968629113     
         387   4.2414612906544455        5.9271745953854573        5.4124921713361891     
         388   4.2440516517878368        5.9324516855678002        5.4165694684804704     
         389   4.2456734466873769        5.9357573120656868        5.4191228142899623     
         390   4.2471925680818021        5.9388548539178627        5.4215148849081851     
         391   4.2510827750167630        5.9467923758943781        5.4276418007763985     
         392   4.2511012518348155        5.9468300937724070        5.4276711284791714     
         393   4.2511880359287506        5.9470072538257508        5.4278080542162188     
         394   4.2544105700107595        5.9535883658208260        5.4328852286902860     
         395   4.2549574259131422        5.9547056799230473        5.4337471531394614     
         396   4.2585344139635328        5.9620177358039239        5.4393848801866378     
         397   4.2608674505723183        5.9667903735637298        5.4430631194720194     
         398   4.2625817475043863        5.9702990131645164        5.4457664430073622     
         399   4.2639028370921537        5.9730038862560439        5.4478500603573421     
         400   4.2671203419097532        5.9795952618385080        5.4529254754053591     
         401   4.2689474066110309        5.9833405060030742        5.4558083487990823     
         402   4.2710413942283010        5.9876349783754250        5.4591129785017616     
         403   4.2828085887670309        6.0118090783872677        5.4776946537881051     
         404   4.2897950774674118        6.0261951172030175        5.4887370496048709     
         405   4.2912426387014415        6.0291789321171469        5.4910260724627884     
         406   4.2933638746982110        6.0335533035746085        5.4943808406410772     
         407   4.2943192217182959        6.0355241517502733        5.4958920833521718     
         408   4.2966411605843380        6.0403161761112685        5.4995653584760911     
         409   4.3057437620647212        6.0591287734760693        5.5139727358163428     
         410   4.3073488954614101        6.0624505561979403        5.5165147871053017     
         411   4.3135987348226656        6.0753970694106814        5.5264157128793494     
         412   4.3166072220344205        6.0816363153273310        5.5311839469775075     
         413   4.3261817292199147        6.1015238556554818        5.5463674510717800     
         414   4.3269418724431095        6.1031048109644344        5.5475737106609300     
         415   4.3287573619494273        6.1068819026180572        5.5504547185220803     
         416   4.3287879301001020        6.1069455137361528        5.5505034569249299     
         417   4.3348234452660792        6.1195147054270658        5.5600843185654876     
         418   4.3376111358825380        6.1253265846086995        5.5645115212935634     
         419   4.3379234423689184        6.1259779451324752        5.5650077806580507     
         420   4.3386936053376024        6.1275844494495200        5.5662313062838917     
         421   4.3399495394076144        6.1302049016936735        5.5682266035399257     
         422   4.3443406548363157        6.1393732568821848        5.5752040516527375     
         423   4.3499594165741211        6.1511195860388943        5.5841364105878251     
         424   4.3499836321615257        6.1511702459002029        5.5841751473416492     
         425   4.3505560039332627        6.1523677574733755        5.5850855461874547     
         426   4.3523843634116295        6.1561941895503329        5.5879935100102456     
         427   4.3600142740764118        6.1721812311195263        5.6001334364244775     
         428   4.3636339694122546        6.1797763612172352        5.6058959264338446     
         429   4.3656913828373130        6.1840964757641226        5.6091722763288923     
         430   4.3692586821138759        6.1915923298740800        5.6148544092375827     
         431   4.3718670914885625        6.1970775693880276        5.6190104677106172     
         432   4.3722869657223153        6.1979608628676042        5.6196797577878117     
         433   4.3753701147841317        6.2044497827843541        5.6245937167717299     
         434   4.3794402005889914        6.2130235946318528        5.6310827983769629     
         435   4.3804496065327267        6.2151513177697675        5.6326926939707986     
         436   4.3829849190750902        6.2204978910055546        5.6367365773603320     
         437   4.3890834545958040        6.2333728052950654        5.6464675481131232     
         438   4.3910465889675443        6.2375215092979612        5.6496013313084505     
         439   4.3925812512133744        6.2407661595332664        5.6520515957315149     
         440   4.3942476933787642        6.2442908559535795        5.6547126463898172     
         441   4.3986440694413593        6.2535968039971799        5.6617346169251528     
         442   4.3986975752535660        6.2537101254716418        5.6618203274669670     
         443   4.4002532672289458        6.2570056434922261        5.6643059733098164     
         444   4.4058791050559662        6.2689340918564227        5.6732972467071443     
         445   4.4137338696604074        6.2856171411869326        5.6858587549317461     
         446   4.4143065054947659        6.2868346925785215        5.6867751116124365     
         447   4.4145555524874380        6.2873642774961516        5.6871737964171034     
         448   4.4172500598175075        6.2930961540193708        5.6914855590558817     
         449   4.4201727509578523        6.2993178940668288        5.6961636888454956     
         450   4.4262573814084121        6.3122855997064695        5.7059068001180870     
         451   4.4271640812221058        6.3142197081149520        5.7073593508273968     
         452   4.4294835539375494        6.3191694884665051        5.7110753900401425     
         453   4.4310780915342756        6.3225739553850673        5.7136305553003135     
         454   4.4331816211805597        6.3270672902757132        5.7170018696180867     
         455   4.4335239111558833        6.3277986827381270        5.7175507183571215     
         456   4.4425381216247901        6.3470830530056626        5.7320050416896544     
         457   4.4438076917407336        6.3498026711266862        5.7340419996234440     
         458   4.4448318055114040        6.3519971302273532        5.7356853606166682     
         459   4.4460324303246308        6.3545705512188713        5.7376121249530447     
         460   4.4466670570025864        6.3559311320919720        5.7386307758550386     
         461   4.4472899818939053        6.3572668414875197        5.7396307080151976     
         462   4.4527360061025982        6.3689536294376508        5.7483734444340948     
         463   4.4532725530042487        6.3701059090538585        5.7492352460225957     
         464   4.4533809737023384        6.3703387709776713        5.7494095876508142     
         465   4.4535731147877531        6.3707514604052520        5.7497183721294460     
         466   4.4559008364476593        6.3757526718731246        5.7534569731386069     
         467   4.4577947630337391        6.3798240714236325        5.7564994999018930     
         468   4.4584946401282348        6.3813291101561713        5.7576241172136760     
         469   4.4601601474453645        6.3849117653497904        5.7603003537320800     
         470   4.4630387879209330        6.3911076124687654        5.7649267454493147     
         471   4.4635158465878089        6.3921348556860904        5.7656937699163224     
         472   4.4641776316369146        6.3935600771324435        5.7667577655501328     
         473   4.4665671245780691        6.3987081232286256        5.7705994392402298     
         474   4.4699725480860373        6.4060504425353155        5.7760758605443661     
         475   4.4797129178326074        6.4270871113511703        5.7917491034915765     
         476   4.4809785394489996        6.4298244278717647        5.7937868875877827     
         477   4.4831124322826126        6.4344416990228073        5.7972230665315587     
         478   4.4831830359771523        6.4345945135016702        5.7973370043680488     
         479   4.4889092216010935        6.4469975961313670        5.8065608864539522     
         480   4.4894094420089266        6.4480819651776242        5.8073671122679711     
         481   4.4898306474330862        6.4489951563679258        5.8080460542616406     
         482   4.4900575706215635        6.4494871769288036        5.8084119552832485     
         483   4.4908181508394760        6.4511364979636685        5.8096378358872665     
         484   4.4937646395450415        6.4575290532921468        5.8143870344107276     
         485   4.4940386216795911        6.4581237205691293        5.8148289306335430     
         486   4.4969169505993918        6.4643735844665624        5.8194696714421932     
         487   4.4987251775710009        6.4683022794942602        5.8223858189082902     
         488   4.5000912965775610        6.4712716449854133        5.8245893640116426     
         489   4.5014637289212924        6.4742557987864737        5.8268033779242598     
         490   4.5015263317529239        6.4743919449932434        5.8269046081540816     
         491   4.5078996772094744        6.4882641021788423        5.8371890545188387     
         492   4.5121159392956889        6.4974538820678331        5.8439961766731416     
         493   4.5152619750816605        6.5043176010665134        5.8490772550884200     
         494   4.5154445756851374        6.5047161551795796        5.8493724450783118     
         495   4.5155679317293238        6.5049854096498212        5.8495719432180442     
         496   4.5157344112426214        6.5053488053391968        5.8498411012213660     
         497   4.5162039668664198        6.5063738486112630        5.8505998393503917     
         498   4.5173391941122780        6.5088525788090044        5.8524340048193908     
         499   4.5173918222796559        6.5089675085122884        5.8525192732236162     
         500   4.5183912303709111        6.5111503227206855        5.8541341983389730     
         501   4.5200969643401887        6.5148771494216327        5.8568906415716873     
         502   4.5227783008640934        6.5207389234877926        5.8612244029204090     
         503   4.5230220612940117        6.5212720221623046        5.8616186625788425     
         504   4.5234098924470727        6.5221202706255852        5.8622458170018410     
         505   4.5302836634939494        6.5371686462341101        5.8733609715799391     
         506   4.5344772062845324        6.5463627071626860        5.8801457307439930     
         507   4.5353702305946841        6.5483219137363458        5.8815911007964958     
         508   4.5368155006981299        6.5514936689767662        5.8839303928792619     
         509   4.5371094855696104        6.5521389889330912        5.8844064675076089     
         510   4.5373830538431461        6.5527395377389182        5.8848495087913575     
         511   4.5383016495681456        6.5547563951744507        5.8863366690469912     
         512   4.5386657166817823        6.5555558715212134        5.8869262597927294     
         513   4.5387646570118925        6.5557731536553012        5.8870866722642292     
         514   4.5411841740452292        6.5610884013093065        5.8910041340771704     
         515   4.5485401162747445        6.5772689483293147        5.9029191944921839     
         516   4.5502799476649214        6.5811005785261321        5.9057387484181953     
         517   4.5517890508371295        6.5844255034325627        5.9081847938839767     
         518   4.5585154209484022        6.5992615041719791        5.9190906772483407     
         519   4.5597043367454404        6.6018865823041777        5.9210192639189012     
         520   4.5602270174150155        6.6030409018755956        5.9218673320835213     
         521   4.5610581182807408        6.6048766845620390        5.9232157627155457     
         522   4.5649794969498387        6.6135439077909499        5.9295785571677362     
         523   4.5659713366606027        6.6157375496240585        5.9311884658092824     
         524   4.5691621196597243        6.6227984915208395        5.9363680673470407     
         525   4.5725494985547037        6.6303010369623969        5.9418684917445406     
         526   4.5752383720425396        6.6362613084387476        5.9462359842735948     
         527   4.5765326365182846        6.6391317507180876        5.9483387602885882     
         528   4.5790886919952101        6.6448035211816263        5.9524920626981208     
         529   4.5812293879508328        6.6495565999267603        5.9559712624585748     
         530   4.5839098658615471        6.6555120047487231        5.9603286771188353     
         531   4.5873837077734922        6.6632364191364326        5.9659773550119253     
         532   4.5890295568093178        6.6668986205976601        5.9686543821722848     
         533   4.5891454048403055        6.6671564562927204        5.9688430613623771     
         534   4.5917358394128271        6.6729239085566556        5.9730572299129170     
         535   4.6003559467112911        6.6921448698841601        5.9870873988725597     
         536   4.6008894051074982        6.6933358238391154        5.9879562706971248     
         537   4.6011881811494106        6.6940029202472822        5.9884430327461695     
         538   4.6023922494002818        6.6966918619487767        5.9904040613840435     
         539   4.6030174510443214        6.6980884131176843        5.9914225165741888     
         540   4.6038956925438566        6.7000505902786482        5.9928531736798467     
         541   4.6046693722070504        6.7017795370578543        5.9941136272851798     
         542   4.6060146004226148        6.7047865813072383        5.9963052614270334     
         543   4.6091454811402253        6.7117893727999176        6.0014068042012534     
         544   4.6093376970488764        6.7122194908810009        6.0017202918072075     
         545   4.6109860706043424        6.7159089385269208        6.0044069684346022     
         546   4.6157908613561398        6.7266725193906352        6.0122401675249959     
         547   4.6163828346787401        6.7279996067695995        6.0132057218300998     
         548   4.6175132368481284        6.7305343326214766        6.0150494145334781     
         549   4.6230172655230657        6.7428871663785639        6.0240283381637427     
         550   4.6230261515074531        6.7429071242352956        6.0240430909975471     
         551   4.6252036246003669        6.7477991545621130        6.0275967209559012     
         552   4.6256947939923672        6.7489030396948744        6.0283986049693281     
         553   4.6266534325502278        6.7510579658785943        6.0299635451640095     
         554   4.6279129400695735        6.7538900634990444        6.0320197769008024     
         555   4.6342750000008719        6.7682103633111348        6.0424089623828765     
         556   4.6346012927131053        6.7689454762904004        6.0429422041170282     
         557   4.6346341227593300        6.7690194435099897        6.0429960861474141     
         558   4.6391720466673423        6.7792498641354122        6.0504105908104160     
         559   4.6401095961404266        6.7813650678436401        6.0519430469929256     
         560   4.6441329662424886        6.7904482866041009        6.0585200734343241     
         561   4.6442558559468559        6.7907258800649588        6.0587212484929465     
         562   4.6456151435142425        6.7937969685741892        6.0609440398914645     
         563   4.6477030305242790        6.7985164141311802        6.0643586978841659     
         564   4.6497675359508603        6.8031856376446260        6.0677357770878215     
         565   4.6519296669090711        6.8080784639034748        6.0712732397327640     
         566   4.6524797525527974        6.8093237469073626        6.0721735402563839     
         567   4.6559724191259537        6.8172347846078827        6.0778895461128242     
         568   4.6563354468707878        6.8180574888587309        6.0784840048200950     
         569   4.6577094194641910        6.8211719619628033        6.0807333575670048     
         570   4.6601018612783074        6.8265978450996903        6.0846505647119224     
         571   4.6619634541477808        6.8308222469596380        6.0876992642347139     
         572   4.6663674923017764        6.8408246024561832        6.0949134525719595     
         573   4.6666964291099804        6.8415721586267182        6.0954526365006592     
         574   4.6679661674592685        6.8444584507275525        6.0975333762957904     
         575   4.6703350736041465        6.8498459781008476        6.1014157788870813     
         576   4.6750299131857078        6.8605336041916196        6.1091124512445267     
         577   4.6753050938387606        6.8611604680767000        6.1095639274631592     
         578   4.6791731197582314        6.8699768577583002        6.1159078841156012     
         579   4.6840257256265270        6.8810506073844264        6.1238698389866117     
         580   4.6850088751627910        6.8832959693162694        6.1254835973609358     
         581   4.6860403188923261        6.8856522782251606        6.1271767737737539     
         582   4.6970622088340219        6.9108732136244591        6.1452775719229136     
         583   4.6978988399410628        6.9127907625704106        6.1466525399364764     
         584   4.6989508394377166        6.9152025598124460        6.1483815428812649     
         585   4.7015039937397294        6.9210587849261751        6.1525780907606906     
         586   4.7059929656629755        6.9313652261732157        6.1599587226970902     
         587   4.7062933781014227        6.9320554124619029        6.1604530055482547     
         588   4.7094163823272996        6.9392337853045634        6.1655898078286855     
         589   4.7134981908983073        6.9486253474666801        6.1723058611038182     
         590   4.7150590196985736        6.9522193540427715        6.1748748290283073     
         591   4.7166403764213083        6.9558622101947201        6.1774779630754280     
         592   4.7186635657282370        6.9605252070548040        6.1808089038486296     
         593   4.7226349070953884        6.9696858512935842        6.1873488268776500     
         594   4.7235453000093681        6.9717872630135140        6.1888485873350350     
         595   4.7237811364732805        6.9723317182536020        6.1892373139087224     
         596   4.7239234775847319        6.9726603460772623        6.1894720411921051     
         597   4.7270251142205462        6.9798244210957590        6.1945821152475018     
         598   4.7282058174943229        6.9825531963658536        6.1965279244903462     
         599   4.7285533952527663        6.9833566688809174        6.1971009617661972     
         600   4.7325661570963051        6.9926383192468125        6.2037152193500917     
         601   4.7340832006327247        6.9961499856062854        6.2062165804628640     
         602   4.7367451764238435        7.0023155304835285        6.2106064099002873     
         603   4.7383700877402042        7.0060813180612387        6.2132866693071085     
         604   4.7405138816685506        7.0110522389024723        6.2168233541723508     
         605   4.7429213257091245        7.0166380351960447        6.2207958032629351     
         606   4.7438684641779316        7.0188366301083338        6.2223590521371532     
         607   4.7493725130680673        7.0316246852759967        6.2314449350834673     
         608   4.7504651577510755        7.0341656618123283        6.2332494006031665     
         609   4.7515147482650510        7.0366072444556309        6.2349829475206393     
         610   4.7521378582046871        7.0380570762291734        6.2360122894328844     
         611   4.7530029967948781        7.0400704706544337        6.2374414454562617     
         612   4.7537109275357672        7.0417183649624508        6.2386110377530608     
         613   4.7541830709791482        7.0428175837157569        6.2393912103696278     
         614   4.7554680900682493        7.0458100299939028        6.2415143021424102     
         615   4.7578920122345867        7.0514575865125702        6.2455195336703371     
         616   4.7616754780837409        7.0602804343015348        6.2517729061945397     
         617   4.7646905543215325        7.0673181312686442        6.2567579076170459     
         618   4.7686908206178398        7.0766646114960858        6.2633738601067330     
         619   4.7694560978701377        7.0784538497937612        6.2646400318618172     
         620   4.7702718834157105        7.0803616009352206        6.2659898530158307     
         621   4.7782743906983365        7.0990990156198173        6.2792341250226196     
         622   4.7792108717619097        7.1012944888339691        6.2807848973367113     
         623   4.7812397686527026        7.1060529915247015        6.2841448167159273     
         624   4.7818812003939621        7.1075579482299061        6.2852073634871912     
         625   4.7835370776559829        7.1114443006747150        6.2879502347140521     
         626   4.7850625802585736        7.1150262678455700        6.2904775433366416     
         627   4.7864639633611494        7.1183181527466886        6.2927995611600140     
         628   4.7865294170401187        7.1184719369107725        6.2929082768228168     
         629   4.7893397679278333        7.1250775666190682        6.2975655539718600     
         630   4.7893467099510989        7.1250938900823382        6.2975773267439079     
         631   4.7897953001248554        7.1261487721522183        6.2983210630017021     
         632   4.7906628410633916        7.1281892166615188        6.2997592333649850     
         633   4.7921494587388000        7.1316868832690181        6.3022237607146296     
         634   4.7921557517347662        7.1317016923498011        6.3022344608235690     
         635   4.7950379951755240        7.1384871398575234        6.3070133928153451     
         636   4.7989358608423727        7.1476723871356826        6.3134782350502308     
         637   4.8018540172177602        7.1545556009721141        6.3183197759477716     
         638   4.8019637954273744        7.1548146517898870        6.3185021943844726     
         639   4.8086362996496481        7.1705753354993638        6.3295773239136333     
         640   4.8107655690886464        7.1756110231027170        6.3331131519465051     
         641   4.8122760250159411        7.1791850726599700        6.3356218925327115     
         642   4.8133361035563142        7.1816943523667138        6.3373828852979619     
         643   4.8164825407401448        7.1891466408706854        6.3426102108514355     
         644   4.8167752297533930        7.1898402092592555        6.3430967918233589     
         645   4.8185155716072963        7.1939653901377323        6.3459889618886978     
         646   4.8185820642662653        7.1941230400511245        6.3460997312683576     
         647   4.8221945062071345        7.2026923982841389        6.3521042751747876     
         648   4.8222332032263386        7.2027842422535917        6.3521688753357433     
         649   4.8245452535121416        7.2082735279070684        6.3560130999776705     
         650   4.8280735062132498        7.2166573050948442        6.3618809454003218     
         651   4.8297204055530241        7.2205735299927998        6.3646207118151912     
         652   4.8403890264796718        7.2459875264960045        6.3823776151277665     
         653   4.8421583308639331        7.2502097347395038        6.3853243845849148     
         654   4.8437804024797595        7.2540824722013824        6.3880263872478258     
         655   4.8470420859289192        7.2618752771585626        6.3934605691323378     
         656   4.8478718775096237        7.2638589762228527        6.3948435235513061     
         657   4.8500855841543853        7.2691533728971924        6.3985330175823050     
         658   4.8508462641147059        7.2709734248120208        6.3998011661869372     
         659   4.8508939347378517        7.2710874978556781        6.3998808980138895     
         660   4.8528358630239179        7.2757357478505842        6.4031183324155743     
         661   4.8547911698783590        7.2804186422053423        6.4063786592306213     
         662   4.8555508913159580        7.2822388596812919        6.4076457645393630     
         663   4.8622920138796157        7.2984073621959134        6.4188907462497378     
         664   4.8631176829855303        7.3003898779648955        6.4202687837592221     
         665   4.8632886108144531        7.3008003520547708        6.4205542920390419     
         666   4.8673887076805080        7.3106525807930387        6.4273979202040854     
         667   4.8677314549825237        7.3114767049413256        6.4279703824544461     
         668   4.8692748778216224        7.3151888224713488        6.4305474970907541     
         669   4.8708296536730984        7.3189299179777461        6.4331439399213730     
         670   4.8710794758049740        7.3195311956465217        6.4335614032460109     
         671   4.8739177868224051        7.3263655562646504        6.4383021730027545     
         672   4.8741328103152517        7.3268835391579126        6.4386616272941284     
         673   4.8760496795863295        7.3315026230999054        6.4418641930989518     
         674   4.8770284781353981        7.3338622238665190        6.4434998531788024     
         675   4.8774170284628457        7.3347990918346273        6.4441493628932696     
         676   4.8788779390317369        7.3383225649755595        6.4465909044497396     
         677   4.8832261461192923        7.3488185413043370        6.4538592452307197     
         678   4.8833168012815262        7.3490375111930408        6.4540110832358826     
         679   4.8867949197593772        7.3574429607013334        6.4598272247432726     
         680   4.8874366669197622        7.3589947759268917        6.4609007906806779     
         681   4.8901600410513968        7.3655834112662379        6.4654564838604935     
         682   4.8924313060871043        7.3710822496251946        6.4692568099971419     
         683   4.8944524328028276        7.3759785443940373        6.4726393037215066     
         684   4.8950482124530712        7.3774224037563654        6.4736366980541229     
         685   4.8968253430378104        7.3817307287221929        6.4766115696126247     
         686   4.8970400401457184        7.3822513730521235        6.4769712439831393     
         687   4.8985633038768208        7.3859462492694581        6.4795216297258600     
         688   4.8997269765900420        7.3887699944600200        6.4814702640299027     
         689   4.9036724773121270        7.3983511966009212        6.4880781256856048     
         690   4.9041447801458098        7.3994988692185748        6.4888695374798973     
         691   4.9043976248011685        7.4001133342378260        6.4892933586444377     
         692   4.9060565972470496        7.4041461060696969        6.4920728493261306     
         693   4.9083730519713686        7.4097804089805681        6.4959545102445420     
         694   4.9110354334116000        7.4162608167062460        6.5004168255769317     
         695   4.9132708195017045        7.4217057849207242        6.5041643657614729     
         696   4.9143437011092628        7.4243203811127758        6.5059634319048234     
         697   4.9156344173534974        7.4274669244745892        6.5081279555840750     
         698   4.9170508149709313        7.4309212251282979        6.5105035171329204     
         699   4.9178318109699006        7.4328265253460870        6.5118136508525515     
         700   4.9210066795419571        7.4405763510512903        6.5171396666771999     
         701   4.9217536914052786        7.4424008481693376        6.5183932612791429     
         702   4.9252498428961484        7.4509451404030846        6.5242604376320967     
         703   4.9253136798219268        7.4511012338051597        6.5243678597689216     
         704   4.9257224408943516        7.4521008015315156        6.5250542101154094     
         705   4.9272094127677084        7.4557379938832122        6.5275504648296243     
         706   4.9321911041607676        7.4679349904736574        6.5359153297496801     
         707   4.9409533924951825        7.4894316768008213        6.5506374290762048     
         708   4.9427161240334847        7.4937629271354362        6.5536007784709787     
         709   4.9501002448595921        7.5119311357251295        6.5660186725886538     
         710   4.9537863265407172        7.5210153729608198        6.5722208821188000     
         711   4.9538104240493057        7.5210747931377036        6.5722617159318046     
         712   4.9547980560377347        7.5235104828378772        6.5739240774664447     
         713   4.9549620030658721        7.5239148765254926        6.5742002798018602     
         714   4.9585594033178504        7.5327932098441792        6.5802559791683946     
         715   4.9598108768753786        7.5358840480327878        6.5823633094613383     
         716   4.9600234444416795        7.5364091526263319        6.5827215065100555     
         717   4.9614796429001089        7.5400072823975153        6.5851738779622400     
         718   4.9653562294122278        7.5495935438588520        6.5917035443642673     
         719   4.9659693497651523        7.5511107160565833        6.5927367282886697     
         720   4.9660396026130496        7.5512845750423576        6.5928553676128177     
         721   4.9664766964933289        7.5523663592878965        6.5935920469987321     
         722   4.9672269471740709        7.5542235175121526        6.5948563883170239     
         723   4.9693025319557211        7.5593635434411022        6.5983541724603940     
         724   4.9706195625481797        7.5626267131949581        6.6005740897213938     
         725   4.9710817345743461        7.5637721268048557        6.6013533507332136     
         726   4.9723282513572702        7.5668621886979563        6.6034547677114572     
         727   4.9736961363582104        7.5702544363379012        6.6057610421395561     
         728   4.9776761782880943        7.5801324899655462        6.6124725684461252     
         729   4.9799304664044568        7.5857325991686997        6.6162751826706652     
         730   4.9813519340939933        7.5892657490653725        6.6186734779052570     
         731   4.9852826607736542        7.5990436301207893        6.6253065236057269     
         732   4.9860609741535900        7.6009810854505355        6.6266204307556249     
         733   4.9896409587615969        7.6098985459682664        6.6326641604551311     
         734   4.9896748383752154        7.6099829830225154        6.6327216482491425     
         735   4.9925553748719489        7.6171651805519662        6.6375860919570391     
         736   4.9928194964076287        7.6178240389860408        6.6380324457342832     
         737   4.9963490899448493        7.6266337101769279        6.6439948162192666     
         738   4.9974800197415057        7.6294584199548607        6.6459058463721137     
         739   4.9979439641495427        7.6306174853526887        6.6466900399603945     
         740   4.9979811481168541        7.6307103884823801        6.6467531557437516     
         741   5.0031998875474191        7.6437595510161360        6.6555736717428351     
         742   5.0044850955491853        7.6469762790275730        6.6577467499264573     
         743   5.0053613650920550        7.6491701931671541        6.6592286186320377     
         744   5.0056705891177842        7.6499445345808956        6.6597517648856384     
         745   5.0057084680879518        7.6500393939146010        6.6598161013779231     
         746   5.0057854915172575        7.6502322850438258        6.6599466280499966     
         747   5.0086609324192422        7.6574364987734622        6.6648096948975040     
         748   5.0095132411172738        7.6595730950892822        6.6662516053023948     
         749   5.0097232419041351        7.6600996163013777        6.6666071122126143     
         750   5.0102108192661676        7.6613222153722722        6.6674321709744282     
         751   5.0108097554678217        7.6628242920071168        6.6684456519268673     
         752   5.0128235179717162        7.6678766086684451        6.6718529422739179     
         753   5.0131247698296209        7.6686326811060894        6.6723629599755734     
         754   5.0143741809985887        7.6717691463856079        6.6744774525427557     
         755   5.0171316947286337        7.6786956647788056        6.6791447603218819     
         756   5.0172580583718087        7.6790132119313244        6.6793589438074301     
         757   5.0179297130059908        7.6807012582539382        6.6804961827294340     
         758   5.0188250126313534        7.6829519155991992        6.6820121088648170     
         759   5.0204530812306185        7.6870462094501519        6.6847688485492318     
         760   5.0216931811207344        7.6901661833926580        6.6868690037382068     
         761   5.0228843193997923        7.6931640747973065        6.6888864782530044     
         762   5.0242245224330695        7.6965384265832997        6.6911566581643465     
         763   5.0250715092035296        7.6986716674958657        6.6925916263006746     
         764   5.0252958899185618        7.6992368895795575        6.6929720038705840     
         765   5.0257991004698921        7.7005046322122315        6.6938247329712626     
         766   5.0270129985536931        7.7035636100084508        6.6958815321900138     
         767   5.0277826154200973        7.7055035975389261        6.6971857771736980     
         768   5.0310378505686737        7.7137141278748578        6.7027024104924449     
         769   5.0311095012360072        7.7138949400871244        6.7028241379590545     
         770   5.0348421747485483        7.7233198629640736        6.7091519214484014     
         771   5.0385307319350190        7.7326438760688809        6.7154070595447068     
         772   5.0386687132559338        7.7329928706880739        6.7156413715936081     
         773   5.0393675558149420        7.7347606699006670        6.7168269741418642     
         774   5.0400313988670105        7.7364402813891644        6.7179532845012799     
         775   5.0412687329015311        7.7395718054032701        6.7200525427404978     
         776   5.0421707622843037        7.7418554608558328        6.7215831533484716     
         777   5.0427741577539020        7.7433834183160322        6.7226071934355618     
         778   5.0431837154710886        7.7444206867839647        6.7233023914983603     
         779   5.0474756113384140        7.7552983518769558        6.7305864371269442     
         780   5.0480099982003228        7.7566537318816842        6.7314938346696573     
         781   5.0486484286916458        7.7582732896460547        6.7325779019977672     
         782   5.0519975880175547        7.7667745308080818        6.7382646494652407     
         783   5.0527113387509006        7.7685873808240000        6.7394770273666351     
         784   5.0531360638535290        7.7696663240461401        6.7401986216937688     
         785   5.0546558733661566        7.7735282911013890        6.7427802099646739     
         786   5.0554796197378096        7.7756222498472294        6.7441797315909424     
         787   5.0614787178743157        7.7908878141177009        6.7543733998712012     
         788   5.0670494880434624        7.8050885211379493        6.7638443163096431     
         789   5.0688876563070462        7.8097795954456419        6.7669706643268777     
         790   5.0734330214453696        7.8213908888061550        6.7747032403540191     
         791   5.0739692951727822        7.8227618863123416        6.7756160210565879     
         792   5.0758266089131450        7.8275119005284104        6.7787769437008398     
         793   5.0760086519680616        7.8279776149301190        6.7790870524238054     
         794   5.0783398579287065        7.8339437597110662        6.7830552384090135     
         795   5.0787494355758884        7.8349924136403946        6.7837527525324512     
         796   5.0793990745448330        7.8366559744612907        6.7848589750200778     
         797   5.0809994772292857        7.8407556176377042        6.7875840357465167     
         798   5.0852646924837472        7.8516913910236870        6.7948480348766340     
         799   5.0900775829698661        7.8640486310088127        6.8030481525091711     
         800   5.0912467276742968        7.8670532132700846        6.8050408914162555     
         801   5.0925929754111277        7.8705142746158927        6.8073357128878529     
         802   5.0934863782747781        7.8728119131754237        6.8088588684185298     
         803   5.0940262671605128        7.8742006975399690        6.8097794980752555     
         804   5.0947360887144759        7.8760269608338636        6.8109898771920827     
         805   5.0961505074787325        7.8796672397439051        6.8134016697471891     
         806   5.1033118721854596        7.8981228378239603        6.8256164666225230     
         807   5.1037449676305275        7.8992402825872157        6.8263557124026280     
         808   5.1063214425765011        7.9058910350196729        6.8307526131646013     
         809   5.1066202664864386        7.9066627441270612        6.8312629021586870     
         810   5.1073816070720390        7.9086292199594173        6.8325626165920221     
         811   5.1091575194705907        7.9132180501014213        6.8355943053131645     
         812   5.1107459959196708        7.9173247012162680        6.8383064695066755     
         813   5.1115384733268270        7.9193742314861382        6.8396598417229599     
         814   5.1122726496046829        7.9212734314345905        6.8409137585656952     
         815   5.1159334736306823        7.9307498796885882        6.8471662455226339     
         816   5.1174295513917709        7.9346257466308883        6.8497222451083379     
         817   5.1175760234446637        7.9350053065548769        6.8499727745885020     
         818   5.1186283315833778        7.9377327105362925        6.8517709311318908     
         819   5.1187092323875962        7.9379424286371281        6.8519094537660985     
         820   5.1193828637457308        7.9396888793970124        6.8530607441113629     
         821   5.1199478668909686        7.9411539838928666        6.8540264829523911     
         822   5.1200062793040662        7.9413054672804533        6.8541265944750558     
         823   5.1204548707566877        7.9424689103008932        6.8548934562270896     
         824   5.1287065605077222        7.9638990811157644        6.8690000833526499     
         825   5.1307501143783876        7.9692148474411022        6.8724955038142275     
         826   5.1311290603497657        7.9702009482256750        6.8731439913515784     
         827   5.1332226720559504        7.9756510906800946        6.8767258310635144     
         828   5.1381977006024355        7.9886165266272204        6.8852396707768824     
         829   5.1398880176720665        7.9930262619084091        6.8881334172099260     
         830   5.1464782477017845        8.0102413137644319        6.8994190113996625     
         831   5.1475071312011904        8.0129321839145220        6.9011818156585774     
         832   5.1508526471559675        8.0216878238888842        6.9069142219656383     
         833   5.1525812330307676        8.0262153596891128        6.9098769180886412     
         834   5.1526078381708933        8.0262850634614491        6.9099228170397398     
         835   5.1540408917812268        8.0300404343763780        6.9123794013941824     
         836   5.1548358148643336        8.0321242902011161        6.9137423558416335     
         837   5.1551052277948024        8.0328306625716284        6.9142045054200230     
         838   5.1553751204241998        8.0335383527028164        6.9146674888035156     
         839   5.1553876755197594        8.0335712750989572        6.9146893130502187     
         840   5.1555822302195891        8.0340814596366883        6.9150231504697652     
         841   5.1568112090258973        8.0373049564685726        6.9171305014086721     
         842   5.1589248750262282        8.0428518233781734        6.9207551795180544     
         843   5.1607446805850961        8.0476304756835031        6.9238765274625065     
         844   5.1617583051633451        8.0502933550400027        6.9256154651971711     
         845   5.1625777948058182        8.0524468473790254        6.9270215278551115     
         846   5.1635035068313053        8.0548801453188670        6.9286099326224351     
         847   5.1641946268697456        8.0566972653871574        6.9297959714470752     
         848   5.1643021234601187        8.0569799352742262        6.9299807087473342     
         849   5.1674503489198500        8.0652626720448399        6.9353833460963985     
         850   5.1692192796414185        8.0699202063543645        6.9384198059606872     
         851   5.1702742248417373        8.0726990807545658        6.9402310293452105     
         852   5.1705509968961785        8.0734282908444133        6.9407064678084298     
         853   5.1709483466872843        8.0744752981324197        6.9413889240422284     
         854   5.1742412138647671        8.0831569909804291        6.9470432449904367     
         855   5.1749928943006784        8.0851400761577636        6.9483344595008889     
         856   5.1765710748890639        8.0893051722219642        6.9510453685445315     
         857   5.1783937513909546        8.0941181279345198        6.9541766995950320     
         858   5.1816249996218264        8.1026573932679362        6.9597289866943450     
         859   5.1848125975753447        8.1110898858887861        6.9652078828694455     
         860   5.1849210023554004        8.1113768106899240        6.9653945318249848     
         861   5.1886102187294405        8.1211472891544663        6.9717376295902893     
         862   5.1896348398004095        8.1238629177230965        6.9734999233150310     
         863   5.1918685088690886        8.1297860443183243        6.9773419298746928     
         864   5.1939016955475710        8.1351812048302410        6.9808398083160155     
         865   5.1945475243776693        8.1368956745131023        6.9819512308942899     
         866   5.1986152835553083        8.1477023935031969        6.9889514350015096     
         867   5.1988818367605321        8.1484110285505551        6.9894105217529541     
         868   5.1999121481362325        8.1511506910567029        6.9911842681555347     
         869   5.2027667004260021        8.1587458324275115        6.9960988950205776     
         870   5.2034223219590601        8.1604912304315942        6.9972280819154937     
         871   5.2042291845042268        8.1626397647163955        6.9986177761540658     
         872   5.2059430836621914        8.1672054182275851        7.0015696962427034     
         873   5.2066909652898108        8.1691984832067952        7.0028581210735181     
         874   5.2069713190554303        8.1699457340167818        7.0033413184877746     
         875   5.2070212686363826        8.1700788759292475        7.0034276601551477     
         876   5.2078377026291180        8.1722554036546491        7.0048342998867268     
         877   5.2090869025837128        8.1755867409386713        7.0069865965591793     
         878   5.2097840535672706        8.1774464660661845        7.0081879878720299     
         879   5.2101524081138466        8.1784292589865917        7.0088229435752032     
         880   5.2103393679527690        8.1789281238526392        7.0091453765869280     
         881   5.2110456328080303        8.1808129196331780        7.0103626097389364     
         882   5.2135492903078315        8.1874978196777555        7.0146774680590385     
         883   5.2135793914096134        8.1875782238698882        7.0147296531836920     
         884   5.2177293372747506        8.1986707341528700        7.0218837552290685     
         885   5.2182014328624735        8.1999335479916411        7.0226980453898955     
         886   5.2183656330093413        8.2003728136836802        7.0229814726856121     
         887   5.2198899678293298        8.2044517962075041        7.0256103056551398     
         888   5.2217826389597830        8.2095191935940406        7.0288747987460658     
         889   5.2267908158672114        8.2229428633902444        7.0375151584116145     
         890   5.2315645122075267        8.2357582030239982        7.0457546757196026     
         891   5.2322069363328474        8.2374843434815421        7.0468640561050622     
         892   5.2322833607342076        8.2376897133225118        7.0469963061844334     
         893   5.2327243928995859        8.2388749664826531        7.0477580491382819     
         894   5.2333430999670751        8.2405379967502626        7.0488265968531616     
         895   5.2340267659633177        8.2423760169730578        7.0500073708733444     
         896   5.2365557171040678        8.2491785692268209        7.0543749860350049     
         897   5.2377307208537021        8.2523410680719458        7.0564047798905181     
         898   5.2395923166283946        8.2573539737797859        7.0596209127262197     
         899   5.2401466753140618        8.2588473339075374        7.0605789568939725     
         900   5.2415566574969352        8.2626468232975832        7.0630154345243481     
         901   5.2419548471781878        8.2637201417363642        7.0637037925380239     
         902   5.2462409743042127        8.2752821386510202        7.0711118728450311     
         903   5.2494904356637297        8.2840583921716267        7.0767302017557503     
         904   5.2503919971467958        8.2864949982994176        7.0782895232179692     
         905   5.2515489708144107        8.2896229385995746        7.0802907005572289     
         906   5.2521849935585152        8.2913429604161788        7.0813910364968917     
         907   5.2525507254331654        8.2923321845848381        7.0820239226675126     
         908   5.2529572584193946        8.2934319046003253        7.0827274040202886     
         909   5.2540501123283265        8.2963889238829100        7.0846181300421955     
         910   5.2558351732398512        8.3012211589500655        7.0877066398755302     
         911   5.2589230049321847        8.3095866708868709        7.0930501636196341     
         912   5.2635522634355301        8.3221439489782316        7.1010638075663364     
         913   5.2637506393756786        8.3226824845123275        7.1014075862473680     
         914   5.2645703852703232        8.3249082358680884        7.1028272708060944     
         915   5.2654972202706212        8.3274254688461742        7.1044325059660833     
         916   5.2664334212856705        8.3299689115810089        7.1060540973164104     
         917   5.2701713792713676        8.3401318277881114        7.1125290544626774     
         918   5.2710826102797910        8.3426112008201230        7.1141080749856362     
         919   5.2730984014470552        8.3480985994468533        7.1176012140565446     
         920   5.2742403268294389        8.3512087594816986        7.1195804621079182     
         921   5.2744802408429177        8.3518623394045282        7.1199965666439793     
         922   5.2748547232124805        8.3528826163645977        7.1206459086696272     
         923   5.2754082966678419        8.3543910557120142        7.1216056812734907     
         924   5.2780487585984304        8.3615898436939720        7.1261831434112457     
         925   5.2782259522389889        8.3620731559349526        7.1264906539158561     
         926   5.2795411427869174        8.3656613376852551        7.1287712515954711     
         927   5.2829300508798474        8.3749142859922170        7.1346485336852483     
         928   5.2871856863441025        8.3865482848433377        7.1420314465043608     
         929   5.2875075707197610        8.3874289090730318        7.1425902750308170     
         930   5.2892242197214498        8.3921269587112359        7.1455694976009054     
         931   5.2904487465019621        8.3954798090938745        7.1476950228476221     
         932   5.2924752897657363        8.4010316088741810        7.1512129988130342     
         933   5.2926606144630224        8.4015394982454943        7.1515350301361194     
         934   5.2938486118256121        8.4047959855517380        7.1535977996332365     
         935   5.2952084080437851        8.4085249630799996        7.1559590994047424     
         936   5.2995953046894551        8.4205665645653482        7.1635782852203365     
         937   5.3024829660660346        8.4285024191072146        7.1685953599050398     
         938   5.3038245667303379        8.4321919711730846        7.1709268981274894     
         939   5.3046343679002534        8.4344198059246107        7.1723344962454094     
         940   5.3067490120682450        8.4402401891916004        7.1760101579745799     
         941   5.3089646666054975        8.4463429594323340        7.1798621395287308     
         942   5.3102243609365898        8.4498146390731126        7.1820526380750769     
         943   5.3121923788889394        8.4552413337785772        7.1854751753059114     
         944   5.3142137051252716        8.4608187041713574        7.1889910495677904     
         945   5.3142928246145962        8.4610370915731004        7.1891289853813687     
         946   5.3168315569546678        8.4680475977544418        7.1935456981049848     
         947   5.3179968911635456        8.4712675508743978        7.1955735792696389     
         948   5.3189267285212560        8.4738376917056435        7.1971918736744938     
         949   5.3215790753159347        8.4811733374056875        7.2018082009501514     
         950   5.3231874873416034        8.4856249002363171        7.2046082592256306     
         951   5.3235384520719808        8.4865965729177226        7.2052195497006553     
         952   5.3247779929145125        8.4900292434597073        7.2073778672298330     
         953   5.3325444857304136        8.5115693000481887        7.2209049394983564     
         954   5.3344751129642685        8.5169324689198955        7.2242692767284522     
         955   5.3345704936216904        8.5171975202702050        7.2244358052885778     
         956   5.3374317012734700        8.5251523934986384        7.2294227612775250     
         957   5.3395702298714127        8.5311030009144524        7.2331510476884846     
         958   5.3406968020903243        8.5342394776395558        7.2351155427878533     
         959   5.3419691231833966        8.5377831521711993        7.2373343928343639     
         960   5.3459474169504198        8.5488732465638808        7.2442732727212542     
         961   5.3465062870601843        8.5504323643158244        7.2452485201820602     
         962   5.3473861043589093        8.5528874413853551        7.2467837490165978     
         963   5.3477718925855022        8.5539641882986945        7.2474571441123521     
         964   5.3512939044435299        8.5638006708951906        7.2536033333431602     
         965   5.3522426864703485        8.5664524717243573        7.2552596023348181     
         966   5.3525331131898604        8.5672643693660184        7.2557668441064704     
         967   5.3559443034537075        8.5768063917164792        7.2617221965269954     
         968   5.3559486448423979        8.5768185427198080        7.2617300959532995     
         969   5.3572360104868446        8.5804224997830332        7.2639782947452440     
         970   5.3576114438571718        8.5814738123938632        7.2646342109250037     
         971   5.3579808981067840        8.5825085113828141        7.2652797079925913     
         972   5.3586537746395191        8.5843933093951108        7.2664551267420849     
         973   5.3608144878926653        8.5904485786561917        7.2702293618184486     
         974   5.3611316900134183        8.5913378890643859        7.2707837711954246     
         975   5.3630037630406928        8.5965883817876492        7.2740545586338845     
         976   5.3646785588997945        8.6012883881037272        7.2769811788274810     
         977   5.3653835044881157        8.6032674811214367        7.2782133537738849     
         978   5.3665511213497092        8.6065465306820901        7.2802541955868127     
         979   5.3670353533699631        8.6079067909687179        7.2811008209321022     
         980   5.3692668471688245        8.6141781700343909        7.2850016623072440     
         981   5.3696572188165286        8.6152757537711739        7.2856844109887424     
         982   5.3712115102537279        8.6196472927780743        7.2884021055449457     
         983   5.3718146664143127        8.6213443239062499        7.2894570299150567     
         984   5.3720736505189048        8.6220731037653096        7.2899101957702994     
         985   5.3725961375598352        8.6235435734728796        7.2908241404345135     
         986   5.3738160406857558        8.6269778377039099        7.2929577595263568     
         987   5.3771048226320186        8.6362434548687137        7.2987104946557837     
         988   5.3792018058614666        8.6421567529266810        7.3023795492469672     
         989   5.3792693202764168        8.6423472070502285        7.3024980008458433     
         990   5.3798650689286909        8.6440279670304836        7.3035407357669966     
         991   5.3811238065204829        8.6475803043011759        7.3057437233390159     
         992   5.3819470177848192        8.6499043433504461        7.3071847192126240     
         993   5.3858834139345682        8.6610263014697075        7.3140754818305131     
         994   5.3870554095729721        8.6643405468198988        7.3161277920216348     
         995   5.3871149121032840        8.6645088471021499        7.3162323001347582     
         996   5.3883663578135419        8.6680492938137430        7.3184239682473811     
         997   5.3922154421803521        8.6789481194482025        7.3251657942976598     
         998   5.3933747681974724        8.6822335893595675        7.3271970872455805     
         999   5.3941294247027578        8.6843729430567613        7.3285195730580730     
        1000   5.3945194712950739        8.6854788900843243        7.3292032955805544     
        1001   5.3945663967847031        8.6856119535824785        7.3292858382624955     
        1002   5.3980857712155750        8.6955976703589002        7.3354535664515366     
        1003   5.3990664496723531        8.6983823368892139        7.3371727962006448     
        1004   5.4020808540205278        8.7069476610686660        7.3424576419137439     
        1005   5.4022453544206668        8.7074153366059299        7.3427463912384026     
        1006   5.4031891145044195        8.7100989590399749        7.3444015329180479     
        1007   5.4047943467402497        8.7146654920347473        7.3472168454110713     
        1008   5.4058040224025685        8.7175390799648653        7.3489879800616835     
        1009   5.4081215919296843        8.7241387499081497        7.3530535655792226     
        1010   5.4091098713045040        8.7269546324364118        7.3547876958456664     
        1011   5.4094512861430948        8.7279276393481471        7.3553870237149086     
        1012   5.4103258004532284        8.7304204584459697        7.3569217452708964     
        1013   5.4117150974842749        8.7343822091057177        7.3593599395387068     
        1014   5.4125457141808777        8.7367517143187428        7.3608179359049393     
        1015   5.4140275442116605        8.7409806135776762        7.3634190366363859     
        1016   5.4145053899778963        8.7423447645472283        7.3642581082880438     
        1017   5.4157880562840450        8.7460076165306972        7.3665100341857039     
        1018   5.4175451909813939        8.7510280012496366        7.3695952698438267     
        1019   5.4199636947516625        8.7579429619221401        7.3738424401422380     
        1020   5.4221106110456967        8.7640862138698665        7.3776134878151725     
        1021   5.4234253775102577        8.7678505639731590        7.3799233568191669     
        1022   5.4247475884308232        8.7716379442249099        7.3822465803341446     
        1023   5.4266199198620901        8.7770040522756485        7.3855367470576381     
        1024   5.4273089853398879        8.7789797863747463        7.3867479584706990     
        1025   5.4292879507077609        8.7846566125676109        7.3902263133060062     
        1026   5.4303161096599988        8.7876074989557651        7.3920338734635402     
        1027   5.4308012170907425        8.7890001533030215        7.3928869499898591     
        1028   5.4337289188742979        8.7974099919144937        7.3980345558622913     
        1029   5.4341714136563191        8.7986817991083175        7.3988129645390392     
        1030   5.4357721387088294        8.8032841839228126        7.4016282631138948     
        1031   5.4413971910050618        8.8194774545490500        7.4115238189233219     
        1032   5.4446194916840351        8.8287679348180550        7.4171948787951338     
        1033   5.4470887429128370        8.8358942524191058        7.4215418115073257     
        1034   5.4542517388002114        8.8566013758917101        7.4341566021351229     
        1035   5.4559787198790870        8.8616015212221697        7.4371994700985171     
        1036   5.4566993591200559        8.8636888826040696        7.4384695383709802     
        1037   5.4568615937864857        8.8641588741404274        7.4387557302219127     
        1038   5.4588612644446792        8.8699540697365915        7.4422798889873638     
        1039   5.4589604361135242        8.8702415815910882        7.4424549956382444     
        1040   5.4636256946407045        8.8837780078462920        7.4506790177471194     
        1041   5.4651472436602333        8.8881975999546139        7.4533622107129327     
        1042   5.4667634360400683        8.8928946680235157        7.4562126873268779     
        1043   5.4701736618901737        8.9028143511614868        7.4622282986385935     
        1044   5.4701875050804052        8.9028546423802055        7.4622530507092941     
        1045   5.4745830741126822        8.9156580023207130        7.4700094488922817     
        1046   5.4748493983036832        8.9164343805796893        7.4704798129053538     
        1047   5.4796568290430301        8.9304612732046440        7.4789666805989894     
        1048   5.4816558616877931        8.9363009127465975        7.4824969804505139     
        1049   5.4816895608990688        8.9363993910670558        7.4825568247479977     
        1050   5.4845600675922714        8.9447920717930938        7.4876271372681638     
        1051   5.4852231080702110        8.9467318471499286        7.4887987392430757     
        1052   5.4854107208802718        8.9472808046653238        7.4891305044337519     
        1053   5.4869253105744509        8.9517138386239843        7.4918066884562693     
        1054   5.4874425615522195        8.9532283145137566        7.4927209406535775     
        1055   5.4903199982485207        8.9616582826397799        7.4978061361020609     
        1056   5.4908908648015577        8.9633317530703849        7.4988154325116243     
        1057   5.4918010078862567        8.9660004930694139        7.5004244825120709     
        1058   5.4921151017161565        8.9669216837659960        7.5009800202124266     
        1059   5.4928217540711675        8.9689945628352188        7.5022295181800382     
        1060   5.4957448759770857        8.9775746689119504        7.5073979665024586     
        1061   5.4960660176035363        8.9785178400565329        7.5079661648601261     
        1062   5.4963682052440355        8.9794054421263301        7.5085008624984608     
        1063   5.4979197020313855        8.9839640727133574        7.5112449693113410     
        1064   5.4983389795184809        8.9851964281005596        7.5119868475379006     
        1065   5.5006152542714775        8.9918901186138704        7.5160135495779228     
        1066   5.5012549758324312        8.9937722737306114        7.5171455977436397     
        1067   5.5033975665742370        9.0000791894440422        7.5209368087249677     
        1068   5.5039799632633972        9.0017943538160310        7.5219677012341508     
        1069   5.5046618062779675        9.0038028373434553        7.5231746342560468     
        1070   5.5075712243576147        9.0123784625284244        7.5283243508298581     
        1071   5.5078867137522414        9.0133089106159137        7.5288831511529439     
        1072   5.5085266525172738        9.0151965508857597        7.5300163272306131     
        1073   5.5086171241498523        9.0154634513845693        7.5301768226656316     
        1074   5.5101398424921477        9.0199569082375302        7.5328730111601034     
        1075   5.5109467460476536        9.0223390181200269        7.5343020555002242     
        1076   5.5136854865590026        9.0304293049330866        7.5391524017434657     
        1077   5.5138111678474342        9.0308007581868033        7.5393753330065207     
        1078   5.5141161169471697        9.0317021094346916        7.5399157796016167     
        1079   5.5141613558685041        9.0318358323763643        7.5399962406367189     
        1080   5.5145231975513962        9.0329054871461611        7.5406374747240479     
        1081   5.5150182355339501        9.0343691113093794        7.5415146620249436     
        1082   5.5168319399250816        9.0397336881837340        7.5447279158735716     
        1083   5.5176159559579165        9.0420537211804213        7.5461172726957608     
        1084   5.5184806955549082        9.0446133778509985        7.5476497594383849     
        1085   5.5196470366829553        9.0480670304690918        7.5497168152334053     
        1086   5.5205141044078943        9.0506354325019167        7.5512537086954294     
        1087   5.5207657942746433        9.0513811289498705        7.5517000940819008     
        1088   5.5212775727329815        9.0528976110620292        7.5526074452260259     
        1089   5.5213059052099078        9.0529815728229419        7.5526579949447230     
        1090   5.5215359004605142        9.0536631826001699        7.5530659614658946     
        1091   5.5222692678395777        9.0558369493179374        7.5543661340541464     
        1092   5.5230444890436043        9.0581353911916747        7.5557405828397117     
        1093   5.5238079891814085        9.0603997012541146        7.5570943494725702     
        1094   5.5268951753024815        9.0695616384564666        7.5625681862489893     
        1095   5.5272071433762591        9.0704880363292357        7.5631217182127690     
        1096   5.5276328081560315        9.0717522258806209        7.5638768875075515     
        1097   5.5283136223360394        9.0737745870175921        7.5650845746886306     
        1098   5.5291805895990320        9.0763506272406769        7.5666224917851990     
        1099   5.5301410050690647        9.0792052623212491        7.5683262812046648     
        1100   5.5301671779679626        9.0792830695045907        7.5683730413910579     
        1101   5.5301718321946538        9.0792969057350401        7.5683816330239120     
        1102   5.5303643806155485        9.0798693398291803        7.5687235039465603     
        1103   5.5318042133151311        9.0841511168621150        7.5712779457799533     
        1104   5.5347418731418010        9.0928939642237463        7.5764903968964203     
        1105   5.5347988704286655        9.0930636861046121        7.5765918741035181     
        1106   5.5369576108708571        9.0994943536885113        7.5804232343950018     
        1107   5.5371484566684588        9.1000631026716334        7.5807622929462903     
        1108   5.5373257021705875        9.1005913555113267        7.5810772183241157     
        1109   5.5375592790210186        9.1012875463778666        7.5814921324528255     
        1110   5.5385112346205769        9.1041255131484515        7.5831821923571612     
        1111   5.5387348422272957        9.1047922715757910        7.5835794543389072     
        1112   5.5396282050477366        9.1074566543333955        7.5851656758431707     
        1113   5.5408672985723060        9.1111535618507542        7.5873658447303081     
        1114   5.5412322650249424        9.1122427732143549        7.5880141740883564     
        1115   5.5414023674590851        9.1127504781176949        7.5883165328263305     
        1116   5.5431312238383352        9.1179123530212216        7.5913867634608048     
        1117   5.5436278562395422        9.1193957479005476        7.5922690488816036     
        1118   5.5448745409041020        9.1231206430742056        7.5944834934191414     
        1119   5.5464714941786148        9.1278945187329708        7.5973203769036575     
        1120   5.5514021006077350        9.1426511797493060        7.6060811473946819     
        1121   5.5515064504277154        9.1429637676715050        7.6062669308058775     
        1122   5.5519821658077007        9.1443889583197588        7.6071127079504217     
        1123   5.5525458793342226        9.1460780972812685        7.6081149218604738     
        1124   5.5548048566168582        9.1528504452171049        7.6121306005934928     
        1125   5.5557985731383788        9.1558313222797807        7.6138975325618015     
        1126   5.5571184566266050        9.1597922602056148        7.6162445568135047     
        1127   5.5572606784631420        9.1602191768275052        7.6164977755041603     
        1128   5.5597167435055468        9.1675951606723949        7.6208656707701783     
        1129   5.5618307043935022        9.1739489792655213        7.6246259844680440     
        1130   5.5628051831268648        9.1768795497203985        7.6263598111493804     
        1131   5.5637889052690737        9.1798389637427746        7.6281102350923655     
        1132   5.5647032016503886        9.1825904610658640        7.6297372865910953     
        1133   5.5657227832030367        9.1856598769895239        7.6315518189149349     
        1134   5.5667906842042392        9.1888759696417939        7.6334525070162877     
        1135   5.5681051713715384        9.1928363865914129        7.6357922502857294     
        1136   5.5690232202949215        9.1956034919229115        7.6374266134263360     
        1137   5.5705785427583603        9.2002935111330775        7.6401955594196851     
        1138   5.5727420556978808        9.2068218996795910        7.6440477803842120     
        1139   5.5734535210311460        9.2089698604046344        7.6453149650784420     
        1140   5.5737501506372453        9.2098655682940436        7.6458435119943404     
        1141   5.5743283823631584        9.2116118836193746        7.6468735465331621     
        1142   5.5757746279923071        9.2159812872525286        7.6494495431762362     
        1143   5.5800796312636063        9.2290011581111440        7.6571187577842048     
        1144   5.5809877194260551        9.2317501416986403        7.6587371339004227     
        1145   5.5812833352756694        9.2326452319057495        7.6592642331035039     
        1146   5.5824584092817187        9.2362041694624679        7.6613585775104065     
        1147   5.5833154105330900        9.2388007213413559        7.6628862501458643     
        1148   5.5853149687085333        9.2448621526969639        7.6664506235667327     
        1149   5.5871540110836238        9.2504408937161102        7.6697294578252206     
        1150   5.5872142351522482        9.2506236467922598        7.6698371713310634     
        1151   5.5885929049754806        9.2548083886735029        7.6722956604697350     
        1152   5.5891765133065086        9.2565804759746264        7.6733366589942351     
        1153   5.5896635294508270        9.2580595561181234        7.6742054617827469     
        1154   5.5904296307563399        9.2603867562510072        7.6755720139847314     
        1155   5.5949111082458796        9.2740132593478446        7.6835661861258524     
        1156   5.5950778016333089        9.2745205418868544        7.6838639299718254     
        1157   5.5951050061954737        9.2746033339410996        7.6839128092747595     
        1158   5.5954613424008812        9.2756878532429692        7.6845489154419022     
        1159   5.5956010488599812        9.2761130923146791        7.6847985234213612     
        1160   5.5961050986972216        9.2776475016006010        7.6856982215939018     
        1161   5.5982156002725878        9.2840752798513542        7.6894646881817179     
        1162   5.5983543702321832        9.2844980936850163        7.6897126867955725     
        1163   5.5999176188631896        9.2892625894654941        7.6925030930918981     
        1164   5.6013480185576663        9.2936245739260279        7.6950567360006401     
        1165   5.6018548574019329        9.2951707201130933        7.6959618782019499     
        1166   5.6050216143745883        9.3048376275382356        7.7016163877874773     
        1167   5.6053747603036665        9.3059163433839664        7.7022473644132754     
        1168   5.6056084314030761        9.3066301894428278        7.7026649990011267     
        1169   5.6057123188225972        9.3069475766331564        7.7028508681353136     
        1170   5.6057773926081538        9.3071463901733491        7.7029674235458527     
        1171   5.6062885834875669        9.3087083464203833        7.7038806987007407     
        1172   5.6069249448927492        9.3106531734339217        7.7050175734596467     
        1173   5.6073719567801579        9.3120195880607319        7.7058163120034946     
        1174   5.6088564084705315        9.3165588305237712        7.7084682211309863     
        1175   5.6129233000858267        9.3290074886732359        7.7157347607850513     
        1176   5.6132673092239083        9.3300613459676054        7.7163498579207763     
        1177   5.6136649607767541        9.3312797005973636        7.7170608390617437     
        1178   5.6139308972006354        9.3320945959510535        7.7175364484182607     
        1179   5.6153662052721405        9.3364941131000556        7.7201020812370844     
        1180   5.6154399924557854        9.3367203489176216        7.7202343127207849     
        1181   5.6157658957156249        9.3377196608387845        7.7208171856184782     
        1182   5.6167068493602770        9.3406055645077863        7.7224995117610371     
        1183   5.6202744169595160        9.3515563768310077        7.7288782757282091     
        1184   5.6204896029709115        9.3522173605589796        7.7292634151534161     
        1185   5.6218405092023502        9.3563681176245836        7.7316796121651032     
        1186   5.6223621173032168        9.3579713496436909        7.7326128377507635     
        1187   5.6229300904501178        9.3597174416693392        7.7336290355432249     
        1188   5.6235163346119688        9.3615200871671753        7.7346779664618603     
        1189   5.6245742509644430        9.3647740672442232        7.7365706934206058     
        1190   5.6255691865339603        9.3678354884192174        7.7383509255444656     
        1191   5.6274533985937083        9.3736363008969388        7.7417224612974787     
        1192   5.6275813285589411        9.3740302977563559        7.7419517172594920     
        1193   5.6278818387745710        9.3749558780578077        7.7424897881764503     
        1194   5.6290326201149874        9.3785012693562511        7.7445494458859878     
        1195   5.6328301525605475        9.3902116322361877        7.7513469470456977     
        1196   5.6366083024448699        9.4018785786049399        7.7581120538471273     
        1197   5.6370945400183805        9.4033812697903389        7.7589831733135215     
        1198   5.6397097591922254        9.4114681159176410        7.7636676051783082     
        1199   5.6406419168865334        9.4143524554014633        7.7653377933510059     
        1200   5.6408705900170517        9.4150601823397739        7.7657478004760145     
        1201   5.6418695985577356        9.4181527471850917        7.7675379351786313     
        1202   5.6423269196139989        9.4195688288456054        7.7683576558183338     
        1203   5.6436337905944791        9.4236168445876682        7.7706996839575089     
        1204   5.6451217675620846        9.4282282290259083        7.7733665560665122     
        1205   5.6455551795162346        9.4295718945875056        7.7741436651833657     
        1206   5.6461399048503127        9.4313850059065594        7.7751920062233930     
        1207   5.6464622494075911        9.4323846978584669        7.7757701101737302     
        1208   5.6487926153463617        9.4396154659240032        7.7799478000694444     
        1209   5.6501458782019967        9.4438173143813948        7.7823743658458744     
        1210   5.6510148505726638        9.4465165700446789        7.7839328194081299     
        1211   5.6517057279914740        9.4486632402346959        7.7851720276335952     
        1212   5.6521129684025748        9.4499288625152271        7.7859026627695487     
        1213   5.6527366426286578        9.4518674907608151        7.7870214711463221     
        1214   5.6552804686855849        9.4597793912678085        7.7915844125240037     
        1215   5.6569450859137955        9.4649608134691547        7.7945709728450927     
        1216   5.6572154352287622        9.4658026287953891        7.7950563522522307     
        1217   5.6579661298195836        9.4681405921395605        7.7964035752306211     
        1218   5.6582121239335681        9.4689068589534298        7.7968452992610979     
        1219   5.6582266916735859        9.4689522393862315        7.7968717866903896     
        1220   5.6606232995070176        9.4764213556814845        7.8011727656849787     
        1221   5.6634709798507910        9.4853049678945389        7.8062843794531611     
        1222   5.6649487625779500        9.4899187881111313        7.8089376959023200     
        1223   5.6653333072495808        9.4911198030400854        7.8096284510862075     
        1224   5.6658728392170916        9.4928051681605385        7.8105975082046593     
        1225   5.6664906047183266        9.4947353342599285        7.8117070879683430     
        1226   5.6665851277211541        9.4950307043633408        7.8118771641238309     
        1227   5.6697462766856939        9.5049148518241644        7.8175545298075528     
        1228   5.6700334905363974        9.5058134812448678        7.8180707585978011     
        1229   5.6722712783305056        9.5128183513816555        7.8220909620440766     
        1230   5.6727918422614598        9.5144486992749240        7.8230265436563622     
        1231   5.6739057754966069        9.5179384852369644        7.8250283032266514     
        1232   5.6755108757465162        9.5229695953578926        7.8279128960891855     
        1233   5.6755895380412609        9.5232162366602306        7.8280546075546527     
        1234   5.6796603114638620        9.5359898968883225        7.8353717368727436     
        1235   5.6808550711321688        9.5397426471315772        7.8375200464524974     
        1236   5.6816973369049801        9.5423892270583135        7.8390347749189706     
        1237   5.6848840707927728        9.5524102423292767        7.8447658440127617     
        1238   5.6853599217598809        9.5539076396445157        7.8456220608112632     
        1239   5.6865566734864270        9.5576747412493468        7.8477750502990853     
        1240   5.6870212741308421        9.5591376571633937        7.8486111571188788     
        1241   5.6876985920756011        9.5612708290106543        7.8498299764974346     
        1242   5.6885969010449680        9.5641008413272282        7.8514464637766936     
        1243   5.6889371336416872        9.5651729534122136        7.8520589575102155     
        1244   5.6917603231249307        9.5740744733407848        7.8571394714693179     
        1245   5.6935531682969778        9.5797322567883114        7.8603666084520514     
        1246   5.6955167102871407        9.5859331283367819        7.8639015616345320     
        1247   5.6972055924538827        9.5912703169328513        7.8669425924913154     
        1248   5.6981229359331129        9.5941707298833574        7.8685947310612763     
        1249   5.6981391084125095        9.5942218723154031        7.8686242057092022     
        1250   5.6981846288222524        9.5943658237563660        7.8687065272212040     
        1251   5.6986402491339856        9.5958067914017970        7.8695273335183620     
        1252   5.6990804829514090        9.5971993336756789        7.8703204645672491     
        1253   5.6992069579095048        9.5975994407629628        7.8705485809375437     
        1254   5.7010488971622060        9.6034286455875879        7.8738662951295764     
        1255   5.7050615172091499        9.6161415617325972        7.8810953311103757     
        1256   5.7060756999638205        9.6193578019731092        7.8829231324010580     
        1257   5.7061585280296399        9.6196205263896584        7.8830727407066474     
        1258   5.7065561827021369        9.6208819725584505        7.8837896757404655     
        1259   5.7078258830856123        9.6249110140233167        7.8860782242706042     
        1260   5.7078859035026435        9.6251015203708530        7.8861867506388839     
        1261   5.7079916974068716        9.6254373235481694        7.8863777741737993     
        1262   5.7083302949754273        9.6265121658476591        7.8869883857966778     
        1263   5.7092794937180873        9.6295260364944042        7.8886995883262001     
        1264   5.7100312810882707        9.6319138655720451        7.8900550770833737     
        1265   5.7100480123307307        9.6319670151734140        7.8900855911979848     
        1266   5.7110811526521514        9.6352496158098901        7.8919483843266116     
        1267   5.7115171638224060        9.6366353438392061        7.8927347862485773     
        1268   5.7119995227577851        9.6381686425720954        7.8936047803818079     
        1269   5.7122621196835910        9.6390034913104792        7.8940785837340135     
        1270   5.7131105820535133        9.6417014966175358        7.8956087488691784     
        1271   5.7133879854561229        9.6425837946154207        7.8961092976746370     
        1272   5.7138376601070382        9.6440142100238795        7.8969205002748035     
        1273   5.7152530023694466        9.6485180181044825        7.8994731962297502     
        1274   5.7155742869193578        9.6495407275227798        7.9000529807403348     
        1275   5.7162322036880893        9.6516353926394363        7.9012399262194384     
        1276   5.7164145291702733        9.6522159708427484        7.9015691278652556     
        1277   5.7165707119723077        9.6527133351954095        7.9018511821960056     
        1278   5.7180105645714230        9.6572999466443417        7.9044487161170958     
        1279   5.7183390042640267        9.6583465360793603        7.9050415512589352     
        1280   5.7192044020450625        9.6611047988050593        7.9066031011715632     
        1281   5.7195152311135589        9.6620957201350723        7.9071642275991225     
        1282   5.7224259968879316        9.6713809478700252        7.9124166942449650     
        1283   5.7225860133805622        9.6718916942884547        7.9127058189572521     
        1284   5.7240057882066830        9.6764247544080852        7.9152685121527186     
        1285   5.7252203079869446        9.6803044336180424        7.9174610295055521     
        1286   5.7309143490270813        9.6985176826566306        7.9277420830416601     
        1287   5.7310648933261472        9.6989997618525035        7.9280143208270291     
        1288   5.7394123765386436        9.7257741579340315        7.9430958691215485     
        1289   5.7402002101955691        9.7283055679015877        7.9445201664021274     
        1290   5.7416300210775422        9.7329016976132365        7.9471050370274936     
        1291   5.7433998563572892        9.7385943494813585        7.9503049897501876     
        1292   5.7478705853071572        9.7529917329398081        7.9583900023026724     
        1293   5.7482789858381924        9.7543081728755823        7.9591290533333376     
        1294   5.7490434377663870        9.7567728694270830        7.9605121834884214     
        1295   5.7504173182765390        9.7612042794190916        7.9629979103357664     
        1296   5.7505776220120133        9.7617214878159828        7.9632882801184754     
        1297   5.7510850194311711        9.7633587804913837        7.9642066175018611     
        1298   5.7512002550941403        9.7637306729101851        7.9644154650164287     
        1299   5.7520970187302067        9.7666253060208508        7.9660383588736030     
        1300   5.7532581950064738        9.7703749222717828        7.9681398537225006     
        1301   5.7535532721546829        9.7713280405358098        7.9686741860082551     
        1302   5.7541362435352310        9.7732113962763734        7.9697295351276596     
        1303   5.7564448298644235        9.7806737315644714        7.9739082307522180     
        1304   5.7569324732723199        9.7822508581678242        7.9747912911401206     
        1305   5.7584507829708427        9.7871632574854850        7.9775402449492914     
        1306   5.7590339692466523        9.7890508914787269        7.9785964446620872     
        1307   5.7593745170681387        9.7901533608092031        7.9792133804631922     
        1308   5.7600022617249440        9.7921859664527897        7.9803503477625179     
        1309   5.7601335270509466        9.7926110596614588        7.9805883869101093     
        1310   5.7614075375135050        9.7967379768103431        7.9828957198984893     
        1311   5.7632243012447226        9.8026265785559072        7.9861863221970326     
        1312   5.7644278439193624        9.8065298646537382        7.9883666466271537     
        1313   5.7649659152822625        9.8082755098224510        7.9893416853155381     
        1314   5.7674735187878472        9.8164156623889944        7.9938850119070350     
        1315   5.7679461247019503        9.8179507209870227        7.9947416948038859     
        1316   5.7681755582021053        9.8186960397575866        7.9951577824337656     
        1317   5.7682964025527497        9.8190886315645898        7.9953771127781996     
        1318   5.7684854835244641        9.8197029434851046        7.9957200927999574     
        1319   5.7686828233722736        9.8203441362624631        7.9960780443172750     
        1320   5.7689105667307334        9.8210841768600474        7.9964910966295060     
        1321   5.7696426979996964        9.8234636459413416        7.9978182036224714     
        1322   5.7697195108169073        9.8237133314371796        7.9979577668132746     
        1323   5.7701307077469961        9.8250500833781604        7.9987033291849459     
        1324   5.7741249756316790        9.8380461396820333        8.0059438249219852     
        1325   5.7767020930173452        9.8464420162669857        8.0106169177611442     
        1326   5.7768426390439966        9.8469001382695023        8.0108721423401903     
        1327   5.7772038390011158        9.8480776165035859        8.0115275114378832     
        1328   5.7787998431851486        9.8532824342219527        8.0144223547867739     
        1329   5.7813110952669859        9.8614786049577141        8.0189779077356640     
        1330   5.7818245765025056        9.8631554871390961        8.0199098047698065     
        1331   5.7821417138353484        9.8641913351339419        8.0204855244780582     
        1332   5.7835795452133718        9.8688892595000404        8.0230946384738751     
        1333   5.7853157052116169        9.8745654652886206        8.0262454753769923     
        1334   5.7869962066260694        9.8800633856042062        8.0292957772751059     
        1335   5.7886436105055372        9.8854565472784390        8.0322864538848471     
        1336   5.7892507193395701        9.8874449404371241        8.0333889311812783     
        1337   5.7892581870023072        9.8874694013609297        8.0334028502148165     
        1338   5.7907392555925785        9.8923221792512663        8.0360921224678634     
        1339   5.7918001704258684        9.8958000452462525        8.0380188152845733     
        1340   5.7924548594759955        9.8979469558967619        8.0392080044103764     
        1341   5.7957521097600946        9.9087679881771678        8.0451967805317715     
        1342   5.7959472631026383        9.9094088899517612        8.0455516329546839     
        1343   5.7960038941227374        9.9095948807299763        8.0456548653890003     
        1344   5.7965562555488575        9.9114091948962404        8.0466586128533599     
        1345   5.7969449761948990        9.9126862431610547        8.0473651305673926     
        1346   5.7976106825972868        9.9148737162242515        8.0485748808536073     
        1347   5.8012605946788653        9.9268773333315536        8.0552073046977100     
        1348   5.8015167234896996        9.9277203243617951        8.0556731471090650     
        1349   5.8018042311743159        9.9286666935761154        8.0561960289923782     
        1350   5.8026363127096525        9.9314062047450946        8.0577086984376898     
        1351   5.8032572465166981        9.9334511287292049        8.0588376805502797     
        1352   5.8057424633128436        9.9416407310691497        8.0633558356883803     
        1353   5.8068988018382006        9.9454539901193879        8.0654586089671412     
        1354   5.8073320143600498        9.9468830450461354        8.0662466787578566     
        1355   5.8075757661250140        9.9476872261842288        8.0666902674643026     
        1356   5.8096272106176592        9.9544583891762883        8.0704212448309640     
        1357   5.8097052981172252        9.9547162397997102        8.0705636270768686     
        1358   5.8144094601211025        9.9702644622460088        8.0791212822070300     
        1359   5.8149184558141851        9.9719485382159370        8.0800477704083313     
        1360   5.8154043661140955        9.9735565508646520        8.0809322936723262     
        1361   5.8166341713220611        9.9776277061295815        8.0831705728634518     
        1362   5.8198052775110707        9.9881345424605676        8.0889426268550793     
        1363   5.8198837062801907        9.9883945686963944        8.0890857600451866     
        1364   5.8201681128846863        9.9893375710903420        8.0896038533611154     
        1365   5.8210643461114859        9.9923098953143494        8.0912357889843030     
        1366   5.8226127561188594        9.9974476390037346        8.0940553027401485     
        1367   5.8228193859277946        9.9981334922446958        8.0944319030833256     
        1368   5.8239726039776016        10.001962332884977        8.0965321926075404     
        1369   5.8246133862815288        10.004090577777413        8.0976994681728804     
        1370   5.8252776918050557        10.006297524853276        8.0989096514660126     
        1371   5.8268178419900005        10.011416441016369        8.1017151772604628     
        1372   5.8270922514855297        10.012328811543897        8.1022153807295574     
        1373   5.8277242830469795        10.014430602018091        8.1033670398467166     
        1374   5.8277373045749270        10.014473910054997        8.1033911264148770     
        1375   5.8280285549862381        10.015442632738164        8.1039220495331037     
        1376   5.8283360538494149        10.016465521325264        8.1044825866276504     
        1377   5.8300269868238974        10.022092619430820        8.1075636002403577     
        1378   5.8309474637967318        10.025157386818139        8.1092411438446277     
        1379   5.8311655968420339        10.025883835339659        8.1096389850488357     
        1380   5.8322079091763657        10.029355922828284        8.1115387244120498     
        1381   5.8337799654137870        10.034595398882768        8.1144041323937266     
        1382   5.8340658717536522        10.035548644774860        8.1149256008874175     
        1383   5.8360805717612170        10.042268988539433        8.1185983973553668     
        1384   5.8372427135201281        10.046147958434636        8.1207174354008558     
        1385   5.8378735373153399        10.048254263800835        8.1218679329953538     
        1386   5.8395270173683320        10.053777721526261        8.1248832638286537     
        1387   5.8398317055694902        10.054795933452169        8.1254392495443177     
        1388   5.8404634566953870        10.056907526005467        8.1265917032778496     
        1389   5.8426352222634437        10.064170614075074        8.1305530816142095     
        1390   5.8437641256524255        10.067948534940408        8.1326127205867564     
        1391   5.8449688482669089        10.071982077936134        8.1348108919839035     
        1392   5.8452416709182566        10.072895789183690        8.1353090093599896     
        1393   5.8453235927932603        10.073170173566414        8.1354588415213094     
        1394   5.8454265075966827        10.073514883251759        8.1356469762434109     
        1395   5.8456716020232955        10.074335876240228        8.1360945227536980     
        1396   5.8468519154519969        10.078290706092117        8.1382485268874696     
        1397   5.8485796537627861        10.084083157584322        8.1414017866543951     
        1398   5.8489522853858906        10.085332978142056        8.1420822213847046     
        1399   5.8514323190675839        10.093655883574396        8.1466093157602089     
        1400   5.8518445453096906        10.095040106312448        8.1473622044153444     
        1401   5.8531124317151333        10.099299009141955        8.1496772755588083     
        1402   5.8531498423415229        10.099424706637079        8.1497459466250675     
        1403   5.8628952113807307        10.132233317600786        8.1675466002230408     
        1404   5.8664110349704686        10.144101413432029        8.1739725359980220     
        1405   5.8667978999535011        10.145408356703518        8.1746800682663334     
        1406   5.8709712721951703        10.159520278695204        8.1823106144997908     
        1407   5.8710044757808362        10.159632649821450        8.1823717026164395     
        1408   5.8718848727948973        10.162612736448835        8.1839820688380343     
        1409   5.8719966601598763        10.162991205669005        8.1841868758796750     
        1410   5.8751645086285569        10.173723479264465        8.1899814380922322     
        1411   5.8752821915170763        10.174122440536392        8.1901970898854302     
        1412   5.8754036470213995        10.174534211527456        8.1904196454062799     
        1413   5.8779011038670754        10.183005861455548        8.1949892654662193     
        1414   5.8783209088246595        10.184430732201223        8.1957577949231073     
        1415   5.8791791992478979        10.187344636139203        8.1973287530982937     
        1416   5.8797929771044055        10.189429042670104        8.1984523508603360     
        1417   5.8811707716220116        10.194109970503993        8.2009743378304272     
        1418   5.8833347715705662        10.201467269725478        8.2049358465705353     
        1419   5.8853499171844295        10.208324330546398        8.2086255658764529     
        1420   5.8859780201986869        10.210462769507350        8.2097760096977872     
        1421   5.8868624015049260        10.213474663895793        8.2113958139027154     
        1422   5.8871582676334171        10.214482523831867        8.2119379888945545     
        1423   5.8890899100801786        10.221065608856902        8.2154760166782808     
        1424   5.8922204053969152        10.231745469756259        8.2212109389450951     
        1425   5.8924396714814060        10.232494021500218        8.2216130306874042     
        1426   5.8939740272962506        10.237734036012675        8.2244247257184249     
        1427   5.8950183103889717        10.241302277015214        8.2263387043267038     
        1428   5.8975563194188751        10.249980847652392        8.2309906125661776     
        1429   5.8992203990060208        10.255675978273066        8.2340413952944509     
        1430   5.9035773345134395        10.270605576145126        8.2420305594678034     
        1431   5.9047709616817237        10.274700364493805        8.2442200829889458     
        1432   5.9062593777743011        10.279809259112934        8.2469505831483154     
        1433   5.9067452292894327        10.281477592165235        8.2478422081916349     
        1434   5.9072674020870171        10.283271018907888        8.2488005041881749     
        1435   5.9093408347838725        10.290396131385979        8.2526050109008899     
        1436   5.9113185200115641        10.297197900011788        8.2562345009264284     
        1437   5.9123734620170971        10.300828388961746        8.2581709880395948     
        1438   5.9124542368267941        10.301106433474146        8.2583196147453108     
        1439   5.9142045949512134        10.307133827660406        8.2615328063742588     
        1440   5.9146517665409624        10.308674371619949        8.2623540536632127     
        1441   5.9156572051038516        10.312139232939851        8.2642002294778827     
        1442   5.9175433365674195        10.318642955828409        8.2676636393111522     
        1443   5.9195815812004478        10.325676903520737        8.2714069873614271     
        1444   5.9209300073051283        10.330333564444340        8.2738839445222148     
        1445   5.9244550413978532        10.342519240393143        8.2803599572965823     
        1446   5.9250760294188156        10.344667778592186        8.2815013242396951     
        1447   5.9260609843359120        10.348076731665692        8.2833115652628493     
        1448   5.9262432496115851        10.348707709177523        8.2836468732936552     
        1449   5.9277206598315111        10.353824065687665        8.2863623458770235     
        1450   5.9280423550432992        10.354938531277471        8.2869539617772645     
        1451   5.9290256008032873        10.358345765361586        8.2887615369784911     
        1452   5.9290819158642440        10.358540955702042        8.2888654251448450     
        1453   5.9298142554103466        10.361079691387298        8.2902119456134642     
        1454   5.9307496522373020        10.364323472728339        8.2919318411141525     
        1455   5.9309900815594352        10.365157440696446        8.2923742167784020     
        1456   5.9310614246634552        10.365404921842892        8.2925057507554065     
        1457   5.9312414453855702        10.366029426008568        8.2928370811772503     
        1458   5.9330609342964804        10.372343985493462        8.2961827367934333     
        1459   5.9333929404092451        10.373496733331033        8.2967935923688287     
        1460   5.9336960446202189        10.374549271056678        8.2973513200895397     
        1461   5.9340128410431490        10.375649497468105        8.2979342411834907     
        1462   5.9350705512539568        10.379323952254216        8.2998797164400777     
        1463   5.9367380022794576        10.385119921467819        8.3029468570501734     
        1464   5.9380061718887891        10.389530710563708        8.3052799454722432     
        1465   5.9380854554149129        10.389806542174341        8.3054261684394461     
        1466   5.9393584236838297        10.394236517157736        8.3077683635588429     
        1467   5.9438333954338241        10.409828295622804        8.3160032215068718     
        1468   5.9441974011762575        10.411097855014489        8.3166735570196124     
        1469   5.9457175634302031        10.416401885575793        8.3194720466385377     
        1470   5.9507319094832347        10.433921519786550        8.3287048301342956     
        1471   5.9512069995164643        10.435583349634415        8.3295801564166894     
        1472   5.9524519019929265        10.439939499139969        8.3318733785256534     
        1473   5.9574222127752900        10.457354288127940        8.3410305187232758     
        1474   5.9577610801855512        10.458542925321808        8.3416553374985831     
        1475   5.9594505523450421        10.464471577921088        8.3447692270844023     
        1476   5.9599672890016251        10.466285739655032        8.3457219882417348     
        1477   5.9628841476918799        10.476533675660765        8.3510991555354934     
        1478   5.9639171048967770        10.480165836326780        8.3530039684266306     
        1479   5.9654482907512421        10.485552819808177        8.3558276707544934     
        1480   5.9657033999129769        10.486450677622685        8.3562984789561625     
        1481   5.9667210123334140        10.490033131878626        8.3581754677336590     
        1482   5.9667802230581239        10.490241627729995        8.3582850458145970     
        1483   5.9674200481814461        10.492494945689014        8.3594654389616529     
        1484   5.9686928002632591        10.496979100151156        8.3618133209185750     
        1485   5.9690545763757425        10.498254148672068        8.3624810204668591     
        1486   5.9693831953435978        10.499412506826674        8.3630875781270149     
        1487   5.9713302983124583        10.506279209682827        8.3666799829841523     
        1488   5.9719141295813909        10.508339267021894        8.3677575390251882     
        1489   5.9723051277215840        10.509719194578832        8.3684793470439729     
        1490   5.9723262450160997        10.509793729152758        8.3685186923446579     
        1491   5.9727423958097559        10.511262690751931        8.3692869381540973     
        1492   5.9739038065394228        10.515363699409912        8.3714304567139628     
        1493   5.9740086467438429        10.515733995586130        8.3716243093537557     
        1494   5.9752187845774323        10.520009400564861        8.3738579982661783     
        1495   5.9764259862176132        10.524276618635184        8.3760865064753709     
        1496   5.9769482970276648        10.526123561069801        8.3770509885505433     
        1497   5.9774817465223444        10.528010313615617        8.3780360768000222     
        1498   5.9784396780924487        10.531399485532674        8.3798048426580571     
        1499   5.9785070685386810        10.531637965539824        8.3799296359649063     
        1500   5.9794737971443084        10.535059757398511        8.3817148040195733     
        1501   5.9795832888488061        10.535447398218563        8.3819173405853604     
        1502   5.9799970995111869        10.536912602719040        8.3826817589068909     
        1503   5.9807185577188706        10.539467729801407        8.3840142668549689     
        1504   5.9829155864280708        10.547253588300078        8.3880718431098238     
        1505   5.9832405965303783        10.548405981164139        8.3886724798101042     
        1506   5.9858153203367852        10.557540851543745        8.3934286741961337     
        1507   5.9877717726218824        10.564488856068763        8.3970435730173918     
        1508   5.9883464325109994        10.566530763192951        8.3981057500612266     
        1509   5.9885356632601701        10.567203255840219        8.3984557848586086     
        1510   5.9897491480159220        10.571517056603401        8.4006985277036073     
        1511   5.9912997437319859        10.577032500380973        8.4035645569237580     
        1512   5.9914926029865070        10.577718752937539        8.4039213896086444     
        1513   5.9918437492605161        10.578968384542295        8.4045707896587558     
        1514   5.9943173075470169        10.587776401529412        8.4091435721090448     
        1515   5.9960830153897877        10.594069555425065        8.4124084963683359     
        1516   5.9980170125564660        10.600967966639901        8.4159851474850846     
        1517   5.9981624824382260        10.601487076917223        8.4162545530411457     
        1518   5.9999644494885613        10.607920091445305        8.4195876519602919     
        1519   6.0009267681704284        10.611357600210658        8.4213680493005683     
        1520   6.0032412559368291        10.619631017537406        8.4256501901246530     
        1521   6.0035584782346749        10.620765607446879        8.4262374977866337     
        1522   6.0038965659504786        10.621974995516206        8.4268634286673709     
        1523   6.0041418966470825        10.622852688376099        8.4273177477369678     
        1524   6.0047289823561272        10.624953416220647        8.4284044547265893     
        1525   6.0055984732270149        10.628065628022838        8.4300138175591002     
        1526   6.0074214524228084        10.634594483367577        8.4333879951596558     
        1527   6.0084188959088118        10.638168914287389        8.4352345813278369     
        1528   6.0091476535362025        10.640781454251680        8.4365839507655558     
        1529   6.0091857047446346        10.640917887404916        8.4366547739334976     
        1530   6.0091925482100432        10.640942424985218        8.4366678273328795     
        1531   6.0102477606305040        10.644726805517980        8.4386216503656861     
        1532   6.0109589488020516        10.647278358154013        8.4399387090722868     
        1533   6.0120482916090552        10.651188143748914        8.4419560326815812     
        1534   6.0120750354264798        10.651284153679681        8.4420059372772727     
        1535   6.0121267498910669        10.651469811022338        8.4421020780973919     
        1536   6.0123011092509220        10.652095799749873        8.4424253133953222     
        1537   6.0128538371095939        10.654080526072473        8.4434491816983197     
        1538   6.0129900199338149        10.654569601759977        8.4437017438375292     
        1539   6.0138471291588802        10.657648411667072        8.4452893511047513     
        1540   6.0151815463115508        10.662444017802013        8.4477610910440184     
        1541   6.0167046853003061        10.667921224243434        8.4505827013569714     
        1542   6.0171475584271761        10.669514471393278        8.4514034673844307     
        1543   6.0171578188175179        10.669551387014728        8.4514228601847172     
        1544   6.0180350355711294        10.672708109722246        8.4530483023190577     
        1545   6.0185674951888002        10.674624784356579        8.4540351385256045     
        1546   6.0208400829407616        10.682810291727275        8.4582463071803851     
        1547   6.0217664560839399        10.686149251703554        8.4599633735913926     
        1548   6.0218702965062434        10.686523610865564        8.4601561975487130     
        1549   6.0227007859406276        10.689518246018300        8.4616957134331692     
        1550   6.0244226854063161        10.695730618729412        8.4648876207293213     
        1551   6.0249920092910045        10.697785678960841        8.4659433493222593     
        1552   6.0250377081556579        10.697950657863922        8.4660284493540630     
        1553   6.0269805780198560        10.704967696163791        8.4696307000393638     
        1554   6.0270197040798248        10.705109067966353        8.4697036287988681     
        1555   6.0280682336524620        10.708898549439953        8.4716481356666584     
        1556   6.0289522518964915        10.712094811396042        8.4732877553521782     
        1557   6.0297501852506397        10.714980877330675        8.4747678578498302     
        1558   6.0303675489680737        10.717214522278542        8.4759131772658840     
        1559   6.0324752429235886        10.724844751832133        8.4798228584764885     
        1560   6.0330380270129051        10.726883313364469        8.4808672056837331     
        1561   6.0331914248163558        10.727439049654127        8.4811521539667964     
        1562   6.0336889264327036        10.729241675381356        8.4820754584498523     
        1563   6.0356955904151919        10.736516495324892        8.4857988253662384     
        1564   6.0359177639028108        10.737322338259473        8.4862114540294797     
        1565   6.0376829261067675        10.743727508560813        8.4894873694462234     
        1566   6.0393479719327532        10.749773906303611        8.4925779707501583     
        1567   6.0396419890401107        10.750842047141624        8.4931240822166991     
        1568   6.0410521987137473        10.755967131085237        8.4957421473474888     
        1569   6.0430862409777308        10.763364947955930        8.4995187636010776     
        1570   6.0494390786002725        10.786512612365559        8.5113176400572996     
        1571   6.0499692530905813        10.788447304991536        8.5123029678136675     
        1572   6.0524359228315943        10.797454493558503        8.5168864485258453     
        1573   6.0550543034657904        10.807026327422564        8.5217528985868150     
        1574   6.0551654175316099        10.807432762745838        8.5219598104670524     
        1575   6.0552220837443329        10.807640045220941        8.5220655238076297     
        1576   6.0556920829800376        10.809359480189704        8.5229395032309974     
        1577   6.0560262062541428        10.810582045288728        8.5235609515368580     
        1578   6.0568953687932110        10.813763172326142        8.5251770001546667     
        1579   6.0577617425965480        10.816935301586637        8.5267879880085502     
        1580   6.0596921334385563        10.824007553907290        8.5303774360442901     
        1581   6.0597578901061553        10.824248568242167        8.5305000947040952     
        1582   6.0605941756975739        10.827314368509112        8.5320555383033643     
        1583   6.0612337157213823        10.829659666188267        8.5332452155685061     
        1584   6.0634826332936269        10.837912059486889        8.5374282178853242     
        1585   6.0642522048834433        10.840737876882951        8.5388600737647486     
        1586   6.0648952511561882        10.843099836538213        8.5400566568411485     
        1587   6.0658036238886233        10.846437502397736        8.5417469145296785     
        1588   6.0676776129482572        10.853327392826436        8.5452339572310159     
        1589   6.0680044882755571        10.854529763244226        8.5458425756305303     
        1590   6.0686548272693130        10.856922470764220        8.5470531248979391     
        1591   6.0696978182640517        10.860761246615539        8.5489944699024853     
        1592   6.0704518887208927        10.863537739097980        8.5503982594575803     
        1593   6.0714383022246272        10.867171117326681        8.5522346024991833     
        1594   6.0724258966749067        10.870810433192391        8.5540733032883480     
        1595   6.0724790557235515        10.871006371003121        8.5541726500380975     
        1596   6.0738297051095085        10.875986247129330        8.5566874120181176     
        1597   6.0754399250940105        10.881927057522663        8.5596857813585849     
        1598   6.0768268677962061        10.887047496935660        8.5622687839458678     
        1599   6.0791568135272067        10.895656488099689        8.5666084511277134     
        1600   6.0792610526775546        10.896041852604831        8.5668029988317080     
        1601   6.0803537478349412        10.900082539456429        8.5688387443520995     
        1602   6.0812958499908607        10.903567920674783        8.5705941388556894     
        1603   6.0818050717230507        10.905452433719404        8.5715431996149896     
        1604   6.0823557588397961        10.907490880406215        8.5725695572657941     
        1605   6.0825003330488485        10.908026125051929        8.5728393093379651     
        1606   6.0829648881866580        10.909746240288666        8.5737052474314197     
        1607   6.0837740059955143        10.912743020865253        8.5752132487520960     
        1608   6.0837993212437196        10.912836799932743        8.5752608128776941     
        1609   6.0843605428990548        10.914916088494303        8.5763069811591386     
        1610   6.0845241160339834        10.915522213634901        8.5766121847206698     
        1611   6.0857918426991873        10.920221308168987        8.5789750718045177     
        1612   6.0879502176389790        10.928227878366307        8.5829983477421479     
        1613   6.0885298940086940        10.930379519991495        8.5840792999516502     
        1614   6.0895774502024231        10.934269246716580        8.5860325536807238     
        1615   6.0897313589779181        10.934840885124995        8.5863198802000511     
        1616   6.0898073759321587        10.935123237039154        8.5864619941356715     
        1617   6.0910518460067973        10.939746968093024        8.5887826166404793     
        1618   6.0919528413784834        10.943096147600224        8.5904630127644808     
        1619   6.0920439746063844        10.943434982957321        8.5906333418490064     
        1620   6.0934183418056254        10.948546581876490        8.5931966672971924     
        1621   6.0941002752350357        10.951084019002366        8.5944688515462602     
        1622   6.0949904478875458        10.954397465910905        8.5961295119019780     
        1623   6.0950925698320413        10.954777673774407        8.5963203827849668     
        1624   6.0959713701588143        10.958050232199234        8.5979599748132216     
        1625   6.0999437020641238        10.972858826177664        8.6053714101033627     
        1626   6.1011049334740584        10.977192796515396        8.6075387624641984     
        1627   6.1022234624040834        10.981369524102179        8.6096266375050767     
        1628   6.1024615176116530        10.982258722407474        8.6100713350565456     
        1629   6.1030631593056341        10.984506434100346        8.6111946660487675     
        1630   6.1072686519394548        11.000234956010388        8.6190460722505904     
        1631   6.1072984704758051        11.000346583248376        8.6191021449241489     
        1632   6.1078802510816335        11.002524808374565        8.6201888671555871     
        1633   6.1086198886414076        11.005294882695463        8.6215704271157492     
        1634   6.1086235932174064        11.005308759309793        8.6215777409136081     
        1635   6.1092094316825571        11.007503485987050        8.6226721678588625     
        1636   6.1101705325613400        11.011105310721357        8.6244675051376163     
        1637   6.1109747601159254        11.014120433306854        8.6259699840729702     
        1638   6.1118125593620825        11.017262579838157        8.6275352789127844     
        1639   6.1150171713577066        11.029292347301492        8.6335225311125114     
        1640   6.1155319102009376        11.031226241087163        8.6344847197448473     
        1641   6.1155774649634544        11.031397413714476        8.6345702377104203     
        1642   6.1164082619598359        11.034519761433017        8.6361230806043991     
        1643   6.1168316057227790        11.036111245693064        8.6369145906927933     
        1644   6.1171865359608795        11.037445775959275        8.6375782773750629     
        1645   6.1188571393804363        11.043730081796454        8.6407009582082246     
        1646   6.1204561296261311        11.049749442472367        8.6436902262653668     
        1647   6.1225390412132974        11.057597040009885        8.6475846811443446     
        1648   6.1242566762158228        11.064073982445311        8.6507967777279369     
        1649   6.1244474978993910        11.064793853019829        8.6511540107655982     
        1650   6.1249314118862719        11.066619686674082        8.6520593516710385     
        1651   6.1263170109525520        11.071849840607848        8.6546511014510479     
        1652   6.1268830926120046        11.073987546571082        8.6557102777483799     
        1653   6.1282626176976285        11.079199373582595        8.6582911094262194     
        1654   6.1283464370290455        11.079516146943233        8.6584483034539055     
        1655   6.1298987200652260        11.085384774374035        8.6613526780021850     
        1656   6.1301348915505409        11.086278016704796        8.6617949351584400     
        1657   6.1331455800753210        11.097673371223472        8.6674289068510042     
        1658   6.1342695361435604        11.101931504717889        8.6695328233733520     
        1659   6.1345849176661167        11.103126725917909        8.6701235053735708     
        1660   6.1345880895831524        11.103138747602245        8.6701298407978200     
        1661   6.1374956804669534        11.114165926574580        8.6755729990147366     
        1662   6.1381736936930880        11.116739423907076        8.6768427798918957     
        1663   6.1397152788403559        11.122593692915098        8.6797296282652994     
        1664   6.1400398686532993        11.123826867977664        8.6803378360685208     
        1665   6.1415405046531912        11.129530427209026        8.6831484667690262     
        1666   6.1469196906360555        11.150007565458980        8.6932254725860467     
        1667   6.1477754908639470        11.153270015011897        8.6948294459296420     
        1668   6.1486390910431714        11.156563494500816        8.6964481566737071     
        1669   6.1490445487397558        11.158110222384412        8.6972083911196556     
        1670   6.1516359577756967        11.168002638751936        8.7020657718556222     
        1671   6.1516864803007305        11.168195619636954        8.7021608757661788     
        1672   6.1521451289940874        11.169947724480497        8.7030210230029077     
        1673   6.1537514751412896        11.176087106957684        8.7060328261971200     
        1674   6.1549824738853927        11.180794991708281        8.7083412561557729     
        1675   6.1560062875198769        11.184712535700770        8.7102614195858301     
        1676   6.1569089837731870        11.188168161769754        8.7119546177011848     
        1677   6.1591024013014595        11.196570794757799        8.7160688219689533     
        1678   6.1594301302397518        11.197826999940586        8.7166839540529502     
        1679   6.1597903936037728        11.199208130111389        8.7173601323312013     
        1680   6.1613725404770365        11.205276267586605        8.7203285551710437     
        1681   6.1616896762612221        11.206493136235267        8.7209239356962627     
        1682   6.1620515617072753        11.207881929073485        8.7216032913813386     
        1683   6.1621814580658638        11.208380483420921        8.7218474042784102     
        1684   6.1636199217721952        11.213903436306424        8.7245468341205594     
        1685   6.1640697586216193        11.215631327557796        8.7253913467313531     
        1686   6.1649645305610559        11.219069347109377        8.7270708710791070     
        1687   6.1650353539401550        11.219341535321206        8.7272041852645295     
        1688   6.1658602754080478        11.222512526202673        8.7287527550948845     
        1689   6.1673202750541805        11.228127711334412        8.7314934795835981     
        1690   6.1710999536185636        11.242682024643775        8.7385897158234229     
        1691   6.1723693044871855        11.247575589537734        8.7409736795261530     
        1692   6.1724632735513509        11.247937970632787        8.7411505459793517     
        1693   6.1736255830048119        11.252421589330513        8.7433337600783290     
        1694   6.1737095035521383        11.252745406956837        8.7434917739160625     
        1695   6.1740895492239254        11.254212016889724        8.7442059541375627     
        1696   6.1745860633666556        11.256128471814256        8.7451389137996003     
        1697   6.1745965413738073        11.256168919778595        8.7451589970822319     
        1698   6.1749032384048874        11.257352940920324        8.7457354616227541     
        1699   6.1749128780770608        11.257390158144027        8.7457539708405250     
        1700   6.1769596997366705        11.265296374292566        8.7495992686769704     
        1701   6.1775515550457740        11.267583920459103        8.7507115833044296     
        1702   6.1788007582648365        11.272414206882111        8.7530590387370637     
        1703   6.1801862441618320        11.277774733367796        8.7556628478305107     
        1704   6.1805911522848351        11.279341998079008        8.7564241561114429     
        1705   6.1806363837907421        11.279517092502726        8.7565095606099419     
        1706   6.1808088428539474        11.280184727739893        8.7568340593740039     
        1707   6.1813927982996102        11.282445772989023        8.7579319025212605     
        1708   6.1818355893464414        11.284160646040334        8.7587644899805390     
        1709   6.1822736297901013        11.285857467920417        8.7595881809333171     
        1710   6.1824206248103435        11.286426954800604        8.7598648656654561     
        1711   6.1840032652494914        11.292560873632214        8.7628401081592173     
        1712   6.1845887702435531        11.294831289303827        8.7639411716365352     
        1713   6.1852786785656733        11.297507344388379        8.7652385698140485     
        1714   6.1859114530344419        11.299962541258257        8.7664286280765786     
        1715   6.1861357144453857        11.300832860490456        8.7668506730665392     
        1716   6.1875001032859629        11.306129774048834        8.7694164851474703     
        1717   6.1881324733363812        11.308585941959883        8.7706060145161615     
        1718   6.1882760716287004        11.309143788283034        8.7708764540779995     
        1719   6.1889016157676799        11.311574319076222        8.7720532274804839     
        1720   6.1892134951386684        11.312786380799789        8.7726401617817231     
        1721   6.1910147066225640        11.319789908664006        8.7760282923402784     
        1722   6.1910504366166057        11.319928894718833        8.7760959036250306     
        1723   6.1922643146375984        11.324652134831641        8.7783796835773096     
        1724   6.1931678226566289        11.328169453523333        8.7800797970942206     
        1725   6.1931846589989368        11.328235010787322        8.7801118764413815     
        1726   6.1934520997270717        11.329276439301200        8.7806154261528953     
        1727   6.1942315352672326        11.332312345623555        8.7820822751296213     
        1728   6.1946732012152976        11.334033128314179        8.7829136828490242     
        1729   6.1985012720349379        11.348962649738095        8.7901180190880019     
        1730   6.1997862973354021        11.353980265818914        8.7925372159208770     
        1731   6.2000633856074518        11.355062603681455        8.7930592179777882     
        1732   6.2007284964478080        11.357661175041809        8.7943116928830634     
        1733   6.2040675795043096        11.370719148261992        8.8005990133617118     
        1734   6.2048755858206519        11.373882052386508        8.8021210313134368     
        1735   6.2056072143389702        11.376747015072910        8.8034993098921888     
        1736   6.2058009988522196        11.377506015193461        8.8038646844201622     
        1737   6.2070871349252847        11.382545205717154        8.8062875192074515     
        1738   6.2075350164088592        11.384300759053072        8.8071315713756526     
        1739   6.2106620661431338        11.396568118050475        8.8130231218502502     
        1740   6.2128179532480372        11.405036152920419        8.8170860080025157     
        1741   6.2132921137125532        11.406899746469545        8.8179800094931871     
        1742   6.2137093121644460        11.408539806876096        8.8187666920897776     
        1743   6.2137303054385242        11.408622342648378        8.8188066651848303     
        1744   6.2148470800450664        11.413014158885577        8.8209119529968056     
        1745   6.2151372629586250        11.414155708148318        8.8214593265504639     
        1746   6.2167435748994846        11.420477601696307        8.8244877246071987     
        1747   6.2169888375696800        11.421443293734180        8.8249505038833220     
        1748   6.2204359253460391        11.435027636553176        8.8314504453978238     
        1749   6.2209962911767276        11.437238029860756        8.8325076163081455     
        1750   6.2212641993721274        11.438295015414671        8.8330132758940465     
        1751   6.2246133962194934        11.451520020159672        8.8393309761192214     
        1752   6.2262688123399155        11.458064536024889        8.8424545315464051     
        1753   6.2266317646109908        11.459500117403756        8.8431397548471047     
        1754   6.2272029563804816        11.461759847290184        8.8442179263654914     
        1755   6.2276101641848793        11.463371203487222        8.8449867148783667     
        1756   6.2277220296033624        11.463813919099239        8.8451982126207440     
        1757   6.2279138398959955        11.464573077166561        8.8455605703942837     
        1758   6.2290599526574830        11.469110671508449        8.8477238381477008     
        1759   6.2317330636818262        11.479703441800245        8.8527695854446584     
        1760   6.2318724103599763        11.480256002035825        8.8530330355610083     
        1761   6.2336804537490540        11.487428875174418        8.8564467289224105     
        1762   6.2337409714688325        11.487669068003873        8.8565613950374740     
        1763   6.2346922873144388        11.491445719221625        8.8583579559767820     
        1764   6.2348726069524547        11.492161767405708        8.8586988385651573     
        1765   6.2364153179801542        11.498290379742036        8.8616123586958899     
        1766   6.2371434233355103        11.501184435603955        8.8629877905294414     
        1767   6.2374979193227222        11.502593841706723        8.8636576953059709     
        1768   6.2419636821297990        11.520369279551561        8.8720938423908571     
        1769   6.2419874608174020        11.520464029345412        8.8721391790121409     
        1770   6.2425718082408777        11.522792789038119        8.8732436557344307     
        1771   6.2435444843312498        11.526670572088795        8.8750819658778468     
        1772   6.2435862066063903        11.526836947306036        8.8751612153430806     
        1773   6.2441771561248798        11.529193823580249        8.8762783224723236     
        1774   6.2444398633793288        11.530241789574864        8.8767751802660193     
        1775   6.2446356713350237        11.531022973182713        8.8771456235269817     
        1776   6.2449288440455959        11.532192734262852        8.8777000759551967     
        1777   6.2470052229727573        11.540482203148745        8.8816248617452018     
        1778   6.2487471278240543        11.547442726685496        8.8849180374189984     
        1779   6.2519038809161174        11.560071713802984        8.8908870109071394     
        1780   6.2548518662644490        11.571882806639595        8.8964627466330626     
        1781   6.2553022143377870        11.573688599498709        8.8973149973979311     
        1782   6.2559410089090948        11.576250691112429        8.8985237545489646     
        1783   6.2577450419354719        11.583490603780918        8.9019370433513920     
        1784   6.2581798471123076        11.585236497135311        8.9027601019684752     
        1785   6.2582520099465322        11.585526291298283        8.9028970484005931     
        1786   6.2584601699343390        11.586362284297767        8.9032913104520475     
        1787   6.2587227034946018        11.587416767039851        8.9037884604621915     
        1788   6.2591545735788232        11.589151691038563        8.9046060356757017     
        1789   6.2595654676672625        11.590802684888333        8.9053839497998162     
        1790   6.2627723112494884        11.603699199991818        8.9114533723221605     
        1791   6.2634433313533453        11.606400274747752        8.9127239176191146     
        1792   6.2639249746036976        11.608339585785410        8.9136360490463318     
        1793   6.2642005962282443        11.609449564720506        8.9141582125006060     
        1794   6.2649004963506769        11.612268855715030        8.9154835899542846     
        1795   6.2685495221437728        11.626983087609284        8.9223931990215881     
        1796   6.2706180181971076        11.635335587200995        8.9263111534037485     
        1797   6.2711483066056601        11.637478218260680        8.9273159981549135     
        1798   6.2714675972771792        11.638768578430076        8.9279212098007861     
        1799   6.2716787966866150        11.639622215538234        8.9283216850555789     
        1800   6.2717461567590389        11.639894493487379        8.9284496961485900     
        1801   6.2731253231439403        11.645471215441679        8.9310627738035571     
        1802   6.2735087254713715        11.647022183350529        8.9317895527799820     
        1803   6.2742160558434019        11.649884287059477        8.9331300852308289     
        1804   6.2743667366388092        11.650494120782373        8.9334159918922715     
        1805   6.2746251173702490        11.651539940433569        8.9339059648419159     
        1806   6.2760690947282241        11.657386988467124        8.9366425140145438     
        1807   6.2766225135659601        11.659629016333438        8.9376916707731944     
        1808   6.2771528522032325        11.661778107103697        8.9386971375238957     
        1809   6.2779475893933467        11.664999657814803        8.9402037569451913     
        1810   6.2793431317761819        11.670659650798632        8.9428492895561860     
        1811   6.2797428878529402        11.672281676369771        8.9436074630766313     
        1812   6.2806397060497190        11.675921699538453        8.9453079405912455     
        1813   6.2833395028581815        11.686889295133469        8.9504270561587305     
        1814   6.2841458613752508        11.690167829767258        8.9519565264458336     
        1815   6.2843660745460728        11.691063408267041        8.9523745388260316     
        1816   6.2849373895610716        11.693387321441133        8.9534583944233574     
        1817   6.2849520816460540        11.693447092342641        8.9534866722676334     
        1818   6.2855282847594918        11.695791562033376        8.9545798537831658     
        1819   6.2862526093810835        11.698739648254733        8.9559540249501595     
        1820   6.2871026393344929        11.702200700609312        8.9575667198773417     
        1821   6.2872590434494668        11.702837685164978        8.9578638050381834     
        1822   6.2883147614306756        11.707138565018576        8.9598668289263976     
        1823   6.2886537447725717        11.708520017088595        8.9605103064681408     
        1824   6.2902997858272389        11.715231353295529        8.9636335837710028     
        1825   6.2911736676610612        11.718796593833705        8.9652921062292705     
        1826   6.2918206664437459        11.721437185809297        8.9665202213568875     
        1827   6.2932256897719494        11.727174381579609        8.9691869489198304     
        1828   6.2934298271098852        11.728008273598263        8.9695747833632034     
        1829   6.2942193085792644        11.731234056190869        8.9710735676887303     
        1830   6.2949259910649360        11.734122585685343        8.9724152941374271     
        1831   6.2953257229994914        11.735756913531784        8.9731744533785722     
        1832   6.2958612087202175        11.737946781235118        8.9741913323689708     
        1833   6.2959307097454058        11.738231047724641        8.9743236794854511     
        1834   6.2983302995163637        11.748051573496801        8.9788796238837385     
        1835   6.2984178302377947        11.748410019309228        8.9790462321429452     
        1836   6.2986696053987048        11.749441146155185        8.9795246929574475     
        1837   6.2989805326526520        11.750714702188723        8.9801154800562450     
        1838   6.3003307604756218        11.756247485594974        8.9826798158064705     
        1839   6.3009864003816327        11.758935404822800        8.9839253221401201     
        1840   6.3010054359452550        11.759013457652353        8.9839618894647231     
        1841   6.3014488579893593        11.760831858425016        8.9848044263775861     
        1842   6.3017215641269795        11.761950378465855        8.9853227662852646     
        1843   6.3017487211301724        11.762061772709703        8.9853747604450653     
        1844   6.3045548031340113        11.773579963560413        8.9907052102447800     
        1845   6.3046893908578552        11.774132809262543        8.9909613038787697     
        1846   6.3054972564950047        11.777452048224443        8.9924964868937991     
        1847   6.3055667065397500        11.777737456029403        8.9926288490094777     
        1848   6.3056986577340597        11.778279741799853        8.9928799562095918     
        1849   6.3078200660804713        11.787003037135047        8.9969111643029791     
        1850   6.3089553430160690        11.791675083922145        8.9990689754029134     
        1851   6.3089931586714485        11.791830753161996        8.9991412588132533     
        1852   6.3112911087110435        11.801295792546492        9.0035091922045787     
        1853   6.3152733591946513        11.817723807231857        9.0110803995818962     
        1854   6.3157751105954247        11.819795986114078        9.0120349005390956     
        1855   6.3162146403711663        11.821611619913700        9.0128711211050714     
        1856   6.3162893140070127        11.821920125197009        9.0130135409178145     
        1857   6.3166052409000217        11.823225466131776        9.0136147441598773     
        1858   6.3195881358472850        11.835560226296282        9.0192884208800486     
        1859   6.3201634583322805        11.837941380927848        9.0203832324746216     
        1860   6.3229622848714078        11.849534928531893        9.0257084301274162     
        1861   6.3261101915982785        11.862593768393539        9.0316993039818527     
        1862   6.3265410538628748        11.864382759344339        9.0325197805503237     
        1863   6.3277608832365289        11.869449718637515        9.0348420590364533     
        1864   6.3278309356395255        11.869740797715327        9.0349758261581883     
        1865   6.3285724642944778        11.872822592939956        9.0363878223164846     
        1866   6.3292235005980277        11.875529241568954        9.0376276321073021     
        1867   6.3302718035843490        11.879889353484080        9.0396238734149961     
        1868   6.3314633995828959        11.884848222986024        9.0418931455753295     
        1869   6.3339926914368307        11.895383751188705        9.0467102298532645     
        1870   6.3348845848400082        11.899102028415216        9.0484093827856569     
        1871   6.3351029860638510        11.900012789588647        9.0488257983802320     
        1872   6.3362994897391314        11.905004130874520        9.0511053734434412     
        1873   6.3364256303762243        11.905530514092360        9.0513460864699198     
        1874   6.3374370196950451        11.909752230896272        9.0532732535969132     
        1875   6.3375711577402045        11.910312307349251        9.0535292268229917     
        1876   6.3378945809936162        11.911662875081458        9.0541458279098741     
        1877   6.3398506250356830        11.919835694389457        9.0578732379961444     
        1878   6.3400122245983308        11.920511254556887        9.0581815946286071     
        1879   6.3400710412614592        11.920757148735094        9.0582940947941637     
        1880   6.3416339276152751        11.927293749926037        9.0612729067095259     
        1881   6.3430121301198774        11.933062188435258        9.0639001028035402     
        1882   6.3446277585436883        11.939829456277325        9.0669802199268723     
        1883   6.3450085603253381        11.941425294219849        9.0677065853994634     
        1884   6.3455500308065345        11.943694977855325        9.0687392840331817     
        1885   6.3463275548216824        11.946955209420322        9.0702220878163331     
        1886   6.3471283187267513        11.950314221817873        9.0717493042408286     
        1887   6.3482690611996393        11.955101702177368        9.0739249320693425     
        1888   6.3484358803161172        11.955802041022761        9.0742434685511171     
        1889   6.3491274475453094        11.958706001639332        9.0755627183422547     
        1890   6.3499780671838497        11.962279227768869        9.0771853919329253     
        1891   6.3502145751358778        11.963273006852971        9.0776368895286481     
        1892   6.3503623184243940        11.963893867223687        9.0779190971570287     
        1893   6.3514200088115338        11.968339942005636        9.0799369186609127     
        1894   6.3518185382866195        11.970015803725403        9.0806975294942411     
        1895   6.3540007081966206        11.979198055833040        9.0848608715542483     
        1896   6.3541749590469427        11.979931714349028        9.0851937462425987     
        1897   6.3545114387088120        11.981348597100959        9.0858361503480793     
        1898   6.3545262196740131        11.981410843815299        9.0858647747430012     
        1899   6.3557023293391222        11.986365256430574        9.0881092887024337     
        1900   6.3568666047057691        11.991272719503723        9.0903314480919732     
        1901   6.3570596227300875        11.992086576849710        9.0907002208833205     
        1902   6.3575909903231045        11.994327490309230        9.0917147215695842     
        1903   6.3600281697292180        12.004613428610487        9.0963669294758773     
        1904   6.3639852249413131        12.021340980601218        9.1039221851154686     
        1905   6.3652631920974070        12.026750477499954        9.1063630658583818     
        1906   6.3680648136831994        12.038621740475257        9.1117145255678516     
        1907   6.3691515935454301        12.043231290325096        9.1137910260491068     
        1908   6.3698570053340466        12.046224642143097        9.1151391038978531     
        1909   6.3699391183034981        12.046573151057975        9.1152964064825177     
        1910   6.3703181281516095        12.048181956887243        9.1160209493804025     
        1911   6.3703227974948380        12.048201779065355        9.1160302951724717     
        1912   6.3707442745916820        12.049991217246420        9.1168360023726329     
        1913   6.3708097892037401        12.050269402927270        9.1169616032155680     
        1914   6.3713904716639371        12.052735480954400        9.1180715460431081     
        1915   6.3716692853581645        12.053919823494638        9.1186047239182884     
        1916   6.3717411476717443        12.054225106929669        9.1187424642394816     
        1917   6.3733749807939759        12.061168929626678        9.1218650722857610     
        1918   6.3744238531739832        12.065629709174786        9.1238700796828418     
        1919   6.3744617808994049        12.065791057832563        9.1239429948378898     
        1920   6.3748508968132498        12.067446579595106        9.1246871388141422     
        1921   6.3763829214233381        12.073967887438789        9.1276159732698723     
        1922   6.3765019476777001        12.074474755441344        9.1278439292310054     
        1923   6.3775902091545538        12.079110498577096        9.1299247849050360     
        1924   6.3793391173116287        12.086565850833940        9.1332690112191521     
        1925   6.3804019347723999        12.091099754275549        9.1353017240365126     
        1926   6.3805453446775804        12.091711719620701        9.1355763881979364     
        1927   6.3844584594260452        12.108427309495191        9.1430610618779760     
        1928   6.3861894198534905        12.115832135245867        9.1463729446765463     
        1929   6.3873327310525250        12.120726684041523        9.1485608835665992     
        1930   6.3883170669531744        12.124942959129475        9.1504448268925280     
        1931   6.3888010903192525        12.127016993051697        9.1513714863578919     
        1932   6.3889823088907658        12.127793645138649        9.1517187050621800     
        1933   6.3892177672517390        12.128802861918940        9.1521697288369843     
        1934   6.3893516748146109        12.129376868283121        9.1524264188161553     
        1935   6.3902762000252356        12.133341004864686        9.1541962206532617     
        1936   6.3905182629972970        12.134379222892687        9.1546599359830942     
        1937   6.3905523277745955        12.134525338504165        9.1547255608138904     
        1938   6.3915779177097347        12.138925648572679        9.1566889956468707     
        1939   6.3930789711340559        12.145370134266708        9.1595627959548764     
        1940   6.3943584295638196        12.150867181464168        9.1620127062838961     
        1941   6.3943810753123032        12.150964509004842        9.1620564906304871     
        1942   6.3965396333641502        12.160246843034630        9.1661900342375056     
        1943   6.3979928236907471        12.166501749712399        9.1689734054281864     
        1944   6.3980436267084020        12.166720503985239        9.1690711302250278     
        1945   6.3980625396032655        12.166801943066499        9.1691077797223919     
        1946   6.3981673721103540        12.167253367139129        9.1693089825690564     
        1947   6.3992186038057621        12.171781476830040        9.1713228291219124     
        1948   6.4002387360316328        12.176177981250717        9.1732772866383065     
        1949   6.4007032076362478        12.178180501716929        9.1741674519470813     
        1950   6.4009073022360603        12.179060586320331        9.1745588529684063     
        1951   6.4013442340566433        12.180945010290282        9.1753963109584546     
        1952   6.4020822989970503        12.184129146184791        9.1768107215163432     
        1953   6.4027398583376707        12.186966992610477        9.1780709760257757     
        1954   6.4077793568529655        12.208748235303798        9.1877290284614368     
        1955   6.4089482723937738        12.213808555646475        9.1899701534718794     
        1956   6.4100979206069439        12.218788465392588        9.1921745665190109     
        1957   6.4103145238416017        12.219727054845404        9.1925902690431585     
        1958   6.4107000295517436        12.221397797419748        9.1933298120468372     
        1959   6.4109657860212517        12.222549754035692        9.1938397793008910     
        1960   6.4130592322387256        12.231629646030019        9.1978544086348499     
        1961   6.4135133372619082        12.233600539537253        9.1987256842745779     
        1962   6.4141406398512313        12.236323907057251        9.1999291607623732     
        1963   6.4143006129020641        12.237018555502489        9.2002363986584328     
        1964   6.4144725785268450        12.237765343695706        9.2005666415819825     
        1965   6.4147608943244228        12.239017551278284        9.2011200438845293     
        1966   6.4153108484835384        12.241406623414250        9.2021752915093344     
        1967   6.4153383026708584        12.241525905912992        9.2022283799397826     
        1968   6.4164218379489650        12.246234996032676        9.2043071940660006     
        1969   6.4169095086608445        12.248355302229502        9.2052431137044302     
        1970   6.4182093678028176        12.254009497199299        9.2077372327843143     
        1971   6.4185456996510188        12.255473115941561        9.2083829377644548     
        1972   6.4188867835176868        12.256957676672968        9.2090377790606581     
        1973   6.4196080975334695        12.260098052857055        9.2104222023021158     
        1974   6.4198307740676688        12.261067756123914        9.2108499018722299     
        1975   6.4206187622197932        12.264500163282674        9.2123623816927633     
        1976   6.4209857412139337        12.266099174192249        9.2130670335059648     
        1977   6.4224389706075531        12.272434239963010        9.2158563867545453     
        1978   6.4226057725483061        12.273161688202116        9.2161769528062649     
        1979   6.4238311738647305        12.278507794571283        9.2185293835216946     
        1980   6.4248954395427305        12.283153692667568        9.2205727378488440     
        1981   6.4249330868439491        12.283318083964778        9.2206454383873044     
        1982   6.4257417970452053        12.286850193913844        9.2221983693630492     
        1983   6.4259246859570283        12.287649184256297        9.2225499115041103     
        1984   6.4263102086827795        12.289333675861997        9.2232904895603376     
        1985   6.4263265178092048        12.289404943984573        9.2233222321695436     
        1986   6.4269080223630253        12.291946418852140        9.2244391150482947     
        1987   6.4280950674248141        12.297136825379981        9.2267187720328323     
        1988   6.4289165792153380        12.300730815461188        9.2282967118603807     
        1989   6.4301842390063637        12.306279678753505        9.2307315880957006     
        1990   6.4305391773006990        12.307833994574874        9.2314136995863088     
        1991   6.4306364540074918        12.308260031138714        9.2316009603622575     
        1992   6.4326940037531930        12.317276456358869        9.2355534847435550     
        1993   6.4340072814318550        12.323036498445724        9.2380767973237852     
        1994   6.4345840221304851        12.325567344572811        9.2391852714011904     
        1995   6.4345898786305042        12.325593047933499        9.2391969551417787     
        1996   6.4351806650511403        12.328186334491376        9.2403324721063562     
        1997   6.4361876178207371        12.332608264886419        9.2422677084215792     
        1998   6.4367512869195282        12.335084584993186        9.2433512733043273     
        1999   6.4384886262002627        12.342721724357835        9.2466904669010823     
        2000   6.4395822705012176        12.347532848384798        9.2487928864262479     
        2001   6.4401502562431983        12.350032608886192        9.2498850674742350     
        2002   6.4413037746017299        12.355111664399836        9.2521028899994526     
        2003   6.4421367477227207        12.358781253260714        9.2537046713190243     
        2004   6.4423337273526347        12.359649265764189        9.2540838043027946     
        2005   6.4428930511737148        12.362114480951632        9.2551595919620340     
        2006   6.4453940684107174        12.373146623966138        9.2599691126361670     
        2007   6.4463091393515892        12.377186711148026        9.2617293525252222     
        2008   6.4466379689604629        12.378638989991707        9.2623622041610822     
        2009   6.4467288526370288        12.379040423190649        9.2625374317456348     
        2010   6.4468084243897446        12.379391907499970        9.2626909045259715     
        2011   6.4471595152398189        12.380942922876804        9.2633665998025485     
        2012   6.4480140060372229        12.384719016825899        9.2650105828814269     
        2013   6.4488876324784217        12.388581443190716        9.2666914977150086     
        2014   6.4491198015320768        12.389608196658617        9.2671385459595648     
        2015   6.4497236329969718        12.392279196980100        9.2683005890682182     
        2016   6.4510796347441737        12.398280484327037        9.2709098271027948     
        2017   6.4522357877217882        12.403400712063615        9.2731348190861169     
        2018   6.4535548406397734        12.409246215688578        9.2756735193697359     
        2019   6.4536103657339670        12.409492370178842        9.2757808072264325     
        2020   6.4545268440576535        12.413556363299973        9.2775450085132398     
        2021   6.4555296956068577        12.418005638320492        9.2794755958758941     
        2022   6.4557752550978753        12.419095455543040        9.2799486753953033     
        2023   6.4575947681692432        12.427175077480985        9.2834515647112283     
        2024   6.4576588266785642        12.427459674703289        9.2835753180800396     
        2025   6.4578391038220921        12.428260656754807        9.2839228073542195     
        2026   6.4580827302228769        12.429343225654440        9.2843922600554052     
        2027   6.4603565254493445        12.439453761831061        9.2887705758271508     
        2028   6.4608983841212169        12.441864972618246        9.2898144123124347     
        2029   6.4612702761094365        12.443520254403756        9.2905309897496871     
        2030   6.4626788854754258        12.449792921798794        9.2932441553855476     
        2031   6.4630167703295749        12.451298256590183        9.2938953456385534     
        2032   6.4640062124902000        12.455707955262540        9.2958015234181097     
        2033   6.4645015158787853        12.457916276530533        9.2967560127966102     
        2034   6.4648157396600636        12.459317553760082        9.2973617276006273     
        2035   6.4650740093127812        12.460469480669479        9.2978596720581912     
        2036   6.4653076260839741        12.461511588679041        9.2983101368650694     
        2037   6.4653854088930149        12.461858587929671        9.2984604117597094     
        2038   6.4656176840757809        12.462894883804605        9.2989083042612357     
        2039   6.4680298211269820        12.473664259725187        9.3035560348544237     
        2040   6.4699299698721697        12.482157591889495        9.3072180362912000     
        2041   6.4707488545533405        12.485820533841432        9.3087966394516855     
        2042   6.4709308991876160        12.486635054019798        9.3091479298610409     
        2043   6.4719057146752368        12.490998014646959        9.3110272206907325     
        2044   6.4720508736165581        12.491647894828590        9.3113074490163257     
        2045   6.4723988294339243        12.493205908035655        9.3119785803460218     
        2046   6.4728498361711084        12.495225777451903        9.3128483754668387     
        2047   6.4737517719613562        12.499266637506627        9.3145874815368686     
        2048   6.4741284529155037        12.500954826794617        9.3153140893069093     
        2049   6.4774810890610155        12.515995586069975        9.3217788319718444     
        2050   6.4774988501983497        12.516075339280368        9.3218135194243636     
        2051   6.4800904586620094        12.527720682281858        9.3268121963137745     
        2052   6.4804124284346951        12.529168584423077        9.3274336703996106     
        2053   6.4804630696029220        12.529396341294989        9.3275317891601688     
        2054   6.4828785213927622        12.540266986341534        9.3321918843645726     
        2055   6.4836607698321185        12.543790506436773        9.3337015689427396     
        2056   6.4840240944952345        12.545427554392258        9.3344030290545419     
        2057   6.4855992185233093        12.552528381770601        9.3374428696705500     
        2058   6.4862900021663172        12.555644417882602        9.3387763931567456     
        2059   6.4895319004862388        12.570283789562977        9.3450341632836107     
        2060   6.4928080286525329        12.585103904630230        9.3513597825947805     
        2061   6.4931516681738479        12.586659943990920        9.3520237854954473     
        2062   6.4944414439983920        12.592502790731679        9.3545149436710204     
        2063   6.4962257843484590        12.600592837076910        9.3579616258516403     
        2064   6.4964252626482493        12.601497742884199        9.3583473666172452     
        2065   6.4968512529004983        12.603430517981838        9.3591706483108190     
        2066   6.4979121410322396        12.608245859411715        9.3612204303957149     
        2067   6.5003142202604494        12.619159123093803        9.3658617175079897     
        2068   6.5005587406908676        12.620270844188095        9.3663346274688521     
        2069   6.5007615581843794        12.621193073891595        9.3667269652142906     
        2070   6.5018059005459374        12.625943410639847        9.3687454657536939     
        2071   6.5020245623183683        12.626938367112432        9.3691684648788538     
        2072   6.5022239981189616        12.627845945016690        9.3695543171770517     
        2073   6.5027488939109928        12.630235075048960        9.3705691576596806     
        2074   6.5033068274399799        12.632775331749887        9.3716478965473335     
        2075   6.5044834377433736        12.638134947295514        9.3739225014492007     
        2076   6.5051824762124122        12.641320793062018        9.3752741598442846     
        2077   6.5064196381258110        12.646962106389012        9.3776661932584808     
        2078   6.5071848223727793        12.650453169292982        9.3791459609757553     
        2079   6.5094153465119513        12.660638025926804        9.3834592221236655     
        2080   6.5097929563275141        12.662363473024117        9.3841898706512872     
        2081   6.5104371377809631        12.665307815150644        9.3854360607051888     
        2082   6.5107672221803599        12.666816925866808        9.3860748614280780     
        2083   6.5110839399705887        12.668265182828609        9.3866878292040141     
        2084   6.5145762211451128        12.684251064575330        9.3934433967507580     
        2085   6.5152472784477133        12.687326338128289        9.3947420984921770     
        2086   6.5159648929539085        12.690616226911818        9.3961309553805705     
        2087   6.5188237335356698        12.703735430949202        9.4016634362445473     
        2088   6.5196311920527812        12.707444597352225        9.4032266088178886     
        2089   6.5222532200498353        12.719500623799116        9.4083023957702849     
        2090   6.5222949600715214        12.719692684598538        9.4083836412677826     
        2091   6.5237653186094180        12.726461157163362        9.4112307048014792     
        2092   6.5247520766583511        12.731006565694255        9.4131417179386396     
        2093   6.5249663374311062        12.731993865579703        9.4135570355044678     
        2094   6.5256522136336015        12.735155125853645        9.4148855986248279     
        2095   6.5261616089560528        12.737503747437454        9.4158724776104528     
        2096   6.5266518258318680        12.739764569925216        9.4168222588020249     
        2097   6.5269891614707021        12.741320678491411        9.4174759982876672     
        2098   6.5319119899229188        12.764062507140105        9.4270123411900961     
        2099   6.5322769439110600        12.765750946721937        9.4277198895235976     
        2100   6.5327531125488960        12.767954429256575        9.4286429518839689     
        2101   6.5337473986047625        12.772557392738149        9.4305700352975173     
        2102   6.5338183729500727        12.772886059728547        9.4307080126720031     
        2103   6.5348025926083428        12.777445106892269        9.4326157648125886     
        2104   6.5355904473509838        12.781096361742067        9.4341431002033360     
        2105   6.5366273783718656        12.785904381975680        9.4361533129575399     
        2106   6.5383491204353232        12.793893851996655        9.4394912165833418     
        2107   6.5384121363251779        12.794186412559005        9.4396138209972769     
        2108   6.5384561401630457        12.794390712956522        9.4396995696270878     
        2109   6.5391919254721564        12.797807548872251        9.4411264389811826     
        2110   6.5400025987082566        12.801573771770711        9.4426985942003583     
        2111   6.5422300396061326        12.811930781111963        9.4470181058975520     
        2112   6.5423921927457531        12.812685253078394        9.4473330017461059     
        2113   6.5426573351057797        12.813919064178164        9.4478476265228188     
        2114   6.5428302826930764        12.814723955392978        9.4481834678189784     
        2115   6.5430892161752938        12.815929166900446        9.4486860708453229     
        2116   6.5444056868105882        12.822059405374535        9.4512397661503478     
        2117   6.5447491193706400        12.823659365283424        9.4519063342537919     
        2118   6.5447879205185204        12.823840148708296        9.4519820388758120     
        2119   6.5448839078948140        12.824287392706895        9.4521686651388990     
        2120   6.5465080699532532        12.831858661950045        9.4553196470932832     
        2121   6.5467071013567582        12.832786949291988        9.4557062017251603     
        2122   6.5474242275129049        12.836132501023096        9.4570978866159052     
        2123   6.5479939361900978        12.838791275374506        9.4582036397921456     
        2124   6.5510706378116428        12.853164618457997        9.4641742208636437     
        2125   6.5515863677326971        12.855576367823234        9.4651755607690049     
        2126   6.5518421063970322        12.856772558057765        9.4656723433016694     
        2127   6.5534732499883592        12.864406100446166        9.4688387673732244     
        2128   6.5547833182524613        12.870542118963739        9.4713823205342607     
        2129   6.5571222276203942        12.881508207509688        9.4759237762768755     
        2130   6.5578344780559990        12.884850496126484        9.4773072434589523     
        2131   6.5580120090834058        12.885683782540708        9.4776524257624928     
        2132   6.5581701344910108        12.886426053976358        9.4779599299781907     
        2133   6.5581855037415346        12.886498203754840        9.4779902212244238     
        2134   6.5582381786617177        12.886745486903582        9.4780929558978428     
        2135   6.5583703502411979        12.887366000537897        9.4783500660317088     
        2136   6.5601491630026363        12.895721595193114        9.4818050745506000     
        2137   6.5608479607154342        12.899006342288976        9.4831627732117134     
        2138   6.5627369361100794        12.907892087994453        9.4868325247920673     
        2139   6.5646808930700313        12.917046370364982        9.4906097006106336     
        2140   6.5665207775208438        12.925719837957917        9.4941852663811162     
        2141   6.5680298595182620        12.932840602353119        9.4971184657751841     
        2142   6.5708892708410342        12.946349749863931        9.5026769425429656     
        2143   6.5716997294065553        12.950182707916916        9.5042529815506249     
        2144   6.5717907212931967        12.950613152273075        9.5044303309631744     
        2145   6.5723340308689231        12.953183784257531        9.5054870824827873     
        2146   6.5725929673104027        12.954409203343543        9.5059909724439144     
        2147   6.5727228068793950        12.955023738135171        9.5062438675078411     
        2148   6.5728222214891616        12.955494301266800        9.5064376091761140     
        2149   6.5738594642175503        12.960405509114896        9.5084548890236356     
        2150   6.5750778569481989        12.966178137600998        9.5108246300774333     
        2151   6.5764172966478753        12.972528892926928        9.5134300465928661     
        2152   6.5773415002607569        12.976913691272150        9.5152280790843058     
        2153   6.5799127168976872        12.989124742355150        9.5202303190712705     
        2154   6.5799727567568018        12.989410093558908        9.5203475764522878     
        2155   6.5800312895633937        12.989688291606567        9.5204619024198323     
        2156   6.5804577421082850        12.991715439855605        9.5212920452590843     
        2157   6.5817130829450337        12.997685584310958        9.5237350270690655     
        2158   6.5826062285780385        13.001935807978890        9.5254734416781339     
        2159   6.5832661485126680        13.005077570639903        9.5267581099345691     
        2160   6.5841154584393884        13.009122729662726        9.5284114428832467     
        2161   6.5842782884122828        13.009898493223034        9.5287287971572532     
        2162   6.5851290248265730        13.013952793431143        9.5303850506985057     
        2163   6.5862298786310847        13.019201991416779        9.5325282924679371     
        2164   6.5863031542097392        13.019551508541623        9.5326713785608916     
        2165   6.5869553379187611        13.022663005152022        9.5339413957471706     
        2166   6.5887415374573424        13.031190719276179        9.5374193000523135     
        2167   6.5887956216857049        13.031449065585218        9.5375250515863037     
        2168   6.5896825263585193        13.035686721760701        9.5392523743088979     
        2169   6.5922062304202242        13.047756856284787        9.5441673950636954     
        2170   6.5929807108034133        13.051464476757886        9.5456762543461764     
        2171   6.5936163932942478        13.054508872052466        9.5469148604143719     
        2172   6.5937338612541403        13.055071568552158        9.5471441171698324     
        2173   6.5953568690543296        13.062850012551396        9.5503061337043071     
        2174   6.5954808580692355        13.063444542214190        9.5505481287345297     
        2175   6.5958274272364799        13.065106572912232        9.5512237489188045     
        2176   6.5974847404719146        13.073059083091263        9.5544531776654615     
        2177   6.5975599881276130        13.073420334261751        9.5546002457486665     
        2178   6.5980788947983893        13.075911943197578        9.5556117943039034     
        2179   6.5982040458509967        13.076512986443829        9.5558561105297031     
        2180   6.5987782909274957        13.079271378746631        9.5569755515910124     
        2181   6.5996515057652916        13.083467626074924        9.5586776796621287     
        2182   6.6006129296713851        13.088090208725850        9.5605518530296614     
        2183   6.6006777902423517        13.088402154512050        9.5606787165394316     
        2184   6.6012263985309847        13.091041143716433        9.5617484275610387     
        2185   6.6013762677939738        13.091762210312876        9.5620409886840321     
        2186   6.6023954192508683        13.096667313343044        9.5640279672555764     
        2187   6.6029714231428800        13.099440856411897        9.5651512407753714     
        2188   6.6032369017652517        13.100719485685961        9.5656692164763015     
        2189   6.6036691100036027        13.102801557476631        9.5665122404958787     
        2190   6.6041206467013689        13.104977295794521        9.5673929780765121     
        2191   6.6043532261641280        13.106098206132772        9.5678468644005505     
        2192   6.6055336728112533        13.111789662109683        9.5701488445234304     
        2193   6.6067658040995960        13.117734461680659        9.5725518439484532     
        2194   6.6070372319309225        13.119044619652438        9.5730815902567485     
        2195   6.6073842054340899        13.120719729866243        9.5737586715408405     
        2196   6.6076262053040642        13.121888250289086        9.5742310567698716     
        2197   6.6079508383580645        13.123456030626281        9.5748646036911076     
        2198   6.6082804022336994        13.125047925598585        9.5755077847525207     
        2199   6.6083762321877764        13.125510870850917        9.5756951315845278     
        2200   6.6086944825921687        13.127048492369875        9.5763162711005130     
        2201   6.6094606118054813        13.130751196875980        9.5778109838548140     
        2202   6.6096590971759763        13.131710745583801        9.5781985783701558     
        2203   6.6111927571074913        13.139128729354281        9.5811906323167548     
        2204   6.6112558485310773        13.139434030475666        9.5813141608992538     
        2205   6.6118365694589647        13.142244680310270        9.5824474933926709     
        2206   6.6122372182636910        13.144184346071052        9.5832295711395510     
        2207   6.6128264786791942        13.147037960001500        9.5843796601190121     
        2208   6.6132380196914511        13.149031511123892        9.5851830562735785     
        2209   6.6136955207636907        13.151248257883154        9.5860761569400097     
        2210   6.6145522312190339        13.155400895188551        9.5877482651255725     
        2211   6.6169241238191612        13.166908713570676        9.5923775135565421     
        2212   6.6169613276621497        13.167089343782020        9.5924505779422837     
        2213   6.6177965901486813        13.171145698870644        9.5940812920478393     
        2214   6.6190379814365290        13.177178021544934        9.5965049026237565     
        2215   6.6207515198993061        13.185511840621524        9.5998505546540365     
        2216   6.6211433870957181        13.187418863881051        9.6006160869213595     
        2217   6.6212250320895807        13.187816244506802        9.6007759466459532     
        2218   6.6234316720370243        13.198563534776520        9.6050851407304236     
        2219   6.6244356633168087        13.203457997834022        9.6070462832910160     
        2220   6.6245833295610224        13.204178114151855        9.6073351278448094     
        2221   6.6249507404056791        13.205970117651050        9.6080531475319049     
        2222   6.6255694728790635        13.208988784224392        9.6092620581994836     
        2223   6.6277675601486141        13.219721644405690        9.6135561529056659     
        2224   6.6293586671664322        13.227499364127448        9.6166651066915456     
        2225   6.6294486177085936        13.227939281214599        9.6168413074232788     
        2226   6.6301546643437650        13.231393118650523        9.6182212913021239     
        2227   6.6311326528136796        13.236179606494705        9.6201327548335946     
        2228   6.6318916838196547        13.239896364792870        9.6216164817988208     
        2229   6.6319915747177021        13.240385625482295        9.6218121469558398     
        2230   6.6325169823978172        13.242959519373496        9.6228394007428477     
        2231   6.6332677948433654        13.246639017891315        9.6243072413694719     
        2232   6.6333500179997280        13.247042066752977        9.6244683985853783     
        2233   6.6353838417663047        13.257017856679372        9.6284442567311572     
        2234   6.6374529261760031        13.267178867233445        9.6324897493889026     
        2235   6.6381036791886023        13.270377195371237        9.6337625682383994     
        2236   6.6381944306319234        13.270823319117950        9.6339404679902181     
        2237   6.6382565410256795        13.271128660497938        9.6340623672897543     
        2238   6.6388151054949054        13.273875126383777        9.6351550086520774     
        2239   6.6401516202342679        13.280450456326946        9.6377690235353164     
        2240   6.6403739648003510        13.281544841457151        9.6382043037836809     
        2241   6.6413336552101558        13.286270109612165        9.6400816582656255     
        2242   6.6438586060787062        13.298715130202773        9.6450209839581831     
        2243   6.6439559788503546        13.299195435154280        9.6452119250534167     
        2244   6.6440824392463282        13.299819260247441        9.6454597710973324     
        2245   6.6443139562939866        13.300961447466960        9.6459131427818470     
        2246   6.6446784064838171        13.302759776368278        9.6466265892012686     
        2247   6.6456606481594473        13.307608444950390        9.6485487601442586     
        2248   6.6464615787667150        13.311564191501732        9.6501163235521972     
        2249   6.6479898226445444        13.319117306825913        9.6531072528200319     
        2250   6.6482487035458622        13.320397465054135        9.6536143271757275     
        2251   6.6489972465266618        13.324100094230118        9.6550797108323785     
        2252   6.6512943761381891        13.335473008889474        9.6595763250482740     
        2253   6.6529132676904057        13.343497352200609        9.6627459606009829     
        2254   6.6529802081808658        13.343829321863268        9.6628774713283363     
        2255   6.6557927668032661        13.357789258702725        9.6683849349318329     
        2256   6.6560220602651459        13.358928372305270        9.6688344088373412     
        2257   6.6560624916054634        13.359129248476775        9.6689140422850102     
        2258   6.6565288648750904        13.361446694111949        9.6698278109018396     
        2259   6.6578749267296145        13.368138998472400        9.6724645020956714     
        2260   6.6581243665181491        13.369379745160744        9.6729535157001720     
        2261   6.6590497977831085        13.373984578109878        9.6747666263012349     
        2262   6.6590961402248317        13.374215239354857        9.6748578593156012     
        2263   6.6617525166136060        13.387447562525258        9.6800622122163134     
        2264   6.6635444748240813        13.396385804407643        9.6835738222271637     
        2265   6.6640355513126268        13.398836955980624        9.6845365869533495     
        2266   6.6644310319994879        13.400811476398525        9.6853120530392154     
        2267   6.6653526528189868        13.405414678277129        9.6871186770250723     
        2268   6.6667592544021081        13.412445109835561        9.6898760274112377     
        2269   6.6681301395059798        13.419302736393236        9.6925636947622174     
        2270   6.6693559873881707        13.425439621096924        9.6949673278004624     
        2271   6.6701268942812799        13.429301279522571        9.6964792158400037     
        2272   6.6715102209293802        13.436235185835475        9.6991920558401823     
        2273   6.6716480068063619        13.436926151759128        9.6994626986411419     
        2274   6.6732772226121844        13.445100658118438        9.7026581203383060     
        2275   6.6767001404878137        13.462301137620829        9.7093725225753182     
        2276   6.6767372326322940        13.462487723666515        9.7094457482296121     
        2277   6.6774139096247263        13.465892371563678        9.7107737255071562     
        2278   6.6774550379317823        13.466099350304731        9.7108548741729024     
        2279   6.6793550078330428        13.475666582142784        9.7145831549194526     
        2280   6.6794817301821663        13.476305078984517        9.7148322712240613     
        2281   6.6813777611111611        13.485864171338418        9.7185534692345215     
        2282   6.6816513225133702        13.487244273176797        9.7190908116074901     
        2283   6.6820625140904895        13.489319141550714        9.7198982858422092     
        2284   6.6830039334710589        13.494071480105895        9.7217465041983964     
        2285   6.6838089952564967        13.498137628650925        9.7233272068993344     
        2286   6.6839794293434984        13.498998699491828        9.7236622237244461     
        2287   6.6847847343602469        13.503068483033864        9.7252435361306979     
        2288   6.6857279296842274        13.507837653727224        9.7270956724859374     
        2289   6.6864788954396666        13.511636787912259        9.7285705319685256     
        2290   6.6867134488260795        13.512823748057080        9.7290315196489274     
        2291   6.6870178809827152        13.514364582696112        9.7296297225077986     
        2292   6.6872556308662432        13.515568113841873        9.7300970079464797     
        2293   6.6880761502350756        13.519723060795155        9.7317086404711475     
        2294   6.6881458617098071        13.520076161341953        9.7318459922756979     
        2295   6.6883457941733981        13.521088936473030        9.7322390602552638     
        2296   6.6885077684153904        13.521909521220945        9.7325575947422571     
        2297   6.6887117064894985        13.522942815692339        9.7329585410665054     
        2298   6.6897401686327838        13.528155685230436        9.7349787601066318     
        2299   6.6907518563366368        13.533286715247851        9.7369662101724650     
        2300   6.6913453506472491        13.536298242686016        9.7381323945870157     
        2301   6.6920341183058500        13.539794574078279        9.7394857862916986     
        2302   6.6920521795532437        13.539886276558839        9.7395217262811045     
        2303   6.6921103676625631        13.540181722260783        9.7396364892883547     
        2304   6.6922896303914712        13.541091980987686        9.7399890879067179     
        2305   6.6938457016287760        13.548997566259040        9.7430464646671666     
        2306   6.6942694033941539        13.551151473358445        9.7438793627720557     
        2307   6.6945896952902979        13.552780061275204        9.7445091141968057     
        2308   6.6954068783738290        13.556936633865865        9.7461152046650525     
        2309   6.6963867129106136        13.561923262120406        9.7480410263510784     
        2310   6.6965790323981071        13.562902375539483        9.7484194122708274     
        2311   6.6967291411225958        13.563666670636708        9.7487148548852574     
        2312   6.6973972147011640        13.567069091301160        9.7500282024422056     
        2313   6.6997112763998894        13.578865088134775        9.7545767948864821     
        2314   6.6999517609830992        13.580091923633425        9.7550499651274656     
        2315   6.7005875404661852        13.583336231860052        9.7563001923658099     
        2316   6.7008872161857527        13.584865880046006        9.7568897572627904     
        2317   6.7019077341336590        13.590077062634172        9.7588964665746403     
        2318   6.7028801752698604        13.595045779274962        9.7608088243949034     
        2319   6.7034655733750199        13.598038317291749        9.7619603023284043     
        2320   6.7035672214685187        13.598558048894457        9.7621606325835693     
        2321   6.7044686380815488        13.603168454340162        9.7639335972827439     
        2322   6.7046193192183212        13.603939380317501        9.7642303657703202     
        2323   6.7046572180114872        13.604133292151689        9.7643053551852255     
        2324   6.7050392894230120        13.606088439417590        9.7650571583424615     
        2325   6.7051677821844438        13.606746069511054        9.7653103069066027     
        2326   6.7061179705585001        13.611610775765449        9.7671794342195994     
        2327   6.7067596610555311        13.614897663961091        9.7684419480100182     
        2328   6.7079203974378920        13.620846521610716        9.7707254760846745     
        2329   6.7080154843228517        13.621334036995751        9.7709129770451781     
        2330   6.7081288452082113        13.621915281398907        9.7711364252670236     
        2331   6.7088105760343248        13.625411630075357        9.7724779220876705     
        2332   6.7089952491252394        13.626359003544984        9.7728416697650999     
        2333   6.7093224758940071        13.628037942320448        9.7734858594345724     
        2334   6.7110300207351683        13.636804524724454        9.7768457266804454     
        2335   6.7117220584703086        13.640360093482380        9.7782078372124879     
        2336   6.7136418832553844        13.650231766462657        9.7819861516891820     
        2337   6.7160647831720768        13.662706949681475        9.7867553084418404     
        2338   6.7172164506522254        13.668643284037650        9.7890228033605560     
        2339   6.7182666976479375        13.674060529912202        9.7910908492885973     
        2340   6.7189477799675661        13.677575482431051        9.7924322341793264     
        2341   6.7197245905906122        13.681586283434701        9.7939621851545766     
        2342   6.7200771921704243        13.683407460547659        9.7946569316196701     
        2343   6.7213572462615199        13.690022250576627        9.7971780319430053     
        2344   6.7215388922975112        13.690961347707709        9.7975362100852585     
        2345   6.7216006575201188        13.691280693642655        9.7976583098754482     
        2346   6.7219003668473114        13.692830460411193        9.7982490037553127     
        2347   6.7224354244109383        13.695597905982606        9.7993032153600694     
        2348   6.7227362062017839        13.697154024908208        9.7998960637155612     
        2349   6.7244315795821015        13.705930615310820        9.8032358146602689     
        2350   6.7259703505986366        13.713904518353532        9.8062675336974650     
        2351   6.7266794315449401        13.717581541618326        9.8076649653096872     
        2352   6.7274035415413769        13.721338174959708        9.8090920932851091     
        2353   6.7282387104506238        13.725673078415223        9.8107381425067786     
        2354   6.7282786993105930        13.725880695221713        9.8108174038154488     
        2355   6.7297840542531073        13.733700061279366        9.8137842679010134     
        2356   6.7304713724271448        13.737272685357764        9.8151392653689342     
        2357   6.7311663553023013        13.740886707956022        9.8165094490644442     
        2358   6.7339384150751922        13.755317477971952        9.8219740809850649     
        2359   6.7342466994512220        13.756923887883152        9.8225823045561995     
        2360   6.7344071119141686        13.757759888525005        9.8228990173363364     
        2361   6.7346065081441893        13.758799172694776        9.8232925909802731     
        2362   6.7348643559088925        13.760143307560146        9.8238014110103293     
        2363   6.7355598854269836        13.763770115600101        9.8251731875693871     
        2364   6.7372393127693577        13.772533928101140        9.8284851587371662     
        2365   6.7382263210366524        13.777688769990059        9.8304320360124784     
        2366   6.7389440535140039        13.781439270361403        9.8318479964871628     
        2367   6.7390895316513673        13.782199669985115        9.8321353824636510     
        2368   6.7398074233826799        13.785953034356559        9.8335517616172616     
        2369   6.7401784041653281        13.787893301612559        9.8342839556340671     
        2370   6.7415074610852699        13.794848115232096        9.8369060604675234     
        2371   6.7415703387440331        13.795177291179163        9.8370305649517995     
        2372   6.7422540661800401        13.798757567996518        9.8383798455004126     
        2373   6.7428427086345586        13.801841173603588        9.8395416117992518     
        2374   6.7432693327934388        13.804076759171066        9.8403837781429147     
        2375   6.7447353469801996        13.811763505762906        9.8432768200127292     
        2376   6.7451545649955769        13.813962894275187        9.8441045083061240     
        2377   6.7452114066670017        13.814261153536998        9.8442171411275012     
        2378   6.7458214070045557        13.817462615645931        9.8454213488113531     
        2379   6.7467926097091642        13.822562313885308        9.8473384621256237     
        2380   6.7468620696668742        13.822927161499061        9.8474760138984010     
        2381   6.7479516804744986        13.828652578027631        9.8496270050153818     
        2382   6.7481631225193670        13.829764067100388        9.8500448115038708     
        2383   6.7500831402167636        13.839863830309447        9.8538353006587478     
        2384   6.7506491249473868        13.842843386057856        9.8549531139304989     
        2385   6.7514411539602559        13.847014712942432        9.8565172656991109     
        2386   6.7520079102924599        13.850000893236395        9.8576367322534146     
        2387   6.7532110957048097        13.856343901696963        9.8600129375157373     
        2388   6.7538720020193113        13.859830153637915        9.8613184955876072     
        2389   6.7539285335843253        13.860128422896944        9.8614306006299408     
        2390   6.7545016232797703        13.863152735384665        9.8625628127782186     
        2391   6.7552679393871458        13.867198459312734        9.8640766969960403     
        2392   6.7559847054420823        13.870984365027502        9.8654928134376263     
        2393   6.7572183838615736        13.877504594472573        9.8679300596179083     
        2394   6.7572193167523089        13.877509526911684        9.8679323717236613     
        2395   6.7586261835514412        13.884951326384762        9.8707120154978654     
        2396   6.7596400601056992        13.890318477719729        9.8727155396333828     
        2397   6.7597450104335417        13.890874250029892        9.8729233631979945     
        2398   6.7598040818209428        13.891187083283070        9.8730405430146924     
        2399   6.7607010090026876        13.895938519269782        9.8748131869475770     
        2400   6.7615337299407887        13.900352251737559        9.8764590919717570     
        2401   6.7629740290195031        13.907991898465218        9.8793058321336815     
        2402   6.7635372175538393        13.910981073685369        9.8804193514874719     
        2403   6.7651149921276019        13.919360972165260        9.8835383179974308     
        2404   6.7679400512699504        13.934386550606639        9.8891236117523356     
        2405   6.7681360202159340        13.935429851763095        9.8895115408488117     
        2406   6.7695217853539855        13.942811129968428        9.8922520511844176     
        2407   6.7695391963014062        13.942903910983096        9.8922869503057278     
        2408   6.7706956596697809        13.949068890631855        9.8945743195423397     
        2409   6.7723081081934797        13.957672297182107        9.8977637732328319     
        2410   6.7730039396061770        13.961387731887523        9.8991405444055296     
        2411   6.7738601077583853        13.965961568734915        9.9008345613337596     
        2412   6.7743348885377781        13.968499033595601        9.9017742273984979     
        2413   6.7771147115803583        13.983371317242476        9.9072744111222057     
        2414   6.7771912030136958        13.983780928209844        9.9074262349772013     
        2415   6.7779685204753992        13.987944598827641        9.9089648259118910     
        2416   6.7781543505952673        13.988940298798440        9.9093330247439120     
        2417   6.7786569034024859        13.991633632817434        9.9103279945219391     
        2418   6.7794621996707143        13.995951277372553        9.9119221500228498     
        2419   6.7800545777495707        13.999128776846170        9.9130950098295827     
        2420   6.7803937882907466        14.000948838394734        9.9137668472434655     
        2421   6.7805912543407745        14.002008541518055        9.9141581530224521     
        2422   6.7807507422121747        14.002864532828223        9.9144742955221048     
        2423   6.7808514385455894        14.003405027902623        9.9146740756331546     
        2424   6.7811859303053561        14.005200689028396        9.9153366186518710     
        2425   6.7815321296390225        14.007059607807635        9.9160223548139150     
        2426   6.7831413992283016        14.015706035576656        9.9192084670211074     
        2427   6.7831486276949677        14.015744893575748        9.9192232496078532     
        2428   6.7839882785603578        14.020259830080551        9.9208860329976005     
        2429   6.7841620604800399        14.021194588765463        9.9212305676857930     
        2430   6.7842163914977309        14.021486852367243        9.9213386085674884     
        2431   6.7847653983649368        14.024440707913323        9.9224260710008352     
        2432   6.7861821087184753        14.032067962629656        9.9252317524563658     
        2433   6.7872540029560184        14.037843446417337        9.9273548936659424     
        2434   6.7907323257923187        14.056612648710871        9.9342448136888066     
        2435   6.7915992613316893        14.061297264435774        9.9359627277188451     
        2436   6.7924622205515703        14.065963010375198        9.9376728906801510     
        2437   6.7927280342663048        14.067400706972938        9.9382000180869170     
        2438   6.7930378475969384        14.069076695711198        9.9388143365646329     
        2439   6.7935841054240305        14.072032593161538        9.9398971710349748     
        2440   6.7936250434358936        14.072254158202304        9.9399787617532276     
        2441   6.7938058804450749        14.073232956225899        9.9403375601185679     
        2442   6.7948385585444671        14.078824631441622        9.9423843693078311     
        2443   6.7960724827997838        14.085510924448160        9.9448302004909372     
        2444   6.7963235916692035        14.086872270918436        9.9453283466775382     
        2445   6.7966076990658939        14.088412781809740        9.9458919054692387     
        2446   6.7972867596441411        14.092095995078829        9.9472382944116795     
        2447   6.7978350337949287        14.095071013215724        9.9483255183605372     
        2448   6.7982195305481339        14.097157984283971        9.9490881448410704     
        2449   6.7986680428864936        14.099593079685116        9.9499776951088172     
        2450   6.7988824011560585        14.100757140352407        9.9504030990454595     
        2451   6.7989079653467552        14.100895976121949        9.9504542506485620     
        2452   6.8031850275482029        14.124156767613286        9.9589349315586020     
        2453   6.8036766002387257        14.126834349134793        9.9599102543056119     
        2454   6.8040404588355825        14.128816830100865        9.9606323309815892     
        2455   6.8040407957959843        14.128818666245808        9.9606334741926759     
        2456   6.8052918501585697        14.135638629321820        9.9631152021185834     
        2457   6.8053876305699568        14.136160994087852        9.9633056522284456     
        2458   6.8054282938665178        14.136382772439967        9.9633867811473813     
        2459   6.8087385067572637        14.154456558973436        9.9699538516583459     
        2460   6.8089927414029257        14.155846304277798        9.9704587387087535     
        2461   6.8106431904267177        14.164873940053614        9.9737340358214439     
        2462   6.8114627971675743        14.169360666629762        9.9753609467004871     
        2463   6.8145418872463814        14.186237971861509        9.9814726119730643     
        2464   6.8164844916121829        14.196903511098844        9.9853294750735664     
        2465   6.8179264496087582        14.204829172668472        9.9881928862567726     
        2466   6.8180426340921754        14.205468104072926        9.9884240565973315     
        2467   6.8186057350349802        14.208565450014699        9.9895426482557959     
        2468   6.8200969042042603        14.216773215618876        9.9925043072463033     
        2469   6.8207275610722284        14.220246941673627        9.9937572635450991     
        2470   6.8211580069562494        14.222618715748611        9.9946126411662171     
        2471   6.8215652709219894        14.224863378179810        9.9954220065213732     
        2472   6.8221073188912786        14.227851849800087        9.9964991170498045     
        2473   6.8232373806517996        14.234085664619325        9.9987443197842474     
        2474   6.8241985305284674        14.239391374858494        10.000654170443919     
        2475   6.8259166541365772        14.248884133009502        10.004068177642800     
        2476   6.8259173737545638        14.248888111217694        10.004070085037572     
        2477   6.8263209149907951        14.251119276064443        10.004872381866814     
        2478   6.8264122210899458        14.251624187055388        10.005054284642284     
        2479   6.8267122669381193        14.253283617502982        10.005650963113499     
        2480   6.8271414513556117        14.255657834910847        10.006504270639205     
        2481   6.8274911519690367        14.257592853861540        10.007199659463208     
        2482   6.8278389673349711        14.259517886853578        10.007891322574654     
        2483   6.8280762719545898        14.260831537846117        10.008363388411496     
        2484   6.8285454197174564        14.263429216191936        10.009296216944932     
        2485   6.8286530791456821        14.264025442343025        10.009510654733738     
        2486   6.8294776113655340        14.268593179848152        10.011149854294082     
        2487   6.8305668717455834        14.274631297546298        10.013315365951776     
        2488   6.8316874825056928        14.280847769530652        10.015543399852788     
        2489   6.8321342894072439        14.283327678167659        10.016432102411990     
        2490   6.8329363014703519        14.287780931150026        10.018027015529150     
        2491   6.8335132548846493        14.290985995658433        10.019174569709442     
        2492   6.8343386517703797        14.295573345931469        10.020816167320696     
        2493   6.8356585580396043        14.302914308061826        10.023441227177774     
        2494   6.8358801756720187        14.304147519770801        10.023882412706662     
        2495   6.8365148101784339        14.307680011802237        10.025144965827113     
        2496   6.8369936086195251        14.310346083092357        10.026097658687451     
        2497   6.8372417168757345        14.311727948445023        10.026591580028505     
        2498   6.8377652228931041        14.314644423005499        10.027633251928510     
        2499   6.8380763346352902        14.316378123573951        10.028252518208653     
        2500   6.8383224650510064        14.317749964949929        10.028742551201724     
        2501   6.8383923286007162        14.318139400106674        10.028881990895346     
        2502   6.8392157667219848        14.322730801480633        10.030520374605089     
        2503   6.8394044490710098        14.323783230066065        10.030896178890650     
        2504   6.8396163634739118        14.324965400420904        10.031318203369818     
        2505   6.8407208539565625        14.331129547404091        10.033515885016627     
        2506   6.8412678774392433        14.334184167503926        10.034604654227298     
        2507   6.8413384449507531        14.334578303324191        10.034745529676528     
        2508   6.8425835075471220        14.341535332617243        10.037223234537997     
        2509   6.8436454472604185        14.347473720151243        10.039336798459878     
        2510   6.8437440318642269        14.348025221894313        10.039533454903246     
        2511   6.8438981812009869        14.348887636886573        10.039840684748459     
        2512   6.8442081426453534        14.350622039741035        10.040457985768292     
        2513   6.8445517758038541        14.352545276171709        10.041142312344682     
        2514   6.8452416218319643        14.356407527529681        10.042515679891817     
        2515   6.8455338964948211        14.358044430108732        10.043097850560706     
        2516   6.8455484513229754        14.358125953741839        10.043127298175726     
        2517   6.8455593967733579        14.358187261269403        10.043149562268209     
        2518   6.8470380411345850        14.366473575502889        10.046093097460037     
        2519   6.8475009801744715        14.369069577711809        10.047015075495903     
        2520   6.8475729500625153        14.369473232625896        10.047158817750439     
        2521   6.8480037952631685        14.371890107525280        10.048016949715681     
        2522   6.8483216851959954        14.373673796566088        10.048650250168091     
        2523   6.8488214776349903        14.376478917721835        10.049645696725591     
        2524   6.8497606721413149        14.381752770467827        10.051516001410455     
        2525   6.8499576283331445        14.382859160757794        10.051908617115124     
        2526   6.8510895415923914        14.389220469069993        10.054162838325450     
        2527   6.8516389934426769        14.392310118580205        10.055257405043406     
        2528   6.8520405308945609        14.394568748095761        10.056057472289169     
        2529   6.8529265797389538        14.399554898572424        10.057822449845055     
        2530   6.8529556926478632        14.399718779164081        10.057880909002552     
        2531   6.8533242842439499        14.401793910999167        10.058615452112782     
        2532   6.8540836400527860        14.406070633724870        10.060128287601199     
        2533   6.8566340552260261        14.420450762105450        10.065208962830081     
        2534   6.8570629147512356        14.422871260382086        10.066063801352740     
        2535   6.8574382030349028        14.424989977645208        10.066811942958097     
        2536   6.8583288698140468        14.430020458946146        10.068586932230570     
        2537   6.8586512408791016        14.431841957754653        10.069229718466957     
        2538   6.8595754736806231        14.437066374455744        10.071071775301554     
        2539   6.8599457562402888        14.439160392385027        10.071810102152696     
        2540   6.8606632017548739        14.443219180574928        10.073240271013979     
        2541   6.8612965803340638        14.446804022506644        10.074502988346751     
        2542   6.8613763726947079        14.447255746480447        10.074662490101776     
        2543   6.8630867620978071        14.456944569834043        10.078071903385304     
        2544   6.8638438524000405        14.461236849971433        10.079581480171733     
        2545   6.8638494993237043        14.461268873189914        10.079593218592816     
        2546   6.8643400967555248        14.464051478903480        10.080571652299430     
        2547   6.8649512237779549        14.467519013098631        10.081790405497173     
        2548   6.8660504565711165        14.473759693005553        10.083982348375809     
        2549   6.8662203535658737        14.474724667202867        10.084321560361325     
        2550   6.8665994889507314        14.476878468281717        10.085077955908819     
        2551   6.8666039490975805        14.476903808900381        10.085087331088300     
        2552   6.8669394796865388        14.478810369064492        10.085756808843392     
        2553   6.8680873000068914        14.485335842309603        10.088046009042227     
        2554   6.8687277052463056        14.488978832106287        10.089323536693232     
        2555   6.8706966145853245        14.500189095305636        10.093250696607246     
        2556   6.8710668942236861        14.502299020440885        10.093989716956848     
        2557   6.8716043619226088        14.505362566337590        10.095062241912213     
        2558   6.8720459765227755        14.507880596273836        10.095943613418104     
        2559   6.8732247395336286        14.514605480374826        10.098295536456149     
        2560   6.8744495682711548        14.521598924971981        10.100739602786142     
        2561   6.8748595903168743        14.523941353031683        10.101558153664023     
        2562   6.8756311178463063        14.528350823271117        10.103098050099696     
        2563   6.8768152250269994        14.535122829670735        10.105461354606863     
        2564   6.8772993205527273        14.537892997430612        10.106427892858822     
        2565   6.8780472047171921        14.542174469212092        10.107920922366443     
        2566   6.8783728603505745        14.544039463517365        10.108571343909176     
        2567   6.8784212665698847        14.544316716292405        10.108668437613005     
        2568   6.8800390505689979        14.553588089551845        10.111897945769343     
        2569   6.8810592036070775        14.559439801547448        10.113934837711973     
        2570   6.8815543543514339        14.562281523548677        10.114923794969844     
        2571   6.8825702919101692        14.568115131270217        10.116952532978971     
        2572   6.8843795572733271        14.578514223778372        10.120565532266667     
        2573   6.8846407895607697        14.580016778102184        10.121087658736386     
        2574   6.8848112855591754        14.580997582107225        10.121428604675970     
        2575   6.8851654006836167        14.583035051834006        10.122136233085982     
        2576   6.8855737481099091        14.585385176178606        10.122952186158955     
        2577   6.8863660976829628        14.589947204293946        10.124535070893138     
        2578   6.8869765166629087        14.593463453614874        10.125754695082037     
        2579   6.8875310301481178        14.596658952260196        10.126862718724162     
        2580   6.8880212524807254        14.599484980681410        10.127842376130143     
        2581   6.8893381602736516        14.607081425250007        10.130473460886613     
        2582   6.8897338562842876        14.609365309814009        10.131264429330166     
        2583   6.8904128425298072        14.613285752614525        10.132621389558665     
        2584   6.8912139236305521        14.617913539770710        10.134222370878277     
        2585   6.8916158062049391        14.620236154530490        10.135025826590613     
        2586   6.8919767892716548        14.622322949279853        10.135747587603166     
        2587   6.8920894453641051        14.622974306061824        10.135973174337447     
        2588   6.8927304962800946        14.626681713841112        10.137254602066800     
        2589   6.8938111968758946        14.632935496465308        10.139414691764355     
        2590   6.8940061518027349        14.634064158676804        10.139804784296619     
        2591   6.8952998080826697        14.641557462207123        10.142390734809652     
        2592   6.8957688700425335        14.644276096242034        10.143328744835195     
        2593   6.8958174595681729        14.644557766750557        10.143426349896629     
        2594   6.8964978976250801        14.648503225066642        10.144786913879326     
        2595   6.8970348229591645        14.651617856991193        10.145860676307706     
        2596   6.8978646990544910        14.656434148305458        10.147520123215475     
        2597   6.8993460161101057        14.665038084922934        10.150482121371049     
        2598   6.8995728779672465        14.666356551836140        10.150936192551050     
        2599   6.8997296699573143        14.667267911345345        10.151250172060969     
        2600   6.9003625103645332        14.670947334017583        10.152516014722227     
        2601   6.9010232084643350        14.674790459423711        10.153837631092067     
        2602   6.9017948416782140        14.679281113160163        10.155381166846333     
        2603   6.9018526413789942        14.679617586016573        10.155497240783777     
        2604   6.9022113448761582        14.681706031977733        10.156215071453811     
        2605   6.9023651009070264        14.682601391677423        10.156523049965706     
        2606   6.9031092514154624        14.686936125611178        10.158011796056041     
        2607   6.9031168799495575        14.686980574086730        10.158027540087829     
        2608   6.9033208249548172        14.688168969528308        10.158435922252131     
        2609   6.9038836803655714        14.691449629348911        10.159562171134478     
        2610   6.9062541570507614        14.705280384056612        10.164304416989392     
        2611   6.9073978437987682        14.711961543108005        10.166593007515793     
        2612   6.9076911916912778        14.713676078590465        10.167180413689351     
        2613   6.9089448410917509        14.721007282511454        10.169689317451446     
        2614   6.9103474152249822        14.729217033510018        10.172496519843627     
        2615   6.9103746608375678        14.729376591603778        10.172551532591861     
        2616   6.9107362652240960        14.731494539626240        10.173275688872202     
        2617   6.9114553120233015        14.735707658706906        10.174715250434847     
        2618   6.9124772916802613        14.741699423250413        10.176761241802616     
        2619   6.9136468446027513        14.748561685469854        10.179102820420979     
        2620   6.9144044888147063        14.753010122815205        10.180620006734912     
        2621   6.9159469308617432        14.762073772284438        10.183708550285953     
        2622   6.9162391031887189        14.763791737195890        10.184294029616961     
        2623   6.9165642766274313        14.765704164224221        10.184945601253737     
        2624   6.9165860230621545        14.765832076151394        10.184989632545314     
        2625   6.9175750733801138        14.771651719018005        10.186970575223370     
        2626   6.9190432920073253        14.780298324082551        10.189911301230566     
        2627   6.9196794931402987        14.784047815472606        10.191185952681739     
        2628   6.9202310508238831        14.787299821224558        10.192291138757536     
        2629   6.9211282989961749        14.792592744575202        10.194088807689063     
        2630   6.9239791866973945        14.809432655748662        10.199800506501543     
        2631   6.9247049132772114        14.813724890228285        10.201255071187809     
        2632   6.9253844689061443        14.817746056693764        10.202617208377525     
        2633   6.9257383749199217        14.819841010037266        10.203326862032725     
        2634   6.9273179115379220        14.829197533013446        10.206492718610804     
        2635   6.9279382561363096        14.832875073405503        10.207736485371964     
        2636   6.9289549290850845        14.838905647802267        10.209774703570506     
        2637   6.9289917830146708        14.839124335354608        10.209849063641979     
        2638   6.9310515355320215        14.851355834468807        10.213978488655030     
        2639   6.9329750290982899        14.862794416101165        10.217835423170829     
        2640   6.9368048403296054        14.885616297941628        10.225516238113450     
        2641   6.9371923196988092        14.887928776663403        10.226293921239893     
        2642   6.9376327252863064        14.890557898714411        10.227177792910378     
        2643   6.9407520895598287        14.909203582051772        10.233436155489883     
        2644   6.9417741821513941        14.915322122418360        10.235487464331296     
        2645   6.9426281871336526        14.920437889185646        10.237201643600176     
        2646   6.9433707101051603        14.924888396329054        10.238692218574897     
        2647   6.9435544613353013        14.925990124734412        10.239061473901028     
        2648   6.9462945139509564        14.942436128176496        10.244561556538450     
        2649   6.9472437678505488        14.948141200202418        10.246467604759470     
        2650   6.9501329463368267        14.965529407167788        10.252268849210218     
        2651   6.9509698964361206        14.970573285403285        10.253949994766064     
        2652   6.9517731378259571        14.975416890780821        10.255563563087243     
        2653   6.9524990046868451        14.979796344847353        10.257021841784358     
        2654   6.9526189700168715        14.980520366824278        10.257263274256751     
        2655   6.9530004542044139        14.982823141300337        10.258029960052177     
        2656   6.9544209885388373        14.991403593468760        10.260883746431031     
        2657   6.9575515283488913        15.010344237052317        10.267173471477395     
        2658   6.9576747180197991        15.011090450176152        10.267421486282075     
        2659   6.9581851939397126        15.014183335970346        10.268447691096711     
        2660   6.9584508956623088        15.015793631358724        10.268982082985193     
        2661   6.9586820850971858        15.017195016924882        10.269447136056833     
        2662   6.9589823930451491        15.019015725522520        10.270051091685357     
        2663   6.9593821074134574        15.021439733156486        10.270854826089618     
        2664   6.9601545091999748        15.026125846210956        10.272407566610273     
        2665   6.9603639522963068        15.027396978583518        10.272828982451053     
        2666   6.9618390234858971        15.036354837814047        10.275794167769224     
        2667   6.9624475750278014        15.040053276564967        10.277017875130852     
        2668   6.9629498374773160        15.043106986066766        10.278027984661321     
        2669   6.9631170623686609        15.044123946384383        10.278364633029291     
        2670   6.9647493174784145        15.054056854632114        10.281646523516599     
        2671   6.9650579867254034        15.055936559141935        10.282267600676210     
        2672   6.9652635184035336        15.057188421528904        10.282681327720784     
        2673   6.9655788735102959        15.059109567532186        10.283315874731070     
        2674   6.9664411558987762        15.064364861501542        10.285050159395663     
        2675   6.9672601548117639        15.069359429290873        10.286697531323654     
        2676   6.9674215269713873        15.070343891396307        10.287022533425073     
        2677   6.9680277395728609        15.074043173032070        10.288242116062676     
        2678   6.9682522498195709        15.075413615196123        10.288694114785770     
        2679   6.9694545206207241        15.082756282899860        10.291112596033386     
        2680   6.9703171626275262        15.088028713889793        10.292848173439388     
        2681   6.9705188481084459        15.089261888187163        10.293254348652962     
        2682   6.9706171483467960        15.089862995757569        10.293452572243361     
        2683   6.9706174811452293        15.089865030899094        10.293453736816971     
        2684   6.9708863646994912        15.091509480191771        10.293995092891539     
        2685   6.9711367028382254        15.093040800415856        10.294499155853497     
        2686   6.9711484526415468        15.093112680962744        10.294523286656222     
        2687   6.9712835325669529        15.093939089880346        10.294795506661469     
        2688   6.9716532538095342        15.096201436116317        10.295539743592592     
        2689   6.9731273193325141        15.105227441415829        10.298505742069622     
        2690   6.9738574409596632        15.109701748743761        10.299975222403663     
        2691   6.9740081807901522        15.110625806878627        10.300279013706042     
        2692   6.9749446676018660        15.116368910604551        10.302163852231597     
        2693   6.9753390967861506        15.118788974073572        10.302958039513381     
        2694   6.9755672899789918        15.120189399391336        10.303417729953132     
        2695   6.9756908497412029        15.120947785878920        10.303666869565742     
        2696   6.9757689865775827        15.121427410650988        10.303824604315761     
        2697   6.9762155963155470        15.124169350449131        10.304723856940011     
        2698   6.9776565691668484        15.133022292931660        10.307624396186718     
        2699   6.9780795619234475        15.135622831171256        10.308476257370092     
        2700   6.9781868216937202        15.136282387858968        10.308692641965763     
        2701   6.9783072851459034        15.137023198242423        10.308935604800467     
        2702   6.9784132120427280        15.137674668038381        10.309149310769076     
        2703   6.9785264690452857        15.138371275668275        10.309377772919984     
        2704   6.9799667083401404        15.147234809647973        10.312277403011933     
        2705   6.9801242669899786        15.148205030878414        10.312595078905897     
        2706   6.9814046661320415        15.156093717864023        10.315173289489628     
        2707   6.9821075004303887        15.160427137904746        10.316588858750233     
        2708   6.9824155161995041        15.162326961247256        10.317209534742158     
        2709   6.9830464581716596        15.166219927427109        10.318480462319897     
        2710   6.9836201102563198        15.169760989193113        10.319636092983242     
        2711   6.9857476717446882        15.182907237682722        10.323921241340017     
        2712   6.9859824820232914        15.184359407031074        10.324394665109523     
        2713   6.9860412997680568        15.184723201297890        10.324513627287807     
        2714   6.9873896945997789        15.193067531019217        10.327230095194093     
        2715   6.9874846096662386        15.193655212897475        10.327421784400816     
        2716   6.9875675968679394        15.194169075446794        10.327589448007643     
        2717   6.9877410356818341        15.195243123020584        10.327939317831142     
        2718   6.9878791279255177        15.196098380306907        10.328217989736686     
        2719   6.9881871952136985        15.198006673465963        10.328839073110959     
        2720   6.9886244947019494        15.200716233678284        10.329720516082403     
        2721   6.9888027096590104        15.201820727712850        10.330080039211165     
        2722   6.9906508507696214        15.213283292050198        10.333804057502174     
        2723   6.9910053425789611        15.215483728967557        10.334518829903637     
        2724   6.9930083025753014        15.227927630080231        10.338555546097073     
        2725   6.9930426817850027        15.228141382004967        10.338625328444262     
        2726   6.9950367816174195        15.240549042068050        10.342644881285175     
        2727   6.9952051681475034        15.241597620728287        10.342984789021955     
        2728   6.9952489761443006        15.241870444051774        10.343073589915175     
        2729   6.9965739156437818        15.250126000665169        10.345744890920574     
        2730   6.9973259613627921        15.254815558403342        10.347261490323124     
        2731   6.9997540615587051        15.269974588026930        10.352157622072159     
        2732   6.9997971931060503        15.270244114810403        10.352245093458187     
        2733   7.0011859400058993        15.278926983856763        10.355046101516397     
        2734   7.0014511535342390        15.280586209044126        10.355581460225512     
        2735   7.0032924180794245        15.292114620124931        10.359295593417418     
        2736   7.0040889103765940        15.297106514098395        10.360902711684755     
        2737   7.0046944288921775        15.300903510806782        10.362124685734067     
        2738   7.0053237306059781        15.304851477889462        10.363394702469908     
        2739   7.0060667309490494        15.309515150124385        10.364894175337810     
        2740   7.0063897870881302        15.311543726640338        10.365546457046804     
        2741   7.0065646540638271        15.312641980334600        10.365899767051111     
        2742   7.0067749949939300        15.313963220324480        10.366324656005020     
        2743   7.0074623502234754        15.318282249413519        10.367712034149896     
        2744   7.0080345276092881        15.321879261126966        10.368867079174091     
        2745   7.0080720863591548        15.322115429739654        10.368943367317961     
        2746   7.0090710340528881        15.328399248984271        10.370959694120337     
        2747   7.0091112437453820        15.328652284820594        10.371041338746114     
        2748   7.0097195669236561        15.332481343405741        10.372269492284644     
        2749   7.0102970832219986        15.336118118420215        10.373435533102469     
        2750   7.0113928600672057        15.343022884779602        10.375647681478771     
        2751   7.0115529955243066        15.344032417995312        10.375971406328137     
        2752   7.0118270599798933        15.345760471389848        10.376525100811140     
        2753   7.0119028949307536        15.346238695364145        10.376678674823744     
        2754   7.0123773261186848        15.349231136392437        10.377636842521106     
        2755   7.0127934504109461        15.351856695694352        10.378477345962800     
        2756   7.0130044280483474        15.353188186892416        10.378903744486337     
        2757   7.0164271032547934        15.374818647996944        10.385814621022131     
        2758   7.0206790414485258        15.401768280559846        10.394402561169425     
        2759   7.0208844514302999        15.403072419508783        10.394817997445880     
        2760   7.0213470584395683        15.406010238703493        10.395753006613141     
        2761   7.0216877897207439        15.408174739834601        10.396441839249565     
        2762   7.0232350765629148        15.418010984679958        10.399568354714905     
        2763   7.0234537854979804        15.419402274515697        10.400010751267065     
        2764   7.0249902553261006        15.429182890604000        10.403115874667172     
        2765   7.0252948639265194        15.431123283978796        10.403731922615552     
        2766   7.0255571364212788        15.432794353337076        10.404262431460605     
        2767   7.0263686953806985        15.437967325467332        10.405903026801941     
        2768   7.0277458540289661        15.446752851065952        10.408686909511843     
        2769   7.0279290998780422        15.447922558770195        10.409057795007580     
        2770   7.0281208187567836        15.449146527883739        10.409445812667599     
        2771   7.0286064292046433        15.452247560239279        10.410427892361611     
        2772   7.0299248911479690        15.460672876424454        10.413093640184961     
        2773   7.0308536984511756        15.466613315940982        10.414971886898368     
        2774   7.0317380113060013        15.472273117064935        10.416760317346675     
        2775   7.0342349968344502        15.488275168323268        10.421810013974365     
        2776   7.0352783284329066        15.494970521472792        10.423920569513225     
        2777   7.0357157067000724        15.497778902192019        10.424805689578545     
        2778   7.0357216623622971        15.497817149689126        10.424818238584599     
        2779   7.0359042203558761        15.498989629474945        10.425187983266262     
        2780   7.0366623000606330        15.503860166409252        10.426721838097468     
        2781   7.0374024504973383        15.508618258800313        10.428219522534878     
        2782   7.0376767369682778        15.510382212624421        10.428774878152080     
        2783   7.0380730760915347        15.512931754611648        10.429577155974631     
        2784   7.0413914403889128        15.534308551635174        10.436291597988816     
        2785   7.0414315119142206        15.534567026507364        10.436373188783694     
        2786   7.0424426208677851        15.541091675498171        10.438419817155392     
        2787   7.0426547489354903        15.542461178682215        10.438849615008188     
        2788   7.0433457002380937        15.546923535664124        10.440248483912491     
        2789   7.0433875266670869        15.547193739171753        10.440333640059695     
        2790   7.0446575347726510        15.555402311085970        10.442904640725729     
        2791   7.0447307776312966        15.555875955758424        10.443053396979032     
        2792   7.0455121684128965        15.560930706029678        10.444635582970648     
        2793   7.0455134305120986        15.560938872922335        10.444638642186266     
        2794   7.0482409721697215        15.578607193652351        10.450161020983003     
        2795   7.0482747505000098        15.578826236080115        10.450229917504078     
        2796   7.0484946618608264        15.580252436641393        10.450675686709705     
        2797   7.0497107601548485        15.588143660996234        10.453138629734617     
        2798   7.0507900122896903        15.595153158890561        10.455324689088894     
        2799   7.0513740341641240        15.598948708484620        10.456507958671274     
        2800   7.0514606255024193        15.599511611510543        10.456683834052534     
        2801   7.0516028617717232        15.600436327245957        10.456972407858693     
        2802   7.0521155343966635        15.603770199767045        10.458011248732369     
        2803   7.0532382612620568        15.611075872389147        10.460285812970103     
        2804   7.0542010329979892        15.617345809383327        10.462236563187105     
        2805   7.0542323896571002        15.617550095259919        10.462300589156818     
        2806   7.0546465947571910        15.620249075160380        10.463140182870223     
        2807   7.0553811598283964        15.625037686471712        10.464628827410628     
        2808   7.0557664670396383        15.627550595203790        10.465409955197448     
        2809   7.0560551509478042        15.629433839707550        10.465995343420957     
        2810   7.0568117457724027        15.634371545749760        10.467528801271094     
        2811   7.0581265125098920        15.642958971478928        10.470193415310153     
        2812   7.0583804427760635        15.644618542279263        10.470708493517517     
        2813   7.0587169499213189        15.646818306693055        10.471390925111738     
        2814   7.0590561791617228        15.649036453478498        10.472078892617724     
        2815   7.0610762243665430        15.662257333109608        10.476173507296902     
        2816   7.0629832486921575        15.674757785736995        10.480039697975105     
        2817   7.0632976157932701        15.676820248476410        10.480677510409166     
        2818   7.0638241197403904        15.680275617472800        10.481745418623280     
        2819   7.0651733952768012        15.689137263173459        10.484481579509808     
        2820   7.0660983836506617        15.695217764374924        10.486357678722847     
        2821   7.0665461904241811        15.698163060469403        10.487266252848595     
        2822   7.0673915280110160        15.703725818598816        10.488981037519778     
        2823   7.0676545678767226        15.705457514604547        10.489514993575703     
        2824   7.0676697903538006        15.705557741238769        10.489546372517655     
        2825   7.0700061516585082        15.720954935428173        10.494285581872465     
        2826   7.0711468156235151        15.728482538624888        10.496599968930667     
        2827   7.0714596124769491        15.730547972795078        10.497235035531819     
        2828   7.0716770326402001        15.731983925175907        10.497676624991524     
        2829   7.0718638029252991        15.733217647910728        10.498056041312772     
        2830   7.0723252282844742        15.736266405079768        10.498992687431922     
        2831   7.0730829025765356        15.741274976586777        10.500530441559970     
        2832   7.0738475436582107        15.746332655528127        10.502082430227446     
        2833   7.0756097183361746        15.758000170761168        10.505658826709336     
        2834   7.0773484396238091        15.769528432292500        10.509188151039925     
        2835   7.0790765627963506        15.781002249417542        10.512696478415705     
        2836   7.0794698266789737        15.783615520132674        10.513495322337093     
        2837   7.0800146189737188        15.787237064071403        10.514601816416448     
        2838   7.0801950947159851        15.788437136013421        10.514968720983681     
        2839   7.0803055253313323        15.789171528703410        10.515193425030986     
        2840   7.0815121655883555        15.797200224309133        10.517643780778688     
        2841   7.0819319688579689        15.799995309544622        10.518496676479995     
        2842   7.0832258224990916        15.808615797266450        10.521124471738986     
        2843   7.0834664749726057        15.810220163340103        10.521613678941009     
        2844   7.0836892720387574        15.811705767562140        10.522066635655435     
        2845   7.0837257081719542        15.811948747816190        10.522141138700874     
        2846   7.0839350095724383        15.813344645349908        10.522566698031728     
        2847   7.0842300406819980        15.815312698733036        10.523166370378561     
        2848   7.0842839765510695        15.815672537046993        10.523276416735982     
        2849   7.0855605805937563        15.824194062516804        10.525869697388778     
        2850   7.0858079414809580        15.825846242218244        10.526372626781569     
        2851   7.0873588784232862        15.836212775475392        10.529523516033365     
        2852   7.0890338722273558        15.847423013786679        10.532926861265526     
        2853   7.0902604712666584        15.855641854280947        10.535419574233323     
        2854   7.0903636519820221        15.856333587564304        10.535629738464380     
        2855   7.0914895424965145        15.863885398196603        10.537918078581097     
        2856   7.0920340294330195        15.867539952491587        10.539025073944931     
        2857   7.0949052414980462        15.886837859900808        10.544861188912755     
        2858   7.0966185307222789        15.898374495369021        10.548344551979866     
        2859   7.0981184590291386        15.908487568247761        10.551394597832402     
        2860   7.0996363192397896        15.918734053848137        10.554481493552835     
        2861   7.1001049939030256        15.921900442107560        10.555435077504544     
        2862   7.1004295496794159        15.924093861602092        10.556095610767422     
        2863   7.1017068897545208        15.932732019162762        10.558693917278656     
        2864   7.1017732007566474        15.933180699436233        10.558829296571790     
        2865   7.1024009592862711        15.937429500604138        10.560106623812612     
        2866   7.1030774707106437        15.942010698038603        10.561483186555641     
        2867   7.1038862428953138        15.947490845606811        10.563128875879894     
        2868   7.1045857762873599        15.952233711957049        10.564552445673463     
        2869   7.1049767680894140        15.954885829621821        10.565348387082512     
        2870   7.1050825863886695        15.955603745784179        10.565564179050259     
        2871   7.1078726490341850        15.974555060727097        10.571241575527313     
        2872   7.1081549944811773        15.976475276971142        10.571816644601437     
        2873   7.1082738116125492        15.977283478207220        10.572058946995512     
        2874   7.1083502253273503        15.977803290284422        10.572214960691394     
        2875   7.1091734430912235        15.983405370200053        10.573890779675601     
        2876   7.1093048903141707        15.984300230590106        10.574158807224212     
        2877   7.1095768587727246        15.986152030166178        10.574712826396503     
        2878   7.1095990840682601        15.986303377642415        10.574758571999293     
        2879   7.1109052494187805        15.995202795908179        10.577417557323681     
        2880   7.1109389126144826        15.995432282174656        10.577486589344471     
        2881   7.1113611485237440        15.998311254704074        10.578346554780271     
        2882   7.1116211184136073        16.000084327753470        10.578876246179625     
        2883   7.1119799762137079        16.002532466136721        10.579607246807591     
        2884   7.1122259092120652        16.004210643660691        10.580108391430393     
        2885   7.1127002879392691        16.007448625456352        10.581074599431762     
        2886   7.1135025277474782        16.012927363526678        10.582708323730653     
        2887   7.1145761647281773        16.020265195374570        10.584894734922127     
        2888   7.1151069997794600        16.023895605605958        10.585976087905230     
        2889   7.1160664518414531        16.030461366635308        10.587930275929683     
        2890   7.1173830901517681        16.039479867651362        10.590612037742360     
        2891   7.1175166941596890        16.040395552946855        10.590884643620431     
        2892   7.1186699547145604        16.048303870659087        10.593233967785185     
        2893   7.1204125005597820        16.060267382284284        10.596783903730969     
        2894   7.1223366086767648        16.073497399551975        10.600704271539801     
        2895   7.1241332799941945        16.085870163531496        10.604365593900152     
        2896   7.1249035691009848        16.091180385315528        10.605935780387121     
        2897   7.1253995659454361        16.094601481931342        10.606947076162740     
        2898   7.1256572540727783        16.096379418702995        10.607472744364681     
        2899   7.1257420169751233        16.096964329034623        10.607646003268314     
        2900   7.1260528599862258        16.099109667026894        10.608280017835526     
        2901   7.1261048051217051        16.099468229427504        10.608386398452399     
        2902   7.1265224721806160        16.102351826451649        10.609238151006519     
        2903   7.1266754227412976        16.103408055439619        10.609550398200671     
        2904   7.1267091461617822        16.103640956903742        10.609619645900001     
        2905   7.1276200612053540        16.109934403142269        10.611476809355860     
        2906   7.1276797772511085        16.110347143039942        10.611599043664576     
        2907   7.1286807118724420        16.117268356036785        10.613639861558863     
        2908   7.1298731663846375        16.125521391758255        10.616071297470484     
        2909   7.1300782913626533        16.126941896010877        10.616490001900527     
        2910   7.1312378740450928        16.134976640621499        10.618854700444480     
        2911   7.1326256481083075        16.144602717262821        10.621684943850006     
        2912   7.1330863671468938        16.147800882506409        10.622624957162927     
        2913   7.1352164580267008        16.162603273479359        10.626969625660241     
        2914   7.1366614738897418        16.172659942396606        10.629917580438221     
        2915   7.1369258281214591        16.174501044433409        10.630457345672216     
        2916   7.1371230020988694        16.175874532700533        10.630860079464423     
        2917   7.1373715629176626        16.177606297640324        10.631367647524289     
        2918   7.1378480109323510        16.180926797313614        10.632340124236347     
        2919   7.1393539804080204        16.191431029283041        10.635413095556963     
        2920   7.1413487508723765        16.205365094761209        10.639483909773922     
        2921   7.1419294087915492        16.209425545188374        10.640669377806891     
        2922   7.1419583583059989        16.209628036423695        10.640728973209146     
        2923   7.1420782656645905        16.210466796816458        10.640974193053488     
        2924   7.1426850539575764        16.214712618584205        10.642213062890338     
        2925   7.1436525631832728        16.221486956144648        10.644188234457840     
        2926   7.1441048708144512        16.224655828455944        10.645111951438732     
        2927   7.1447366993388552        16.229084444444393        10.646402145409805     
        2928   7.1451323760901522        16.231859023028886        10.647210345497399     
        2929   7.1455392560513866        16.234713124886561        10.648041442427076     
        2930   7.1462365062832180        16.239606333221634        10.649465349685464     
        2931   7.1467188406369493        16.242992972893170        10.650450569244182     
        2932   7.1472848545721215        16.246968912421178        10.651606674568470     
        2933   7.1477983556530917        16.250577619636157        10.652655615949268     
        2934   7.1499693576244150        16.265851961070485        10.657089206059347     
        2935   7.1502217095529792        16.267629230578290        10.657605065469415     
        2936   7.1506698558536375        16.270786379407507        10.658520794444051     
        2937   7.1515182570629552        16.276766564268122        10.660254024738641     
        2938   7.1521654773213248        16.281331558356339        10.661576460875569     
        2939   7.1523025898501222        16.282298965799150        10.661857034071613     
        2940   7.1533474146018836        16.289674493858623        10.663991735980904     
        2941   7.1538128477634588        16.292962138424748        10.664943019139120     
        2942   7.1539019561630681        16.293591714558250        10.665125567843869     
        2943   7.1540325611808973        16.294514562031573        10.665392888366881     
        2944   7.1543801923222663        16.296971401636515        10.666103568497412     
        2945   7.1546275643841470        16.298720113944487        10.666609445929986     
        2946   7.1546547791296558        16.298912521701613        10.666665561971438     
        2947   7.1556039537492779        16.305625949998603        10.668605262349001     
        2948   7.1559673784970830        16.308197853677793        10.669348305330015     
        2949   7.1563285204929397        16.310754389197292        10.670086706850558     
        2950   7.1563543694747773        16.310937405031847        10.670140040482252     
        2951   7.1580023869738234        16.322613995329792        10.673508070249802     
        2952   7.1582296510959118        16.324225499354707        10.673973010263882     
        2953   7.1583270249951187        16.324916061969468        10.674172518185021     
        2954   7.1585320517265014        16.326370271134355        10.674592026463525     
        2955   7.1585552825193961        16.326535058006421        10.674640019598346     
        2956   7.1599388567367876        16.336355277579869        10.677468185149429     
        2957   7.1600061233755605        16.336833012327894        10.677606186855780     
        2958   7.1621197442973976        16.351858137978233        10.681927026857789     
        2959   7.1622864693620274        16.353044492253417        10.682268370839235     
        2960   7.1628233782101907        16.356866086358220        10.683366489385676     
        2961   7.1633366381286105        16.360520991991251        10.684416308898747     
        2962   7.1635199860711349        16.361826994860991        10.684791672645414     
        2963   7.1659634606824731        16.379251639093162        10.689788289376800     
        2964   7.1670613642309551        16.387092770060786        10.692033992200098     
        2965   7.1673799802920595        16.389369679988043        10.692686111877883     
        2966   7.1674563518646863        16.389915542759656        10.692842821248803     
        2967   7.1678253320758154        16.392553317917859        10.693597967074435     
        2968   7.1687073863704542        16.398862355903571        10.695402529841335     
        2969   7.1694755467582914        16.404360642899761        10.696974257239937     
        2970   7.1694997275985113        16.404533781808780        10.697024238702515     
        2971   7.1698931114334137        16.407350982058283        10.697829433116617     
        2972   7.1702158620675975        16.409663057338264        10.698490165809670     
        2973   7.1710570904966859        16.415692347093380        10.700211571152273     
        2974   7.1711826581756037        16.416592695624811        10.700468973174580     
        2975   7.1727645932363178        16.427943866415983        10.703705991583387     
        2976   7.1727767330296599        16.428031035280828        10.703731350536483     
        2977   7.1763102858278067        16.453442280230224        10.710962764291036     
        2978   7.1768361949629478        16.457230944466385        10.712039663658398     
        2979   7.1771503851156622        16.459495201369609        10.712683260386527     
        2980   7.1781682531151025        16.466834842648307        10.714767242260507     
        2981   7.1816080425437594        16.491686417323582        10.721809940666148     
        2982   7.1817436008126379        16.492667309709621        10.722088028120524     
        2983   7.1828910530848207        16.500974841206489        10.724438172823753     
        2984   7.1835852737989390        16.506005009263124        10.725860351064050     
        2985   7.1837595844661104        16.507268502426797        10.726217847070718     
        2986   7.1844741887922083        16.512450324726412        10.727681875800855     
        2987   7.1849300803731078        16.515757823278033        10.728616107728282     
        2988   7.1851463117569718        16.517327043501734        10.729059504919096     
        2989   7.1858265588365757        16.522265615924407        10.730453330395722     
        2990   7.1863614867291696        16.526151232337597        10.731549564452145     
        2991   7.1871460160322362        16.531853185899525        10.733157155051433     
        2992   7.1876410104465451        16.535452810300477        10.734171702613995     
        2993   7.1879419270657419        16.537641851341725        10.734788690958101     
        2994   7.1886320129760461        16.542664106746034        10.736203001069299     
        2995   7.1888298325865723        16.544104341810954        10.736608814094669     
        2996   7.1903846686814168        16.555433074999769        10.739795101824303     
        2997   7.1904205314101866        16.555694557189703        10.739869109880086     
        2998   7.1907509590339691        16.558104155942811        10.740546714301800     
        2999   7.1910679358512306        16.560416321466583        10.741196774251854     
        3000   7.1917361523950678        16.565292683666588        10.742566638433409     
        3001   7.1918769741433159        16.566320705466641        10.742855749689365     
        3002   7.1925554282400785        16.571275309468714        10.744246688208008     
        3003   7.1925565576374897        16.571283559670949        10.744249525710444     
        3004   7.1929039020895802        16.573821284411771        10.744961922857513     
        3005   7.1929674343692795        16.574285539649971        10.745092655922438     
        3006   7.1950091306232604        16.589218801166425        10.749278028734849     
        3007   7.1970042339226801        16.603837171997000        10.753368592512402     
        3008   7.1971938564980409        16.605227895657137        10.753757885310719     
        3009   7.1976450991186436        16.608538318071908        10.754683583543031     
        3010   7.1976974618583949        16.608922548663887        10.754791467720811     
        3011   7.1985159189668675        16.614930578228087        10.756470156117778     
        3012   7.1992989896274331        16.620682904838535        10.758076396010807     
        3013   7.2006093466666119        16.630317493151434        10.760764092593895     
        3014   7.2016668660016974        16.638101186549374        10.762933505700303     
        3015   7.2029689593563999        16.647695023566719        10.765604785141523     
        3016   7.2044784006987452        16.658830443571993        10.768701726013315     
        3017   7.2045830216729021        16.659602802982267        10.768916880818185     
        3018   7.2048090167951964        16.661271445689572        10.769381041712059     
        3019   7.2049528995485570        16.662333983020854        10.769676750960905     
        3020   7.2060408902973645        16.670372904865378        10.771909474439894     
        3021   7.2076283340142737        16.682116103228310        10.775167276300621     
        3022   7.2093856410344870        16.695135202668787        10.778774126307173     
        3023   7.2096077041724147        16.696781817301268        10.779230404512496     
        3024   7.2107442080371191        16.705214175206198        10.781563575863565     
        3025   7.2111867511794356        16.708499959831304        10.782472470076076     
        3026   7.2114324690433511        16.710324919979303        10.782977373109762     
        3027   7.2118822611639137        16.713666586636243        10.783901200287932     
        3028   7.2140523989263334        16.729808172825351        10.788356922029266     
        3029   7.2142422174278336        16.731221539849390        10.788747175094745     
        3030   7.2143234748245568        16.731826646485015        10.788914536925819     
        3031   7.2156018964211306        16.741352569711321        10.791540044084314     
        3032   7.2181011637612436        16.760006911825752        10.796673124389581     
        3033   7.2182739418326722        16.761298058760620        10.797028511336723     
        3034   7.2190446630654019        16.767059991027502        10.798612048491712     
        3035   7.2191246229538812        16.767658001430000        10.798776812957282     
        3036   7.2215809982293946        16.786049877015500        10.803823289077357     
        3037   7.2217203035248172        16.787094129402568        10.804110011287523     
        3038   7.2218967286660884        16.788416825286067        10.804472999152566     
        3039   7.2220780971174072        16.789776801074893        10.804846148542907     
        3040   7.2221268473862645        16.790142388637079        10.804946833906566     
        3041   7.2223623668805725        16.791908820181639        10.805431247476214     
        3042   7.2227488863080325        16.794808585610543        10.806225918920639     
        3043   7.2241107294539066        16.805033521737830        10.809024700351387     
        3044   7.2245312581593470        16.808193455388260        10.809889375392494     
        3045   7.2258312962154925        16.817969776310548        10.812561554499357     
        3046   7.2264641439232520        16.822732961641954        10.813862724885169     
        3047   7.2272599073491461        16.828726213481421        10.815498821338377     
        3048   7.2275890716141404        16.831206558200996        10.816175926979703     
        3049   7.2278148402035916        16.832908214541561        10.816640519538925     
        3050   7.2286152311576881        16.838943698659492        10.818286313753852     
        3051   7.2311202357816438        16.857861410678190        10.823436788617428     
        3052   7.2317479772867355        16.862608830819710        10.824728036408342     
        3053   7.2319948677241035        16.864476730197666        10.825236222421534     
        3054   7.2320401328844506        16.864819238316532        10.825329826039816     
        3055   7.2326134327138121        16.869158447726488        10.826509222760684     
        3056   7.2326572011981076        16.869489816830622        10.826599753599524     
        3057   7.2326995933957461        16.869810778696365        10.826687454646986     
        3058   7.2336292229917145        16.876852345173315        10.828599701743553     
        3059   7.2359090269234905        16.894146163754925        10.833289119008167     
        3060   7.2369381797753034        16.901964740703569        10.835406606556877     
        3061   7.2370832131476837        16.903067163675871        10.835705482214124     
        3062   7.2380271669489940        16.910245880509137        10.837647900074781     
        3063   7.2387253129860012        16.915559223848739        10.839084744250734     
        3064   7.2387393243159854        16.915665893826546        10.839114099753967     
        3065   7.2392271146347253        16.919380352972336        10.840118224275983     
        3066   7.2407399036868911        16.930910583554809        10.843231475368388     
        3067   7.2411352547651706        16.933926516063199        10.844045545658762     
        3068   7.2412613877597121        16.934888950305872        10.844305632971295     
        3069   7.2415495904072955        16.937088443981619        10.844899239821231     
        3070   7.2425088823961472        16.944413715882060        10.846873950880791     
        3071   7.2430680665263694        16.948686687437778        10.848025330282709     
        3072   7.2433016598954749        16.950472325982361        10.848506631250583     
        3073   7.2433453371318608        16.950806246745497        10.848597056200298     
        3074   7.2450980329380226        16.964216992455732        10.852205220523775     
        3075   7.2454666800960235        16.967040444010493        10.852964616734134     
        3076   7.2461134865226882        16.971996617396350        10.854296665307054     
        3077   7.2465737851284953        16.975525465194639        10.855244811912812     
        3078   7.2469582378485136        16.978473991400275        10.856036842598495     
        3079   7.2471574431992174        16.980002189686338        10.856447501039050     
        3080   7.2472657582268969        16.980833243029327        10.856671035248517     
        3081   7.2474863607571756        16.982526085091692        10.857125758850529     
        3082   7.2483225169075745        16.988945637086193        10.858847908605718     
        3083   7.2493391148870359        16.996757190353538        10.860941744873642     
        3084   7.2493424354019087        16.996782717238325        10.860949112629982     
        3085   7.2495358868258819        16.998270034915983        10.861348004431214     
        3086   7.2495474543913172        16.998358978545582        10.861372355078874     
        3087   7.2502858593382902        17.004038579025789        10.862893494383485     
        3088   7.2517040077739985        17.014957440958828        10.865814703875746     
        3089   7.2517608976499597        17.015395756272028        10.865932406305575     
        3090   7.2525122075088291        17.021186482729316        10.867480408505831     
        3091   7.2532410396333331        17.026807809619751        10.868982206373293     
        3092   7.2540927225777407        17.033381466842918        10.870737171603551     
        3093   7.2543456559943458        17.035334715418415        10.871258759646114     
        3094   7.2544911066722211        17.036458148548824        10.871558932114304     
        3095   7.2555396181673437        17.044561134312591        10.873719600533732     
        3096   7.2561896492540345        17.049588589006408        10.875059417039491     
        3097   7.2566332191800509        17.053020978624183        10.875973895058284     
        3098   7.2571862534672125        17.057302395790607        10.877113964839531     
        3099   7.2576548469970357        17.060931821536052        10.878080083992252     
        3100   7.2595131779643465        17.075340849403585        10.881910281228834     
        3101   7.2595334474336095        17.075498151174934        10.881952587422795     
        3102   7.2598874042858679        17.078245521779511        10.882682625176667     
        3103   7.2616311179219801        17.091793255540370        10.886277271885938     
        3104   7.2646924923452545        17.115631926615251        10.892589127969167     
        3105   7.2647366606902493        17.115976361413345        10.892680729237121     
        3106   7.2647847343624861        17.116351267022072        10.892780383156119     
        3107   7.2648035657414542        17.116498129333415        10.892819743268898     
        3108   7.2652001381611448        17.119591522870266        10.893637974188685     
        3109   7.2652775332631991        17.120195363717162        10.893798091645401     
        3110   7.2654887616245336        17.121843601720940        10.894234172725010     
        3111   7.2667305496528849        17.131540006868818        10.896795404162877     
        3112   7.2671044177165847        17.134461537673051        10.897566944345382     
        3113   7.2675272396115149        17.137766844841966        10.898439468454388     
        3114   7.2684388392725436        17.144897516500468        10.900320110964053     
        3115   7.2686814036319376        17.146795920159928        10.900820939545142     
        3116   7.2709794330130322        17.164802687322847        10.905561727684500     
        3117   7.2716858604000159        17.170345898623747        10.907019625183683     
        3118   7.2718699401124267        17.171790945509287        10.907399930009877     
        3119   7.2721014144963458        17.173608401741092        10.907878022337286     
        3120   7.2722978259764188        17.175150867188840        10.908283782980966     
        3121   7.2740985350791121        17.189305581760951        10.911999770811711     
        3122   7.2742313308935911        17.190350393538321        10.912274327632996     
        3123   7.2744600204395429        17.192149985740617        10.912746767880346     
        3124   7.2752758020561039        17.198572660764579        10.914430761737631     
        3125   7.2761730712774630        17.205642611512570        10.916283047404143     
        3126   7.2763474039966116        17.207016946405073        10.916643378703739     
        3127   7.2766966822035988        17.209771129039510        10.917364788236519     
        3128   7.2774191026767552        17.215470560915133        10.918856393636293     
        3129   7.2784720242930998        17.223784420928368        10.921030312813929     
        3130   7.2786901765681780        17.225507987179299        10.921481169022563     
        3131   7.2788515722976959        17.226783363707668        10.921814870446276     
        3132   7.2790967458852247        17.228721140675194        10.922321522275961     
        3133   7.2798852817742645        17.234956543808170        10.923949920789418     
        3134   7.2801062920690089        17.236705035718209        10.924406730813850     
        3135   7.2801456160746492        17.237016180515386        10.924488450194595     
        3136   7.2805619517116220        17.240311081306494        10.925348535386174     
        3137   7.2815013727759714        17.247750495681530        10.927288673287926     
        3138   7.2827268251491297        17.257465027485200        10.929819603189795     
        3139   7.2828067411912158        17.258098939648509        10.929985162531739     
        3140   7.2837393534348323        17.265500198515515        10.931911603261788     
        3141   7.2853791461243098        17.278529639226907        10.935298782577149     
        3142   7.2859081153497494        17.282737064647055        10.936391890242305     
        3143   7.2863396900626274        17.286171387645936        10.937283867767430     
        3144   7.2865873642348440        17.288142932828990        10.937796002574558     
        3145   7.2870638918093347        17.291937517953578        10.938780890658450     
        3146   7.2874238250882657        17.294804809543507        10.939524958344272     
        3147   7.2875089687320020        17.295483223048752        10.939701382216686     
        3148   7.2875764696855239        17.296021101139264        10.939841360897979     
        3149   7.2879362393443463        17.298888494084423        10.940585122500451     
        3150   7.2880303621826990        17.299638823486188        10.940780103973616     
        3151   7.2881891029239867        17.300904427617322        10.941108581717330     
        3152   7.2886565629369322        17.304632497690317        10.942074868253368     
        3153   7.2887447453618455        17.305335953978275        10.942257588564548     
        3154   7.2890740556558695        17.307963480941812        10.942938491705167     
        3155   7.2900666923940705        17.315888625321332        10.944989966564286     
        3156   7.2901080393451654        17.316218900139322        10.945075934714048     
        3157   7.2903908764967840        17.318478522750009        10.945660888108890     
        3158   7.2918082655481973        17.329811465348001        10.948590340595636     
        3159   7.2920842502807410        17.332019935645924        10.949161216062784     
        3160   7.2924503576530419        17.334950483984731        10.949918355998346     
        3161   7.2928831512586250        17.338416159677724        10.950813340842931     
        3162   7.2932581139977684        17.341419909629462        10.951588833545596     
        3163   7.2933421050937035        17.342092893601631        10.951762961826454     
        3164   7.2935714111493564        17.343930499670304        10.952237432853952     
        3165   7.2936931856241998        17.344906537106347        10.952489658740479     
        3166   7.2944507017116855        17.350980690745022        10.954055927506154     
        3167   7.2946067224245823        17.352232295117233        10.954378959637729     
        3168   7.2956451869628580        17.360567691968281        10.956526118326906     
        3169   7.2957677554493969        17.361552057285369        10.956780029470007     
        3170   7.2958079559610329        17.361874938757314        10.956863669090669     
        3171   7.2959126870220610        17.362716173850178        10.957080709295813     
        3172   7.2969113620044261        17.370742135688637        10.959145840449779     
        3173   7.2969410143941360        17.370980558599822        10.959207680687918     
        3174   7.2970912803972467        17.372188891834764        10.959518882638672     
        3175   7.2971772977672025        17.372880661729607        10.959697256258082     
        3176   7.2973101638060793        17.373949311405397        10.959972490109877     
        3177   7.2976122045905374        17.376379153891996        10.960597500392591     
        3178   7.2981085314084009        17.380373518188918        10.961624234324066     
        3179   7.2984618792960880        17.383218376525111        10.962355373217182     
        3180   7.2985531660142655        17.383953497860698        10.962544662825923     
        3181   7.2990753575282135        17.388159892382895        10.963624960344731     
        3182   7.3013009228599559        17.406111272431360        10.968227935576902     
        3183   7.3014127190569607        17.407014039904702        10.968459687907803     
        3184   7.3017371912690789        17.409634745248869        10.969131306482325     
        3185   7.3022338967032123        17.413648145402373        10.970159177505334     
        3186   7.3033966912966548        17.423051138915095        10.972564885150735     
        3187   7.3035601607624123        17.424373893533485        10.972903567674226     
        3188   7.3038030291671427        17.426339512573239        10.973406499771492     
        3189   7.3040749331424504        17.428540676888858        10.973969506668098     
        3190   7.3043620438575028        17.430865576719103        10.974563984641957     
        3191   7.3057570647422159        17.442171100805574        10.977450579358319     
        3192   7.3066995165429960        17.449817606257675        10.979401077056050     
        3193   7.3070105785665254        17.452342923327432        10.980045244616182     
        3194   7.3075258262011049        17.456527579413482        10.981111937088819     
        3195   7.3077321481792135        17.458203841736083        10.981539410782620     
        3196   7.3077420834439373        17.458284569275932        10.981560507323259     
        3197   7.3081732588325554        17.461788775443008        10.982453288229156     
        3198   7.3099233576958227        17.476027154467232        10.986075684048195     
        3199   7.3109062879776996        17.484034718041531        10.988110644115743     
        3200   7.3111852889247384        17.486309036599362        10.988688675372231     
        3201   7.3113511735802801        17.487661564837246        10.989032578014168     
        3202   7.3131439510221181        17.502292866032189        10.992744288772862     
        3203   7.3135357160022165        17.505493580237705        10.993555881440699     
        3204   7.3138922702312685        17.508407692082002        10.994294601889713     
        3205   7.3171211752190413        17.534843982436083        11.000981013319588     
        3206   7.3178163838236934        17.540546912330008        11.002421308682838     
        3207   7.3184383954954235        17.545652703876087        11.003710086216486     
        3208   7.3185291684107643        17.546398076270176        11.003898629150846     
        3209   7.3194114701614845        17.553646481195525        11.005726618001944     
        3210   7.3195515107867370        17.554797541907394        11.006017225821527     
        3211   7.3195926154242299        17.555135430718696        11.006102906379045     
        3212   7.3210272898080069        17.566937349765801        11.009075318263417     
        3213   7.3215059375911853        17.570878523681028        11.010067437141871     
        3214   7.3217607278467387        17.572977220721739        11.010595822983532     
        3215   7.3220536484062659        17.575390648826584        11.011203216902242     
        3216   7.3229084880327013        17.582437833732428        11.012974844438340     
        3217   7.3242913223368813        17.593850369767345        11.015840658127910     
        3218   7.3257245910832882        17.605695659560308        11.018811322345631     
        3219   7.3261154281012084        17.608928666891099        11.019621844959829     
        3220   7.3266822210889408        17.613619413124688        11.020797071113208     
        3221   7.3270020489597556        17.616267455998813        11.021460483282102     
        3222   7.3274467448113958        17.619950753191109        11.022382725038156     
        3223   7.3277287462529852        17.622287339773688        11.022967774968535     
        3224   7.3285402864050226        17.629015196742124        11.024650486654231     
        3225   7.3288153468373638        17.631296744866791        11.025221201789858     
        3226   7.3300058321682204        17.641178691157055        11.027689658928701     
        3227   7.3301657688327602        17.642507182161889        11.028021772246824     
        3228   7.3305505953917578        17.645704556995359        11.028820134404899     
        3229   7.3306978802618810        17.646928614625672        11.029126032429982     
        3230   7.3309358668215543        17.648906857472863        11.029619985143459     
        3231   7.3316537844925183        17.654877333147951        11.031109027521151     
        3232   7.3318940592479462        17.656876504927116        11.031607764178347     
        3233   7.3321509383606376        17.659014361484736        11.032140940097367     
        3234   7.3335465154255708        17.670638537189269        11.035035389424923     
        3235   7.3337807278442000        17.672590951893142        11.035521632929907     
        3236   7.3346882006376735        17.680160045195077        11.037404152859253     
        3237   7.3356022911860235        17.687791292866137        11.039300541173077     
        3238   7.3357000148016445        17.688607548128953        11.039503772205649     
        3239   7.3367107983725557        17.697055005606000        11.041600889743851     
        3240   7.3375795539571165        17.704322336668149        11.043403552834732     
        3241   7.3377152303769053        17.705457872081819        11.043685549359896     
        3242   7.3386375505849974        17.713181277995506        11.045599489973689     
        3243   7.3387820200499583        17.714391697770882        11.045899753982113     
        3244   7.3389250761679738        17.715590449258773        11.046197089381575     
        3245   7.3397025103047557        17.722108044543614        11.047810609734995     
        3246   7.3397531937773275        17.722533124929885        11.047916310451143     
        3247   7.3407206689992064        17.730651463497576        11.049924272443416     
        3248   7.3415386367847892        17.737521421356362        11.051622146927674     
        3249   7.3417234418350663        17.739074348928021        11.052006186577646     
        3250   7.3420000206159051        17.741398997261086        11.052580681292788     
        3251   7.3421424400955004        17.742596287865275        11.052876775554839     
        3252   7.3425119439235882        17.745703431166159        11.053644136949785     
        3253   7.3425126593840604        17.745709448569325        11.053646163840103     
        3254   7.3432079874555374        17.751559582611804        11.055089761947198     
        3255   7.3432361668853083        17.751796756506206        11.055148788355570     
        3256   7.3432373902223311        17.751807052949971        11.055151869489272     
        3257   7.3439240634000775        17.757588574235236        11.056577591282391     
        3258   7.3451487399748432        17.767909841834957        11.059120133323621     
        3259   7.3460411147237856        17.775438612069902        11.060973096636456     
        3260   7.3465591002591069        17.779811864555867        11.062048953790157     
        3261   7.3467556823110574        17.781472170061672        11.062457604033348     
        3262   7.3490450317808698        17.800832104332709        11.067211366535428     
        3263   7.3500036780862441        17.808952297058145        11.069202550534460     
        3264   7.3501247916812504        17.809978750337947        11.069454598810388     
        3265   7.3501847169105483        17.810486671114674        11.069579583920095     
        3266   7.3508962054728020        17.816519550257308        11.071057667030999     
        3267   7.3515833444029939        17.822350111895972        11.072485266765543     
        3268   7.3522390399647399        17.827917674253147        11.073847640871808     
        3269   7.3523153664342971        17.828566010048842        11.074006713454981     
        3270   7.3542199813604041        17.844760632553477        11.077963447121181     
        3271   7.3562882458421992        17.862382457581607        11.082260818054930     
        3272   7.3563004444609623        17.862486501678603        11.082286706810113     
        3273   7.3570935383826326        17.869253724011749        11.083935104334827     
        3274   7.3579600828342713        17.876653964585099        11.085736238477352     
        3275   7.3581584184988253        17.878348664527373        11.086148921944755     
        3276   7.3590789564738071        17.886218813088195        11.088062423159169     
        3277   7.3595813494775708        17.890517164299872        11.089107045133073     
        3278   7.3596009189628253        17.890684640882885        11.089148259811303     
        3279   7.3603365522347017        17.896982667886967        11.090677685241207     
        3280   7.3611088094739401        17.903599371319871        11.092283327841390     
        3281   7.3618054277955265        17.909572510550777        11.093731847365245     
        3282   7.3620200236191602        17.911413420884152        11.094178462893090     
        3283   7.3634047809283487        17.923302350820364        11.097057633465067     
        3284   7.3637796469515706        17.926523708534368        11.097837504798690     
        3285   7.3640695065691730        17.929015429807613        11.098440669066690     
        3286   7.3642882326538199        17.930896158977678        11.098895956080309     
        3287   7.3643448356102468        17.931382931987141        11.099014182640694     
        3288   7.3645326882795867        17.932998627539934        11.099405290829566     
        3289   7.3665531746204964        17.950396391965878        11.103607001870685     
        3290   7.3665614969378144        17.950468127955066        11.103624853015290     
        3291   7.3666552053440855        17.951275910176054        11.103820261962188     
        3292   7.3673805816441229        17.957531426237249        11.105329256182021     
        3293   7.3676585223680169        17.959929582450133        11.105907814485054     
        3294   7.3680975345455737        17.963718918148519        11.106821368589998     
        3295   7.3689385549849487        17.970983005888311        11.108571068052225     
        3296   7.3689862248363500        17.971394931088483        11.108670760989753     
        3297   7.3701465546541183        17.981427869785680        11.111084770734394     
        3298   7.3703038873516729        17.982789197319764        11.111412583419536     
        3299   7.3703504086130387        17.983191767020461        11.111509898603565     
        3300   7.3703558566106731        17.983238912301836        11.111521776790354     
        3301   7.3706701059177622        17.985958779819473        11.112176006693662     
        3302   7.3708489248853848        17.987506876999138        11.112548529503961     
        3303   7.3712186398703583        17.990708538805443        11.113318169494370     
        3304   7.3713398412173099        17.991758387312434        11.113570847810681     
        3305   7.3730959698698548        18.006984869561279        11.117224914785936     
        3306   7.3733315364167140        18.009029463037496        11.117715583649531     
        3307   7.3733806945225675        18.009456192760087        11.117818409951681     
        3308   7.3736668617478864        18.011940775741078        11.118414374659043     
        3309   7.3747519935952264        18.021368926527106        11.120672847281948     
        3310   7.3752966072992603        18.026104817267292        11.121806694643571     
        3311   7.3756224980492480        18.028940008984126        11.122485420258798     
        3312   7.3766332322933597        18.037739357692015        11.124589423487194     
        3313   7.3766525058039845        18.037907241210103        11.124630082178456     
        3314   7.3767043579783822        18.038358920680196        11.124738544130619     
        3315   7.3777282898926622        18.047283315092592        11.126870206483453     
        3316   7.3784642895301644        18.053704055994579        11.128402705902520     
        3317   7.3788322653830649        18.056916073329702        11.129169214342621     
        3318   7.3789634502606276        18.058061469905876        11.129442835262630     
        3319   7.3791219321164299        18.059445410864885        11.129773281500668     
        3320   7.3793392606400934        18.061343603433809        11.130226231390324     
        3321   7.3796239492143449        18.063830787051707        11.130819414088119     
        3322   7.3798201951167455        18.065545723010931        11.131228494013541     
        3323   7.3801036489025575        18.068023366521540        11.131819129914899     
        3324   7.3802519611471258        18.069320043845739        11.132128436191323     
        3325   7.3834657986786310        18.097467935943055        11.138820547840837     
        3326   7.3843732773529398        18.105433189433516        11.140710889926499     
        3327   7.3848029688050048        18.109207397197714        11.141606305632589     
        3328   7.3858190719159289        18.118139175642906        11.143723099671561     
        3329   7.3877660501221092        18.135280350909589        11.147779134831993     
        3330   7.3887487813125974        18.143945713915535        11.149826926842536     
        3331   7.3900728514121417        18.155635145173257        11.152586067167885     
        3332   7.3902244324753505        18.156974411299785        11.152902441628854     
        3333   7.3912991770629404        18.166476294208227        11.155142384346604     
        3334   7.3914614854422904        18.167912214674587        11.155481144472073     
        3335   7.3914733954196592        18.168017590391823        11.155506510648365     
        3336   7.3914998512644576        18.168251668116284        11.155562187229965     
        3337   7.3917358610981143        18.170340142105267        11.156054533255542     
        3338   7.3922755396768158        18.175117778143537        11.157179700867509     
        3339   7.3924261198904526        18.176451315049107        11.157494047789065     
        3340   7.3927146406005360        18.179007047967101        11.158095863805531     
        3341   7.3929595398304384        18.181176994507290        11.158606785492694     
        3342   7.3930186004673146        18.181700389934807        11.158730418815910     
        3343   7.3933418788203165        18.184565865617568        11.159404702863121     
        3344   7.3950507839348329        18.199729656787486        11.162967033852865     
        3345   7.3972508279104732        18.219292233389375        11.167553765381207     
        3346   7.3973157421675007        18.219870142709016        11.167689646743113     
        3347   7.3974525101020516        18.221087871812092        11.167975329837908     
        3348   7.3976382865369636        18.222742238823262        11.168363191099289     
        3349   7.3978929639525477        18.225010713265242        11.168894708846256     
        3350   7.3982226299189167        18.227948046513280        11.169582584467207     
        3351   7.3985307751852369        18.230694566195432        11.170225608290131     
        3352   7.3987777088345554        18.232896156107927        11.170741019487728     
        3353   7.3996771795886573        18.240920502123579        11.172617073574333     
        3354   7.4004367564027298        18.247702851111089        11.174201541311387     
        3355   7.4009748455904205        18.252510854025079        11.175324209494168     
        3356   7.4016619257043761        18.258654174873651        11.176757652892768     
        3357   7.4019571269801716        18.261295020117586        11.177373864981995     
        3358   7.4019878298094417        18.261569733043093        11.177438448519215     
        3359   7.4024346929881624        18.265569057454673        11.178370992993059     
        3360   7.4039679035611314        18.279305553901583        11.181569527602555     
        3361   7.4044474579379616        18.283606679200798        11.182570420293807     
        3362   7.4044945478809856        18.284029148827543        11.182669201457188     
        3363   7.4065528370164300        18.302516145168941        11.186963778793125     
        3364   7.4068990941653698        18.305630167202064        11.187686767165111     
        3365   7.4069155672790048        18.305778345169912        11.187721688003194     
        3366   7.4075722539191418        18.311687480707391        11.189092421823485     
        3367   7.4077505299813069        18.313292405220945        11.189464960114329     
        3368   7.4088164558069538        18.322894822537524        11.191689767936062     
        3369   7.4092337779289661        18.326657294539981        11.192561194419426     
        3370   7.4094526853907281        18.328631588989978        11.193018577547782     
        3371   7.4100671357609142        18.334175727545748        11.194301453420593     
        3372   7.4105537311928931        18.338568859395512        11.195317549417886     
        3373   7.4121096847886250        18.352632045788727        11.198565716430572     
        3374   7.4128701745183987        18.359514229675153        11.200153729019945     
        3375   7.4134067372838803        18.364373369635853        11.201274372453955     
        3376   7.4145399734352919        18.374645335258506        11.203640755094892     
        3377   7.4153775082838163        18.382245127709645        11.205389952143033     
        3378   7.4157478256233293        18.385607598778783        11.206163708894351     
        3379   7.4160686696350320        18.388521950787858        11.206834186956943     
        3380   7.4167808922242076        18.394994992677322        11.208321932389826     
        3381   7.4171281179279696        18.398152580951159        11.209047558927150     
        3382   7.4180020862045080        18.406105541052526        11.210873218967642     
        3383   7.4189665856076701        18.414891137732010        11.212888089095969     
        3384   7.4202938431836145        18.426996250987777        11.215660829012421     
        3385   7.4203394622789407        18.427412627891748        11.215756669393155     
        3386   7.4214604526388461        18.437650729715241        11.218098834668563     
        3387   7.4216199714126292        18.439108651304405        11.218432620167633     
        3388   7.4222914329358032        18.445248270860990        11.219835897350432     
        3389   7.4225550915408443        18.447660314296339        11.220387270422361     
        3390   7.4228744679449861        18.450583019490953        11.221055062151770     
        3391   7.4229296241858256        18.451087873907902        11.221170848594930     
        3392   7.4240114175127907        18.460995899255959        11.223431618973510     
        3393   7.4244929494065826        18.465409988299033        11.224438313610477     
        3394   7.4256744271763759        18.476250232195234        11.226907688097626     
        3395   7.4260414660038458        18.479620743861467        11.227675256473240     
        3396   7.4261277932024932        18.480413683204372        11.227856214194091     
        3397   7.4262565151012891        18.481596169811862        11.228125769870072     
        3398   7.4268990683718652        18.487501410625196        11.229469171987688     
        3399   7.4271673048376412        18.489967815928576        11.230030324089352     
        3400   7.4273105115888862        18.491284885479448        11.230330176331549     
        3401   7.4283375998006917        18.500737099820508        11.232477426610025     
        3402   7.4303138787723970        18.518954861566236        11.236609077163624     
        3403   7.4308283082038988        18.523703521919188        11.237685074899751     
        3404   7.4309893644458676        18.525190776654327        11.238022335259462     
        3405   7.4314409096432792        18.529361932990945        11.238966920491759     
        3406   7.4327340529594501        18.541318930229416        11.241671204763236     
        3407   7.4330385283935181        18.544136747068976        11.242308404331229     
        3408   7.4334600762606193        18.548039603010491        11.243190424189535     
        3409   7.4346856093480405        18.559396462929982        11.245753770245624     
        3410   7.4351734121974768        18.563921179979442        11.246774473231756     
        3411   7.4352512412348082        18.564643326757782        11.246937796187876     
        3412   7.4364520279993540        18.575792920142430        11.249449764662408     
        3413   7.4372428624606499        18.583144164005077        11.251104465426355     
        3414   7.4374360650345288        18.584941074911690        11.251509147947360     
        3415   7.4381078135223850        18.591191794656787        11.252914870883021     
        3416   7.4381255866536335        18.591357239973675        11.252952604488048     
        3417   7.4404025664929243        18.612580247674170        11.257716752218805     
        3418   7.4427001110304616        18.634049857528755        11.262524835226806     
        3419   7.4430325998353002        18.637161415423250        11.263221187011929     
        3420   7.4437844815469179        18.644202100415153        11.264795269756291     
        3421   7.4439499922450789        18.645752755993268        11.265142216735843     
        3422   7.4443036272736842        18.649066899536965        11.265882898643923     
        3423   7.4454126382747212        18.659468718074120        11.268204655974102     
        3424   7.4460110072018262        18.665086435671395        11.269457709000456     
        3425   7.4462367451538594        18.667206734595585        11.269930792305164     
        3426   7.4465066272185583        18.669742376140384        11.270496292264514     
        3427   7.4466738512836406        18.671313895137878        11.270846904549163     
        3428   7.4491151792888592        18.694290535298929        11.275958539607792     
        3429   7.4496812122715479        18.699626832720160        11.277144270396459     
        3430   7.4499847918554538        18.702490249206182        11.277780492355067     
        3431   7.4505603215438283        18.707921449559194        11.278986195144981     
        3432   7.4512047223508588        18.714006781320631        11.280336180920415     
        3433   7.4514952112778019        18.716751436962117        11.280945069089071     
        3434   7.4515828140845963        18.717579320784420        11.281129083074113     
        3435   7.4517452066752288        18.719114217487242        11.281469725242783     
        3436   7.4528698400151212        18.729751753747298        11.283825637055898     
        3437   7.4529796979374989        18.730791592012750        11.284056284300355     
        3438   7.4531277675345198        18.732193320596561        11.284366966908205     
        3439   7.4532770083394713        18.733606375266074        11.284680106445332     
        3440   7.4533275433256279        18.734084909292168        11.284786508785910     
        3441   7.4539863957080241        18.740326336210781        11.286167075460078     
        3442   7.4555876896259354        18.755515196817999        11.289521963000738     
        3443   7.4555922618942914        18.755558606122939        11.289532098329513     
        3444   7.4564052192394792        18.763280453405550        11.291235779144806     
        3445   7.4564260036172403        18.763477966935920        11.291279880348547     
        3446   7.4566613226169203        18.765714525337124        11.291773446650506     
        3447   7.4568449226910820        18.767459944996446        11.292158665003157     
        3448   7.4584388477882584        18.782628198964069        11.295498907789806     
        3449   7.4586627650899198        18.784761274455466        11.295968665121226     
        3450   7.4598367399855929        18.795953709538466        11.298429331744291     
        3451   7.4602382166197136        18.799784757193756        11.299271253792941     
        3452   7.4604225645324966        18.801544467549306        11.299658154012491     
        3453   7.4609158948801504        18.806255427398870        11.300692625872973     
        3454   7.4610016478269792        18.807074579842510        11.300872907506953     
        3455   7.4611602970654722        18.808590284239081        11.301205971153344     
        3456   7.4615187459771644        18.812015851822711        11.301957802408563     
        3457   7.4624830106066931        18.821237978021330        11.303979474678659     
        3458   7.4629537548433209        18.825743836759223        11.304966778870604     
        3459   7.4634343990930043        18.830346971317315        11.305974874696027     
        3460   7.4656173744174144        18.851285405012238        11.310551942964612     
        3461   7.4666434511524367        18.861145425784787        11.312703911362171     
        3462   7.4679528656423670        18.873745130401449        11.315450229620556     
        3463   7.4684052995726118        18.878103060917709        11.316399582933663     
        3464   7.4690291224547183        18.884115582665970        11.317708412781595     
        3465   7.4714378192828406        18.907371851824369        11.322761086372374     
        3466   7.4715773812522821        18.908721331359001        11.323054400139309     
        3467   7.4718154121715985        18.911023450196005        11.323554277000110     
        3468   7.4733575863911161        18.925954034038966        11.326790096241901     
        3469   7.4742485442690416        18.934592063996593        11.328659945682197     
        3470   7.4749123047907213        18.941033191384026        11.330053209452842     
        3471   7.4760140801683059        18.951735814679058        11.332365686589451     
        3472   7.4761320878209450        18.952882953970711        11.332613880819224     
        3473   7.4763765053598688        18.955259412096193        11.333127349211040     
        3474   7.4775212621560687        18.966398847815636        11.335530312695610     
        3475   7.4784087286844434        18.975044893377056        11.337393479903405     
        3476   7.4786474287946714        18.977371934768634        11.337895044991125     
        3477   7.4793470938748587        18.984196581077033        11.339364181841571     
        3478   7.4812900509681137        19.003177862150967        11.343443399488276     
        3479   7.4826744715987532        19.016729074152060        11.346350537570920     
        3480   7.4833107993403036        19.022965080963612        11.347687173822308     
        3481   7.4839219466179356        19.028958715826590        11.348971005903280     
        3482   7.4844344803139338        19.033988554688349        11.350047821865580     
        3483   7.4844904482251291        19.034537989455412        11.350165910786512     
        3484   7.4854792611964882        19.044251105716203        11.352242991309488     
        3485   7.4855064886713256        19.044518721606241        11.352300732579685     
        3486   7.4857474065028722        19.046887051310051        11.352807250840776     
        3487   7.4858173356542066        19.047574612104658        11.352954673512446     
        3488   7.4858876373412029        19.048265892950113        11.353102879435227     
        3489   7.4865661632369900        19.054940829451272        11.354528500047088     
        3490   7.4868720962522328        19.057952167209017        11.355171616592621     
        3491   7.4880518762971233        19.069575093150270        11.357650239336284     
        3492   7.4882213293716262        19.071245838703735        11.358006747053931     
        3493   7.4885698719504479        19.074683394920815        11.358739458978683     
        3494   7.4905812700981445        19.094548878347105        11.362965588748480     
        3495   7.4926146984201116        19.114680195042911        11.367238715430265     
        3496   7.4929723289606605        19.118225837838260        11.367990791789907     
        3497   7.4935158667997666        19.123617504647420        11.369133571108740     
        3498   7.4935356951767993        19.123814259775262        11.369175802304579     
        3499   7.4935372183937687        19.123829374706702        11.369179565232393     
        3500   7.4948258489239503        19.136626329587067        11.371888329871119     
        3501   7.4953022921870751        19.141362707283040        11.372890264483683     
        3502   7.4955684721570233        19.144010005785560        11.373450291991418     
        3503   7.4955926765838177        19.144250773141007        11.373501728380795     
        3504   7.4957363207617114        19.145679780082368        11.373804212105160     
        3505   7.5001446824134508        19.189654810248950        11.383072328705470     
        3506   7.5030095365557621        19.218357695330280        11.389097393521951     
        3507   7.5033098229745319        19.221371987983495        11.389729511715665     
        3508   7.5039783035293937        19.228086152751743        11.391136063233862     
        3509   7.5052431804633004        19.240805295609466        11.393797204279007     
        3510   7.5053018662947490        19.241395890515850        11.393921215909909     
        3511   7.5055603013520722        19.243997194063535        11.394465415857045     
        3512   7.5057956689513805        19.246367016575835        11.394961101927109     
        3513   7.5064259271939351        19.252716155998726        11.396287533042713     
        3514   7.5065327990558322        19.253793249054763        11.396512928704738     
        3515   7.5076119880171275        19.264677511353899        11.398783951449833     
        3516   7.5081808414770874        19.270420463500560        11.399981383091561     
        3517   7.5098177980231018        19.286968738872702        11.403426418433266     
        3518   7.5100323580627286        19.289140201162947        11.403878492667946     
        3519   7.5102418018822874        19.291260430463513        11.404319808334311     
        3520   7.5105549501952202        19.294431481529546        11.404979373042014     
        3521   7.5115575306465905        19.304592091007780        11.407089918519457     
        3522   7.5118510941178185        19.307569543999296        11.407708335121658     
        3523   7.5121565615301176        19.310668861947850        11.408351821495462     
        3524   7.5142749866692151        19.332194494252587        11.412811515581183     
        3525   7.5149828402449073        19.339399510875801        11.414302234329476     
        3526   7.5153625051981345        19.343266568007412        11.415102095365025     
        3527   7.5162586011886940        19.352400828217128        11.416989281521488     
        3528   7.5164346612098605        19.354196654934004        11.417360535875300     
        3529   7.5164591724113299        19.354446701900283        11.417412708877908     
        3530   7.5166779651826285        19.356679012608552        11.417873944344983     
        3531   7.5167547142390294        19.357462213722275        11.418036107245726     
        3532   7.5178223126524557        19.368364375791668        11.420284646123193     
        3533   7.5195075956096762        19.385603324931328        11.423834208122340     
        3534   7.5206852461605731        19.397670846863925        11.426315053079005     
        3535   7.5208278693637709        19.399133510437657        11.426616017308245     
        3536   7.5209697601182022        19.400588917224145        11.426915442365303     
        3537   7.5223226951519875        19.414479071214259        11.429765823958327     
        3538   7.5223980054199595        19.415252938469873        11.429925032233488     
        3539   7.5232644141101366        19.424161084911251        11.431750776080470     
        3540   7.5236815556302963        19.428453403576196        11.432630139648360     
        3541   7.5243818093883572        19.435663875875793        11.434106007864674     
        3542   7.5244674991184644        19.436546646644477        11.434287111781519     
        3543   7.5247753867577032        19.439719259604487        11.434936370498853     
        3544   7.5247974743305726        19.439946906347476        11.434983473780360     
        3545   7.5248896655533200        19.440897147235312        11.435178282354126     
        3546   7.5251677350535182        19.443763944332545        11.435764736642817     
        3547   7.5259641702709192        19.451980368341999        11.437443454281691     
        3548   7.5267531351448902        19.460127719918255        11.439106540405124     
        3549   7.5274288110649783        19.467111515486099        11.440530988488284     
        3550   7.5281748337260206        19.474829220591424        11.442103773880131     
        3551   7.5284792756404979        19.477980768003146        11.442745969877681     
        3552   7.5299546417263317        19.493270493029854        11.445856187319116     
        3553   7.5301892152540351        19.495704045781224        11.446351203085374     
        3554   7.5310738234393968        19.504887697729963        11.448216489682483     
        3555   7.5312956222529994        19.507191912991850        11.448684621263141     
        3556   7.5322238444528606        19.516841911742876        11.450642027209767     
        3557   7.5323136150749725        19.517775779445714        11.450831852853895     
        3558   7.5324003720477526        19.518678396147365        11.451015326331987     
        3559   7.5324111587673590        19.518790627658376        11.451038634704826     
        3560   7.5326415107149316        19.521187708573173        11.451524850864043     
        3561   7.5338653287877957        19.533934539995336        11.454105738587653     
        3562   7.5343484341768372        19.538971757553636        11.455124966028752     
        3563   7.5388630717759559        19.586192506066517        11.464646916440195     
        3564   7.5393278173562468        19.591068726628809        11.465627835726433     
        3565   7.5393969262082150        19.591794076806273        11.465774187663449     
        3566   7.5396680897647750        19.594640755437428        11.466346778679402     
        3567   7.5399264274511548        19.597353692736110        11.466892325324970     
        3568   7.5401174991659392        19.599360803713552        11.467295977951537     
        3569   7.5401593781005580        19.599800785173453        11.467384894611708     
        3570   7.5405722301573608        19.604139466174193        11.468256439495576     
        3571   7.5417501247162413        19.616530444116933        11.470742126111517     
        3572   7.5422159716167450        19.621436055275606        11.471725603584307     
        3573   7.5433940858996191        19.633855115656349        11.474212091674993     
        3574   7.5434225042727050        19.634154915907931        11.474272628323614     
        3575   7.5449290885001794        19.650064121744535        11.477452575788686     
        3576   7.5454815194177822        19.655905292229310        11.478619051202845     
        3577   7.5471405584112183        19.673471919248506        11.482121345416672     
        3578   7.5472704454354984        19.674848783921078        11.482396086592274     
        3579   7.5479383890396150        19.681932901263647        11.483806631572310     
        3580   7.5484962587923903        19.687854209385353        11.484984879115657     
        3581   7.5491795531781287        19.695112529597228        11.486427975556115     
        3582   7.5500775005260623        19.704660632035335        11.488324357469569     
        3583   7.5504554451277661        19.708682686713864        11.489122913434450     
        3584   7.5505610162735293        19.709806512913016        11.489346388678101     
        3585   7.5506802503341719        19.711075965880443        11.489598714528441     
        3586   7.5508153620888425        19.712514698146602        11.489884568304092     
        3587   7.5513118146495861        19.717803288106456        11.490933409390625     
        3588   7.5518335835400592        19.723365186620466        11.492035752930807     
        3589   7.5522472568055266        19.727777458240876        11.492909874172902     
        3590   7.5524029342836325        19.729438531682458        11.493239194893793     
        3591   7.5526866020301426        19.732466108555283        11.493838809234159     
        3592   7.5532818716019650        19.738822980056373        11.495096504587494     
        3593   7.5538682815267473        19.745089984609365        11.496335550140955     
        3594   7.5540694485659436        19.747240957238532        11.496760991102569     
        3595   7.5547390994693036        19.754405182609151        11.498175935478663     
        3596   7.5552986620534597        19.760396360992594        11.499358421626081     
        3597   7.5557782925091859        19.765535144943275        11.500372117546018     
        3598   7.5560443686727563        19.768387265021204        11.500934739042581     
        3599   7.5586308585540030        19.796163317206876        11.506399576658147     
        3600   7.5595006530099944        19.805524791875293        11.508237953636524     
        3601   7.5598384554179283        19.809163348535172        11.508952309486055     
        3602   7.5601690359221818        19.812725654981723        11.509651424599149     
        3603   7.5602837096145414        19.813961724432154        11.509894314966250     
        3604   7.5614861216710372        19.826933594232621        11.512435868458962     
        3605   7.5623513515998519        19.836280382086681        11.514265032145179     
        3606   7.5625323145926320        19.838236590730343        11.514648070211766     
        3607   7.5627209560814643        19.840276292829842        11.515047342968305     
        3608   7.5633421929488680        19.846997000630715        11.516360968116075     
        3609   7.5634075592682368        19.847704466343551        11.516499702286509     
        3610   7.5645808866820534        19.860413722981249        11.518980430212554     
        3611   7.5650272075489280        19.865253278103243        11.519924489032817     
        3612   7.5651624358234120        19.866720142918208        11.520210929320584     
        3613   7.5651711007630142        19.866814143122600        11.520229818297366     
        3614   7.5660117729810317        19.875939086031170        11.522007620783594     
        3615   7.5669144534749302        19.885748225128673        11.523916649897117     
        3616   7.5670296814435165        19.887001201895892        11.524160848100152     
        3617   7.5671000444982965        19.887766414981769        11.524310189553358     
        3618   7.5682182469389732        19.899936543504637        11.526675111334288     
        3619   7.5715978565196451        19.936827452940520        11.533822925200418     
        3620   7.5718216214729814        19.939275785105366        11.534296788866087     
        3621   7.5720991602946350        19.942313485680636        11.534884403297621     
        3622   7.5729923837688249        19.952097462876409        11.536774387500827     
        3623   7.5743609129838037        19.967110048026530        11.539670043589926     
        3624   7.5747453946041494        19.971332631777308        11.540484034728944     
        3625   7.5750323026122750        19.974485004311681        11.541091613682763     
        3626   7.5753985114912767        19.978510420319289        11.541866989030055     
        3627   7.5754446852983106        19.979018106929349        11.541965255235279     
        3628   7.5764092213482934        19.989630375214777        11.544006654976695     
        3629   7.5768738874539361        19.994747672521143        11.544990456094169     
        3630   7.5778637596514686        20.005659473542526        11.547085713098859     
        3631   7.5785255110469762        20.012962230099987        11.548486724111243     
        3632   7.5793883504592259        20.022493715416918        11.550313404565745     
        3633   7.5794794267154240        20.023500439373684        11.550506738626297     
        3634   7.5794878391521916        20.023593433539421        11.550525116761523     
        3635   7.5800845936872197        20.030192826581700        11.551788743667835     
        3636   7.5801690505105821        20.031127240574776        11.551968078178295     
        3637   7.5803334379552583        20.032946292029276        11.552316597221534     
        3638   7.5804819409059840        20.034589912916584        11.552631498925997     
        3639   7.5811901663923411        20.042432968724224        11.554131188395115     
        3640   7.5819153412975417        20.050471382433315        11.555666845930169     
        3641   7.5829383393528182        20.061824304891413        11.557833105628152     
        3642   7.5832674018330231        20.065479430743622        11.558530343284730     
        3643   7.5838212087520462        20.071634571259708        11.559703434025920     
        3644   7.5838505982316793        20.071961339925171        11.559766232686155     
        3645   7.5840324669227082        20.073983742743458        11.560151870612795     
        3646   7.5844197793798109        20.078292342509723        11.560972506483623     
        3647   7.5847688696383724        20.082177654811805        11.561712236487324     
        3648   7.5848302058021337        20.082860502514244        11.561842684575026     
        3649   7.5857092096231362        20.092652491822975        11.563704545652072     
        3650   7.5878743598587839        20.116821176356513        11.568290392240993     
        3651   7.5888722846192813        20.127984244034121        11.570404609288612     
        3652   7.5889490012531704        20.128843037224538        11.570567679837861     
        3653   7.5895035302892850        20.135053265110837        11.571742850684615     
        3654   7.5895536454564283        20.135614738132247        11.571849581316531     
        3655   7.5902412982775322        20.143322786094146        11.573306814001498     
        3656   7.5906966232834421        20.148430547943615        11.574271951215511     
        3657   7.5911447336767477        20.153460435989139        11.575221840400122     
        3658   7.5913904559447269        20.156219874958882        11.575742988702075     
        3659   7.5916247044560956        20.158851315684068        11.576239839210675     
        3660   7.5927459371453683        20.171458251449387        11.578615974622945     
        3661   7.5928629836362598        20.172775400905987        11.578864549301731     
        3662   7.5928914764965230        20.173096068730519        11.578925495826979     
        3663   7.5944719878503761        20.190903006371585        11.582275120406987     
        3664   7.5949042052889357        20.195779246119351        11.583191625713351     
        3665   7.5956916019193983        20.204669927292514        11.584860889995607     
        3666   7.5958346796751801        20.206286470874218        11.585164694419170     
        3667   7.5961635485361301        20.210003337912461        11.585862265004163     
        3668   7.5964824883767017        20.213609571611350        11.586538810420301     
        3669   7.5965210566963739        20.214045767082666        11.586621130001809     
        3670   7.5968583755235386        20.217861709502884        11.587336650035219     
        3671   7.5980610672557951        20.231481481781135        11.589886482528314     
        3672   7.5981774026615039        20.232800092910139        11.590133659337937     
        3673   7.5982171691222167        20.233250876268240        11.590218530344785     
        3674   7.6015601483423136        20.271233566590606        11.597306391462983     
        3675   7.6016306270165641        20.272036206597168        11.597456407147487     
        3676   7.6017351275243472        20.273226443488142        11.597678562601704     
        3677   7.6030535249094422        20.288257308161239        11.600474785571759     
        3678   7.6040994580901762        20.300201162335647        11.602693467594605     
        3679   7.6046136915312834        20.306079645846026        11.603784646777267     
        3680   7.6075333643390497        20.339534861632146        11.609978234096744     
        3681   7.6076597811816802        20.340986453313391        11.610246991635996     
        3682   7.6087642537405333        20.353679415732071        11.612590713448128     
        3683   7.6111505783252733        20.381170034494446        11.617654619760021     
        3684   7.6121666135136339        20.392902410406386        11.619811333876648     
        3685   7.6126012916775530        20.397926781581777        11.620734400807059     
        3686   7.6135362450700796        20.408744025554892        11.622719281354282     
        3687   7.6148415320613259        20.423869487602030        11.625490396961567     
        3688   7.6152185421353815        20.428243336310857        11.626291253474079     
        3689   7.6156992313000824        20.433823340248743        11.627312225469673     
        3690   7.6163019490241153        20.440825177055505        11.628592293541296     
        3691   7.6166702505401158        20.445106673160918        11.629374758427947     
        3692   7.6173936583992399        20.453522680840702        11.630911166314917     
        3693   7.6179446362630197        20.459938373315431        11.632081558569478     
        3694   7.6180588128785374        20.461268485895193        11.632324558876693     
        3695   7.6187967784810615        20.469870618780902        11.633892053956430     
        3696   7.6191935737413115        20.474499555975481        11.634735184219601     
        3697   7.6210850552191909        20.496600626241175        11.638752496900985     
        3698   7.6219318412311168        20.506513948169655        11.640551506201888     
        3699   7.6231305034615326        20.520566876595119        11.643098055679687     
        3700   7.6235363505952698        20.525330340221235        11.643960715176554     
        3701   7.6241855373436955        20.532955568108026        11.645340324554919     
        3702   7.6242920748054148        20.534207604240258        11.645567222361901     
        3703   7.6243100607930829        20.534418995458736        11.645606009714541     
        3704   7.6269418646223501        20.565408807746199        11.651197991603514     
        3705   7.6274573944655772        20.571492756377264        11.652293982907182     
        3706   7.6274723652041398        20.571669497700587        11.652326373620834     
        3707   7.6288404845502322        20.587837065347191        11.655234199053172     
        3708   7.6293538803925838        20.593912155122908        11.656325826718959     
        3709   7.6293910503930116        20.594352165275044        11.656405400712970     
        3710   7.6295114867011744        20.595778022973182        11.656661934517484     
        3711   7.6296765923597372        20.597733122216660        11.657013404703601     
        3712   7.6317403965434449        20.622210447008019        11.661400478544184     
        3713   7.6320028778428508        20.625328712292273        11.661959000820776     
        3714   7.6323637268601363        20.629617486942358        11.662726637615368     
        3715   7.6324531157153075        20.630680235509761        11.662917235394215     
        3716   7.6326864148927154        20.633454579732376        11.663413755482086     
        3717   7.6329926266991883        20.637097387744973        11.664065285306442     
        3718   7.6332175849520656        20.639774588681789        11.664544095699753     
        3719   7.6335241949559487        20.643424902792070        11.665196500624475     
        3720   7.6340170377816365        20.649295745557048        11.666244853742722     
        3721   7.6353947756367919        20.665729611838106        11.669174698929158     
        3722   7.6355425242675263        20.667493905579089        11.669489433895439     
        3723   7.6365803836244934        20.679897714925374        11.671696896058148     
        3724   7.6376645321094783        20.692874487677809        11.674002987882684     
        3725   7.6379753324846416        20.696598359180310        11.674664543795753     
        3726   7.6404074528033359        20.725796544570755        11.679838064581006     
        3727   7.6423168699785791        20.748791456219884        11.683900560381208     
        3728   7.6425084583451923        20.751102241536508        11.684308744463902     
        3729   7.6428671347331019        20.755430032085901        11.685072423911290     
        3730   7.6444826347107107        20.774950568173473        11.688510322466826     
        3731   7.6450218829629151        20.781476647259883        11.689658370588692     
        3732   7.6455445921588403        20.787807449508826        11.690771273945380     
        3733   7.6458038484891837        20.790949222616078        11.691323569436989     
        3734   7.6459684087869721        20.792944045594730        11.691674352153871     
        3735   7.6461085113642273        20.794642765076400        11.691973090209142     
        3736   7.6462381854619537        20.796215349684374        11.692249638246395     
        3737   7.6464572527705750        20.798872698584699        11.692716435017257     
        3738   7.6465545491422864        20.800053203117521        11.692924084169587     
        3739   7.6466832469438115        20.801614960611566        11.693198564620722     
        3740   7.6470594438759463        20.806181817608014        11.693999795951083     
        3741   7.6474397908571934        20.810801599997269        11.694809884966197     
        3742   7.6476870684628917        20.813806465349053        11.695336771147339     
        3743   7.6478642364325120        20.815960039625999        11.695714443161773     
        3744   7.6479747254191386        20.817303375953891        11.695950196490656     
        3745   7.6480023247302089        20.817638964987044        11.696009523269311     
        3746   7.6483622864098599        20.822017094571272        11.696776284482084     
        3747   7.6508312498742912        20.852108673398266        11.702032668794395     
        3748   7.6509516097421244        20.853578393596706        11.702289494896434     
        3749   7.6520536549921365        20.867047587781592        11.704636422634284     
        3750   7.6524120698501825        20.871432828917285        11.705400146241590     
        3751   7.6529594251708444        20.878134231424813        11.706566207246201     
        3752   7.6537051129817382        20.887272546755295        11.708154660033308     
        3753   7.6540182427044146        20.891112903779369        11.708822051658018     
        3754   7.6554413079160133        20.908588317780715        11.711853262165686     
        3755   7.6555690946847745        20.910159349468067        11.712126003861862     
        3756   7.6561628361379306        20.917462792769058        11.713391165592693     
        3757   7.6563731090742584        20.920050835434107        11.713839613152739     
        3758   7.6587344597694447        20.949169706417546        11.718870209521821     
        3759   7.6587710244737055        20.949621403065152        11.718948689244112     
        3760   7.6595239159951021        20.958927583176482        11.720553249467098     
        3761   7.6598645720098206        20.963141708375900        11.721279607096026     
        3762   7.6601301409624512        20.966428439142266        11.721846004606505     
        3763   7.6601526408746130        20.966706961816897        11.721894527034294     
        3764   7.6601999752759289        20.967292936900463        11.721995962010602     
        3765   7.6616189462412443        20.984878212949425        11.725019990588716     
        3766   7.6617458503801750        20.986452742469815        11.725290990679490     
        3767   7.6626332909910788        20.997471749165772        11.727182670744607     
        3768   7.6626562053099159        20.997756460449740        11.727232086498567     
        3769   7.6627167609305316        20.998508913164766        11.727361717608805     
        3770   7.6637795180665655        21.011725604327353        11.729627186585489     
        3771   7.6639861213082980        21.014297404959542        11.730068094740798     
        3772   7.6641143540986931        21.015894048178769        11.730341979557767     
        3773   7.6654772749426678        21.032882884860786        11.733247509384753     
        3774   7.6659439478137301        21.038707940876058        11.734242841033023     
        3775   7.6676609631984505        21.060175012018892        11.737903696065498     
        3776   7.6678556170262464        21.062612174953436        11.738319269755440     
        3777   7.6686584938826901        21.072672133158484        11.740031602969875     
        3778   7.6697908731543532        21.086881395127453        11.742446633439002     
        3779   7.6698594151464254        21.087742248285721        11.742593370567551     
        3780   7.6700906884251943        21.090647581494217        11.743087104561273     
        3781   7.6705188617518090        21.096029114781306        11.744000717104434     
        3782   7.6723417830814595        21.118979632449847        11.747888817982886     
        3783   7.6733151195089313        21.131259838816117        11.749965354673517     
        3784   7.6734380989545876        21.132812711016683        11.750228245444728     
        3785   7.6748309156815138        21.150420156445108        11.753199776946783     
        3786   7.6751789174300971        21.154825273723127        11.753942720831017     
        3787   7.6755716508710350        21.159799417473415        11.754781111965571     
        3788   7.6759754939573099        21.164917367932087        11.755643231192561     
        3789   7.6763993055623931        21.170291764083000        11.756547980791289     
        3790   7.6764317059215559        21.170702778841953        11.756617691708595     
        3791   7.6766804565077598        21.173858979864807        11.757148980821366     
        3792   7.6780120050465568        21.190774310497538        11.759990574761026     
        3793   7.6785853414100629        21.198068278852837        11.761214534294705     
        3794   7.6794248615316327        21.208760160689781        11.763006575125864     
        3795   7.6795145074534084        21.209902675883139        11.763198464923775     
        3796   7.6800944151830457        21.217297243542419        11.764436599657078     
        3797   7.6802388788326281        21.219140361785026        11.764745487365296     
        3798   7.6823727038287011        21.246412041291954        11.769300309891157     
        3799   7.6833089527098011        21.258406143046578        11.771299390774455     
        3800   7.6849399904419897        21.279342370901141        11.774781917996727     
        3801   7.6858214492702377        21.290678831728727        11.776664438359454     
        3802   7.6858585694152177        21.291156573271454        11.776744281329339     
        3803   7.6862452862024293        21.296135302934406        11.777570562905581     
        3804   7.6864563510178021        21.298853881829430        11.778021814333915     
        3805   7.6866181278478001        21.300938217080706        11.778367831830625     
        3806   7.6874634831768773        21.311838276373685        11.780173516985073     
        3807   7.6877273645852497        21.315243700075300        11.780737599715238     
        3808   7.6883553901596882        21.323354052954677        11.782079328448575     
        3809   7.6893593754530274        21.336335985896117        11.784224058267235     
        3810   7.6903009046575264        21.348528739700793        11.786235565746971     
        3811   7.6908219800324407        21.355284314934206        11.787349134375241     
        3812   7.6909045581258244        21.356355416349363        11.787526108128400     
        3813   7.6911028608705303        21.358928117937584        11.787950272625782     
        3814   7.6931566373169762        21.385619818021532        11.792338148145124     
        3815   7.6936081426109162        21.391499242530855        11.793303343841568     
        3816   7.6949499276071789        21.408996257675359        11.796170766103071     
        3817   7.6953416730242541        21.414111594776237        11.797008410784503     
        3818   7.6974977323970828        21.442321343918362        11.801616406962562     
        3819   7.6995692980277655        21.469515834323239        11.806044612181410     
        3820   7.7012240498186646        21.491302536289481        11.809582490629733     
        3821   7.7020008252347480        21.501549351872100        11.811243724217213     
        3822   7.7033422937056386        21.519275025998027        11.814112446828677     
        3823   7.7039229238248916        21.526958967207012        11.815354553701656     
        3824   7.7041086862479062        21.529418806175162        11.815752357890872     
        3825   7.7044497591429453        21.533937135153256        11.816482276790246     
        3826   7.7059053697732400        21.553247776381205        11.819595682264353     
        3827   7.7075534339689700        21.575165724465858        11.823121097713031     
        3828   7.7090805662788711        21.595526961011824        11.826388293851245     
        3829   7.7091803730199873        21.596859416633549        11.826602390138110     
        3830   7.7095188498329819        21.601379790001449        11.827327059699865     
        3831   7.7095394670644293        21.601655213317830        11.827371756218422     
        3832   7.7099904621868056        21.607682285889613        11.828337160935384     
        3833   7.7102012490416456        21.610500724634864        11.828788700464401     
        3834   7.7105662092643596        21.615382876279995        11.829570090498791     
        3835   7.7106477874584005        21.616474556619053        11.829745213859134     
        3836   7.7108500877004076        21.619182358018673        11.830178620794463     
        3837   7.7128719981078895        21.646294208126708        11.834505428841432     
        3838   7.7129843607079192        21.647803471447116        11.834746459941996     
        3839   7.7143088054164251        21.665614148153249        11.837581338513775     
        3840   7.7144086846571618        21.666958834658672        11.837795682319751     
        3841   7.7149246276903778        21.673908496708282        11.838900474904381     
        3842   7.7153569818434109        21.679736697876354        11.839826409935814     
        3843   7.7154183440351947        21.680564200164042        11.839958334388733     
        3844   7.7177176545245647        21.711631020103781        11.844880587825916     
        3845   7.7177918055627206        21.712634832033316        11.845039915229798     
        3846   7.7178493636274705        21.713414101685306        11.845163722684109     
        3847   7.7186017113547090        21.723606727204370        11.846774930060683     
        3848   7.7195049708704495        21.735860360675396        11.848709338677633     
        3849   7.7203709446686650        21.747625117591536        11.850564055814338     
        3850   7.7209607932196072        21.755648072737735        11.851827640440959     
        3851   7.7209685176305269        21.755753189271577        11.851844772963567     
        3852   7.7213386299429452        21.760791363837960        11.852637887006225     
        3853   7.7216029679388418        21.764391545123075        11.853204521278943     
        3854   7.7224238924882229        21.775582145941286        11.854963083745051     
        3855   7.7227055609888966        21.779425232927924        11.855566883080147     
        3856   7.7227279124740420        21.779730272660903        11.855615343193879     
        3857   7.7248820230721886        21.809180805670461        11.860229536738629     
        3858   7.7251427600456140        21.812752616829993        11.860788622654244     
        3859   7.7258024910160641        21.821797052494961        11.862202398359880     
        3860   7.7268697373513593        21.836449045850177        11.864489258001456     
        3861   7.7284531305244517        21.858234680736519        11.867882181709103     
        3862   7.7286099003697721        21.860394751975072        11.868218669732844     
        3863   7.7288709821648265        21.863993340490012        11.868778665776897     
        3864   7.7292368527044735        21.869038887806351        11.869563205855037     
        3865   7.7310126934353001        21.893572159018511        11.873369206648483     
        3866   7.7314352633728660        21.899420623672711        11.874275397276808     
        3867   7.7315700256190141        21.901286627552132        11.874564802673966     
        3868   7.7318702407029996        21.905445099638662        11.875208804616840     
        3869   7.7322533301473433        21.910754533018132        11.876030442360118     
        3870   7.7325037000759496        21.914226367236932        11.876567647396481     
        3871   7.7330842621250397        21.922282485528143        11.877812586576194     
        3872   7.7331382818792669        21.923032482101462        11.877928966748083     
        3873   7.7331916987134584        21.923774174265318        11.878044055134502     
        3874   7.7344900930907983        21.941822699281612        11.880827796158933     
        3875   7.7354090900438672        21.954621020325956        11.882798466787431     
        3876   7.7356178694747921        21.957531308592777        11.883246647537600     
        3877   7.7359040503141534        21.961522188676167        11.883860775741841     
        3878   7.7367309186295508        21.973063872894109        11.885634146998985     
        3879   7.7372094071080841        21.979750072248610        11.886660659095487     
        3880   7.7373545734391191        21.981779627410866        11.886972509963925     
        3881   7.7385347282915191        21.998297617125289        11.889503652980860     
        3882   7.7397406461438782        22.015210086992326        11.892090291371897     
        3883   7.7414306019308201        22.038968880318972        11.895715360367294     
        3884   7.7415296083822707        22.040362897422391        11.895928311881107     
        3885   7.7417350974205288        22.043256940571226        11.896369660487096     
        3886   7.7423049417566983        22.051287711515887        11.897592553392485     
        3887   7.7424286181576338        22.053031695791365        11.897858438212808     
        3888   7.7425244962073876        22.054383941458905        11.898064696650202     
        3889   7.7428093660308024        22.058402985942717        11.898676361034795     
        3890   7.7431268227888470        22.062884063244528        11.899357943901617     
        3891   7.7434374876819199        22.067271603690951        11.900024974512856     
        3892   7.7441653476002594        22.077560271950787        11.901587034033508     
        3893   7.7442319447153345        22.078502290488441        11.901730503877911     
        3894   7.7450891893696578        22.090637563297864        11.903570259638474     
        3895   7.7450941745931567        22.090708186513400        11.903581551276872     
        3896   7.7452399340138296        22.092773353339425        11.903894876989614     
        3897   7.7454519145848160        22.095777676612499        11.904350288271317     
        3898   7.7454786694765074        22.096156940919247        11.904408288713011     
        3899   7.7455803529916274        22.097598514360389        11.904627055187341     
        3900   7.7457533832534757        22.100052148385320        11.904998906366643     
        3901   7.7459767400161121        22.103220499628865        11.905478746361268     
        3902   7.7462786118884654        22.107504515319665        11.906127065811351     
        3903   7.7474254026834890        22.123799305550008        11.908588465645352     
        3904   7.7481655437360013        22.134332938849195        11.910177392250908     
        3905   7.7483983940924119        22.137649603343931        11.910677701422589     
        3906   7.7490966991001242        22.147604014651037        11.912176965642470     
        3907   7.7492001537824589        22.149079783862572        11.912399598657082     
        3908   7.7516158193733995        22.183613484497513        11.917585283449348     
        3909   7.7518230215011528        22.186582264754545        11.918030675482452     
        3910   7.7523449709777861        22.194065418179449        11.919151760846109     
        3911   7.7527510794418379        22.199892418761703        11.920024199161602     
        3912   7.7532780246633655        22.207459310117745        11.921156095474146     
        3913   7.7536579701248121        22.212919562954880        11.921972428172889     
        3914   7.7549592829568237        22.231648081429586        11.924767111781161     
        3915   7.7549743607197668        22.231865327733406        11.924800084588323     
        3916   7.7558899212631118        22.245067706622557        11.926766689386682     
        3917   7.7577503984694891        22.271960388743299        11.930762793333685     
        3918   7.7584971609291999        22.282779088565427        11.932367287418320     
        3919   7.7589464551880925        22.289295000133816        11.933332926626939     
        3920   7.7601334960413286        22.306534669285021        11.935883346655249     
        3921   7.7613886963744783        22.324803113191514        11.938580446412995     
        3922   7.7614019542552537        22.324996285012123        11.938609527364441     
        3923   7.7619072722798590        22.332362279908985        11.939695761473359     
        3924   7.7622673518215963        22.337615116557345        11.940469989607518     
        3925   7.7627801195060497        22.345101085684437        11.941572307282581     
        3926   7.7629266221696680        22.347241134846190        11.941887685887888     
        3927   7.7635435232070558        22.356258599500997        11.943213819157570     
        3928   7.7645670960097188        22.371242092096491        11.945413915708823     
        3929   7.7654497829843674        22.384184907202400        11.947311418782778     
        3930   7.7664590784916285        22.399008855537652        11.949481173203061     
        3931   7.7665932932153874        22.400982111695374        11.949770236796493     
        3932   7.7668079057571013        22.404138366557191        11.950232104325956     
        3933   7.7674870335533228        22.414134019236119        11.951692412351903     
        3934   7.7690027063677789        22.436485582393061        11.954951073126868     
        3935   7.7699878807330922        22.451046121694073        11.957069601368310     
        3936   7.7700302424528793        22.451672784241033        11.957161273706021     
        3937   7.7719829619066010        22.480610895375978        11.961360351253663     
        3938   7.7732213442135611        22.499015175213223        11.964023903848588     
        3939   7.7733678403447835        22.501195025698991        11.964339539060408     
        3940   7.7736478572582550        22.505363241808869        11.964942317256771     
        3941   7.7738056717660404        22.507713322333039        11.965282304374661     
        3942   7.7747012369086397        22.521062116327577        11.967208941383117     
        3943   7.7765325346929881        22.548425167736621        11.971148441060443     
        3944   7.7778959671725030        22.568855934866331        11.974082002736360     
        3945   7.7779896038984981        22.570260902614962        11.974284042650890     
        3946   7.7799991396938237        22.600470117330143        11.978608106020143     
        3947   7.7800249023988570        22.600858118183197        11.978664139018093     
        3948   7.7802223787300360        22.603832823100415        11.979089643994588     
        3949   7.7802281560093629        22.603919865727729        11.979102675545853     
        3950   7.7809716916803824        22.615129844119284        11.980703183762017     
        3951   7.7810473726181080        22.616271700186495        11.980866636897250     
        3952   7.7813135335039849        22.620288715773757        11.981439978239962     
        3953   7.7816446707819669        22.625289087925751        11.982153157052853     
        3954   7.7818745211603479        22.628761731951020        11.982648386855232     
        3955   7.7836550494164323        22.655711589082859        11.986480929628158     
        3956   7.7839479850646907        22.660153788088653        11.987112022055147     
        3957   7.7844358820512838        22.667557723036044        11.988162767311440     
        3958   7.7849579001768063        22.675486744259924        11.989287001032157     
        3959   7.7850794789570461        22.677334508488261        11.989549304858247     
        3960   7.7856177890178291        22.685520715356372        11.990708668520387     
        3961   7.7857728198005365        22.687879796937789        11.991042997515432     
        3962   7.7858991828782438        22.689803140223660        11.991315618022018     
        3963   7.7863609215926903        22.696834935824764        11.992310218462880     
        3964   7.7870461646531925        22.707281416915638        11.993786032819518     
        3965   7.7878995558349970        22.720309640634078        11.995623957489023     
        3966   7.7882358884975362        22.725449835292427        11.996348707567620     
        3967   7.7883048765102645        22.726504575707910        11.996497847921255     
        3968   7.7883871712533823        22.727762934015217        11.996675640206554     
        3969   7.7889018236818828        22.735636730765624        11.997784377962887     
        3970   7.7892954444663616        22.741663858955214        11.998632545152237     
        3971   7.7897990974154370        22.749382164287827        11.999717679359751     
        3972   7.7905211810096713        22.760460329240789        12.001273245432564     
        3973   7.7919100659455864        22.781810016836086        12.004264986895500     
        3974   7.7930233464040288        22.798962743544873        12.006663424781419     
        3975   7.7930290011317620        22.799049958224675        12.006676207158687     
        3976   7.7933077395372230        22.803350161879308        12.007277203877436     
        3977   7.7936203117700602        22.808174973740652        12.007951093993491     
        3978   7.7941028859806343        22.815629397146864        12.008991206080218     
        3979   7.7962472319662739        22.848834438468753        12.013611424916075     
        3980   7.7970042550304859        22.860588556823163        12.015243094282337     
        3981   7.7971501544826696        22.862855809943031        12.015558060840323     
        3982   7.7975717712820245        22.869411133613337        12.016467125448330     
        3983   7.7976786546700083        22.871073782692537        12.016698036088759     
        3984   7.7982704841463439        22.880286130620135        12.017973923633797     
        3985   7.7988953574946649        22.890023901131297        12.019321081767888     
        3986   7.7993122195790878        22.896526442557690        12.020220029649550     
        3987   7.7994776710836735        22.899108691989579        12.020577192136589     
        3988   7.8003244605220079        22.912337321485527        12.022402759653588     
        3989   7.8004108535154666        22.913688142767665        12.022589560638892     
        3990   7.8006000688964274        22.916647436799430        12.022997973088611     
        3991   7.8010358795143393        22.923467435698186        12.023937887322287     
        3992   7.8014173956241954        22.929442365228525        12.024760807132825     
        3993   7.8020503971197908        22.939365271442171        12.026125832875543     
        3994   7.8039140569342438        22.968648719978479        12.030143928302660     
        3995   7.8043318986387096        22.975228359247726        12.031045357645990     
        3996   7.8049383482058987        22.984787206213934        12.032353461721570     
        3997   7.8068889618324180        23.015607305223853        12.036560011700466     
        3998   7.8072167399480197        23.020797472008312        12.037267442523383     
        3999   7.8081889773791566        23.036211300930319        12.039364708226390     
        4000   7.8085510059642331        23.041958186003562        12.040146081610843     
        4001   7.8095145604500802        23.057273104708671        12.042224848368694     
        4002   7.8118120853930124        23.093904373470739        12.047181338629247     
        4003   7.8121115452055765        23.098690783131723        12.047827963191551     
        4004   7.8122521906097671        23.100939735167916        12.048131985634640     
        4005   7.8126500273439916        23.107304523623441        12.048990871466948     
        4006   7.8128608183596757        23.110678833590793        12.049446241973818     
        4007   7.8131542405785668        23.115378166938086        12.050079896022989     
        4008   7.8142829409183836        23.133479725518349        12.052515777037595     
        4009   7.8146557303595490        23.139466993430638        12.053320759578721     
        4010   7.8147008125993178        23.140191338439003        12.053418641724225     
        4011   7.8148722294630861        23.142946101100094        12.053789127225201     
        4012   7.8162948592449952        23.165843747596082        12.056859656507097     
        4013   7.8164659236097469        23.168601321426511        12.057229429693162     
        4014   7.8171307459953709        23.179326994330488        12.058664812510344     
        4015   7.8174177904703477        23.183962193486948        12.059284923381480     
        4016   7.8177926123988986        23.190018708455312        12.060094499236207     
        4017   7.8183089950814457        23.198369831722434        12.061209643253523     
        4018   7.8184423572361332        23.200527972110578        12.061498099942312     
        4019   7.8184536472287647        23.200710698699030        12.061523074488665     
        4020   7.8192254167822366        23.213211164108596        12.063189542073999     
        4021   7.8198241987502302        23.222922658473404        12.064482689089626     
        4022   7.8202417363400620        23.229701299507354        12.065384636405813     
        4023   7.8206845620117855        23.236896517744924        12.066341206941004     
        4024   7.8207444042691074        23.237869336649279        12.066471002251870     
        4025   7.8224352112192914        23.265402788892295        12.070122029203812     
        4026   7.8229934051118128        23.274512544722214        12.071327876599451     
        4027   7.8238012667756118        23.287714553730364        12.073072898995150     
        4028   7.8254486264418972        23.314700553675337        12.076631006395907     
        4029   7.8272367918239043        23.344092396005582        12.080493728094389     
        4030   7.8277602096349659        23.352715396423037        12.081624930046729     
        4031   7.8277765239088861        23.352984307927237        12.081660777252548     
        4032   7.8280089773014367        23.356816827583071        12.082163505461661     
        4033   7.8282087715861080        23.360112297127440        12.082595694611463     
        4034   7.8286913917189800        23.368078165156522        12.083638853844935     
        4035   7.8294649048545777        23.380861259936342        12.085310483491288     
        4036   7.8295009897567445        23.381458078797809        12.085389047820147     
        4037   7.8297507917656226        23.385590800593825        12.085929327318375     
        4038   7.8306217721227807        23.400016342611185        12.087811686151852     
        4039   7.8336334171291613        23.450089808511859        12.094319978293541     
        4040   7.8340465665905636        23.456982615446087        12.095213461235073     
        4041   7.8355038959094765        23.481341692796722        12.098363806353852     
        4042   7.8362938981511432        23.494576303429135        12.100072009192335     
        4043   7.8377501424387894        23.519027435547329        12.103220586920944     
        4044   7.8395239393721576        23.548907691250481        12.107056125262119     
        4045   7.8399099078473204        23.555423688122545        12.107891267330245     
        4046   7.8400440368061517        23.557689273451544        12.108181893310451     
        4047   7.8408206494480357        23.570819235010049        12.109861776474709     
        4048   7.8422973304482619        23.595842256295768        12.113055715474736     
        4049   7.8435203906155362        23.616624599480371        12.115701489781564     
        4050   7.8442272795142873        23.628659792908227        12.117231038767422     
        4051   7.8445279895726765        23.633784830493081        12.117882084882169     
        4052   7.8446928504494409        23.636595912442356        12.118239295697663     
        4053   7.8456816998271268        23.653476948763643        12.120378930357571     
        4054   7.8462534839440883        23.663253726382791        12.121616471082838     
        4055   7.8468301789483004        23.673126106064338        12.122864694006360     
        4056   7.8478197750348642        23.690094196880203        12.125006317728825     
        4057   7.8498521700201564        23.725051339995389        12.129404603117131     
        4058   7.8500752484111143        23.728897229055761        12.129887952549716     
        4059   7.8502110148771598        23.731238722756764        12.130182364288732     
        4060   7.8503240653147746        23.733188947043825        12.130427620582335     
        4061   7.8513501167852882        23.750910181499446        12.132648753214969     
        4062   7.8521897230860720        23.765439355022696        12.134466530255530     
        4063   7.8550466391800011        23.815068172585146        12.140651319300829     
        4064   7.8552753165571705        23.819053438827670        12.141146995491862     
        4065   7.8554414184293737        23.821949368264864        12.141507207382460     
        4066   7.8562614866745690        23.836261746357280        12.143283289737472     
        4067   7.8570879383351357        23.850710444143157        12.145073312661918     
        4068   7.8571941397347720        23.852568960863202        12.145303877225189     
        4069   7.8576002414255468        23.859679536020195        12.146183821250812     
        4070   7.8577470631955961        23.862251783274210        12.146502353230201     
        4071   7.8577607587286558        23.862491762959316        12.146532620439423     
        4072   7.8579929124138506        23.866560722740434        12.147035934312719     
        4073   7.8580503444838579        23.867567641783673        12.147160909838338     
        4074   7.8591075262965520        23.886124286773484        12.149450859813335     
        4075   7.8593794306350331        23.890903694488287        12.150040315068054     
        4076   7.8597416656633792        23.897275154306918        12.150825413343590     
        4077   7.8600573719814220        23.902832182605849        12.151509764092740     
        4078   7.8605609063811253        23.911703016037016        12.152600938891233     
        4079   7.8607281139234155        23.914650823588239        12.152963701426177     
        4080   7.8610748499319341        23.920766977239023        12.153715316087350     
        4081   7.8623815008606694        23.943855699795577        12.156546221685122     
        4082   7.8625050410439163        23.946041987489860        12.156814445664811     
        4083   7.8627806513948482        23.950921525520442        12.157412092809668     
        4084   7.8636048763399344        23.965531071785193        12.159198244859116     
        4085   7.8639308137236714        23.971315449096746        12.159904976824610     
        4086   7.8640208203661768        23.972913495467768        12.160100585261159     
        4087   7.8640946631013069        23.974224784415838        12.160261176251808     
        4088   7.8641396699186537        23.975024110392919        12.160359295317985     
        4089   7.8643086043787171        23.978025088984573        12.160725905529407     
        4090   7.8648657437468028        23.987929867468619        12.161933600735161     
        4091   7.8651137115819001        23.992342008199135        12.162471471080330     
        4092   7.8653194850001427        23.996005149763239        12.162917929445292     
        4093   7.8655488503186195        24.000090168746592        12.163415512855767     
        4094   7.8659838312664228        24.007842726536062        12.164358633830307     
        4095   7.8668402575382057        24.023127711566140        12.166215032360331     
        4096   7.8668842985232690        24.023914487222680        12.166311080716881     
        4097   7.8669073938627410        24.024327106480474        12.166361740531435     
        4098   7.8683148770569913        24.049511714752615        12.169412520145606     
        4099   7.8692911088526190        24.067024596410374        12.171528937543130     
        4100   7.8704041257771369        24.087036306921007        12.173942017382476     
        4101   7.8719104845268584        24.114196945183298        12.177208015352761     
        4102   7.8723358800402554        24.121883162632006        12.178130845573513     
        4103   7.8743349863331336        24.158099064810536        12.182465758881101     
        4104   7.8745201031883312        24.161460626001649        12.182867763640282     
        4105   7.8749679261276153        24.169598313775005        12.183839422192449     
        4106   7.8752539169978606        24.174799404670335        12.184460187920852     
        4107   7.8753344920835735        24.176265346658880        12.184635526007831     
        4108   7.8753741064391889        24.176986164597885        12.184722042615373     
        4109   7.8754256732577890        24.177924561497523        12.184834478272791     
        4110   7.8758142140379865        24.184998505273519        12.185677651665316     
        4111   7.8767112947395495        24.201354123809843        12.187623707475645     
        4112   7.8775724212613305        24.217084478490694        12.189491925689133     
        4113   7.8778545878756807        24.222245332937518        12.190104529012974     
        4114   7.8780485247033099        24.225794310325757        12.190525779584746     
        4115   7.8786849238735099        24.237450825606100        12.191906748990526     
        4116   7.8806026434363439        24.272675383806455        12.196067346196223     
        4117   7.8810702335765024        24.281286676780446        12.197082371891533     
        4118   7.8812194208691713        24.284036032301579        12.197406648305783     
        4119   7.8819561911071361        24.297627203830746        12.199005743442456     
        4120   7.8824641670748257        24.307010743155523        12.200108507580886     
        4121   7.8836823898224413        24.329557398893954        12.202752471641912     
        4122   7.8847155481231557        24.348726835943339        12.204995081151758     
        4123   7.8849306167136453        24.352722815033037        12.205462427414258     
        4124   7.8856182179020351        24.365511331384070        12.206955295245717     
        4125   7.8861354281487150        24.375143740504850        12.208078430764608     
        4126   7.8879781659142951        24.409553265876735        12.212078791528032     
        4127   7.8880626866440995        24.411134938285347        12.212262877592710     
        4128   7.8893793744967180        24.435813523136012        12.215121811115619     
        4129   7.8898626399254512        24.444889698095700        12.216171595487392     
        4130   7.8909849331934918        24.466005624018859        12.218608867830785     
        4131   7.8916013983988051        24.477627212291349        12.219948011286483     
        4132   7.8916404139533727        24.478363278274056        12.220033343916313     
        4133   7.8920214160277746        24.485554668588758        12.220861263960394     
        4134   7.8924868415160603        24.494347974879982        12.221872535031352     
        4135   7.8926086472955843        24.496650790099935        12.222137654517951     
        4136   7.8933463442265852        24.510611030603823        12.223740247865074     
        4137   7.8945187404374586        24.532845788703941        12.226287029058927     
        4138   7.8945753248310853        24.533920426685651        12.226410539534211     
        4139   7.8951532848251285        24.544904855982995        12.227666442562906     
        4140   7.8967076058555890        24.574517563199038        12.231043223012225     
        4141   7.8972911928892584        24.585663210281901        12.232311568279894     
        4142   7.8982757041870286        24.604499769007212        12.234450979581077     
        4143   7.8991952118065116        24.622131155804400        12.236449329131290     
        4144   7.9002962547968876        24.643292645308438        12.238842281390617     
        4145   7.9004630834000977        24.646503699804786        12.239205400940520     
        4146   7.9006198508745538        24.649522229504040        12.239546663160887     
        4147   7.9011284156634138        24.659322087304062        12.240652386557898     
        4148   7.9012235491660165        24.661156555388189        12.240859733206385     
        4149   7.9029486289049817        24.694491673381933        12.244609301095892     
        4150   7.9031227801224579        24.697864361197233        12.244988414210141     
        4151   7.9045640577537597        24.725829286230070        12.248121670667750     
        4152   7.9048910418566516        24.732186798512227        12.248833044652979     
        4153   7.9050454936247085        24.735191472920981        12.249169396634731     
        4154   7.9051450362675810        24.737128530241769        12.249386394132983     
        4155   7.9068623423412534        24.770617658574487        12.253120259567524     
        4156   7.9070900817409040        24.775068921363534        12.253615999135693     
        4157   7.9071589704385081        24.776415848582005        12.253766388057532     
        4158   7.9071687331487652        24.776606748889495        12.253788231488542     
        4159   7.9079615933878191        24.792124977563773        12.255512665905577     
        4160   7.9085510390895388        24.803680639388062        12.256794913950333     
        4161   7.9090994539948793        24.814446330515921        12.257988004204101     
        4162   7.9091696836789138        24.815825983578051        12.258141333837248     
        4163   7.9098088304177105        24.828392448249847        12.259531786373913     
        4164   7.9105352177705637        24.842697222257986        12.261112032794642     
        4165   7.9110373361879409        24.852599832685151        12.262204630724479     
        4166   7.9146042588874632        24.923286242769588        12.269963678813898     
        4167   7.9149607968996918        24.930384900775099        12.270739929357593     
        4168   7.9170529135894743        24.972161149790118        12.275292300912785     
        4169   7.9187561405776012        25.006327225556415        12.278999149934062     
        4170   7.9187900823341142        25.007009509662328        12.279073632486767     
        4171   7.9189990465809572        25.011211259468677        12.279528996167489     
        4172   7.9202518298166709        25.036446126704924        12.282256059731829     
        4173   7.9205962344138641        25.043396895886769        12.283006259445280     
        4174   7.9207753036170860        25.047013160400141        12.283396623201714     
        4175   7.9210731403974526        25.053031388765916        12.284045496841372     
        4176   7.9228777797769547        25.089590015985898        12.287974321433332     
        4177   7.9237569842874240        25.107459330273333        12.289888937640704     
        4178   7.9243386721081102        25.119302889752330        12.291155946399865     
        4179   7.9247645430492177        25.127984597051984        12.292083765505666     
        4180   7.9249188536089825        25.131132570422459        12.292420356326065     
        4181   7.9251126528844793        25.135087808626569        12.292842929288334     
        4182   7.9256121713624061        25.145291115967552        12.293931164358423     
        4183   7.9260565663357490        25.154378967776598        12.294899414854321     
        4184   7.9264585482480072        25.162608020646552        12.295775344975421     
        4185   7.9272687707411906        25.179218985343073        12.297540299475742     
        4186   7.9289015820392201        25.212795383018726        12.301096869637330     
        4187   7.9304655272598321        25.245082994973252        12.304503905729515     
        4188   7.9317438764436226        25.271567718592962        12.307289209748699     
        4189   7.9329285941418028        25.296187972328251        12.309870810970551     
        4190   7.9335161510372121        25.308425343088054        12.311151553524720     
        4191   7.9335354067528163        25.308826696748778        12.311194129329017     
        4192   7.9339735399694806        25.317964089263906        12.312149361285613     
        4193   7.9347913703491111        25.335047025769306        12.313931973091012     
        4194   7.9349374851134629        25.338102778654473        12.314250980629051     
        4195   7.9358193024083032        25.356568379801356        12.316173170814270     
        4196   7.9365376088142572        25.371640297610274        12.317739156400002     
        4197   7.9365914537790907        25.372771202656359        12.317857123701987     
        4198   7.9369203031133670        25.379681353539528        12.318574421982820     
        4199   7.9379614411352897        25.401596777916378        12.320844168835738     
        4200   7.9382415693455606        25.407503186854317        12.321455354023641     
        4201   7.9385045308829003        25.413051454196850        12.322029135733771     
        4202   7.9394063206624512        25.432106564989255        12.323995420232400     
        4203   7.9402227666209004        25.449395995305821        12.325775802346566     
        4204   7.9416119261683082        25.478896160437341        12.328804906530824     
        4205   7.9417524280858833        25.481885680004588        12.329111854370602     
        4206   7.9420016787702714        25.487191734017419        12.329655906783113     
        4207   7.9422970413337755        25.493483795717140        12.330300509004257     
        4208   7.9438692912566635        25.527057373793035        12.333729369133646     
        4209   7.9447108042347701        25.545082637161187        12.335565062712906     
        4210   7.9451077699248298        25.553599221612131        12.336431384822870     
        4211   7.9452638720590363        25.556950655021801        12.336772441979004     
        4212   7.9454663772927825        25.561300348740858        12.337214703261733     
        4213   7.9460314983219051        25.573450839421312        12.338447821018274     
        4214   7.9466017747405697        25.585730160202655        12.339692239843238     
        4215   7.9466271195492517        25.586276310519139        12.339748143040161     
        4216   7.9475831115567894        25.606902976566499        12.341833956342814     
        4217   7.9481743288326925        25.619684790974251        12.343124211974615     
        4218   7.9497690779341150        25.654260533533833        12.346603796634643     
        4219   7.9501505568581186        25.662552681243671        12.347436687718925     
        4220   7.9516302012812092        25.694793776826458        12.350665674032616     
        4221   7.9526923171607882        25.718014174814048        12.352983915283097     
        4222   7.9536240026725977        25.738436460986343        12.355017712506879     
        4223   7.9538241211450194        25.742829539132753        12.355455066353311     
        4224   7.9538753828736795        25.743955229132823        12.355567563513677     
        4225   7.9543397626326602        25.754159783771321        12.356581660244689     
        4226   7.9549764222059389        25.768170457376058        12.357971806190115     
        4227   7.9551453979418723        25.771892987509659        12.358341235885195     
        4228   7.9561491545607241        25.794040057327802        12.360532753998854     
        4229   7.9567483302856603        25.807288488962129        12.361841281328925     
        4230   7.9574365202778843        25.822531157600988        12.363344190833008     
        4231   7.9577186184220423        25.828787393941059        12.363960646582253     
        4232   7.9586073363841123        25.848527714176797        12.365901467499850     
        4233   7.9597514203203428        25.874009298883969        12.368399994392195     
        4234   7.9600135427906480        25.879858403144496        12.368972950020371     
        4235   7.9605248313986170        25.891279326536704        12.370089981261806     
        4236   7.9610831397280535        25.903768458167203        12.371309733739036     
        4237   7.9616772390247492        25.917078807163719        12.372607700479143     
        4238   7.9620235161215636        25.924846704062535        12.373364524261838     
        4239   7.9620251679391885        25.924883775990768        12.373368757564371     
        4240   7.9622449880685897        25.929818695701872        12.373849436563471     
        4241   7.9630701210065453        25.948368889017576        12.375652101124246     
        4242   7.9639872832921066        25.969036610946162        12.377655893855394     
        4243   7.9647526801708066        25.986323711425769        12.379328331381476     
        4244   7.9653264151482066        25.999305530976795        12.380582201396994     
        4245   7.9665917537462549        26.028007852009509        12.383346989049915     
        4246   7.9675092605605915        26.048882132356955        12.385352108037615     
        4247   7.9677909375501432        26.055301095544582        12.385968149186589     
        4248   7.9682898603755792        26.066682889277796        12.387058868628703     
        4249   7.9695133615923579        26.094660278295660        12.389732900804386     
        4250   7.9700512405661090        26.106989560858217        12.390908901726469     
        4251   7.9714608695154219        26.139387942219553        12.393990095484071     
        4252   7.9714828169160716        26.139893370181383        12.394038688910523     
        4253   7.9722390023812055        26.157326359039473        12.395692012693210     
        4254   7.9728673176077010        26.171839237919471        12.397065944394495     
        4255   7.9730071498682289        26.175072536718918        12.397372211888435     
        4256   7.9744607152754652        26.208757396939113        12.400550191944671     
        4257   7.9750619699902705        26.222730754507147        12.401865213632774     
        4258   7.9751301787809421        26.224317430079296        12.402014955767957     
        4259   7.9752861967605524        26.227947862679745        12.402356664593498     
        4260   7.9753658816842581        26.229802687187224        12.402531498504249     
        4261   7.9756565310236525        26.236571627876355        12.403167549301518     
        4262   7.9756653833924958        26.236777877250141        12.403187530699217     
        4263   7.9758145195576846        26.240253335236961        12.403514208924733     
        4264   7.9761663895634305        26.248459036248793        12.404284131497697     
        4265   7.9766144865867190        26.258920486905517        12.405264467403377     
        4266   7.9768996077692478        26.265583882328063        12.405888495720593     
        4267   7.9772627846508026        26.274079193499450        12.406683209052993     
        4268   7.9787064766634508        26.307935451289069        12.409840697167994     
        4269   7.9795168050540326        26.326999038518785        12.411613398285972     
        4270   7.9809104497329448        26.359887927670414        12.414662001741128     
        4271   7.9820461268102676        26.386785308267793        12.417146671490102     
        4272   7.9835843526028372        26.423355638163162        12.420512192263850     
        4273   7.9843128366741176        26.440731038460502        12.422106537711041     
        4274   7.9848645123816793        26.453913451589880        12.423314139451811     
        4275   7.9852358072515504        26.462797379549386        12.424127129128436     
        4276   7.9854765157375729        26.468561847059402        12.424654420456676     
        4277   7.9858794153853072        26.478219387335390        12.425536603624760     
        4278   7.9867202901662102        26.498411357440283        12.427377179520334     
        4279   7.9883135882413168        26.536806010838482        12.430864502656856     
        4280   7.9883340338890232        26.537299853177409        12.430909877563035     
        4281   7.9885366667499671        26.542195812075601        12.431353971961880     
        4282   7.9899974413663273        26.577576012065041        12.434551741729852     
        4283   7.9901415430837233        26.581074332872593        12.434867782016244     
        4284   7.9906268531843727        26.592866896236686        12.435930687466300     
        4285   7.9911608124462479        26.605860896898378        12.437100127485976     
        4286   7.9915177802537620        26.614559090796504        12.437882170447942     
        4287   7.9923093774348501        26.633880300517653        12.439615710430072     
        4288   7.9973536338798592        26.758063458898988        12.450661491704306     
        4289   7.9998745606670205        26.820825944722177        12.456183760975815     
        4290   8.0002551663119643        26.830342933689924        12.457018138889257     
        4291   8.0003960831095089        26.833869296602046        12.457327466165435     
        4292   8.0020822676433241        26.876181273689827        12.461022169001389     
        4293   8.0024111446234034        26.884458987195217        12.461743359029530     
        4294   8.0025978658854751        26.889162355176534        12.462153099299979     
        4295   8.0029273019528571        26.897467080588797        12.462875544563680     
        4296   8.0033315735079835        26.907669650172792        12.463761985123202     
        4297   8.0049877436902293        26.949597182225563        12.467391792891007     
        4298   8.0060772570950025        26.977294737761859        12.469780148178060     
        4299   8.0063638628733216        26.984596135098698        12.470408926407142     
        4300   8.0069566305895261        26.999717459199783        12.471708757662906     
        4301   8.0070259940107888        27.001488693544285        12.471861421455166     
        4302   8.0077838460015656        27.020865441245981        12.473523176687458     
        4303   8.0082947237472535        27.033953024926120        12.474643651003884     
        4304   8.0089562340989016        27.050930086171995        12.476094380340633     
        4305   8.0096697388059521        27.069280389581902        12.477659173782360     
        4306   8.0101808555531271        27.082450454264691        12.478780343606424     
        4307   8.0114009682941969        27.113973788811645        12.481456055055766     
        4308   8.0127043752664484        27.147781405987335        12.484314680303530     
        4309   8.0141351855845340        27.185052201203220        12.487453011866794     
        4310   8.0143748208737158        27.191310726234651        12.487979189550401     
        4311   8.0152941235372079        27.215363737010204        12.489996040826103     
        4312   8.0163604664880275        27.243351219207494        12.492335569708604     
        4313   8.0164409855391430        27.245468362415199        12.492512820528535     
        4314   8.0167380323604309        27.253283475979885        12.493165031099764     
        4315   8.0182516632344001        27.293220368343853        12.496486081399148     
        4316   8.0191914183502409        27.318112296043413        12.498548439078458     
        4317   8.0210839040730519        27.368466610355082        12.502701463885536     
        4318   8.0218231235456887        27.388218326333188        12.504324226953059     
        4319   8.0226469238780407        27.410285314844355        12.506132707188080     
        4320   8.0229053802091013        27.417220596876948        12.506700554098156     
        4321   8.0240672136055409        27.448468114433798        12.509251113126933     
        4322   8.0244048096876757        27.457569776383931        12.509992729217448     
        4323   8.0249109041572435        27.471232839145493        12.511104216264602     
        4324   8.0251441526696947        27.477537412509275        12.511616835432154     
        4325   8.0266699264501877        27.518896269709625        12.514966806930040     
        4326   8.0267088260208403        27.519953400926582        12.515052838810462     
        4327   8.0268303002274681        27.523255436504247        12.515320149487586     
        4328   8.0271653194511909        27.532369056353616        12.516056274695494     
        4329   8.0293078527455624        27.590889860509151        12.520761027826612     
        4330   8.0295683839206120        27.598034072951574        12.521333737895230     
        4331   8.0301761316443496        27.614723406345142        12.522668913227069     
        4332   8.0302338181499930        27.616309271157153        12.522796224861882     
        4333   8.0308947736593090        27.634501228784082        12.524248319488251     
        4334   8.0312446348377868        27.644146810105003        12.525017282230632     
        4335   8.0317161319640267        27.657163549486516        12.526053403074670     
        4336   8.0318500444029404        27.660864214178002        12.526348139883595     
        4337   8.0325790104797665        27.681038034387516        12.527949800086851     
        4338   8.0332572130379738        27.699850952647498        12.529440053648120     
        4339   8.0334566139855674        27.705390300142938        12.529878673548634     
        4340   8.0351665340089689        27.753043567355967        12.533635435824063     
        4341   8.0354617026239872        27.761297186764516        12.534284512252547     
        4342   8.0362065976893735        27.782162650350735        12.535921637446066     
        4343   8.0362679867985420        27.783884570307592        12.536057146520506     
        4344   8.0372020751385556        27.810129060439085        12.538110067613236     
        4345   8.0378351358208331        27.827962873290286        12.539501689553092     
        4346   8.0378381342935512        27.828047433482027        12.539508914879622     
        4347   8.0378650291144620        27.828805935048496        12.539568647606153     
        4348   8.0379247032172589        27.830489141348682        12.539700406640446     
        4349   8.0388690034723211        27.857170041320334        12.541776043936963     
        4350   8.0389254395483221        27.858767332987004        12.541900698249236     
        4351   8.0400939000639102        27.891906862062445        12.544469135707846     
        4352   8.0407143053583177        27.909556322547356        12.545833269830975     
        4353   8.0411176249084662        27.921050149808636        12.546720340152088     
        4354   8.0412791359908642        27.925657352334635        12.547075961568463     
        4355   8.0415456131956145        27.933264350370763        12.547662297519192     
        4356   8.0418907058969360        27.943125877933564        12.548421443781042     
        4357   8.0421102199044796        27.949404889125667        12.548904580914805     
        4358   8.0425562739672536        27.962178478533922        12.549885687776399     
        4359   8.0430170727846537        27.975394905026466        12.550899242278089     
        4360   8.0447819662015920        28.026209567562223        12.554779776193783     
        4361   8.0451569340227369        28.037045634477838        12.555604805017161     
        4362   8.0452368331973538        28.039356435643430        12.555781109607445     
        4363   8.0453867201976745        28.043693116546510        12.556111292883259     
        4364   8.0456985762490643        28.052723287407144        12.556797598335834     
        4365   8.0458074094153513        28.055876988715415        12.557037528216124     
        4366   8.0458668577036185        28.057600149211090        12.557168876257922     
        4367   8.0459607714468326        28.060323047250325        12.557376005458771     
        4368   8.0461451842574601        28.065672429772651        12.557782122543365     
        4369   8.0461980162328075        28.067205594313794        12.557898926370481     
        4370   8.0465852195707281        28.078450710573744        12.558750954136006     
        4371   8.0467024490291763        28.081858270173104        12.559009363726648     
        4372   8.0468077121189872        28.084919185877553        12.559241463015656     
        4373   8.0468776440824570        28.086953339483042        12.559395874398774     
        4374   8.0476897626445094        28.110612363180241        12.561182342702729     
        4375   8.0485898996257834        28.136914305364840        12.563162498802061     
        4376   8.0488132991510408        28.143454902941841        12.563654443994235     
        4377   8.0491100926262238        28.152152245763574        12.564307813120976     
        4378   8.0491791231899406        28.154176444068533        12.564460271041931     
        4379   8.0493827032154037        28.160148930447917        12.564908649706716     
        4380   8.0497391169916792        28.170615463015736        12.565693178472941     
        4381   8.0503300703317660        28.187998561263935        12.566993599412246     
        4382   8.0518487832119199        28.232839079839277        12.570334882223648     
        4383   8.0525679665219716        28.254157691017575        12.571917619378304     
        4384   8.0526472717546191        28.256511862673314        12.572092723863964     
        4385   8.0530206200180050        28.267603630179082        12.572914716096019     
        4386   8.0532216349509724        28.273581683248164        12.573357591277706     
        4387   8.0541165338384584        28.300247559635597        12.575327110111182     
        4388   8.0543707228565822        28.307837379539070        12.575887020138449     
        4389   8.0569816358721429        28.386199324720753        12.581632899409907     
        4390   8.0576468631655640        28.406283297785841        12.583097546769135     
        4391   8.0579110790525430        28.414273727586895        12.583679684904631     
        4392   8.0590748242479400        28.449559243866023        12.586241696624224     
        4393   8.0590830866353276        28.449810299778182        12.586260522617302     
        4394   8.0593837027361062        28.458949786602798        12.586922850111726     
        4395   8.0605929800774341        28.495816461572403        12.589585399210815     
        4396   8.0630483170521057        28.571176724522886        12.594991625485058     
        4397   8.0638200011872314        28.595003033852365        12.596691401131078     
        4398   8.0642446876110707        28.608144656208545        12.597627184098993     
        4399   8.0650605324448357        28.633448695616075        12.599424372391589     
        4400   8.0682559303701353        28.733302849436182        12.606462645543086     
        4401   8.0692132570342885        28.763453127087768        12.608572083380857     
        4402   8.0693078065857904        28.766436820958969        12.608781007038832     
        4403   8.0693599979228861        28.768084277211528        12.608896620860719     
        4404   8.0718311797651943        28.846464030886434        12.614341594588250     
        4405   8.0718787196412141        28.847979128829643        12.614446983400967     
        4406   8.0719427940207353        28.850021618059071        12.614588804215014     
        4407   8.0728486131049610        28.878949966706699        12.616585372784265     
        4408   8.0729759131311170        28.883023495920412        12.616866525534750     
        4409   8.0730467932625469        28.885292483563404        12.617023355957762     
        4410   8.0732826165092177        28.892846017229250        12.617543654826509     
        4411   8.0748311990160087        28.942618701250698        12.620956979102637     
        4412   8.0748867842399878        28.944410793553189        12.621080124856061     
        4413   8.0755532030666242        28.965926494486737        12.622549522888946     
        4414   8.0755597971923674        28.966139667287042        12.622564698630033     
        4415   8.0762867102285885        28.989672577970779        12.624167514316358     
        4416   8.0763839768716004        28.992826512363209        12.624382547097067     
        4417   8.0801832033120515        29.116962231798258        12.632758581273507     
        4418   8.0815178976626942        29.161014625157929        12.635702167368240     
        4419   8.0817768506524530        29.169588564800684        12.636273827332655     
        4420   8.0820725760465262        29.179390841260080        12.636926588746430     
        4421   8.0829118835027636        29.207273952085188        12.638778114129785     
        4422   8.0832705009903272        29.219216294825202        12.639569636675510     
        4423   8.0838526135545585        29.238637771496212        12.640854094342792     
        4424   8.0859842732686928        29.310146878851103        12.645556501006347     
        4425   8.0861798741891366        29.316739389507923        12.645988618692435     
        4426   8.0870181504162915        29.345051773448713        12.647838484295768     
        4427   8.0882115934658430        29.385526432634538        12.650472057618821     
        4428   8.0898389660929730        29.441036181373839        12.654063359537133     
        4429   8.0941158189502076        29.588707484960633        12.663502763099540     
        4430   8.0944526078240120        29.600448052293032        12.664246819458707     
        4431   8.0945441834693863        29.603643270784769        12.664449607533836     
        4432   8.0951611124970331        29.625200883257225        12.665812094383796     
        4433   8.0965457506998586        29.673788892187869        12.668869510489838     
        4434   8.0996130864567579        29.782443720701952        12.675642920739325     
        4435   8.1006139843047507        29.818207501478842        12.677853940559253     
        4436   8.1019652201850150        29.866734225220636        12.680838927472827     
        4437   8.1029585179489008        29.902587454926742        12.683033579761574     
        4438   8.1033687855381107        29.917441256556970        12.683940480534496     
        4439   8.1047358352684054        29.967127469958584        12.686961068117348     
        4440   8.1090158206056433        30.124629768693133        12.696418760253305     
        4441   8.1093446790625201        30.136855723265828        12.697146187358516     
        4442   8.1097591541982013        30.152290238359040        12.698062855628876     
        4443   8.1102604725230432        30.170996960655149        12.699171494912942     
        4444   8.1107289036829844        30.188514529285463        12.700207489019288     
        4445   8.1119681577004954        30.235036341031442        12.702947378218767     
        4446   8.1133297294783553        30.286451206238457        12.705957954237931     
        4447   8.1136269325797592        30.297716316515530        12.706615651343924     
        4448   8.1137284574479480        30.301567981290688        12.706840751378706     
        4449   8.1151999462250632        30.357594349284106        12.710094790065405     
        4450   8.1155556824041284        30.371195593992866        12.710882011585714     
        4451   8.1160566319426053        30.390386657494343        12.711990354914054     
        4452   8.1164843674023572        30.406807987110618        12.712936843429077     
        4453   8.1166864495602145        30.414577458009802        12.713384361997036     
        4454   8.1172034958994690        30.434489425174799        12.714528403751189     
        4455   8.1176593180109560        30.452083134866083        12.715537094227113     
        4456   8.1177349820549036        30.455007195039201        12.715705075735162     
        4457   8.1188002947658457        30.496285821969920        12.718061802709819     
        4458   8.1189145306558110        30.500724385347933        12.718315110812679     
        4459   8.1213598497259678        30.596307094653081        12.723724719050768     
        4460   8.1239188105236142        30.697519833283721        12.729386842074202     
        4461   8.1256705089005248        30.767519125693337        12.733263642833332     
        4462   8.1270451131930947        30.822864162136224        12.736306395113104     
        4463   8.1274136300942548        30.837764274985055        12.737122657755737     
        4464   8.1274316140227416        30.838492095007965        12.737163110638424     
        4465   8.1277298491104855        30.850571119123863        12.737823842188668     
        4466   8.1284716472859220        30.880691349376463        12.739466378124451     
        4467   8.1289452057556808        30.899976972520339        12.740515247371345     
        4468   8.1293597097975834        30.916894318242218        12.741433432873261     
        4469   8.1294159450381809        30.919192121218192        12.741558566093143     
        4470   8.1311496550788185        30.990345140527960        12.745397262583442     
        4471   8.1311643765820456        30.990951933078382        12.745430505213974     
        4472   8.1319154065667512        31.021966740787423        12.747093936602468     
        4473   8.1334641973487329        31.086292972263443        12.750523929429015     
        4474   8.1344432633488104        31.127214371278502        12.752692655228895     
        4475   8.1373754371799034        31.250984585099857        12.759187430159653     
        4476   8.1376127690527262        31.261083501490869        12.759713786689094     
        4477   8.1378581937865206        31.271539671951700        12.760258080055319     
        4478   8.1379469059444105        31.275322429682721        12.760455240875871     
        4479   8.1381486840429318        31.283932809908546        12.760902863569065     
        4480   8.1386129010004744        31.303775961725535        12.761931858927294     
        4481   8.1393918836606591        31.337180445592494        12.763658217135124     
        4482   8.1397069363735568        31.350728718032432        12.764356846384185     
        4483   8.1407385444068208        31.395245933913262        12.766643079341726     
        4484   8.1409386736491403        31.403909767510505        12.767087149764233     
        4485   8.1412474392808338        31.417294293845412        12.767771935819152     
        4486   8.1431634197082232        31.500833231639227        12.772018221110848     
        4487   8.1432960271700985        31.506646173169731        12.772312743081265     
        4488   8.1433387927691658        31.508521698368089        12.772408168125700     
        4489   8.1434116745171394        31.511718968325265        12.772570334490613     
        4490   8.1440637279995904        31.540378801360319        12.774016054692190     
        4491   8.1442405242674116        31.548166577658066        12.774408532315885     
        4492   8.1443272239893716        31.551988313001832        12.774601335127532     
        4493   8.1451322252497302        31.587556813472617        12.776386158134382     
        4494   8.1460136404478654        31.626676526673482        12.778340474714504     
        4495   8.1478846479917166        31.710330860802845        12.782488691470324     
        4496   8.1481360381463031        31.721634996433277        12.783046662042160     
        4497   8.1489163307077668        31.756820005791461        12.784777251707901     
        4498   8.1497533691538866        31.794729696020845        12.786633770166510     
        4499   8.1498119319901043        31.797388488391494        12.786764272168025     
        4500   8.1503117754217431        31.820116303873053        12.787873233389348     
        4501   8.1503766820656462        31.823072152898057        12.788017807869235     
        4502   8.1517776702777383        31.887130057809443        12.791125141670303     
        4503   8.1519432129018750        31.894731857533376        12.791492907574209     
        4504   8.1525083262562958        31.920734509983205        12.792746811455920     
        4505   8.1549725924305889        32.035081211845082        12.798213129670554     
        4506   8.1551273999251706        32.042317228612035        12.798557177732661     
        4507   8.1567449924949695        32.118305025538959        12.802146235844610     
        4508   8.1573864128301423        32.148629196850543        12.803569921209306     
        4509   8.1575948286795725        32.158506189318373        12.804032974764603     
        4510   8.1576976309127289        32.163382383383784        12.804261712723839     
        4511   8.1579543116949669        32.175569932970795        12.804831864200921     
        4512   8.1581891121347550        32.186734205973693        12.805353480145651     
        4513   8.1582244824639503        32.188417288641055        12.805432612807881     
        4514   8.1583744572950643        32.195557558581029        12.805766028683315     
        4515   8.1594315949247012        32.246061958540324        12.808112356870751     
        4516   8.1595458145757522        32.251537131796262        12.808366464197285     
        4517   8.1596513638086172        32.256599884491969        12.808601333991195     
        4518   8.1614170621224282        32.341752315136375        12.812520396995655     
        4519   8.1619260261923117        32.366460002671857        12.813650639799459     
        4520   8.1626532676504269        32.401891583205426        12.815265405057030     
        4521   8.1643663424746844        32.485953723448240        12.819068598869698     
        4522   8.1648802926406905        32.511339985844970        12.820210179483588     
        4523   8.1653325547687050        32.533743353156062        12.821214857072121     
        4524   8.1665055759106178        32.592132674653605        12.823819791128191     
        4525   8.1668839416907435        32.611054140330225        12.824660526464211     
        4526   8.1686804515740832        32.701485691566518        12.828650295833633     
        4527   8.1691137169518129        32.723442789922473        12.829613094927261     
        4528   8.1691268968183639        32.724111629061305        12.829643019432122     
        4529   8.1705023932610263        32.794210804052945        12.832698437410247     
        4530   8.1713069393372724        32.835487734578599        12.834486021085933     
        4531   8.1718305817982682        32.862463270592173        12.835649769373742     
        4532   8.1724512601943893        32.894551136405255        12.837029113353729     
        4533   8.1726064743498767        32.902594755830123        12.837374551275808     
        4534   8.1733960831136603        32.943635075871164        12.839129255158635     
        4535   8.1737175286128902        32.960400431687745        12.839844006865128     
        4536   8.1745310749958691        33.002983192842770        12.841652049757972     
        4537   8.1746486387055945        33.009154762975186        12.841913897314800     
        4538   8.1761596867974387        33.088887651319382        12.845271866379289     
        4539   8.1775652638010001        33.163746362569427        12.848395862128665     
        4540   8.1776023181552731        33.165728942550167        12.848478862511435     
        4541   8.1788033444610519        33.230246175565490        12.851148613539557     
        4542   8.1790660609751331        33.244425719848302        12.851733151652851     
        4543   8.1836122429749238        33.493695980291093        12.861839542216494     
        4544   8.1839437126026837        33.512165694332246        12.862577170393628     
        4545   8.1849845763684090        33.570430869673011        12.864892152249919     
        4546   8.1862652616494582        33.642684241492951        12.867740635039915     
        4547   8.1865303384033687        33.657717846692300        12.868330773846541     
        4548   8.1875964552722209        33.718457159705764        12.870702401511046     
        4549   8.1877436134031036        33.726876001853277        12.871030345306167     
        4550   8.1885230032255674        33.771606866012306        12.872764461547078     
        4551   8.1891166812719582        33.805841162809806        12.874085605286819     
        4552   8.1892770441691844        33.815112625556083        12.874442961059607     
        4553   8.1894088261864759        33.822739399091724        12.874736747509942     
        4554   8.1910934033022489        33.920852826250886        12.878484749534156     
        4555   8.1915494269178168        33.947612518042931        12.879499920791847     
        4556   8.1917631201085186        33.960181769745716        12.879975994247349     
        4557   8.1922128564259715        33.986696975821395        12.880977232002454     
        4558   8.1936278973997254        34.070678488903930        12.884126327392682     
        4559   8.1963708677964888        34.235922127402326        12.890231058877319     
        4560   8.1970520766684523        34.277472906335099        12.891747856304825     
        4561   8.1977182503959227        34.318307964015233        12.893231271128929     
        4562   8.1992953874363241        34.415788350045908        12.896742605224674     
        4563   8.1998655450852187        34.451311434739722        12.898012534026265     
        4564   8.2000129522490965        34.460520174936804        12.898341357326998     
        4565   8.2002302266676566        34.474112205279994        12.898825728734010     
        4566   8.2013250337579411        34.542939358325967        12.901263852128256     
        4567   8.2014347332994237        34.549867268355577        12.901508757899759     
        4568   8.2016075125981232        34.560790578788506        12.901894114757695     
        4569   8.2033862651048839        34.674085809028419        12.905855512699027     
        4570   8.2038394205250000        34.703196812655236        12.906865302438192     
        4571   8.2044655833035769        34.743590003400506        12.908260421812741     
        4572   8.2050522164570978        34.781611645722435        12.909567572913044     
        4573   8.2052106325866383        34.791908939300484        12.909921052886073     
        4574   8.2063658060390168        34.867384173861311        12.912494612800973     
        4575   8.2076379736534797        34.951302086055044        12.915329028654305     
        4576   8.2085739206491652        35.013585452463197        12.917414698033880     
        4577   8.2092489107853694        35.058793912595767        12.918919131670343     
        4578   8.2100777670354113        35.114645382919583        12.920766466649908     
        4579   8.2107457004228852        35.159927228956583        12.922255358743254     
        4580   8.2123900913653980        35.272466926189985        12.925920248372833     
        4581   8.2148579407032738        35.444267321198289        12.931420975473980     
        4582   8.2149456305556328        35.450437532465976        12.931617091228446     
        4583   8.2157451321422403        35.506905402563611        12.933399839498481     
        4584   8.2165352920688690        35.563091982566455        12.935161877925328     
        4585   8.2168830391832159        35.587940093040139        12.935937752508565     
        4586   8.2173437816744777        35.620976767178760        12.936965554405717     
        4587   8.2183833782680242        35.696003771498873        12.939283943108524     
        4588   8.2186332774888786        35.714139986596443        12.939841772076100     
        4589   8.2194472399859109        35.773487751969149        12.941657293313870     
        4590   8.2199218523950535        35.808288851595876        12.942716234727175     
        4591   8.2206479075844108        35.861809892321162        12.944335914893738     
        4592   8.2213427885989177        35.913356874404712        12.945886168955521     
        4593   8.2230994393526462        36.045106893186698        12.949804565006691     
        4594   8.2253480835540103        36.216854734082169        12.954821026328368     
        4595   8.2257835483678274        36.250527887956459        12.955793137410140     
        4596   8.2258947886935321        36.259151623142976        12.956041964907843     
        4597   8.2273778823630721        36.374987043687746        12.959351440703685     
        4598   8.2298697991979282        36.573315932597346        12.964912509363018     
        4599   8.2310403161969870        36.668130858783556        12.967525422271116     
        4600   8.2313265762228927        36.691483772307969        12.968164972283024     
        4601   8.2318659788926318        36.735666539482700        12.969369534988520     
        4602   8.2337482568999523        36.891706231023448        12.973571682587629     
        4603   8.2340329848901117        36.915566506179353        12.974207951982663     
        4604   8.2344126486671403        36.947489080212861        12.975056171190015     
        4605   8.2345270056254467        36.957128359876364        12.975312129762269     
        4606   8.2353554748275339        37.027295968609415        12.977162360313745     
        4607   8.2373809013123420        37.201370226785208        12.981685327692283     
        4608   8.2375570067416923        37.216678757954760        12.982079230250289     
        4609   8.2384480233146249        37.294567293398210        12.984069588076515     
        4610   8.2390582829610590        37.348336537492131        12.985433081579121     
        4611   8.2401556495896102        37.445905756151795        12.987884547218059     
        4612   8.2410569030988654        37.526901426244315        12.989898186073336     
        4613   8.2414404525912133        37.561611269917435        12.990755564114298     
        4614   8.2417428035504603        37.589075208386213        12.991431592465862     
        4615   8.2432287513093261        37.725382111048880        12.994751662232638     
        4616   8.2432779001886907        37.729928882059468        12.994862127410066     
        4617   8.2437865353839896        37.777129067005369        12.995999110735124     
        4618   8.2445433314793721        37.847856577646475        12.997690584068579     
        4619   8.2446952409221979        37.862126129585086        12.998030653834505     
        4620   8.2448721867910724        37.878778333602526        12.998426666377910     
        4621   8.2457338007399663        37.960342923323871        13.000352496182860     
        4622   8.2458812585539416        37.974382358185018        13.000682651543897     
        4623   8.2470431318652349        38.085839415091066        13.003279613256765     
        4624   8.2488295862453977        38.260173819382160        13.007272721821145     
        4625   8.2489928692736960        38.276291509715371        13.007638329366472     
        4626   8.2500145931267603        38.377860071413942        13.009922674501784     
        4627   8.2504677661389820        38.423308920432312        13.010936299124399     
        4628   8.2528132160138057        38.662579751471277        13.016180233385796     
        4629   8.2553629098227699        38.930724866881675        13.021881876346857     
        4630   8.2572434514084279        39.134176634529666        13.026088079746845     
        4631   8.2573015182861980        39.140538508043306        13.026218615892684     
        4632   8.2578489838412423        39.200759431819698        13.027443730037238     
        4633   8.2581580922276103        39.234954407554874        13.028135765334302     
        4634   8.2596327362473509        39.400045959717843        13.031434929502598     
        4635   8.2610211575654073        39.558532055173131        13.034541587063206     
        4636   8.2611048015028157        39.568176827503706        13.034729384205836     
        4637   8.2616743035752762        39.634143102176445        13.036004175163086     
        4638   8.2621843035207565        39.693663645129092        13.037145894166414     
        4639   8.2646263555508437        39.984712256909326        13.042610942261362     
        4640   8.2653935429306458        40.078286047765097        13.044328505019173     
        4641   8.2661566829270594        40.172420413118481        13.046037115094041     
        4642   8.2662026952791017        40.178130233210155        13.046140765997308     
        4643   8.2667034433150111        40.240523950174293        13.047262192655040     
        4644   8.2686498343425114        40.487582802558151        13.051619634583492     
        4645   8.2707564359940537        40.763498436688884        13.056336456392785     
        4646   8.2724476148566328        40.991810406631359        13.060123828032740     
        4647   8.2750645281042985        41.357907291097369        13.065985014548612     
        4648   8.2753389415885348        41.397245208256933        13.066600299590068     
        4649   8.2773950715864597        41.698058381626367        13.071206589959690     
        4650   8.2784839612257617        41.861873455700120        13.073646622557000     
        4651   8.2791595671695291        41.965156163892914        13.075160912720463     
        4652   8.2825005874596176        42.495621137748820        13.082647966651564     
        4653   8.2828578123301835        42.554389794460285        13.083449208320534     
        4654   8.2836287018025043        42.682642384003906        13.085177583451710     
        4655   8.2842506482478662        42.787573589196818        13.086572228279710     
        4656   8.2852575213735697        42.960299146724118        13.088829759064446     
        4657   8.2861224392077322        43.111586117487633        13.090769249445948     
        4658   8.2864520314478334        43.169967206207112        13.091508778460700     
        4659   8.2864927844601119        43.177214334001206        13.091600809908890     
        4660   8.2872533053115660        43.313627391855640        13.093306443825018     
        4661   8.2874327946123962        43.346150349707464        13.093709517129238     
        4662   8.2891518471564485        43.664240851704953        13.097564458040406     
        4663   8.2900857009340161        43.842267987830674        13.099659136757005     
        4664   8.2904273079337223        43.908352881805527        13.100425843928416     
        4665   8.2912227983433144        44.064304881894785        13.102210439459462     
        4666   8.2916453443697939        44.148345291907951        13.103158737292151     
        4667   8.2928977656946934        44.402538045329656        13.105968346254400     
        4668   8.2945560747688702        44.751501656740380        13.109688715804548     
        4669   8.2979407417515656        45.512593132694484        13.117282953350102     
        4670   8.2981196487245228        45.554824131967173        13.117685066406100     
        4671   8.2983215795812733        45.602748443376470        13.118138848298553     
        4672   8.2989691132642402        45.758313593022073        13.119592555947840     
        4673   8.2993992545054347        45.863280724646089        13.120558487690026     
        4674   8.3007043250579606        46.190096131445074        13.123488005214583     
        4675   8.3021259056898540        46.561307182199030        13.126679343642433     
        4676   8.3039580173705598        47.065482452958491        13.130792633710410     
        4677   8.3057714711236788        47.596493283443692        13.134864636268361     
        4678   8.3058509459079684        47.620557045462569        13.135043751876228     
        4679   8.3068872611894200        47.940868973839777        13.137371306407314     
        4680   8.3076187438919007        48.174610082187314        13.139014525026713     
        4681   8.3079773028664619        48.291625259475246        13.139820379568821     
        4682   8.3080591947196538        48.318582613617323        13.140004954916844     
        4683   8.3081446467618782        48.346805202778533        13.140197526453733     
        4684   8.3084511082169907        48.448814865462815        13.140886418705382     
        4685   8.3094262992107879        48.781987056824605        13.143077179822974     
        4686   8.3116206513030733        49.584282306383685        13.148006559852135     
        4687   8.3121762617247033        49.800299688589362        13.149255322763754     
        4688   8.3124394921070444        49.904630160378780        13.149847322099166     
        4689   8.3130869422976517        50.166943458637007        13.151302488645253     
        4690   8.3142586793458388        50.663739758486408        13.153935651744764     
        4691   8.3146068118780398        50.817235405000574        13.154718509291239     
        4692   8.3162388425459319        51.577098702803490        13.158386306439262     
        4693   8.3166696910497819        51.789821344163528        13.159355166369103     
        4694   8.3184115236125056        52.709855115868656        13.163270348881767     
        4695   8.3187474901151255        52.899623279640245        13.164026123222971     
        4696   8.3198959228420701        53.583020624671100        13.166608097809753     
        4697   8.3217511072186667        54.821093426869631        13.170779117850618     
        4698   8.3220952895158256        55.072480159940397        13.171553565085944     
        4699   8.3246960514442634        57.265912408642649        13.177401802569154     
        4700   8.3254148333289812        57.989947301223644        13.179018806760940     
        4701   8.3254652664220821        58.043190960823459        13.179132897900402     
        4702   8.3259278108903914        58.548065373470600        13.180173754262288     
        4703   8.3286143326524531        62.303187310080943        13.186216689034481     
        4704   8.3338150607366845                            NaN   13.197918017172697     
        4705   8.3347272205157541                            NaN   13.199971385004172     
        4706   8.3360288745613769                            NaN   13.202901514735682     
        4707   8.3369259506540008                            NaN   13.204921295568347     
        4708   8.3370787982265639                            NaN   13.205266013217294     
        4709   8.3372732358353794                            NaN   13.205704349988491     
        4710   8.3380130867864821                            NaN   13.207370410768945     
        4711   8.3394831779233645                            NaN   13.210680511006924     
        4712   8.3396167799437659                            NaN   13.210981971459063     
        4713   8.3407361153056101                            NaN   13.213502750326533     
        4714   8.3413430385336866                            NaN   13.214869966942562     
        4715   8.3426574793586799                            NaN   13.217830442921272     
        4716   8.3432162047754730                            NaN   13.219089329583849     
        4717   8.3434999680223516                            NaN   13.219729044832977     
        4718   8.3442008559270775                            NaN   13.221308185672175     
        4719   8.3455751820230599                            NaN   13.224404223851607     
        4720   8.3456266994067274                            NaN   13.224520943342071     
        4721   8.3464844684120685                            NaN   13.226453734930757     
        4722   8.3471733928327456                            NaN   13.228006303124751     
        4723   8.3476801575309878                            NaN   13.229148589001593     
        4724   8.3501281465455577                            NaN   13.234664580390127     
        4725   8.3513583663691193                            NaN   13.237437350667090     
        4726   8.3518293333233764                            NaN   13.238499348102795     
        4727   8.3522576444283683                            NaN   13.239465256197064     
        4728   8.3527634332258245                            NaN   13.240605807692365     
        4729   8.3538462768480404                            NaN   13.243046991462094     
        4730   8.3548397766637237                            NaN   13.245286999178632     
        4731   8.3573568751346237                            NaN   13.250961958080953     
        4732   8.3574849604767731                            NaN   13.251251413867017     
        4733   8.3595278172723013                            NaN   13.255858180370502     
        4734   8.3620935557371148                            NaN   13.261644967762198     
        4735   8.3623111578917655                            NaN   13.262136430180473     
        4736   8.3624671938312733                            NaN   13.262489041914883     
        4737   8.3635270341701649                            NaN   13.264880233968309     
        4738   8.3646091162028018                            NaN   13.267321802033063     
        4739   8.3649180259805025                            NaN   13.268019342011378     
        4740   8.3662319161286653                            NaN   13.270984163534585     
        4741   8.3685123806744475                            NaN   13.276130316510685     
        4742   8.3702899747421178                            NaN   13.280142481065116     
        4743   8.3712302574420594                            NaN   13.282265323773235     
        4744   8.3716714459019066                            NaN   13.283261798118151     
        4745   8.3733113514853397                            NaN   13.286964156727624     
        4746   8.3746701508230590                            NaN   13.290032356562634     
        4747   8.3753716295213092                            NaN   13.291616773735797     
        4748   8.3754471642113941                            NaN   13.291788000129685     
        4749   8.3798404066466521                            NaN   13.301709404823690     
        4750   8.3800950362930777                            NaN   13.302285197139746     
        4751   8.3803309873781195                            NaN   13.302818812620036     
        4752   8.3812722060824338                            NaN   13.304945473978044     
        4753   8.3813185149981422                            NaN   13.305050765229343     
        4754   8.3834616040508578                            NaN   13.309892761412311     
        4755   8.3850188109360477                            NaN   13.313411750428898     
        4756   8.3865870443443526                            NaN   13.316956094784690     
        4757   8.3868934375040247                            NaN   13.317649175366725     
        4758   8.3905426968736503                            NaN   13.325897827347376     
        4759   8.3909282634618751                            NaN   13.326770104003710     
        4760   8.3911900838526297                            NaN   13.327362662937983     
        4761   8.3933094943699533                            NaN   13.332154940529403     
        4762   8.3945172875621541                            NaN   13.334886585515306     
        4763   8.3948343848561215                            NaN   13.335604310787975     
        4764   8.3970588355119595                            NaN   13.340635549188896     
        4765   8.3981334266644811                            NaN   13.343066724279311     
        4766   8.3993211760470174                            NaN   13.345754080770110     
        4767   8.4003760767041395                            NaN   13.348141149649294     
        4768   8.4012594668996670                            NaN   13.350140385075203     
        4769   8.4046755235530277                            NaN   13.357870746487979     
        4770   8.4060060044683862                            NaN   13.360882548573940     
        4771   8.4069370693246661                            NaN   13.362990592414409     
        4772   8.4072463549719298                            NaN   13.363691348724117     
        4773   8.4076369486237734                            NaN   13.364576169757783     
        4774   8.4095639006887541                            NaN   13.368939025489244     
        4775   8.4123770761038088                            NaN   13.375309286059071     
        4776   8.4124234481869085                            NaN   13.375414985020477     
        4777   8.4127592461688625                            NaN   13.376176086141292     
        4778   8.4133467598282792                            NaN   13.377507242650090     
        4779   8.4142573853975158                            NaN   13.379570231442226     
        4780   8.4170951780521186                            NaN   13.385998643184340     
        4781   8.4171749101034585                            NaN   13.386179953041935     
        4782   8.4175964980584830                            NaN   13.387135690111517     
        4783   8.4177070074954390                            NaN   13.387386730553736     
        4784   8.4183721483557914                            NaN   13.388894279127932     
        4785   8.4188429206620921                            NaN   13.389961540162858     
        4786   8.4279908579868454                            NaN   13.410695489446976     
        4787   8.4312499186455163                            NaN   13.418086303896263     
        4788   8.4318683466066240                            NaN   13.419489538542098     
        4789   8.4318996714367298                            NaN   13.419561276956280     
        4790   8.4319252330525920                            NaN   13.419619944707307     
        4791   8.4326166585546218                            NaN   13.421188820503122     
        4792   8.4357090601357321                            NaN   13.428204265363402     
        4793   8.4374528789919587                            NaN   13.432161371257635     
        4794   8.4383546969568268                            NaN   13.434208344826651     
        4795   8.4389387583317959                            NaN   13.435534388572673     
        4796   8.4391043474544940                            NaN   13.435910849211357     
        4797   8.4398350349987030                            NaN   13.437569724971691     
        4798   8.4410830078273591                            NaN   13.440402721412919     
        4799   8.4416897382279270                            NaN   13.441780506596164     
        4800   8.4418860768201327                            NaN   13.442226844456794     
        4801   8.4433466968553113                            NaN   13.445543018441015     
        4802   8.4454470913630821                            NaN   13.450312100192619     
        4803   8.4457921471322113                            NaN   13.451096230236377     
        4804   8.4494371509453536                            NaN   13.459374056917586     
        4805   8.4500908794147058                            NaN   13.460859504843580     
        4806   8.4503618901228048                            NaN   13.461475745468277     
        4807   8.4515490406067553                            NaN   13.464172959632943     
        4808   8.4517561244933059                            NaN   13.464644057718790     
        4809   8.4529906451970227                            NaN   13.467449186458346     
        4810   8.4542500735962758                            NaN   13.470311181720874     
        4811   8.4547046276044480                            NaN   13.471344652203058     
        4812   8.4547991994774758                            NaN   13.471560227628917     
        4813   8.4553426323352561                            NaN   13.472795694387443     
        4814   8.4558953104606012                            NaN   13.474052222814901     
        4815   8.4586172284009251                            NaN   13.480238641852665     
        4816   8.4609207240000295                            NaN   13.485475218816756     
        4817   8.4648413308052142                            NaN   13.494389720708025     
        4818   8.4652171018024536                            NaN   13.495244910824638     
        4819   8.4664387735886280                            NaN   13.498023827382585     
        4820   8.4664922584337265                            NaN   13.498146163855353     
        4821   8.4672850659919696                            NaN   13.499949948140003     
        4822   8.4678807169109103                            NaN   13.501305413519287     
        4823   8.4689138408107159                            NaN   13.503656032319469     
        4824   8.4698193451409516                            NaN   13.505716529779672     
        4825   8.4721628501738042                            NaN   13.511048810674946     
        4826   8.4738650417922585                            NaN   13.514922698085361     
        4827   8.4777921191899637                            NaN   13.523861118002177     
        4828   8.4778097974788800                            NaN   13.523902060268117     
        4829   8.4778910487585257                            NaN   13.524087713094332     
        4830   8.4792433329505101                            NaN   13.527166777709635     
        4831   8.4795082267081892                            NaN   13.527770526999131     
        4832   8.4797232553416553                            NaN   13.528260764552062     
        4833   8.4798193710493095                            NaN   13.528480286828039     
        4834   8.4826262828839578                            NaN   13.534872041473573     
        4835   8.4839089099049811                            NaN   13.537793630030489     
        4836   8.4841522946056376                            NaN   13.538348618500791     
        4837   8.4842035261503099                            NaN   13.538465997464403     
        4838   8.4854251936885561                            NaN   13.541249107547120     
        4839   8.4858142660366891                            NaN   13.542135998329414     
        4840   8.4881525328977574                            NaN   13.547463137008485     
        4841   8.4882541926080162                            NaN   13.547695437513926     
        4842   8.4889010503166435                            NaN   13.549169831743978     
        4843   8.4931488735596332                            NaN   13.558849939578366     
        4844   8.4940505878294577                            NaN   13.560905777002848     
        4845   8.4964363282835471                            NaN   13.566344629370555     
        4846   8.4978201645730458                            NaN   13.569500175938590     
        4847   8.4997782029551665                            NaN   13.573965370046949     
        4848   8.5019676362656078                            NaN   13.578958986891490     
        4849   8.5037134707151445                            NaN   13.582941617868222     
        4850   8.5075155194603962                            NaN   13.591616005614782     
        4851   8.5107652919293280                            NaN   13.599032553269495     
        4852   8.5129574984203771                            NaN   13.604036862624771     
        4853   8.5162778920567064                            NaN   13.611617863101063     
        4854   8.5165527777126346                            NaN   13.612246210405509     
        4855   8.5208136588126244                            NaN   13.621977439123725     
        4856   8.5219735981675928                            NaN   13.624627656541019     
        4857   8.5243427485764300                            NaN   13.630040687184486     
        4858   8.5243429207147194                            NaN   13.630041789107537     
        4859   8.5245810278583143                            NaN   13.630586509673080     
        4860   8.5245869713728055                            NaN   13.630600797838333     
        4861   8.5250523091597650                            NaN   13.631664710681665     
        4862   8.5300894163696874                            NaN   13.643176720397051     
        4863   8.5333194252245512                            NaN   13.650561391460982     
        4864   8.5337265456185296                            NaN   13.651492933376925     
        4865   8.5344746639375781                            NaN   13.653204204629557     
        4866   8.5353600347191048                            NaN   13.655229432934281     
        4867   8.5361600004209635                            NaN   13.657059493663294     
        4868   8.5361628018911855                            NaN   13.657066610670551     
        4869   8.5363077531645004                            NaN   13.657398806178971     
        4870   8.5372825031674360                            NaN   13.659628744617798     
        4871   8.5391423237205757                            NaN   13.663883295062732     
        4872   8.5409177353560501                            NaN   13.667945368841210     
        4873   8.5413320036063638                            NaN   13.668893826353830     
        4874   8.5434487574014923                            NaN   13.673737648657251     
        4875   8.5440580907726922                            NaN   13.675132659536938     
        4876   8.5450408043515598                            NaN   13.677382195071022     
        4877   8.5481141150564053                            NaN   13.684416946852064     
        4878   8.5483294968315189                            NaN   13.684910678474402     
        4879   8.5484343411856507                            NaN   13.685151387652617     
        4880   8.5524729881435864                            NaN   13.694398396240477     
        4881   8.5544368581483425                            NaN   13.698896369497955     
        4882   8.5563260467281825                            NaN   13.703223983721948     
        4883   8.5577049174067064                            NaN   13.706383201462117     
        4884   8.5581367560546298                            NaN   13.707373175580027     
        4885   8.5594757475028551                            NaN   13.710441480065988     
        4886   8.5629105331098270                            NaN   13.718312677935678     
        4887   8.5644345498566583                            NaN   13.721806218098610     
        4888   8.5691442294020916                            NaN   13.732603503392156     
        4889   8.5703288984517094                            NaN   13.735320614100900     
        4890   8.5712698538306498                            NaN   13.737479081796067     
        4891   8.5713560028979590                            NaN   13.737677358407769     
        4892   8.5759083147904711                            NaN   13.748119553260764     
        4893   8.5773213285297842                            NaN   13.751362016183798     
        4894   8.5813777584217252                            NaN   13.760671040538099     
        4895   8.5832700264964128                            NaN   13.765014977086985     
        4896   8.5847262414619845                            NaN   13.768358508466182     
        4897   8.5955562220592636                            NaN   13.793232082670666     
        4898   8.5984010632948156                            NaN   13.799769992401668     
        4899   8.5991152202044301                            NaN   13.801412012179114     
        4900   8.6007659609061982                            NaN   13.805206876107714     
        4901   8.6031995862086248                            NaN   13.810802065204793     
        4902   8.6081520432699641                            NaN   13.822190926019186     
        4903   8.6148017952454570                            NaN   13.837489726124694     
        4904   8.6186326482171634                            NaN   13.846307167064715     
        4905   8.6198510672297584                            NaN   13.849112644893019     
        4906   8.6201923572688433                            NaN   13.849899053493797     
        4907   8.6202727262855188                            NaN   13.850084797798463     
        4908   8.6272502004297245                            NaN   13.866153147461514     
        4909   8.6287017699489788                            NaN   13.869497639322152     
        4910   8.6296834642292612                            NaN   13.871759966447062     
        4911   8.6358305723334272                            NaN   13.885926234986986     
        4912   8.6379149366837709                            NaN   13.890731783034600     
        4913   8.6401776498417817                            NaN   13.895949352634261     
        4914   8.6452067541440982                            NaN   13.907548372423506     
        4915   8.6457311391069069                            NaN   13.908758719671411     
        4916   8.6480694393247699                            NaN   13.914153908932370     
        4917   8.6523390491047039                            NaN   13.924007204071327     
        4918   8.6533397893411479                            NaN   13.926317725099413     
        4919   8.6538430738465610                            NaN   13.927480145609906     
        4920   8.6548649517484915                            NaN   13.929839736673056     
        4921   8.6553892810252364                            NaN   13.931050880275251     
        4922   8.6566947721707397                            NaN   13.934065555104809     
        4923   8.6586635958554670                            NaN   13.938612232786639     
        4924   8.6616941432801546                            NaN   13.945611777301917     
        4925   8.6672061565815159                            NaN   13.958346370187158     
        4926   8.6686614569618108                            NaN   13.961710063212397     
        4927   8.6698504781641113                            NaN   13.964458715458093     
        4928   8.6716450518172259                            NaN   13.968607335666235     
        4929   8.6731237308939431                            NaN   13.972026254592109     
        4930   8.6750659102719379                            NaN   13.976517230165843     
        4931   8.6754536294897342                            NaN   13.977414436374357     
        4932   8.6868652093548313                            NaN   14.003813015569467     
        4933   8.6902678252281440                            NaN   14.011689454159846     
        4934   8.6918382497017355                            NaN   14.015325810595215     
        4935   8.6924736607762902                            NaN   14.016797685928722     
        4936   8.6932930477040617                            NaN   14.018695621890561     
        4937   8.6956674052697807                            NaN   14.024194616020623     
        4938   8.6986227297762948                            NaN   14.031040384163170     
        4939   8.7104509868085049                            NaN   14.058453341225157     
        4940   8.7122075955766753                            NaN   14.062527234448137     
        4941   8.7175076331506318                            NaN   14.074820910041982     
        4942   8.7200275793577351                            NaN   14.080668227341544     
        4943   8.7214121866718255                            NaN   14.083881916193391     
        4944   8.7256388412560568                            NaN   14.093692679808168     
        4945   8.7336395494399035                            NaN   14.112271930046596     
        4946   8.7343511039257553                            NaN   14.113925544467197     
        4947   8.7364713831433907                            NaN   14.118852041833186     
        4948   8.7432345515407484                            NaN   14.134570227719568     
        4949   8.7476818572686028                            NaN   14.144910965210208     
        4950   8.7551726329862607                            NaN   14.162335960217444     
        4951   8.7593393308350915                            NaN   14.172033282926051     
        4952   8.7621272413578026                            NaN   14.178523720608784     
        4953   8.7756935434748566                            NaN   14.210124392568151     
        4954   8.7758001138884829                            NaN   14.210373507612189     
        4955   8.7811721330586590                            NaN   14.222896698607482     
        4956   8.7840325008953055                            NaN   14.229567263951790     
        4957   8.7857543381933034                            NaN   14.233583722806472     
        4958   8.7978740117559511                            NaN   14.261865637799005     
        4959   8.8014275751148059                            NaN   14.270163707530447     
        4960   8.8036642098157252                            NaN   14.275388030269312     
        4961   8.8148470723918368                            NaN   14.301519674607267     
        4962   8.8201435264375441                            NaN   14.313904610674232     
        4963   8.8269644324943783                            NaN   14.329861609502363     
        4964   8.8292553728036367                            NaN   14.335223510946346     
        4965   8.8357422076976597                            NaN   14.350409665853952     
        4966   8.8365099119412172                            NaN   14.352208096608713     
        4967   8.8422175501546434                            NaN   14.365577382713735     
        4968   8.8462928032905150                            NaN   14.375126930647070     
        4969   8.8524756255890047                            NaN   14.389620583778626     
        4970   8.8623404854225232                            NaN   14.412759693131402     
        4971   8.8624715885143122                            NaN   14.413068081478947     
        4972   8.8629265987137664                            NaN   14.414136526600981     
        4973   8.8644769314981726                            NaN   14.417775437680312     
        4974   8.8656299149062576                            NaN   14.420482179962796     
        4975   8.8658373995790871                            NaN   14.420969921456990     
        4976   8.8824855863595555                            NaN   14.460070829912773     
        4977   8.8838280086573569                            NaN   14.463226645894164     
        4978   8.8872311566311240                            NaN   14.471227204362627     
        4979   8.8879863418634226                            NaN   14.473003475595569     
        4980   8.8964975204583681                            NaN   14.493022016518587     
        4981   8.9004265883513742                            NaN   14.502268210871712     
        4982   8.9020168710689997                            NaN   14.506011855412400     
        4983   8.9111643523248922                            NaN   14.527551107320463     
        4984   8.9149265844789447                            NaN   14.536414828654998     
        4985   8.9187850643033126                            NaN   14.545507996245053     
        4986   8.9285613075544656                            NaN   14.568558485159997     
        4987   8.9503966611933379                            NaN   14.620104688822490     
        4988   8.9506997123112626                            NaN   14.620821477778328     
        4989   8.9571119831863566                            NaN   14.635976383866964     
        4990   8.9651559430221663                            NaN   14.654998192272185     
        4991   8.9822914854333895                            NaN   14.695558100337252     
        4992   8.9936193430585440                            NaN   14.722401229774562     
        4993   9.0043214044802973                            NaN   14.747783263014973     
        4994   9.0097941465891882                            NaN   14.760771506918093     
        4995   9.0241770018670415                            NaN   14.794930899419089     
        4996   9.0341636917112869                            NaN   14.818672116329239     
        4997   9.0406873354129331                            NaN   14.834190922986050     
        4998   9.0573424064403447                            NaN   14.873845442658130     
        4999   9.0881913121032838                            NaN   14.947429528161528     
        5000   9.2477839340336185                            NaN   15.330926292821459     
