           2  0.25975496433100481       0.26318817995035898       0.26314320175109707     
           3  0.64895214397906931       0.67096685844480353       0.67023684601560340     
           4  0.67163160037687142       0.69524970246470896       0.69443855172736235     
           5   1.0127554657146045        1.0677879499687466        1.0649048314063725     
           6   1.0730075209124332        1.1350554338737324        1.1316043678581336     
           7   1.0741677031985803        1.1363551523266096        1.1328924853676945     
           8   1.2291043076972001        1.3114616056751969        1.3061866787601346     
           9   1.2554660830037647        1.3415628316859711        1.3359250937851268     
          10   1.3055764522523148        1.3990324451970630        1.3926576927223344     
          11   1.3798940311080090        1.4848771519178297        1.4772892630593741     
          12   1.5210222897436063        1.6499520370759944        1.6396304984976595     
          13   1.5621500091302780        1.6985755748397817        1.6873428295360284     
          14   1.5758488324403843        1.7148237368855050        1.7032753627721089     
          15   1.6104635117626533        1.7559982002531636        1.7436244110774535     
          16   1.6198263358138196        1.7671645531188902        1.7545605876720813     
          17   1.6623772152596776        1.8180695531720417        1.8043810734897630     
          18   1.6721693773223190        1.8298210044879306        1.8158739685502070     
          19   1.7399507501955116        1.9115454332332378        1.8957125996025663     
          20   1.7420486303820737        1.9140855472007419        1.8981916818000890     
          21   1.7979594517272091        1.9820212264388808        1.9644367557926561     
          22   1.8084983341206948        1.9948785866630421        1.9769617790322194     
          23   1.8644983684725398        2.0634769119284968        2.0437185013976098     
          24   1.8886814636485878        2.0932465688450841        2.0726527540683417     
          25   1.9134932568899252        2.1238825490538353        2.1024057452244396     
          26   1.9201422531823273        2.1321082657199977        2.1103903796072032     
          27   1.9757007677382528        2.2011075126247652        2.1772983991414208     
          28   1.9766457823179833        2.2022852730833136        2.1784394659116550     
          29   1.9789992999741026        2.2052190372560925        2.1812815585764387     
          30   2.0138821478665583        2.2488032752656624        2.2234762368447285     
          31   2.1232107839491583        2.3866473251088949        2.3565898860502585     
          32   2.1326347147692957        2.3986186659424802        2.3681259198333979     
          33   2.1456786062693514        2.4152121712225130        2.3841094104072180     
          34   2.1593382952346452        2.4326186155420695        2.4008676677068550     
          35   2.1781856393217334        2.4566855040510576        2.4240242626209323     
          36   2.1789852661068889        2.4577078597698812        2.4250076671498917     
          37   2.1947749724061190        2.4779170873000185        2.4444392644418542     
          38   2.1950488140577442        2.4782679374750005        2.4447765949745115     
          39   2.2035921811860160        2.4892200192975227        2.4553023200359938     
          40   2.2313090277324039        2.5248341536271761        2.4895060516139793     
          41   2.2367788015958445        2.5318774256376044        2.4962661333079001     
          42   2.2980093604554703        2.6110627348517270        2.5721671994998090     
          43   2.3036570572782851        2.6183982001746973        2.5791891733530470     
          44   2.3372358269984486        2.6621231681913295        2.6210118331632177     
          45   2.3539331563768937        2.6839371604651308        2.6418554214006491     
          46   2.3603644947866198        2.6923520028740859        2.6498921501107855     
          47   2.3615060093433313        2.6938463148111609        2.6513191691566096     
          48   2.3669305744422791        2.7009504536662026        2.6581021163384246     
          49   2.3996384934393271        2.7438928079627556        2.6990698295024345     
          50   2.4157809926482479        2.7651545153264383        2.7193330225226298     
          51   2.4356878198716063        2.7914367185723177        2.7443616596863976     
          52   2.4402910733916836        2.7975240595669537        2.7501556817244666     
          53   2.4820090984532066        2.8528615874376455        2.8027730071187733     
          54   2.4937782814451088        2.8685285455071301        2.8176524579113433     
          55   2.5074276365375896        2.8867291539741720        2.8349284538062349     
          56   2.5182257644187365        2.9011513255666275        2.8486105250810496     
          57   2.5232531899739126        2.9078731475360473        2.8549851986762196     
          58   2.5262949253235085        2.9119422357888074        2.8588434795158424     
          59   2.5282366500843163        2.9145406485335328        2.8613070366326543     
          60   2.5317234614751909        2.9192083890453615        2.8657319030957087     
          61   2.5540301317981635        2.9491216497779393        2.8940715975390514     
          62   2.5721775906123865        2.9735235878630282        2.9171685994379537     
          63   2.5809258905824870        2.9853082743350154        2.9283162432592427     
          64   2.6232994445540552        3.0425863432457558        2.9824332890951144     
          65   2.6339033286509599        3.0569715183501902        2.9960077929693352     
          66   2.6353635040380752        3.0589540067750316        2.9978781173515276     
          67   2.6537772857103534        3.0839882908023459        3.0214836235951417     
          68   2.6628686262340135        3.0963714856499820        3.0331524624341917     
          69   2.7079675985069098        3.1580279358515480        3.0911756185103734     
          70   2.7100609937797371        3.1608991461156029        3.0938746366808854     
          71   2.7264449803986022        3.1833992324176941        3.1150149744983580     
          72   2.7334225713775759        3.1929969325466105        3.1240275189438123     
          73   2.7673323286301210        3.2397715322382412        3.1679051597713688     
          74   2.7676570901233921        3.2402205626670173        3.1683261313523943     
          75   2.7887369696229363        3.2694098034625645        3.1956693003667809     
          76   2.8114040710584054        3.3008922233290456        3.2251277777551035     
          77   2.8209769573289516        3.3142178658895158        3.2375864978124547     
          78   2.8250362931940671        3.3198739056615660        3.2428727819174110     
          79   2.8340606214645363        3.3324593467052601        3.2546313398213353     
          80   2.8576757306288796        3.3654684263922738        3.2854452770733982     
          81   2.8595573529846856        3.3681032413254455        3.2879033431712283     
          82   2.8699965213187668        3.3827337163178592        3.3015474102697340     
          83   2.8722526504954811        3.3858984920756523        3.3044979183662662     
          84   2.8760781824669812        3.3912670310748898        3.3095020987451402     
          85   2.8888299967430227        3.4091830627021857        3.3261945659729726     
          86   2.8969479608144764        3.4206053761838153        3.3368309371318947     
          87   2.9037982824092752        3.4302542243350120        3.3458122983296086     
          88   2.9084472562263364        3.4368077265463581        3.3519106034222279     
          89   2.9135834839090142        3.4440530913015719        3.3586509312098869     
          90   2.9136170532088270        3.4441004627472855        3.3586951156149603     
          91   2.9139483538216675        3.4445679909094475        3.3591301041288091     
          92   2.9158856440307974        3.4473023134752996        3.3616733733169504     
          93   2.9180252714099790        3.4503230870929307        3.3644827573185712     
          94   2.9262948942541840        3.4620069114413345        3.3753455609700058     
          95   2.9359513594641813        3.4756674503708176        3.3880399935387508     
          96   2.9365890665930507        3.4765702413218942        3.3888788176090170     
          97   2.9494470877453920        3.4947905300090554        3.4057995310169993     
          98   2.9496320015840904        3.4950528020138876        3.4060431317272588     
          99   2.9666474862336694        3.5192161514929703        3.4284644119639438     
         100   2.9758584479440242        3.5323208528621284        3.4406156097612968     
         101   2.9764738966266018        3.5331970818589324        3.4414279804979202     
         102   2.9764873429834262        3.5332162266155440        3.4414458523489557     
         103   2.9787347563226936        3.5364165810654908        3.4444124001172511     
         104   2.9826504075507563        3.5419949823537777        3.4495822872720385     
         105   2.9848804856121669        3.5451734366619085        3.4525275311504391     
         106   2.9933143285386419        3.5572030489483923        3.4636708499981399     
         107   3.0154574860792107        3.5888559901723225        3.4929664938145120     
         108   3.0215136975662746        3.5975306294436526        3.5009888463208902     
         109   3.0399700984416995        3.6240132356430168        3.5254628754546165     
         110   3.0420248038021449        3.6269658216987333        3.5281900501092220     
         111   3.0645683693722923        3.6594180283943341        3.5581424002202855     
         112   3.0719235169239241        3.6700288322830930        3.5679275311909535     
         113   3.0874100592899274        3.6924071606921931        3.5885507583852370     
         114   3.0876620410712188        3.6927716932016228        3.5888866775993780     
         115   3.0910775777971833        3.6977141322036511        3.5934390314094422     
         116   3.0957732257998929        3.7045129412922364        3.5996997145682812     
         117   3.0981879753161867        3.7080110475807055        3.6029203432661721     
         118   3.1028437329561895        3.7147590272113820        3.6091316547630807     
         119   3.1135092425483695        3.7302346292396540        3.6233699290923269     
         120   3.1455781004085854        3.7769111740979886        3.6662602590591487     
         121   3.1463688726055734        3.7780649078947830        3.6673195078518006     
         122   3.1526142241285493        3.7871815333867640        3.6756868430241170     
         123   3.1528761354444601        3.7875640389669072        3.6760379723044387     
         124   3.1567891244144417        3.7932804647193579        3.6812829481034637     
         125   3.1616451147678895        3.8003790536903401        3.6877943571091230     
         126   3.1663897874581415        3.8073197866128119        3.6941591410842687     
         127   3.1690124669492423        3.8111584353462096        3.6976785382437587     
         128   3.1793182926335333        3.8262567028649324        3.7115153381029788     
         129   3.2071027785158011        3.8670755423485659        3.7488804364868908     
         130   3.2096599765362552        3.8708407685940505        3.7523240302868750     
         131   3.2156334135827143        3.8796416033315047        3.7603707984297667     
         132   3.2203922404266687        3.8866584657222312        3.7667843678869382     
         133   3.2255560564425187        3.8942780564031270        3.7737467126208735     
         134   3.2529038809981072        3.9347288658739541        3.8106706787605642     
         135   3.2580297757865826        3.9423289398029442        3.8176012504963310     
         136   3.2594332425956676        3.9444108429732108        3.8194994723628533     
         137   3.2635281929575806        3.9504877722598399        3.8250390271806491     
         138   3.2666510887342941        3.9551246503898985        3.8292649536712720     
         139   3.2719095479717843        3.9629372763671129        3.8363832079432818     
         140   3.2779963002985957        3.9719881465213724        3.8446266990563913     
         141   3.2795716046143104        3.9743319252709828        3.8467609942894860     
         142   3.2917166826991142        3.9924201555414807        3.8632244511204537     
         143   3.2931787668719696        3.9945999137145796        3.8652076875088266     
         144   3.2933447004803957        3.9948473269921805        3.8654329102632232     
         145   3.3107736724133314        4.0208687302571926        3.8890922962591770     
         146   3.3108975284600053        4.0210538894791714        3.8892606979057849     
         147   3.3172604544242539        4.0305707929594119        3.8979072131490238     
         148   3.3197689716523699        4.0343252235514289        3.9013173968245809     
         149   3.3240559644309222        4.0407447155647276        3.9071469107327754     
         150   3.3287337409141378        4.0477540854723140        3.9135102502416963     
         151   3.3407862229521466        4.0658366832171797        3.9299171868109752     
         152   3.3425263571273862        4.0684501472766490        3.9322875416245111     
         153   3.3562125328128509        4.0890289187252282        3.9509417283339552     
         154   3.3623532017302877        4.0982759161180526        3.9593186182482825     
         155   3.3626961227393251        4.0987925598632291        3.9597866885840158     
         156   3.3651824189477102        4.1025392046841942        3.9631798489745211     
         157   3.3801522214544888        4.1251271894865900        3.9836243383932128     
         158   3.3963816770080593        4.1496736490937920        4.0058187407283512     
         159   3.3982360928344684        4.1524822249009841        4.0083568192201557     
         160   3.3992170155520229        4.1539681847463648        4.0096996094777673     
         161   3.3994537779450851        4.1543268795280817        4.0100238453126611     
         162   3.4056015727069497        4.1636452895970049        4.0184415393791131     
         163   3.4106831608236656        4.1713541763634572        4.0254027255222073     
         164   3.4162909422428736        4.1798682138293231        4.0330882285949130     
         165   3.4222112518180210        4.1888646215445826        4.0412060411004553     
         166   3.4227259404231343        4.1896471166445881        4.0419121040639681     
         167   3.4244107423313728        4.1922089952103194        4.0442232315849136     
         168   3.4262873239267613        4.1950632632652383        4.0467978072361834     
         169   3.4304356331012982        4.2013757062442147        4.0524903597072797     
         170   3.4408578661307994        4.2172527239832212        4.0668010247687754     
         171   3.4464898412816733        4.2258428633625131        4.0745396028287821     
         172   3.4512595760030171        4.2331236506430674        4.0810963569939886     
         173   3.4525868564759850        4.2351506282301816        4.0829214986868223     
         174   3.4625977559385701        4.2504521838091680        4.0966931290415829     
         175   3.4687848503401630        4.2599208134680593        4.1052104271223282     
         176   3.4736600826444182        4.2673881112039629        4.1119249825477393     
         177   3.4763056409389885        4.2714425961129994        4.1155698929839772     
         178   3.4781809029388659        4.2743175493051400        4.1181540725654635     
         179   3.4840760138860780        4.2833606963563708        4.1262801087824101     
         180   3.4857456524490384        4.2859234219655713        4.1285824522397476     
         181   3.4902503052507141        4.2928408845256660        4.1347955008304975     
         182   3.4944440565015920        4.2992852225168177        4.1405818913014585     
         183   3.4997687208834494        4.3074733692716185        4.1479316113045108     
         184   3.5016116271641851        4.3103089108248298        4.1504762826103860     
         185   3.5061108688394649        4.3172349357498891        4.1566902541332880     
         186   3.5196269791334243        4.3380702096702048        4.1753715596631498     
         187   3.5230622612948639        4.3433726714749641        4.1801231793837594     
         188   3.5302826421404614        4.3545267210714824        4.1901146306243042     
         189   3.5303558215629609        4.3546398324068285        4.1902160827661294     
         190   3.5308444858738204        4.3553951796209081        4.1908926618233426     
         191   3.5336301731859887        4.3597022136291592        4.1947493737775279     
         192   3.5411335657096505        4.3713126682099226        4.2051419019054670     
         193   3.5508131531210596        4.3863104205342891        4.2185582992373654     
         194   3.5607738450585860        4.4017672405495007        4.2323758359908901     
         195   3.5739704558239476        4.4222823640906599        4.2507002106931786     
         196   3.5772449379250171        4.4273793165254034        4.2552503466851945     
         197   3.5828628515814427        4.4361300349418871        4.2630596849433093     
         198   3.5871050868725822        4.4427430121514764        4.2689592287812381     
         199   3.5981247075681275        4.4599413283553933        4.2842935316689239     
         200   3.6046236610039690        4.4700981248867402        4.2933439039380072     
         201   3.6076057344114654        4.4747620707438003        4.2974984635713582     
         202   3.6100106643828207        4.4785249526835038        4.3008497558093115     
         203   3.6111213116731129        4.4802632088425938        4.3023977712350465     
         204   3.6146702641238972        4.4858196432675763        4.3073449049802335     
         205   3.6182871656570379        4.4914856409182367        4.3123882849977271     
         206   3.6189796106237648        4.4925707454348309        4.3133541332161229     
         207   3.6204150158114210        4.4948204901198574        4.3153562955011822     
         208   3.6264529430269112        4.5042894232388200        4.3237803865127074     
         209   3.6304288840566445        4.5105295618588013        4.3293300107950188     
         210   3.6308531965130850        4.5111957395116624        4.3299225235538845     
         211   3.6404207169250484        4.5262287007524717        4.3432847880340262     
         212   3.6404278418356912        4.5262399041896453        4.3432949074032923     
         213   3.6428068425712747        4.5299814229243225        4.3466192912704269     
         214   3.6428069714222047        4.5299816256095795        4.3466196360956104     
         215   3.6507051771326791        4.5424133957219599        4.3576609000860707     
         216   3.6576041849672252        4.5532850892891785        4.3673113969154684     
         217   3.6660151808633339        4.5665554342647399        4.3790844793509009     
         218   3.6710279328689319        4.5744726251005607        4.3861050029336628     
         219   3.6778549433176462        4.5852653655418782        4.3956711786793772     
         220   3.6786564309131009        4.5865331922109256        4.3967947522193036     
         221   3.6789272711888112        4.5869616550485963        4.3971745602026857     
         222   3.6829188881645258        4.5932784275668261        4.4027708453263035     
         223   3.6904994787565868        4.6052857812419523        4.4134039500949154     
         224   3.6934159144587801        4.6099091424042733        4.4174966779606475     
         225   3.7032890712803148        4.6255767260264440        4.4313590764880164     
         226   3.7034345218039455        4.6258077231398431        4.4315635486203480     
         227   3.7101260516587287        4.6364406437255559        4.4409655245459714     
         228   3.7123155492170286        4.6399222377363962        4.4440431582068616     
         229   3.7126013726219700        4.6403768246456503        4.4444451105104044     
         230   3.7181186555709482        4.6491558213173896        4.4522028458828871     
         231   3.7237136578025720        4.6580663611203885        4.4600735453379894     
         232   3.7264401492635315        4.6624114207905345        4.4639104360020063     
         233   3.7278212270204909        4.6646130891277906        4.4658543961829036     
         234   3.7279400234951954        4.6648024931691721        4.4660217763045118     
         235   3.7323526723040650        4.6718403751915840        4.4722340832060983     
         236   3.7326055270015961        4.6722438117398299        4.4725902930073094     
         237   3.7339935323310618        4.6744587019424682        4.4745450197694954     
         238   3.7351503531773997        4.6763050576093583        4.4761743727808501     
         239   3.7442143691160057        4.6907835843001218        4.4889451433331562     
         240   3.7479521057441181        4.6967602176878653        4.4942143788234166     
         241   3.7496990882494723        4.6995548646129244        4.4966778295862930     
         242   3.7566966598317695        4.7107567119510803        4.5065483468660030     
         243   3.7725987881330720        4.7362599014415157        4.5290007174576417     
         244   3.7750871463472060        4.7402565212772156        4.5325169200762829     
         245   3.7754521119307380        4.7408428367723312        4.5330328484669788     
         246   3.7758687136326197        4.7415121474678115        4.5336217664078777     
         247   3.7765986156610518        4.7426849132763884        4.5346534926031516     
         248   3.7789229418455528        4.7464204273733408        4.5379390022523527     
         249   3.7796778940656655        4.7476340404371395        4.5390064067575899     
         250   3.7868903967012049        4.7592358309622789        4.5492058836195071     
         251   3.7885722267541500        4.7619431029153940        4.5515852470200926     
         252   3.7896214591158790        4.7636324423676912        4.5530698809113233     
         253   3.7919023365474605        4.7673058036407632        4.5562975050838990     
         254   3.7937788286358196        4.7703289129143451        4.5589533866698027     
         255   3.7967014880897749        4.7750392636921788        4.5630906922300536     
         256   3.8002405273406703        4.7807459843793589        4.5681018666339988     
         257   3.8022842053877870        4.7840429106328823        4.5709964068540607     
         258   3.8040662464964572        4.7869186432898854        4.5735208087769124     
         259   3.8062154996368296        4.7903880574243543        4.5765658624706269     
         260   3.8137241611050028        4.8025183092195505        4.5872079857211610     
         261   3.8178490190822889        4.8091882895302689        4.5930571365947639     
         262   3.8217954535135776        4.8155739223593361        4.5986551830385363     
         263   3.8219172266808648        4.8157710255267556        4.5988281193825191     
         264   3.8272603545334039        4.8244232885971909        4.6064103575299118     
         265   3.8422306697036115        4.8487050480831080        4.6276719868522882     
         266   3.8528000190168412        4.8658840458419554        4.6426992747139071     
         267   3.8558470678511148        4.8708420825148977        4.6470341082280839     
         268   3.8629707969374647        4.8824431317845685        4.6571726466757948     
         269   3.8678062961986552        4.8903254558627278        4.6640580689008662     
         270   3.8684356458493534        4.8913518127986571        4.6649545810742890     
         271   3.8687767286733221        4.8919081020171955        4.6654405573403768     
         272   3.8706027292975276        4.8948867451431646        4.6680417070977374     
         273   3.8855213450162669        4.9192558637670540        4.6893069981578872     
         274   3.8907395868508781        4.9277937459518428        4.6967515751287543     
         275   3.8937458558032056        4.9327157965579875        4.7010420062504963     
         276   3.8988146388738887        4.9410202135620409        4.7082782993989856     
         277   3.8998980046666167        4.9427960356933349        4.7098254741377890     
         278   3.9009183423051859        4.9444688322995525        4.7112827760790257     
         279   3.9035187967187506        4.9487334234585134        4.7149971692216255     
         280   3.9141286025008935        4.9661517480035000        4.7301596430420005     
         281   3.9152653418324670        4.9680197557930486        4.7317851181606922     
         282   3.9178343025696711        4.9722426239434281        4.7354589314439650     
         283   3.9350387299526117        5.0005693864755782        4.7600819062934807     
         284   3.9356138829142564        5.0015177523674588        4.7609058543246139     
         285   3.9457510938390490        5.0182477114231103        4.7754315874040039     
         286   3.9508690399323010        5.0267047647497183        4.7827699199490876     
         287   3.9525725235732549        5.0295212413165737        4.7852132675039716     
         288   3.9544218223069469        5.0325797014199072        4.7878661389293686     
         289   3.9608283906360238        5.0431824347899319        4.7970592555656939     
         290   3.9646679703209280        5.0495422487692982        4.8025712983110882     
         291   3.9647814007431670        5.0497301945007553        4.8027343441578605     
         292   3.9833966146288136        5.0806221690026900        4.8294826543138782     
         293   3.9864133247078892        5.0856374017743686        4.8338214513047184     
         294   3.9899977752677644        5.0915997658094367        4.8389781876468696     
         295   3.9903362707761856        5.0921630019478732        4.8394654101686019     
         296   3.9919331787216237        5.0948205885261890        4.8417634518862052     
         297   3.9960223889665065        5.1016291055382803        4.8476491616988255     
         298   4.0035753555133793        5.1142169629424048        4.8585254658567578     
         299   4.0056666444250268        5.1177051310026007        4.8615382772022819     
         300   4.0070382834022862        5.1199936189202653        4.8635146761760932     
         301   4.0111440946218861        5.1268470222198061        4.8694317275362238     
         302   4.0117966876483324        5.1279367605633226        4.8703725508724336     
         303   4.0123927238511525        5.1289321607575040        4.8712318990390884     
         304   4.0173224456416321        5.1371687602841796        4.8783396971294248     
         305   4.0236021802613955        5.1476708017270454        4.8873981534599764     
         306   4.0262058614301619        5.1520283572293897        4.8911554384448674     
         307   4.0286146130224889        5.1560613676065534        4.8946321666951054     
         308   4.0370624866651514        5.1702186435731914        4.9068306388242373     
         309   4.0371596259883731        5.1703815500521157        4.9069711429975342     
         310   4.0412860363394802        5.1773041550089616        4.9129328175506863     
         311   4.0434550011301358        5.1809448057801504        4.9160673633580405     
         312   4.0442915332138014        5.1823492958641024        4.9172765716161138     
         313   4.0461027738903343        5.1853909426751494        4.9198947886490778     
         314   4.0465049116119998        5.1860663848127224        4.9204762959886974     
         315   4.0467812478052654        5.1865305535158823        4.9208759602615739     
         316   4.0491131769987101        5.1904484106487434        4.9242475687699780     
         317   4.0499297851621208        5.1918207509914174        4.9254285365222774     
         318   4.0546434868566434        5.1997459849437409        4.9322460843336664     
         319   4.0547390580983418        5.1999067356247428        4.9323845266718020     
         320   4.0594502818322944        5.2078342117781986        4.9392012155224077     
         321   4.0634404164391444        5.2145532453346997        4.9449766755697997     
         322   4.0650079160561630        5.2171940115732207        4.9472461699834120     
         323   4.0709204765746785        5.2271611818063235        4.9558087622140672     
         324   4.0757526558531865        5.2353144701610086        4.9628099022714558     
         325   4.0759595615980793        5.2356637286375616        4.9631099266072560     
         326   4.0779164383987379        5.2389675550005625        4.9659461258954334     
         327   4.0820282061824509        5.2459130765674891        4.9719068062155856     
         328   4.0822852715083462        5.2463474667958785        4.9722797132956504     
         329   4.0860380427176359        5.2526910670706490        4.9777218796389970     
         330   4.0986726850681947        5.2740780124188422        4.9960563050285334     
         331   4.1003097278406457        5.2768524219777104        4.9984334328256956     
         332   4.1195128174573235        5.3094548286894749        5.0263400135179594     
         333   4.1202168725702508        5.3106521738228132        5.0273642038678013     
         334   4.1203929455141628        5.3109516331366695        5.0276204937523659     
         335   4.1209358694200038        5.3118750774669889        5.0284103834617451     
         336   4.1216340228075303        5.3130626726969670        5.0294261099034792     
         337   4.1221024837829914        5.3138596282617447        5.0301077598839132     
         338   4.1258117887861161        5.3201722186412308        5.0355046886460304     
         339   4.1318701709065193        5.3304911057649997        5.0443229004971233     
         340   4.1342967187729629        5.3346270908326119        5.0478561958669594     
         341   4.1346350686706801        5.3352039349788321        5.0483490928485306     
         342   4.1364224575658390        5.3382517612117182        5.0509522885618061     
         343   4.1395677961344592        5.3436173976197896        5.0555340213416393     
         344   4.1418518509206841        5.3475155743108349        5.0588619470273866     
         345   4.1465551753201302        5.3555474871555413        5.0657165847858341     
         346   4.1514411467823402        5.3638981456107198        5.0728402339663496     
         347   4.1516123760254526        5.3641909215848074        5.0730901261209738     
         348   4.1516713493497068        5.3642917589882160        5.0731763224757298     
         349   4.1552677722730511        5.3704431390455492        5.0784218301100488     
         350   4.1563095247668604        5.3722256764059440        5.0799416949445000     
         351   4.1623377638656933        5.3825468093207487        5.0887382199100557     
         352   4.1628107342322096        5.3833570472440719        5.0894287564498217     
         353   4.1634938690073593        5.3845274303318105        5.0904260923945053     
         354   4.1636237874325710        5.3847500290401236        5.0906159329056369     
         355   4.1667376545534633        5.3900867277089608        5.0951620489376523     
         356   4.1670661683636929        5.3906499169590409        5.0956419117522120     
         357   4.1708499107125609        5.3971388816202488        5.1011677022846502     
         358   4.1727751433920961        5.4004421945739116        5.1039800810053766     
         359   4.1750755671292046        5.4043906915153848        5.1073410873758451     
         360   4.1752107506169933        5.4046227718787749        5.1075388033419973     
         361   4.1756764500362085        5.4054223167582167        5.1082194525597053     
         362   4.1774639792809491        5.4084918639902932        5.1108317168383337     
         363   4.1779679171134640        5.4093573968872350        5.1115683761290871     
         364   4.1810084433647097        5.4145812095811632        5.1160126814229052     
         365   4.1821564368131501        5.4165542434046001        5.1176911066390520     
         366   4.1834045124765531        5.4186997283327907        5.1195160206346078     
         367   4.1845227130640676        5.4206223445760449        5.1211512145023903     
         368   4.1886122507408965        5.4276569800975372        5.1271322812105780     
         369   4.1947354858418393        5.4381991493818376        5.1360913715334497     
         370   4.1962663015869461        5.4408364411488552        5.1383320138121444     
         371   4.2016401633748393        5.4501000489863918        5.1461994310308103     
         372   4.2017752004271669        5.4503329400625624        5.1463973687295130     
         373   4.2051409219949383        5.4561393704036947        5.1513267477359186     
         374   4.2067053742782310        5.4588394593906333        5.1536185929196794     
         375   4.2121326383908553        5.4682120328416399        5.1615710651158864     
         376   4.2147731710533547        5.4727752597427468        5.1654415834450624     
         377   4.2150081306031009        5.4731814051380177        5.1657862146442906     
         378   4.2151970813577702        5.4735080328098116        5.1660634060870265     
         379   4.2157365169501331        5.4744405810032113        5.1668544085916874     
         380   4.2202891299676164        5.4823143675806847        5.1735300405568179     
         381   4.2234075316525201        5.4877112522127947        5.1781041583020357     
         382   4.2245680958760863        5.4897205350929159        5.1798069192916802     
         383   4.2263297807326179        5.4927713088597123        5.1823918415140326     
         384   4.2310099090630828        5.5008805809204988        5.1892604892083014     
         385   4.2336119377042971        5.5053919695880111        5.1930805155947315     
         386   4.2338890582949542        5.5058725602971839        5.1934875853444407     
         387   4.2414612906544455        5.5190134951826977        5.2046088791898732     
         388   4.2440516517878368        5.5235128032154153        5.2084150573953529     
         389   4.2456734466873769        5.5263307983405907        5.2107985517604316     
         390   4.2471925680818021        5.5289711107275092        5.2130314528108617     
         391   4.2510827750167630        5.5357356738555303        5.2187504826358815     
         392   4.2511012518348155        5.5357678135563200        5.2187778537903728     
         393   4.2511880359287506        5.5359187724681664        5.2189056572665891     
         394   4.2544105700107595        5.5415259095281932        5.2236446012647200     
         395   4.2549574259131422        5.5424777386506232        5.2244490833758768     
         396   4.2585344139635328        5.5487058945978580        5.2297109646546165     
         397   4.2608674505723183        5.5527702066470574        5.2331438553086649     
         398   4.2625817475043863        5.5557576843193610        5.2356667917988364     
         399   4.2639028370921537        5.5580605349460512        5.2376113342387391     
         400   4.2671203419097532        5.5636713317728086        5.2423478451359919     
         401   4.2689474066110309        5.5668588327051918        5.2450381279004432     
         402   4.2710413942283010        5.5705132578666259        5.2481219126718592     
         403   4.2828085887670309        5.5910742304168819        5.2654602338565351     
         404   4.2897950774674118        5.6033018445555829        5.2757624831670160     
         405   4.2912426387014415        5.6058372084914838        5.2778979573256031     
         406   4.2933638746982110        5.6095536568950291        5.2810276146129809     
         407   4.2943192217182959        5.6112278954236281        5.2824374199313109     
         408   4.2966411605843380        5.6152982449043192        5.2858640695706143     
         409   4.3057437620647212        5.6312710663345547        5.2993031340602030     
         410   4.3073488954614101        5.6340903277496794        5.3016741663542479     
         411   4.3135987348226656        5.6450751441600486        5.3109085336034454     
         412   4.3166072220344205        5.6503672141915384        5.3153554856888707     
         413   4.3261817292199147        5.6672278845113748        5.3295147742245241     
         414   4.3269418724431095        5.6685677126830827        5.3306395854175168     
         415   4.3287573619494273        5.6717684203863925        5.3333260232401045     
         416   4.3287879301001020        5.6718223208017964        5.3333714660132188     
         417   4.3348234452660792        5.6824703604991171        5.3423048272902065     
         418   4.3376111358825380        5.6873923196341343        5.3464325882640811     
         419   4.3379234423689184        5.6879438803098807        5.3468952696980452     
         420   4.3386936053376024        5.6893041857626070        5.3480360062685115     
         421   4.3399495394076144        5.6915228846439652        5.3498962707359290     
         422   4.3443406548363157        5.6992839809864986        5.3564012858682055     
         423   4.3499594165741211        5.7092236791923261        5.3647283054071551     
         424   4.3499836321615257        5.7092665384235417        5.3647644120740949     
         425   4.3505560039332627        5.7102796342004387        5.3656130761151903     
         426   4.3523843634116295        5.7135165110069197        5.3683238143430323     
         427   4.3600142740764118        5.7270356133734381        5.3796396941896187     
         428   4.3636339694122546        5.7334555895857005        5.3850106367344992     
         429   4.3656913828373130        5.7371065040800993        5.3880642520968216     
         430   4.3692586821138759        5.7434398971100302        5.3933599081862535     
         431   4.3718670914885625        5.7480734144565782        5.3972331310167760     
         432   4.3722869657223153        5.7488194698680370        5.3978568580020294     
         433   4.3753701147841317        5.7542994826915859        5.4024362095263108     
         434   4.3794402005889914        5.7615382863826765        5.4084831484873206     
         435   4.3804496065327267        5.7633343647855568        5.4099832993248107     
         436   4.3829849190750902        5.7678469760823612        5.4137514345422471     
         437   4.3890834545958040        5.7787101277195507        5.4228183573391515     
         438   4.3910465889675443        5.7822095166113767        5.4257381337630601     
         439   4.3925812512133744        5.7849459847874467        5.4280210164326199     
         440   4.3942476933787642        5.7879182790454813        5.4305002349799771     
         441   4.3986440694413593        5.7957639717013700        5.4370421363305201     
         442   4.3986975752535660        5.7958594951229312        5.4371219811586169     
         443   4.4002532672289458        5.7986372563517516        5.4394375981095635     
         444   4.4058791050559662        5.8086888999011457        5.4478134492757562     
         445   4.4137338696604074        5.8227398732195343        5.4595141438867074     
         446   4.4143065054947659        5.8237650037442243        5.4603676545235977     
         447   4.4145555524874380        5.8242108795304510        5.4607389924358181     
         448   4.4172500598175075        5.8290362028021727        5.4647549594417306     
         449   4.4201727509578523        5.8342727914359056        5.4691120019043868     
         450   4.4262573814084121        5.8451834347515241        5.4781858616093047     
         451   4.4271640812221058        5.8468103013696249        5.4795385726272183     
         452   4.4294835539375494        5.8509732726200525        5.4829991270402996     
         453   4.4310780915342756        5.8538361416009987        5.4853785583835641     
         454   4.4331816211805597        5.8576141206881323        5.4885179334711562     
         455   4.4335239111558833        5.8582290150134151        5.4890290113482401     
         456   4.4425381216247901        5.8744358881112877        5.5024878934288637     
         457   4.4438076917407336        5.8767205914415745        5.5043844407350839     
         458   4.4448318055114040        5.8785639548812272        5.5059144989324285     
         459   4.4460324303246308        5.8807254638549376        5.5077083958797655     
         460   4.4466670570025864        5.8818681837903410        5.5086567887881426     
         461   4.4472899818939053        5.8829899602891134        5.5095877463829019     
         462   4.4527360061025982        5.8928026403996494        5.5177271258359344     
         463   4.4532725530042487        5.8937699151832010        5.5185294180362874     
         464   4.4533809737023384        5.8939653849625877        5.5186917172592995     
         465   4.4535731147877531        5.8943118021491125        5.5189791752577850     
         466   4.4559008364476593        5.8985094780965230        5.5224595520822977     
         467   4.4577947630337391        5.9019261741546005        5.5252918544485130     
         468   4.4584946401282348        5.9031890672944050        5.5263387460248339     
         469   4.4601601474453645        5.9061950332989239        5.5288299869108322     
         470   4.4630387879209330        5.9113926360330193        5.5331364544884138     
         471   4.4635158465878089        5.9122542624864955        5.5338504190508822     
         472   4.4641776316369146        5.9134496503788778        5.5348408056227232     
         473   4.4665671245780691        5.9177670013738144        5.5384166452982075     
         474   4.4699725480860373        5.9239231650979125        5.5435139234132809     
         475   4.4797129178326074        5.9415522965705492        5.5581008489147994     
         476   4.4809785394489996        5.9438452330028406        5.5599972557647774     
         477   4.4831124322826126        5.9477124140036421        5.5631949723671639     
         478   4.4831830359771523        5.9478403922274419        5.5633009979572456     
         479   4.4889092216010935        5.9582252926849542        5.5718843297581238     
         480   4.4894094420089266        5.9591329952377343        5.5726345338168422     
         481   4.4898306474330862        5.9598973806937243        5.5732662941942781     
         482   4.4900575706215635        5.9603092153388788        5.5736067645012106     
         483   4.4908181508394760        5.9616896884311723        5.5747474462783178     
         484   4.4937646395450415        5.9670394427901412        5.5791664807753563     
         485   4.4940386216795911        5.9675370403983878        5.5795776443549538     
         486   4.4969169505993918        5.9727660664765567        5.5838955840255569     
         487   4.4987251775710009        5.9760524499820207        5.5866088065858452     
         488   4.5000912965775610        5.9785360355471981        5.5886589715924089     
         489   4.5014637289212924        5.9810317199294429        5.5907188404677886     
         490   4.5015263317529239        5.9811455742093633        5.5908130182119020     
         491   4.5078996772094744        5.9927434147843819        5.6003809665724162     
         492   4.5121159392956889        6.0004233206891611        5.6067134172440749     
         493   4.5152619750816605        6.0061576581815128        5.6114399595044890     
         494   4.5154445756851374        6.0064905886598128        5.6117145428187634     
         495   4.5155679317293238        6.0067155064943689        5.6119001127185033     
         496   4.5157344112426214        6.0070190603355975        5.6121504799862993     
         497   4.5162039668664198        6.0078752838799829        5.6128562525686654     
         498   4.5173391941122780        6.0099456467702250        5.6145623676783831     
         499   4.5173918222796559        6.0100416374260002        5.6146416788043840     
         500   4.5183912303709111        6.0118646734186214        5.6161438375254651     
         501   4.5200969643401887        6.0149768974152789        5.6187077631204634     
         502   4.5227783008640934        6.0198711313960018        5.6227387313314772     
         503   4.5230220612940117        6.0203161852402198        5.6231054342179210     
         504   4.5234098924470727        6.0210243219064790        5.6236887536565927     
         505   4.5302836634939494        6.0335833929871656        5.6340265984457361     
         506   4.5344772062845324        6.0412531713944180        5.6403364336331450     
         507   4.5353702305946841        6.0428872278598202        5.6416805827931213     
         508   4.5368155006981299        6.0455323499203040        5.6438560214670410     
         509   4.5371094855696104        6.0460704843827173        5.6442987418210340     
         510   4.5373830538431461        6.0465712726124012        5.6447107414052997     
         511   4.5383016495681456        6.0482530178085003        5.6460937025258957     
         512   4.5386657166817823        6.0489196222772170        5.6466419761956121     
         513   4.5387646570118925        6.0491007890442372        5.6467911440192857     
         514   4.5411841740452292        6.0535321182852364        5.6504340325263502     
         515   4.5485401162747445        6.0670165500836362        5.6615132856742623     
         516   4.5502799476649214        6.0702085557872261        5.6641349002968138     
         517   4.5517890508371295        6.0729780781863445        5.6664091798070526     
         518   4.5585154209484022        6.0853317221117198        5.6765487108589063     
         519   4.5597043367454404        6.0875168715820074        5.6783416823998483     
         520   4.5602270174150155        6.0884776755870558        5.6791301048875980     
         521   4.5610581182807408        6.0900056150322790        5.6803836902486360     
         522   4.5649794969498387        6.0972180344786056        5.6862987766933095     
         523   4.5659713366606027        6.0990431062226911        5.6877953566416970     
         524   4.5691621196597243        6.1049166862027171        5.6926102230001856     
         525   4.5725494985547037        6.1111559366780410        5.6977231059905975     
         526   4.5752383720425396        6.1161113753380523        5.7017827212852303     
         527   4.5765326365182846        6.1184975058284348        5.7037372146953658     
         528   4.5790886919952101        6.1232115713066841        5.7075975454454717     
         529   4.5812293879508328        6.1271613108400000        5.7108312267575077     
         530   4.5839098658615471        6.1321091879968517        5.7148810259360303     
         531   4.5873837077734922        6.1385251751668353        5.7201307255354283     
         532   4.5890295568093178        6.1415664019053198        5.7226185851012836     
         533   4.5891454048403055        6.1417805026361032        5.7227939258404028     
         534   4.5917358394128271        6.1465691267620777        5.7267101980222268     
         535   4.6003559467112911        6.1625206116654452        5.7397476625968746     
         536   4.6008894051074982        6.1635086115243096        5.7405550064742794     
         537   4.6011881811494106        6.1640620069541603        5.7410072949466784     
         538   4.6023922494002818        6.1662925024687381        5.7428294341042250     
         539   4.6030174510443214        6.1674508635279981        5.7437757443988584     
         540   4.6038956925438566        6.1690782784174010        5.7451050461491935     
         541   4.6046693722070504        6.1705121557080469        5.7462761897055863     
         542   4.6060146004226148        6.1730057859552927        5.7483125100952268     
         543   4.6091454811402253        6.1788118635032303        5.7530523939913980     
         544   4.6093376970488764        6.1791684291225160        5.7533436477930060     
         545   4.6109860706043424        6.1822267280060696        5.7558397763575773     
         546   4.6157908613561398        6.1911466048179493        5.7631171277903182     
         547   4.6163828346787401        6.1922461272546014        5.7640141314640836     
         548   4.6175132368481284        6.1943460553167844        5.7657269140740546     
         549   4.6230172655230657        6.2045770973336740        5.7740679595133635     
         550   4.6230261515074531        6.2045936233154064        5.7740816596675799     
         551   4.6252036246003669        6.2086440691587415        5.7773826694969426     
         552   4.6256947939923672        6.2095579490675341        5.7781275334024347     
         553   4.6266534325502278        6.2113418523664272        5.7795811848790244     
         554   4.6279129400695735        6.2136861180051230        5.7814911646930582     
         555   4.6342750000008719        6.2255359449941290        5.7911409563735248     
         556   4.6346012927131053        6.2261440690367440        5.7916362225311548     
         557   4.6346341227593300        6.2262052576806433        5.7916862634191464     
         558   4.6391720466673423        6.2346666453991579        5.7985725715116239     
         559   4.6401095961404266        6.2364156876859314        5.7999958053489493     
         560   4.6441329662424886        6.2439249475147189        5.8061038904521531     
         561   4.6442558559468559        6.2441543989089512        5.8062907127776899     
         562   4.6456151435142425        6.2466927205149485        5.8083549428428149     
         563   4.6477030305242790        6.2505928776270130        5.8115259513613271     
         564   4.6497675359508603        6.2544508543637027        5.8146619798051074     
         565   4.6519296669090711        6.2584928618795841        5.8179468558742631     
         566   4.6524797525527974        6.2595214832487365        5.8187828544380658     
         567   4.6559724191259537        6.2660549932676668        5.8240904936596838     
         568   4.6563354468707878        6.2667343312297552        5.8246424653939020     
         569   4.6577094194641910        6.2693058797748007        5.8267310417822795     
         570   4.6601018612783074        6.2737851900511714        5.8303681760705874     
         571   4.6619634541477808        6.2772719933844812        5.8331988221122568     
         572   4.6663674923017764        6.2855256947301203        5.8398967666723518     
         573   4.6666964291099804        6.2861424356764850        5.8403973479419449     
         574   4.6679661674592685        6.2885234918471742        5.8423291105149957     
         575   4.6703350736041465        6.2929672606467610        5.8459334606564539     
         576   4.6750299131857078        6.3017800260600412        5.8530785922295010     
         577   4.6753050938387606        6.3022968135024549        5.8534976986414797     
         578   4.6791731197582314        6.3095637680359173        5.8593867091354355     
         579   4.6840257256265270        6.3186879515156340        5.8667772790755652     
         580   4.6850088751627910        6.3205375475119672        5.8682751683497312     
         581   4.6860403188923261        6.3224783670061120        5.8698467535665646     
         582   4.6970622088340219        6.3432412953008201        5.8866464494444788     
         583   4.6978988399410628        6.3448190945407266        5.8879224838901969     
         584   4.6989508394377166        6.3468034095455819        5.8895270612195461     
         585   4.7015039937397294        6.3516208886825627        5.8934215270106627     
         586   4.7059929656629755        6.3600966422116079        5.9002705740779486     
         587   4.7062933781014227        6.3606641158933890        5.9007292386625494     
         588   4.7094163823272996        6.3665653228467454        5.9054958178712180     
         589   4.7134981908983073        6.3742835337964125        5.9117275451897680     
         590   4.7150590196985736        6.3772364492374658        5.9141111653115566     
         591   4.7166403764213083        6.3802290907506851        5.9165264386908980     
         592   4.7186635657282370        6.3840591855257873        5.9196169260283700     
         593   4.7226349070953884        6.3915815908085127        5.9256845209091988     
         594   4.7235453000093681        6.3933068295301236        5.9270759190779181     
         595   4.7237811364732805        6.3937537996096561        5.9274365531411153     
         596   4.7239234775847319        6.3940235818857447        5.9276543149013285     
         597   4.7270251142205462        6.3999039907425797        5.9323950383853230     
         598   4.7282058174943229        6.4021434011779190        5.9342001552503607     
         599   4.7285533952527663        6.4028027387956943        5.9347317506856605     
         600   4.7325661570963051        6.4104178969921843        5.9408675449690822     
         601   4.7340832006327247        6.4132983547282763        5.9431878786565093     
         602   4.7367451764238435        6.4183547370892846        5.9472599053755673     
         603   4.7383700877402042        6.4214424884364067        5.9497460579695307     
         604   4.7405138816685506        6.4255177100774628        5.9530265364754076     
         605   4.7429213257091245        6.4300960950585848        5.9567111063319658     
         606   4.7438684641779316        6.4318979014815065        5.9581610349237000     
         607   4.7493725130680673        6.4423750609096571        5.9665879590937010     
         608   4.7504651577510755        6.4444562567377375        5.9682614817727302     
         609   4.7515147482650510        6.4464558538469658        5.9698692102921438     
         610   4.7521378582046871        6.4476431429589054        5.9708238321839602     
         611   4.7530029967948781        6.4492918332212001        5.9721492349483913     
         612   4.7537109275357672        6.4506411355206241        5.9732339061518847     
         613   4.7541830709791482        6.4515411330044623        5.9739574256011316     
         614   4.7554680900682493        6.4539910403099556        5.9759263323563392     
         615   4.7578920122345867        6.4586139171626336        5.9796406097823294     
         616   4.7616754780837409        6.4658339742761655        5.9854394915886413     
         617   4.7646905543215325        6.4715914341440053        5.9900619882690549     
         618   4.7686908206178398        6.4792352906533033        5.9961965658839809     
         619   4.7694560978701377        6.4806982767191501        5.9973705726121214     
         620   4.7702718834157105        6.4822580555793063        5.9986221277400382     
         621   4.7782743906983365        6.4975717318684350        6.0109015854934409     
         622   4.7792108717619097        6.4993653248915599        6.0123393030990595     
         623   4.7812397686527026        6.5032522684254985        6.0154542242260671     
         624   4.7818812003939621        6.5044814323334492        6.0164392727700520     
         625   4.7835370776559829        6.5076552582570253        6.0189820595435357     
         626   4.7850625802585736        6.5105800863420180        6.0213249612796673     
         627   4.7864639633611494        6.5132676956762889        6.0234775115368411     
         628   4.7865294170401187        6.5133932421197764        6.0235782876250088     
         629   4.7893397679278333        6.5187852523394119        6.0278955501879814     
         630   4.7893467099510989        6.5187985750810151        6.0279064588018940     
         631   4.7897953001248554        6.5196595218103743        6.0285958790764056     
         632   4.7906628410633916        6.5213247408078754        6.0299290112541382     
         633   4.7921494587388000        6.5241789040401450        6.0322135089175450     
         634   4.7921557517347662        6.5241909877199751        6.0322234228417706     
         635   4.7950379951755240        6.5297269469683412        6.0366531442618019     
         636   4.7989358608423727        6.5372185020514575        6.0426453285931458     
         637   4.8018540172177602        6.5428307677099280        6.0471327018074543     
         638   4.8019637954273744        6.5430419571815071        6.0473017684555010     
         639   4.8086362996496481        6.5558867899778637        6.0575661071329172     
         640   4.8107655690886464        6.5599891923083247        6.0608428998285415     
         641   4.8122760250159411        6.5629003651197664        6.0631677954141097     
         642   4.8133361035563142        6.5649440106280252        6.0647997118841861     
         643   4.8164825407401448        6.5710122503549835        6.0696437692243741     
         644   4.8167752297533930        6.5715769195845208        6.0700946602016259     
         645   4.8185155716072963        6.5749351264787297        6.0727746822299959     
         646   4.8185820642662653        6.5750634547357274        6.0728773208663611     
         647   4.8221945062071345        6.5820378040428311        6.0784412302480177     
         648   4.8222332032263386        6.5821125406554577        6.0785010839558282     
         649   4.8245452535121416        6.5865788806186805        6.0820630706279548     
         650   4.8280735062132498        6.5933984860917274        6.0874999104663132     
         651   4.8297204055530241        6.5965832986212032        6.0900383507802704     
         652   4.8403890264796718        6.6172391319013926        6.1064891843902593     
         653   4.8421583308639331        6.6206688630329538        6.1092189950287583     
         654   4.8437804024797595        6.6238142227704264        6.1117220067241060     
         655   4.8470420859289192        6.6301419508554504        6.1167558355860443     
         656   4.8478718775096237        6.6317524014449685        6.1180368673460386     
         657   4.8500855841543853        6.6360500088401002        6.1214543913649582     
         658   4.8508462641147059        6.6375271909718689        6.1226290339424594     
         659   4.8508939347378517        6.6376197709314662        6.1227028821076477     
         660   4.8528358630239179        6.6413918715042382        6.1257015614477925     
         661   4.8547911698783590        6.6451913974477614        6.1287213715963098     
         662   4.8555508913159580        6.6466680674287870        6.1298949789457975     
         663   4.8622920138796157        6.6597803425327076        6.1403097585134461     
         664   4.8631176829855303        6.6613875484552372        6.1415859931175376     
         665   4.8632886108144531        6.6617203002385725        6.1418504040758375     
         666   4.8673887076805080        6.6697054366861606        6.1481882677683313     
         667   4.8677314549825237        6.6703732424713573        6.1487184044348648     
         668   4.8692748778216224        6.6733809864544575        6.1511049656987957     
         669   4.8708296536730984        6.6764117695460463        6.1535093796819851     
         670   4.8710794758049740        6.6768988428984120        6.1538959598250198     
         671   4.8739177868224051        6.6824343092513416        6.1582859798274381     
         672   4.8741328103152517        6.6828537875134266        6.1586188289666008     
         673   4.8760496795863295        6.6865940869259912        6.1615843531082497     
         674   4.8770284781353981        6.6885045115022574        6.1630989183220422     
         675   4.8774170284628457        6.6892629874508200        6.1637003341422023     
         676   4.8788779390317369        6.6921152964442818        6.1659610750571154     
         677   4.8832261461192923        6.7006096344351178        6.1726909479417458     
         678   4.8833168012815262        6.7007868085084725        6.1728315287155038     
         679   4.8867949197593772        6.7075867237500173        6.1782165180604682     
         680   4.8874366669197622        6.7088418806134005        6.1792104709866944     
         681   4.8901600410513968        6.7141701271266330        6.1834282521553270     
         682   4.8924313060871043        6.7186160002098960        6.1869465845844278     
         683   4.8944524328028276        6.7225739043780157        6.1900780047950175     
         684   4.8950482124530712        6.7237408985449658        6.1910013468725644     
         685   4.8968253430378104        6.7272226944215232        6.1937553157039105     
         686   4.8970400401457184        6.7276434161130751        6.1940882737553480     
         687   4.8985633038768208        6.7306289209215615        6.1964492221232828     
         688   4.8997269765900420        6.7329102497711659        6.1982530846959811     
         689   4.9036724773121270        6.7406491053979725        6.2043698395040838     
         690   4.9041447801458098        6.7415758996926263        6.2051024080637838     
         691   4.9043976248011685        6.7420720890878707        6.2054947132169342     
         692   4.9060565972470496        6.7453283136939364        6.2080675123151874     
         693   4.9083730519713686        6.7498768165616978        6.2116604340874506     
         694   4.9110354334116000        6.7551071247129810        6.2157906911666529     
         695   4.9132708195017045        6.7595007045784596        6.2192592561765760     
         696   4.9143437011092628        6.7616101048349773        6.2209243592321322     
         697   4.9156344173534974        6.7641483811234426        6.2229276785183512     
         698   4.9170508149709313        6.7669345595380452        6.2251262820437052     
         699   4.9178318109699006        6.7684711792995822        6.2263388039045466     
         700   4.9210066795419571        6.7747202064766761        6.2312678972255497     
         701   4.9217536914052786        6.7761911019221621        6.2324280355761843     
         702   4.9252498428961484        6.7830780375995134        6.2378576850859648     
         703   4.9253136798219268        6.7832038316312202        6.2379570896678658     
         704   4.9257224408943516        6.7840093544085613        6.2385922374423686     
         705   4.9272094127677084        6.7869401948918844        6.2409022539662917     
         706   4.9321911041607676        6.7967654362384291        6.2486427421646837     
         707   4.9409533924951825        6.8140704933620029        6.2622647878779159     
         708   4.9427161240334847        6.8175554162491814        6.2650065297538671     
         709   4.9501002448595921        6.8321670479698824        6.2764951446338166     
         710   4.9537863265407172        6.8394690299154215        6.2822328237114995     
         711   4.9538104240493057        6.8395167836730630        6.2822705935037657     
         712   4.9547980560377347        6.8414741589351031        6.2838083997780529     
         713   4.9549620030658721        6.8417991205445610        6.2840639013340649     
         714   4.9585594033178504        6.8489322352858641        6.2896657098716986     
         715   4.9598108768753786        6.8514149163941447        6.2916150285931014     
         716   4.9600234444416795        6.8518366705125286        6.2919463603371391     
         717   4.9614796429001089        6.8547263841326114        6.2942148052804594     
         718   4.9653562294122278        6.8624232442478341        6.3002545594760004     
         719   4.9659693497651523        6.8636411212732860        6.3012101944045273     
         720   4.9660396026130496        6.8637806781095998        6.3013199241015965     
         721   4.9664766964933289        6.8646490060850223        6.3020013032023350     
         722   4.9672269471740709        6.8661396252096862        6.3031707291639005     
         723   4.9693025319557211        6.8702646133781640        6.3064058833431638     
         724   4.9706195625481797        6.8728829442335417        6.3084590740859863     
         725   4.9710817345743461        6.8738019307280807        6.3091797977541688     
         726   4.9723282513572702        6.8762809356510797        6.3111233460641554     
         727   4.9736961363582104        6.8790020184988894        6.3132563280040266     
         728   4.9776761782880943        6.8869235821618462        6.3194633576121664     
         729   4.9799304664044568        6.8914131258548199        6.3229799969622906     
         730   4.9813519340939933        6.8942450965840800        6.3251978767925259     
         731   4.9852826607736542        6.9020804076292226        6.3313317478178863     
         732   4.9860609741535900        6.9036325864350294        6.3325467367390580     
         733   4.9896409587615969        6.9107752008890992        6.3381353284650928     
         734   4.9896748383752154        6.9108428202520793        6.3381884809502473     
         735   4.9925553748719489        6.9165936743447771        6.3426864138741248     
         736   4.9928194964076287        6.9171211459900350        6.3430991247318929     
         737   4.9963490899448493        6.9241726956368383        6.3486120268425559     
         738   4.9974800197415057        6.9264331603654554        6.3503789415179597     
         739   4.9979439641495427        6.9273606247867949        6.3511039871147403     
         740   4.9979811481168541        6.9274349624307687        6.3511623376610817     
         741   5.0031998875474191        6.9378736752444583        6.3593173256301565     
         742   5.0044850955491853        6.9404460681801474        6.3613263559878650     
         743   5.0053613650920550        6.9422003346281000        6.3626963371623404     
         744   5.0056705891177842        6.9428194657115672        6.3631799768699118     
         745   5.0057084680879518        6.9428953099566337        6.3632394503834337     
         746   5.0057854915172575        6.9430495340821352        6.3633601159884225     
         747   5.0086609324192422        6.9488087361184192        6.3678558841804875     
         748   5.0095132411172738        6.9505164571860210        6.3691888556499272     
         749   5.0097232419041351        6.9509372682585937        6.3695174974888733     
         750   5.0102108192661676        6.9519143707601279        6.3702802111921919     
         751   5.0108097554678217        6.9531147664835995        6.3712171039489487     
         752   5.0128235179717162        6.9571518325149304        6.3743668683536896     
         753   5.0131247698296209        6.9577559037012460        6.3748383275460814     
         754   5.0143741809985887        6.9602616165371032        6.3767929565988801     
         755   5.0171316947286337        6.9657940747145437        6.3811072982553121     
         756   5.0172580583718087        6.9660476741268171        6.3813052758160147     
         757   5.0179297130059908        6.9673957269147051        6.3823564832559558     
         758   5.0188250126313534        6.9691929317742822        6.3837577185958683     
         759   5.0204530812306185        6.9724619089700237        6.3863058555097574     
         760   5.0216931811207344        6.9749526061580607        6.3882470563471117     
         761   5.0228843193997923        6.9773455499084891        6.3901118063081679     
         762   5.0242245224330695        6.9800386428806505        6.3922100996450588     
         763   5.0250715092035296        6.9817410084377896        6.3935363995756891     
         764   5.0252958899185618        6.9821920416114720        6.3938879656820458     
         765   5.0257991004698921        6.9832036314474371        6.3946761080189098     
         766   5.0270129985536931        6.9856443174386769        6.3965771097034470     
         767   5.0277826154200973        6.9871920319946819        6.3977825447924044     
         768   5.0310378505686737        6.9937410240994220        6.4028811268660117     
         769   5.0311095012360072        6.9938852215854430        6.4029936226167798     
         770   5.0348421747485483        7.0014001311627245        6.4088416305352158     
         771   5.0385307319350190        7.0088317741112016        6.4146222377812379     
         772   5.0386687132559338        7.0091098837481924        6.4148387644000096     
         773   5.0393675558149420        7.0105185616867383        6.4159343886767157     
         774   5.0400313988670105        7.0118568738718103        6.4169752116398424     
         775   5.0412687329015311        7.0143518259847228        6.4189151170737144     
         776   5.0421707622843037        7.0161710644162127        6.4203295204844881     
         777   5.0427741577539020        7.0173881942750427        6.4212758028777657     
         778   5.0431837154710886        7.0182144117116669        6.4219182073622640     
         779   5.0474756113384140        7.0268767361636524        6.4286489537370528     
         780   5.0480099982003228        7.0279558135408502        6.4294873957520551     
         781   5.0486484286916458        7.0292451369418325        6.4304890757287243     
         782   5.0519975880175547        7.0360115572764652        6.4357435326485071     
         783   5.0527113387509006        7.0374541641490920        6.4368637171295653     
         784   5.0531360638535290        7.0383127017654719        6.4375304322235873     
         785   5.0546558733661566        7.0413854425288704        6.4399156682124570     
         786   5.0554796197378096        7.0430512821074229        6.4412087231431379     
         787   5.0614787178743157        7.0551914696524296        6.4506265602739461     
         788   5.0670494880434624        7.0664780760712027        6.4593760334896331     
         789   5.0688876563070462        7.0702050764764248        6.4622640988671822     
         790   5.0734330214453696        7.0794270553652785        6.4694070453011054     
         791   5.0739692951727822        7.0805156489593859        6.4702501933317045     
         792   5.0758266089131450        7.0842867663348370        6.4731699506685203     
         793   5.0760086519680616        7.0846564657916504        6.4734563912032606     
         794   5.0783398579287065        7.0893919696684220        6.4771217202925051     
         795   5.0787494355758884        7.0902241983981744        6.4777659842607562     
         796   5.0793990745448330        7.0915443544288719        6.4787877510437148     
         797   5.0809994772292857        7.0947973372485773        6.4813047370384229     
         798   5.0852646924837472        7.1034719969328339        6.4880138542769199     
         799   5.0900775829698661        7.1132695717295054        6.4955871624920327     
         800   5.0912467276742968        7.1156510430501010        6.4974275071524570     
         801   5.0925929754111277        7.1183939643663035        6.4995468009054989     
         802   5.0934863782747781        7.1202146493140077        6.5009534314094406     
         803   5.0940262671605128        7.1213150612179907        6.5018036212267152     
         804   5.0947360887144759        7.1227620174368349        6.5029213840858127     
         805   5.0961505074787325        7.1256459045685840        6.5051486063878681     
         806   5.1033118721854596        7.1402601356848479        6.5164280568594819     
         807   5.1037449676305275        7.1411446408739279        6.5171106585142535     
         808   5.1063214425765011        7.1464081598178835        6.5211706012561219     
         809   5.1066202664864386        7.1470188109569577        6.5216417712383290     
         810   5.1073816070720390        7.1485747904066574        6.5228418491506996     
         811   5.1091575194705907        7.1522052284871309        6.5256410912354532     
         812   5.1107459959196708        7.1554536146155945        6.5281452555646453     
         813   5.1115384733268270        7.1570746014785174        6.5293948149358592     
         814   5.1122726496046829        7.1585765697811130        6.5305525366781083     
         815   5.1159334736306823        7.1660692048090908        6.5363252257962028     
         816   5.1174295513917709        7.1691328546610960        6.5386850081073788     
         817   5.1175760234446637        7.1694328488010086        6.5389162981015740     
         818   5.1186283315833778        7.1715883796979920        6.5405763846727609     
         819   5.1187092323875962        7.1717541148261184        6.5407042652752008     
         820   5.1193828637457308        7.1731342371881919        6.5417671406371181     
         821   5.1199478668909686        7.1742919511504386        6.5426587066183970     
         822   5.1200062793040662        7.1744116481577818        6.5427511241320104     
         823   5.1204548707566877        7.1753309363881970        6.5434590816815916     
         824   5.1287065605077222        7.1922560280957821        6.5564815507857883     
         825   5.1307501143783876        7.1964520033396937        6.5597081262556731     
         826   5.1311290603497657        7.1972302766520073        6.5603067232656844     
         827   5.1332226720559504        7.2015311957357797        6.5636129728054922     
         828   5.1381977006024355        7.2117588533158248        6.5714714187934788     
         829   5.1398880176720665        7.2152361872323976        6.5741422934483520     
         830   5.1464782477017845        7.2288052208709059        6.5845581797975399     
         831   5.1475071312011904        7.2309253155950239        6.5861850563366424     
         832   5.1508526471559675        7.2378221208029565        6.5914753149075320     
         833   5.1525812330307676        7.2413874776501590        6.5942094077013227     
         834   5.1526078381708933        7.2414423629712692        6.5942517594123071     
         835   5.1540408917812268        7.2443991394328977        6.5965187471292346     
         836   5.1548358148643336        7.2460396574067740        6.5977764907879788     
         837   5.1551052277948024        7.2465957178724452        6.5982029593187992     
         838   5.1553751204241998        7.2471527994274556        6.5986301958881128     
         839   5.1553876755197594        7.2471787149778626        6.5986503300182786     
         840   5.1555822302195891        7.2475803128695988        6.5989583895538626     
         841   5.1568112090258973        7.2501175315823687        6.6009030287030885     
         842   5.1589248750262282        7.2544826874388963        6.6042477757863729     
         843   5.1607446805850961        7.2582424880359273        6.6071279949749915     
         844   5.1617583051633451        7.2603372953948417        6.6087325672434272     
         845   5.1625777948058182        7.2620312146254573        6.6100299698073730     
         846   5.1635035068313053        7.2639450451462633        6.6114956082979042     
         847   5.1641946268697456        7.2653741156202134        6.6125899672372856     
         848   5.1643021234601187        7.2655964111399749        6.6127604191792067     
         849   5.1674503489198500        7.2721089163528161        6.6177453330449225     
         850   5.1692192796414185        7.2757700366944151        6.6205469326682582     
         851   5.1702742248417373        7.2779540737774111        6.6222180330725688     
         852   5.1705509968961785        7.2785271497705173        6.6226566823779525     
         853   5.1709483466872843        7.2793499478668364        6.6232863302776153     
         854   5.1742412138647671        7.2861711431215506        6.6285030429678979     
         855   5.1749928943006784        7.2877289064283559        6.6296942924090096     
         856   5.1765710748890639        7.2910002772964440        6.6321952949964640     
         857   5.1783937513909546        7.2947797898019306        6.6350841074633209     
         858   5.1816249996218264        7.3014836377040666        6.6402062224859399     
         859   5.1848125975753447        7.3081013311131713        6.6452604360112293     
         860   5.1849210023554004        7.3083264646189239        6.6454326087380426     
         861   5.1886102187294405        7.3159911996294849        6.6512837868782437     
         862   5.1896348398004095        7.3181210004767179        6.6529093610008267     
         863   5.1918685088690886        7.3227655290880529        6.6564532392371678     
         864   5.1939016955475710        7.3269950654830627        6.6596796088496450     
         865   5.1945475243776693        7.3283389252955917        6.6607047413993694     
         866   5.1986152835553083        7.3368073929191988        6.6671612991241442     
         867   5.1988818367605321        7.3373625673626375        6.6675847163678821     
         868   5.1999121481362325        7.3395087798169119        6.6692206511872705     
         869   5.2027667004260021        7.3454574239750245        6.6737533381417489     
         870   5.2034223219590601        7.3468241833289545        6.6747947440798150     
         871   5.2042291845042268        7.3485064878462651        6.6760763958949880     
         872   5.2059430836621914        7.3520808986737869        6.6787987821509969     
         873   5.2066909652898108        7.3536410386435307        6.6799870015924121     
         874   5.2069713190554303        7.3542259414052600        6.6804326128712432     
         875   5.2070212686363826        7.3543301549315236        6.6805122337398135     
         876   5.2078377026291180        7.3560336958715711        6.6818094571230038     
         877   5.2090869025837128        7.3586407920916086        6.6837943141322764     
         878   5.2097840535672706        7.3600960506376412        6.6849022268047680     
         879   5.2101524081138466        7.3608650529542832        6.6854877711337419     
         880   5.2103393679527690        7.3612553858139798        6.6857851091902862     
         881   5.2110456328080303        7.3627300559370568        6.6869076140737906     
         882   5.2135492903078315        7.3679594067109795        6.6908866154137527     
         883   5.2135793914096134        7.3680222950571599        6.6909347324941404     
         884   5.2177293372747506        7.3766963050655852        6.6975317143729054     
         885   5.2182014328624735        7.3776835325404946        6.6982825665365233     
         886   5.2183656330093413        7.3780269241880001        6.6985439086294178     
         887   5.2198899678293298        7.3812153274626828        6.7009679180922159     
         888   5.2217826389597830        7.3851755834952248        6.7039779998955673     
         889   5.2267908158672114        7.3956623467537739        6.7119446686056818     
         890   5.2315645122075267        7.4056683718798544        6.7195412999597295     
         891   5.2322069363328474        7.4070157056467201        6.7205640831064315     
         892   5.2322833607342076        7.4071759999676150        6.7206860045186723     
         893   5.2327243928995859        7.4081010813132746        6.7213882795447635     
         894   5.2333430999670751        7.4093989866173358        6.7223734035267988     
         895   5.2340267659633177        7.4108333567732858        6.7234619840925571     
         896   5.2365557171040678        7.4161410290146002        6.7274885177004702     
         897   5.2377307208537021        7.4186080437262927        6.7293597534857224     
         898   5.2395923166283946        7.4225178599182202        6.7323246058648678     
         899   5.2401466753140618        7.4236824470969083        6.7332077801327870     
         900   5.2415566574969352        7.4266451246969547        6.7354538320794610     
         901   5.2419548471781878        7.4274819663286475        6.7360883798317666     
         902   5.2462409743042127        7.4364941945160812        6.7429172171091007     
         903   5.2494904356637297        7.4433320937375109        6.7480960084194628     
         904   5.2503919971467958        7.4452300944606487        6.7495332998732103     
         905   5.2515489708144107        7.4476663263023273        6.7513778469521100     
         906   5.2521849935585152        7.4490058480746786        6.7523920471994483     
         907   5.2525507254331654        7.4497761939440226        6.7529753843741993     
         908   5.2529572584193946        7.4506325493814458        6.7536237873937850     
         909   5.2540501123283265        7.4529349928246571        6.7553664745765953     
         910   5.2558351732398512        7.4566969304107618        6.7582131164275800     
         911   5.2589230049321847        7.4632077435464144        6.7631380366351586     
         912   5.2635522634355301        7.4729766633417469        6.7705235635783936     
         913   5.2637506393756786        7.4733955006410451        6.7708403820531089     
         914   5.2645703852703232        7.4751264417179177        6.7721487398043294     
         915   5.2654972202706212        7.4770838686139252        6.7736280830881288     
         916   5.2664334212856705        7.4790614650978018        6.7751224831175954     
         917   5.2701713792713676        7.4869612899774163        6.7810894186272126     
         918   5.2710826102797910        7.4888880380376088        6.7825445051659834     
         919   5.2730984014470552        7.4931516374863616        6.7857634252100443     
         920   5.2742403268294389        7.4955677304237884        6.7875872609369843     
         921   5.2744802408429177        7.4960754162228129        6.7879706849904942     
         922   5.2748547232124805        7.4968679157444083        6.7885690291758376     
         923   5.2754082966678419        7.4980395324071134        6.7894534211556525     
         924   5.2780487585984304        7.5036298569496633        6.7936713090244378     
         925   5.2782259522389889        7.5040051191223878        6.7939546535968383     
         926   5.2795411427869174        7.5067908809047621        6.7960560458087613     
         927   5.2829300508798474        7.5139726513971246        6.8014713568433578     
         928   5.2871856863441025        7.5229985009317657        6.8082736408203726     
         929   5.2875075707197610        7.5236815224820326        6.8087885009748419     
         930   5.2892242197214498        7.5273249485444440        6.8115333103226430     
         931   5.2904487465019621        7.5299247028916341        6.8134915573523163     
         932   5.2924752897657363        7.5342286786412149        6.8167326100455732     
         933   5.2926606144630224        7.5346223639850072        6.8170292831062387     
         934   5.2938486118256121        7.5371463955421891        6.8189296350813695     
         935   5.2952084080437851        7.5400362148797537        6.8211049793178642     
         936   5.2995953046894551        7.5493648815092538        6.8281239144594235     
         937   5.3024829660660346        7.5555102008664337        6.8327455330133109     
         938   5.3038245667303379        7.5583665871079049        6.8348932371106752     
         939   5.3046343679002534        7.5600911202381251        6.8361898317789827     
         940   5.3067490120682450        7.5645958184805773        6.8395755798511146     
         941   5.3089646666054975        7.5693178709412647        6.8431236488793665     
         942   5.3102243609365898        7.5720035542230431        6.8451412776351948     
         943   5.3121923788889394        7.5762008361023065        6.8482936572248647     
         944   5.3142137051252716        7.5805136457245847        6.8515319290344454     
         945   5.3142928246145962        7.5806824971267970        6.8516589668273227     
         946   5.3168315569546678        7.5861020000608352        6.8557268361525292     
         947   5.3179968911635456        7.5885906554541824        6.8575945055081107     
         948   5.3189267285212560        7.5905768346515732        6.8590849274633019     
         949   5.3215790753159347        7.5962445488571086        6.8633364066169964     
         950   5.3231874873416034        7.5996830778463833        6.8659150962661784     
         951   5.3235384520719808        7.6004335417678339        6.8664780479368321     
         952   5.3247779929145125        7.6030844887626294        6.8684656883979880     
         953   5.3325444857304136        7.6197103323051616        6.8809224151114794     
         954   5.3344751129642685        7.6238475472381406        6.8840203611862982     
         955   5.3345704936216904        7.6240519864734626        6.8841736965823710     
         956   5.3374317012734700        7.6301866529904832        6.8887656469469398     
         957   5.3395702298714127        7.6347742945541723        6.8921985200591607     
         958   5.3406968020903243        7.6371919008257239        6.8940073190395150     
         959   5.3419691231833966        7.6399229848729711        6.8960502854983705     
         960   5.3459474169504198        7.6484673543349562        6.9024389466284255     
         961   5.3465062870601843        7.6496682511174816        6.9033368325261701     
         962   5.3473861043589093        7.6515590895934942        6.9047502703841381     
         963   5.3477718925855022        7.6523883099785266        6.9053702365748819     
         964   5.3512939044435299        7.6599617687513408        6.9110286858659205     
         965   5.3522426864703485        7.6620029364613389        6.9125534742617205     
         966   5.3525331131898604        7.6626278309627107        6.9130204419055765     
         967   5.3559443034537075        7.6699704175949552        6.9185028901692291     
         968   5.3559486448423979        7.6699797658695630        6.9185101564113811     
         969   5.3572360104868446        7.6727522247309539        6.9205797678973351     
         970   5.3576114438571718        7.6735608993868443        6.9211835708187817     
         971   5.3579808981067840        7.6743567590038895        6.9217777797021416     
         972   5.3586537746395191        7.6758063982710469        6.9228598031642647     
         973   5.3608144878926653        7.6804628412217317        6.9263341027085659     
         974   5.3611316900134183        7.6811466098922345        6.9268444411274803     
         975   5.3630037630406928        7.6851830489227275        6.9298552169903100     
         976   5.3646785588997945        7.6887955133881141        6.9325491275956441     
         977   5.3653835044881157        7.6903164418056722        6.9336833069567430     
         978   5.3665511213497092        7.6928360979383816        6.9355618222505537     
         979   5.3670353533699631        7.6938812315874072        6.9363410967933774     
         980   5.3692668471688245        7.6986989489371469        6.9399315808717805     
         981   5.3696572188165286        7.6995419863065875        6.9405599943467600     
         982   5.3712115102537279        7.7028993023078103        6.9430613948105790     
         983   5.3718146664143127        7.7042024412890360        6.9440323445099441     
         984   5.3720736505189048        7.7047620371928165        6.9444494317519077     
         985   5.3725961375598352        7.7058910883202438        6.9452906150660763     
         986   5.3738160406857558        7.7085276940943430        6.9472543589128666     
         987   5.3771048226320186        7.7156392823794766        6.9525489382776424     
         988   5.3792018058614666        7.7201763937212391        6.9559256738089559     
         989   5.3792693202764168        7.7203225046451864        6.9560346811530263     
         990   5.3798650689286909        7.7216118831266547        6.9569943194854815     
         991   5.3811238065204829        7.7243367150474240        6.9590217328470914     
         992   5.3819470177848192        7.7261191500215372        6.9603478654337092     
         993   5.3858834139345682        7.7346467153518583        6.9666892004103200     
         994   5.3870554095729721        7.7371870597641887        6.9685778102733806     
         995   5.3871149121032840        7.7373160509409651        6.9686739761605274     
         996   5.3883663578135419        7.7400293539897991        6.9706907980646253     
         997   5.3922154421803521        7.7483793053077967        6.9768946005828276     
         998   5.3933747681974724        7.7508956380299727        6.9787637287668396     
         999   5.3941294247027578        7.7525339704340084        6.9799806203013084     
        1000   5.3945194712950739        7.7533808529270383        6.9806097436763803     
        1001   5.3945663967847031        7.7534827439875276        6.9806856895050302     
        1002   5.3980857712155750        7.7611274528178154        6.9863608011628084     
        1003   5.3990664496723531        7.7632587028420961        6.9879426694281079     
        1004   5.4020808540205278        7.7698125734351660        6.9928051678741010     
        1005   5.4022453544206668        7.7701703512484404        6.9930708307357108     
        1006   5.4031891145044195        7.7722232162813869        6.9945936561377327     
        1007   5.4047943467402497        7.7757158824956072        6.9971838701744797     
        1008   5.4058040224025685        7.7779133611229234        6.9988133661430361     
        1009   5.4081215919296843        7.7829591935854987        7.0025537580249200     
        1010   5.4091098713045040        7.7851116585899822        7.0041491458342975     
        1011   5.4094512861430948        7.7858553652150508        7.0047005150981221     
        1012   5.4103258004532284        7.7877605789258446        7.0061124262316685     
        1013   5.4117150974842749        7.7907880429853789        7.0083554863017863     
        1014   5.4125457141808777        7.7925985057642855        7.0096967758556517     
        1015   5.4140275442116605        7.7958292070310442        7.0120896405610207     
        1016   5.4145053899778963        7.7968712339426514        7.0128615257590958     
        1017   5.4157880562840450        7.7996688509210603        7.0149331228953020     
        1018   5.4175451909813939        7.8035025994301144        7.0177712513052182     
        1019   5.4199636947516625        7.8087817398710762        7.0216781563073969     
        1020   5.4221106110456967        7.8134703919587389        7.0251469889101124     
        1021   5.4234253775102577        7.8163427971485291        7.0272716970196285     
        1022   5.4247475884308232        7.8192322987708796        7.0294086557115083     
        1023   5.4266199198620901        7.8233254383569264        7.0324349778656892     
        1024   5.4273089853398879        7.8248322394393686        7.0335490393011728     
        1025   5.4292879507077609        7.8291609678568888        7.0367483594579063     
        1026   5.4303161096599988        7.8314106712210902        7.0384108840710784     
        1027   5.4308012170907425        7.8324723052460232        7.0391955010052278     
        1028   5.4337289188742979        7.8388818320229534        7.0439299443792933     
        1029   5.4341714136563191        7.8398509296156815        7.0446458562425889     
        1030   5.4357721387088294        7.8433574251263956        7.0472351045556962     
        1031   5.4413971910050618        7.8556892403541942        7.0563357363287889     
        1032   5.4446194916840351        7.8627603546154372        7.0615509558844405     
        1033   5.4470887429128370        7.8681823402015203        7.0655483455331254     
        1034   5.4542517388002114        7.8839275111922147        7.0771481123759745     
        1035   5.4559787198790870        7.8877273459904291        7.0799459902530320     
        1036   5.4566993591200559        7.8893133781826172        7.0811137812361107     
        1037   5.4568615937864857        7.8896704700389764        7.0813769203183607     
        1038   5.4588612644446792        7.8940729573147150        7.0846172344664318     
        1039   5.4589604361135242        7.8942913447265362        7.0847782298676449     
        1040   5.4636256946407045        7.9045701732316207        7.0923395694248903     
        1041   5.4651472436602333        7.9079248441063879        7.0948064593304192     
        1042   5.4667634360400683        7.9114894151398092        7.0974270992029087     
        1043   5.4701736618901737        7.9190149638626250        7.1029575081368108     
        1044   5.4701875050804052        7.9190455240002553        7.1029802572926126     
        1045   5.4745830741126822        7.9287538798075357        7.1101107175832201     
        1046   5.4748493983036832        7.9293424046598551        7.1105431058239095     
        1047   5.4796568290430301        7.9399718548580864        7.1183446387153708     
        1048   5.4816558616877931        7.9443951359056131        7.1215897243956512     
        1049   5.4816895608990688        7.9444697192851068        7.1216447272184329     
        1050   5.4845600675922714        7.9508247915943642        7.1263052741257908     
        1051   5.4852231080702110        7.9522932845531287        7.1273821640165345     
        1052   5.4854107208802718        7.9527088459777744        7.1276871034772427     
        1053   5.4869253105744509        7.9560642870777034        7.1301469160049340     
        1054   5.4874425615522195        7.9572104693735888        7.1309872361314035     
        1055   5.4903199982485207        7.9635890131995595        7.1356611454167069     
        1056   5.4908908648015577        7.9648549626645888        7.1365887870446070     
        1057   5.4918010078862567        7.9668736207640070        7.1380676512843202     
        1058   5.4921151017161565        7.9675703619202496        7.1385782335986576     
        1059   5.4928217540711675        7.9691380766616442        7.1397266200222536     
        1060   5.4957448759770857        7.9756256618027725        7.1444767459243685     
        1061   5.4960660176035363        7.9763386611162463        7.1449989401673175     
        1062   5.4963682052440355        7.9770096251781988        7.1454903439035693     
        1063   5.4979197020313855        7.9804552090808345        7.1480122609609591     
        1064   5.4983389795184809        7.9813865496873655        7.1486940570718502     
        1065   5.5006152542714775        7.9864443505298279        7.1523946188756575     
        1066   5.5012549758324312        7.9878662495022708        7.1534349552069774     
        1067   5.5033975665742370        7.9926300250684399        7.1569189819548669     
        1068   5.5039799632633972        7.9939253017300134        7.1578663263413826     
        1069   5.5046618062779675        7.9954419647543098        7.1589754369095395     
        1070   5.5075712243576147        8.0019161384713335        7.1637076865232494     
        1071   5.5078867137522414        8.0026184322518006        7.1642211718996798     
        1072   5.5085266525172738        8.0040431166321024        7.1652624554666549     
        1073   5.5086171241498523        8.0042445484083338        7.1654099299564979     
        1074   5.5101398424921477        8.0076354340108455        7.1678874510046846     
        1075   5.5109467460476536        8.0094327641229874        7.1692005754534662     
        1076   5.5136854865590026        8.0155355572729867        7.1736573974200279     
        1077   5.5138111678474342        8.0158157049327858        7.1738622322186245     
        1078   5.5141161169471697        8.0164954789718923        7.1743588155215363     
        1079   5.5141613558685041        8.0165963267679015        7.1744327408495607     
        1080   5.5145231975513962        8.0174029903879056        7.1750219301274925     
        1081   5.5150182355339501        8.0185066976029464        7.1758279200228863     
        1082   5.5168319399250816        8.0225514659990775        7.1787803445439486     
        1083   5.5176159559579165        8.0243004180772246        7.1800569001276955     
        1084   5.5184806955549082        8.0262297999144003        7.1814649519393363     
        1085   5.5196470366829553        8.0288326960976768        7.1833641462720905     
        1086   5.5205141044078943        8.0307681499763000        7.1847762132004416     
        1087   5.5207657942746433        8.0313300379884058        7.1851863360691848     
        1088   5.5212775727329815        8.0324726612210533        7.1860199803538318     
        1089   5.5213059052099078        8.0325359215983649        7.1860664177879290     
        1090   5.5215359004605142        8.0330494667426890        7.1864412387999401     
        1091   5.5222692678395777        8.0346871430281173        7.1876357847362442     
        1092   5.5230444890436043        8.0364185743684562        7.1888985617704080     
        1093   5.5238079891814085        8.0381241201596652        7.1901423256814621     
        1094   5.5268951753024815        8.0450234025436949        7.1951712809185491     
        1095   5.5272071433762591        8.0457208576024524        7.1956798092949121     
        1096   5.5276328081560315        8.0466725785009636        7.1963735806044049     
        1097   5.5283136223360394        8.0481949624817215        7.1974830749481420     
        1098   5.5291805895990320        8.0501339431259158        7.1988959381861353     
        1099   5.5301410050690647        8.0522823606125709        7.2004611698768066     
        1100   5.5301671779679626        8.0523409149786875        7.2005041210947187     
        1101   5.5301718321946538        8.0523513275139766        7.2005120078139857     
        1102   5.5303643806155485        8.0527821104536645        7.2008260694739086     
        1103   5.5318042133151311        8.0560039943160398        7.2031727395105136     
        1104   5.5347418731418010        8.0625807562610028        7.2079611062788320     
        1105   5.5347988704286655        8.0627084031966909        7.2080543195829971     
        1106   5.5369576108708571        8.0675441595683175        7.2115738514014733     
        1107   5.5371484566684588        8.0679717823982600        7.2118853045344462     
        1108   5.5373257021705875        8.0683689478058387        7.2121745882954720     
        1109   5.5375592790210186        8.0688923625838243        7.2125557206502506     
        1110   5.5385112346205769        8.0710258523704255        7.2141081863342400     
        1111   5.5387348422272957        8.0715270599859821        7.2144730984231096     
        1112   5.5396282050477366        8.0735297481578741        7.2159301595603669     
        1113   5.5408672985723060        8.0763081391682281        7.2179511536022929     
        1114   5.5412322650249424        8.0771266422726313        7.2185466750461771     
        1115   5.5414023674590851        8.0775081505551860        7.2188244017741248     
        1116   5.5431312238383352        8.0813864814325527        7.2216445379784435     
        1117   5.5436278562395422        8.0825008514252126        7.2224549392723141     
        1118   5.5448745409041020        8.0852987755258905        7.2244889507042735     
        1119   5.5464714941786148        8.0888839486115955        7.2270946429234062     
        1120   5.5514021006077350        8.0999613177714256        7.2351411606140719     
        1121   5.5515064504277154        8.1001958884117844        7.2353117862105947     
        1122   5.5519821658077007        8.1012653309578919        7.2360885771160941     
        1123   5.5525458793342226        8.1025327477753990        7.2370090404789913     
        1124   5.5548048566168582        8.1076132975782649        7.2406971181387583     
        1125   5.5557985731383788        8.1098490321105583        7.2423198684196137     
        1126   5.5571184566266050        8.1128193735081684        7.2444753482180690     
        1127   5.5572606784631420        8.1131394903381828        7.2447078937339153     
        1128   5.5597167435055468        8.1186692863714995        7.2487192277704153     
        1129   5.5618307043935022        8.1234312895583329        7.2521724850194413     
        1130   5.5628051831268648        8.1256272079299716        7.2537647001400227     
        1131   5.5637889052690737        8.1278444448611324        7.2553721385181227     
        1132   5.5647032016503886        8.1299056421517424        7.2568662652012605     
        1133   5.5657227832030367        8.1322046963666654        7.2585325379541317     
        1134   5.5667906842042392        8.1346132729625644        7.2602779058989366     
        1135   5.5681051713715384        8.1375788042865498        7.2624264217940127     
        1136   5.5690232202949215        8.1396504780835439        7.2639271867762414     
        1137   5.5705785427583603        8.1431612063080756        7.2664697576103237     
        1138   5.5727420556978808        8.1480468139382669        7.2700069656173163     
        1139   5.5734535210311460        8.1496539543586550        7.2711705032329927     
        1140   5.5737501506372453        8.1503240920208686        7.2716558120639352     
        1141   5.5743283823631584        8.1516305467600834        7.2726015851672816     
        1142   5.5757746279923071        8.1548989365975419        7.2749668351566612     
        1143   5.5800796312636063        8.1646341983592077        7.2820083934769482     
        1144   5.5809877194260551        8.1666889446023543        7.2834942696820431     
        1145   5.5812833352756694        8.1673579306215416        7.2839782064660668     
        1146   5.5824584092817187        8.1700175949299592        7.2859010541494023     
        1147   5.5833154105330900        8.1719577790563775        7.2873036139295575     
        1148   5.5853149687085333        8.1764860874233900        7.2905760271041427     
        1149   5.5871540110836238        8.1806526939913411        7.2935862216497469     
        1150   5.5872142351522482        8.1807891693654380        7.2936851027941998     
        1151   5.5885929049754806        8.1839139194300881        7.2959421185939899     
        1152   5.5891765133065086        8.1852369597598358        7.2968977925836533     
        1153   5.5896635294508270        8.1863411595620619        7.2976953786589380     
        1154   5.5904296307563399        8.1880783691172780        7.2989499075170130     
        1155   5.5949111082458796        8.1982466077926759        7.3062885614816171     
        1156   5.5950778016333089        8.1986250259101983        7.3065618769180460     
        1157   5.5951050061954737        8.1986867855632912        7.3066067405452984     
        1158   5.5954613424008812        8.1994957733517193        7.3071906626046115     
        1159   5.5956010488599812        8.1998129658849415        7.3074197890132897     
        1160   5.5961050986972216        8.2009574550579352        7.3082456759612402     
        1161   5.5982156002725878        8.2057509561238007        7.3117031090835933     
        1162   5.5983543702321832        8.2060662195194816        7.3119307507995064     
        1163   5.5999176188631896        8.2096183599063313        7.3144921471898492     
        1164   5.6013480185576663        8.2128697360140031        7.3168361698856739     
        1165   5.6018548574019329        8.2140220619055722        7.3176669983840714     
        1166   5.6050216143745883        8.2212248656863736        7.3228571851775879     
        1167   5.6053747603036665        8.2220284194096891        7.3234363312565520     
        1168   5.6056084314030761        8.2225601537526831        7.3238196564543667     
        1169   5.6057123188225972        8.2227965656606585        7.3239902522394207     
        1170   5.6057773926081538        8.2229446539820188        7.3240972274996139     
        1171   5.6062885834875669        8.2241080466254264        7.3249354778231979     
        1172   5.6069249448927492        8.2255564974793334        7.3259789537827622     
        1173   5.6073719567801579        8.2265740868317021        7.3267120662201943     
        1174   5.6088564084705315        8.2299540739135129        7.3291460760479623     
        1175   5.6129233000858267        8.2392199429592097        7.3358153410373514     
        1176   5.6132673092239083        8.2400041157842558        7.3363798597258825     
        1177   5.6136649607767541        8.2409106437467408        7.3370323762022451     
        1178   5.6139308972006354        8.2415169460208482        7.3374688719263013     
        1179   5.6153662052721405        8.2447899063034384        7.3398235144731725     
        1180   5.6154399924557854        8.2449581935752629        7.3399448644631740     
        1181   5.6157658957156249        8.2457015187395974        7.3404797926421370     
        1182   5.6167068493602770        8.2478479703875234        7.3420237382574278     
        1183   5.6202744169595160        8.2559902966176324        7.3478776777837691     
        1184   5.6204896029709115        8.2564816317433039        7.3482311153118527     
        1185   5.6218405092023502        8.2595667132439701        7.3504484420591876     
        1186   5.6223621173032168        8.2607581709472822        7.3513048432036303     
        1187   5.6229300904501178        8.2620556971972654        7.3522373808040271     
        1188   5.6235163346119688        8.2633951399022951        7.3531999504399579     
        1189   5.6245742509644430        8.2658127069217695        7.3549368326412843     
        1190   5.6255691865339603        8.2680868826999916        7.3565704627310833     
        1191   5.6274533985937083        8.2723951415090493        7.3596643064394414     
        1192   5.6275813285589411        8.2726877212133765        7.3598746715594174     
        1193   5.6278818387745710        8.2733750308496958        7.3603684125295743     
        1194   5.6290326201149874        8.2760074684799338        7.3622583838382152     
        1195   5.6328301525605475        8.2846993273024214        7.3684957026919253     
        1196   5.6366083024448699        8.2933543265790881        7.3747030225202366     
        1197   5.6370945400183805        8.2944687456152408        7.3755022921688234     
        1198   5.6397097591922254        8.3004647576096495        7.3798003033314696     
        1199   5.6406419168865334        8.3026028202497937        7.3813326811392947     
        1200   5.6408705900170517        8.3031273909053382        7.3817088503680051     
        1201   5.6418695985577356        8.3054194152018166        7.3833512552846408     
        1202   5.6423269196139989        8.3064688217572975        7.3841033190717855     
        1203   5.6436337905944791        8.3094682826778605        7.3862520344134026     
        1204   5.6451217675620846        8.3128845041390829        7.3886987419037080     
        1205   5.6455551795162346        8.3138797869188057        7.3894116839030684     
        1206   5.6461399048503127        8.3152227011872402        7.3903734583396528     
        1207   5.6464622494075911        8.3159630935969258        7.3909038197244517     
        1208   5.6487926153463617        8.3213173366064446        7.3947364774040611     
        1209   5.6501458782019967        8.3244279062575792        7.3969625844751423     
        1210   5.6510148505726638        8.3264258104912034        7.3983922732852907     
        1211   5.6517057279914740        8.3280145312857528        7.3995290822345172     
        1212   5.6521129684025748        8.3289511272583265        7.4001993359645937     
        1213   5.6527366426286578        8.3303856607887088        7.4012256806817298     
        1214   5.6552804686855849        8.3362389308916232        7.4054114616748343     
        1215   5.6569450859137955        8.3400710222778365        7.4081510916285271     
        1216   5.6572154352287622        8.3406935281875061        7.4085963291317523     
        1217   5.6579661298195836        8.3424222796009939        7.4098321381593735     
        1218   5.6582121239335681        8.3429888368750014        7.4102373253284455     
        1219   5.6582266916735859        8.3430223893311677        7.4102616156960757     
        1220   5.6606232995070176        8.3485437959154218        7.4142068382215065     
        1221   5.6634709798507910        8.3551083681759248        7.4188955018337861     
        1222   5.6649487625779500        8.3585167037418504        7.4213292105838935     
        1223   5.6653333072495808        8.3594038022206423        7.4219627821551448     
        1224   5.6658728392170916        8.3606485704959805        7.4228516145166576     
        1225   5.6664906047183266        8.3620740236984084        7.4238693302545560     
        1226   5.6665851277211541        8.3622921472258671        7.4240253193177974     
        1227   5.6697462766856939        8.3695896312687541        7.4292325528710137     
        1228   5.6700334905363974        8.3702529258471685        7.4297060182547821     
        1229   5.6722712783305056        8.3754224030068194        7.4333931861205382     
        1230   5.6727918422614598        8.3766253325001330        7.4342512449048996     
        1231   5.6739057754966069        8.3791999178176440        7.4360871275675002     
        1232   5.6755108757465162        8.3829108821191198        7.4387326481392044     
        1233   5.6755895380412609        8.3830927834014748        7.4388626071705826     
        1234   5.6796603114638620        8.3925106930745130        7.4455730824373063     
        1235   5.6808550711321688        8.3952765055094964        7.4475432134318265     
        1236   5.6816973369049801        8.3972267709855490        7.4489322934947477     
        1237   5.6848840707927728        8.4046090936679700        7.4541878594122473     
        1238   5.6853599217598809        8.4057119081079641        7.4549730141305162     
        1239   5.6865566734864270        8.4084859929228255        7.4569473061491891     
        1240   5.6870212741308421        8.4095631501756714        7.4577140049214847     
        1241   5.6876985920756011        8.4111336915353849        7.4588316416018845     
        1242   5.6885969010449680        8.4132170397984360        7.4603139215889129     
        1243   5.6889371336416872        8.4140062168272678        7.4608755554780082     
        1244   5.6917603231249307        8.4205570708565602        7.4655341597863618     
        1245   5.6935531682969778        8.4247193702773284        7.4684932185246442     
        1246   5.6955167102871407        8.4292799509235721        7.4717344531504448     
        1247   5.6972055924538827        8.4332042630722679        7.4745227453425169     
        1248   5.6981229359331129        8.4353364618525113        7.4760375495075717     
        1249   5.6981391084125095        8.4353740559303390        7.4760645674060822     
        1250   5.6981846288222524        8.4354798721169360        7.4761400391831714     
        1251   5.6986402491339856        8.4365390632055508        7.4768926058882741     
        1252   5.6990804829514090        8.4375625915351673        7.4776197941847062     
        1253   5.6992069579095048        8.4378566607911054        7.4778289390153407     
        1254   5.7010488971622060        8.4421403680414855        7.4808707871498097     
        1255   5.7050615172091499        8.4514786784256692        7.4874985156980589     
        1256   5.7060756999638205        8.4538403013904482        7.4891742276273288     
        1257   5.7061585280296399        8.4540331992166369        7.4893113802048425     
        1258   5.7065561827021369        8.4549593468110427        7.4899686497936084     
        1259   5.7078258830856123        8.4579170848040768        7.4920667328840072     
        1260   5.7078859035026435        8.4580569226490532        7.4921662199870287     
        1261   5.7079916974068716        8.4583034100624683        7.4923413378824417     
        1262   5.7083302949754273        8.4590923436062049        7.4929011199073567     
        1263   5.7092794937180873        8.4613043119319897        7.4944698758241373     
        1264   5.7100312810882707        8.4630565893243652        7.4957125152158710     
        1265   5.7100480123307307        8.4630955902507452        7.4957404822789417     
        1266   5.7110811526521514        8.4655041597857803        7.4974481756009457     
        1267   5.7115171638224060        8.4665208107375935        7.4981690901650602     
        1268   5.7119995227577851        8.4676456516026288        7.4989666322893456     
        1269   5.7122621196835910        8.4682580698461702        7.4994009729844961     
        1270   5.7131105820535133        8.4702370768864164        7.5008036978765382     
        1271   5.7133879854561229        8.4708841950105551        7.5012625508455191     
        1272   5.7138376601070382        8.4719332711711246        7.5020061810807430     
        1273   5.7152530023694466        8.4752359366122345        7.5043462290614205     
        1274   5.7155742869193578        8.4759857979285940        7.5048777051037092     
        1275   5.7162322036880893        8.4775215167061475        7.5059657534223927     
        1276   5.7164145291702733        8.4779471452057589        7.5062675194489685     
        1277   5.7165707119723077        8.4783117595073652        7.5065260659461046     
        1278   5.7180105645714230        8.4816737729425693        7.5089071411105337     
        1279   5.7183390042640267        8.4824408283050907        7.5094505631451067     
        1280   5.7192044020450625        8.4844622056790691        7.5108819581155899     
        1281   5.7195152311135589        8.4851883332242544        7.5113963069516441     
        1282   5.7224259968879316        8.4919907308757558        7.5162108745196132     
        1283   5.7225860133805622        8.4923648202281452        7.5164758838114043     
        1284   5.7240057882066830        8.4956846076965746        7.5188248581430344     
        1285   5.7252203079869446        8.4985253325860963        7.5208344962748868     
        1286   5.7309143490270813        8.5118542926488594        7.5302576488208786     
        1287   5.7310648933261472        8.5122069371466100        7.5305071547844999     
        1288   5.7394123765386436        8.5317800980581193        7.5443290819613402     
        1289   5.7402002101955691        8.5336293887928605        7.5456343459296313     
        1290   5.7416300210775422        8.5369864736196259        7.5480031653537196     
        1291   5.7433998563572892        8.5411434708030072        7.5509356038516025     
        1292   5.7478705853071572        8.5516520418431536        7.5583444571075553     
        1293   5.7482789858381924        8.5526125491874279        7.5590216751771955     
        1294   5.7490434377663870        8.5544106932162691        7.5602890825756788     
        1295   5.7504173182765390        8.5576431482650150        7.5625668126450609     
        1296   5.7505776220120133        8.5580203776879866        7.5628328769766124     
        1297   5.7510850194311711        8.5592144875675675        7.5636743561785664     
        1298   5.7512002550941403        8.5594857032273630        7.5638657187466247     
        1299   5.7520970187302067        8.5615965541924659        7.5653527793055328     
        1300   5.7532581950064738        8.5643304561651821        7.5672783619250570     
        1301   5.7535532721546829        8.5650253121739581        7.5677679570724408     
        1302   5.7541362435352310        8.5663982515979527        7.5687349484631650     
        1303   5.7564448298644235        8.5718369899914784        7.5725637443984670     
        1304   5.7569324732723199        8.5729861948889035        7.5733728440241634     
        1305   5.7584507829708427        8.5765651656103614        7.5758915442652910     
        1306   5.7590339692466523        8.5779401971228140        7.5768592603060281     
        1307   5.7593745170681387        8.5787432252526425        7.5774245061521626     
        1308   5.7600022617249440        8.5802236463355825        7.5784662125724385     
        1309   5.7601335270509466        8.5805332393323592        7.5786843012624541     
        1310   5.7614075375135050        8.5835385272216964        7.5807982947927979     
        1311   5.7632243012447226        8.5878256891745277        7.5838131152061070     
        1312   5.7644278439193624        8.5906667970415764        7.5858106718529115     
        1313   5.7649659152822625        8.5919372406420464        7.5867039642469098     
        1314   5.7674735187878472        8.5978600884569669        7.5908663345623513     
        1315   5.7679461247019503        8.5989767555669392        7.5916511658863080     
        1316   5.7681755582021053        8.5995189030229273        7.5920323504273135     
        1317   5.7682964025527497        8.5998044679848356        7.5922332788357423     
        1318   5.7684854835244641        8.6002512979566994        7.5925474859290301     
        1319   5.7686828233722736        8.6007176663284444        7.5928754081103129     
        1320   5.7689105667307334        8.6012559135993207        7.5932538086815331     
        1321   5.7696426979996964        8.6029864244884688        7.5944695905214434     
        1322   5.7697195108169073        8.6031680013876795        7.5945974396669644     
        1323   5.7701307077469961        8.6041400809593025        7.5952804519962456     
        1324   5.7741249756316790        8.6135875479437978        7.6019133867782642     
        1325   5.7767020930173452        8.6196878314603591        7.6061941887579803     
        1326   5.7768426390439966        8.6200206243896300        7.6064279779354411     
        1327   5.7772038390011158        8.6208759451388204        7.6070283139151762     
        1328   5.7787998431851486        8.6246561557772790        7.6096800629090016     
        1329   5.7813110952669859        8.6306070686124805        7.6138529686576799     
        1330   5.7818245765025056        8.6318243010501821        7.6147065699488437     
        1331   5.7821417138353484        8.6325761646637833        7.6152339139282983     
        1332   5.7835795452133718        8.6359856593354518        7.6176237931932960     
        1333   5.7853157052116169        8.6401041233086868        7.6205098249463923     
        1334   5.7869962066260694        8.6440921718779524        7.6233037157448607     
        1335   5.7886436105055372        8.6480032200725638        7.6260429407847745     
        1336   5.7892507193395701        8.6494449233028430        7.6270527060058626     
        1337   5.7892581870023072        8.6494626580788019        7.6270654476907840     
        1338   5.7907392555925785        8.6529806347677649        7.6295285474981860     
        1339   5.7918001704258684        8.6555013828041520        7.6312931743435044     
        1340   5.7924548594759955        8.6570572499726595        7.6323823200719030     
        1341   5.7957521097600946        8.6648968401970006        7.6378671790381478     
        1342   5.7959472631026383        8.6653610323215240        7.6381921598837579     
        1343   5.7960038941227374        8.6654957390110816        7.6382866971547774     
        1344   5.7965562555488575        8.6668097215030109        7.6392059569272472     
        1345   5.7969449761948990        8.6677345313793293        7.6398529999007749     
        1346   5.7976106825972868        8.6693185200191678        7.6409609114620487     
        1347   5.8012605946788653        8.6780076200360199        7.6470348873425422     
        1348   5.8015167234896996        8.6786176522476008        7.6474614899623052     
        1349   5.8018042311743159        8.6793024651101529        7.6479403267359594     
        1350   5.8026363127096525        8.6812846595298296        7.6493255801866873     
        1351   5.8032572465166981        8.6827641113937091        7.6503594548692124     
        1352   5.8057424633128436        8.6886876409708922        7.6544969395698033     
        1353   5.8068988018382006        8.6914449775606233        7.6564225028003126     
        1354   5.8073320143600498        8.6924781863735063        7.6571441475212474     
        1355   5.8075757661250140        8.6930595795500718        7.6575503422755009     
        1356   5.8096272106176592        8.6979539950304154        7.6609668093606249     
        1357   5.8097052981172252        8.6981403465382474        7.6610971809418018     
        1358   5.8144094601211025        8.7093729803673643        7.6689331489455892     
        1359   5.8149184558141851        8.7105891209571169        7.6697814726222759     
        1360   5.8154043661140955        8.7117502417510959        7.6705913668485000     
        1361   5.8166341713220611        8.7146895603600427        7.6726407882775902     
        1362   5.8198052775110707        8.7222727096355541        7.6779256949849728     
        1363   5.8198837062801907        8.7224603312936413        7.6780567388480652     
        1364   5.8201681128846863        8.7231407341008218        7.6785310901726600     
        1365   5.8210643461114859        8.7252851489190046        7.6800252482826963     
        1366   5.8226127561188594        8.7289911092467420        7.6826066910914257     
        1367   5.8228193859277946        8.7294857603568463        7.6829514829628369     
        1368   5.8239726039776016        8.7322468985439965        7.6848743944194542     
        1369   5.8246133862815288        8.7337814466283206        7.6859430746684865     
        1370   5.8252776918050557        8.7353725768637478        7.6870510303465149     
        1371   5.8268178419900005        8.7390624854885743        7.6896195421140341     
        1372   5.8270922514855297        8.7397200616815223        7.6900774773158762     
        1373   5.8277242830469795        8.7412347835050159        7.6911318223694813     
        1374   5.8277373045749270        8.7412659932078789        7.6911538667271984     
        1375   5.8280285549862381        8.7419640810433581        7.6916399209489015     
        1376   5.8283360538494149        8.7427011671102850        7.6921530850617916     
        1377   5.8300269868238974        8.7467553666423523        7.6949737103246054     
        1378   5.8309474637967318        8.7489630034706654        7.6965094520493622     
        1379   5.8311655968420339        8.7494862368785640        7.6968736562313964     
        1380   5.8322079091763657        8.7519867983760591        7.6986127886065496     
        1381   5.8337799654137870        8.7557594261697336        7.7012359146527096     
        1382   5.8340658717536522        8.7564456985078500        7.7017132800433128     
        1383   5.8360805717612170        8.7612829986482392        7.7050754483560020     
        1384   5.8372427135201281        8.7640743686762832        7.7070152296503220     
        1385   5.8378735373153399        8.7655898824746963        7.7080683886438202     
        1386   5.8395270173683320        8.7695633528313586        7.7108285806498369     
        1387   5.8398317055694902        8.7702957199591367        7.7113375108228350     
        1388   5.8404634566953870        8.7718144063852748        7.7123924291348267     
        1389   5.8426352222634437        8.7770369419884897        7.7160185036383879     
        1390   5.8437641256524255        8.7797527409949865        7.7179037690902703     
        1391   5.8449688482669089        8.7826517518061831        7.7199158120709104     
        1392   5.8452416709182566        8.7833083813340291        7.7203717424548941     
        1393   5.8453235927932603        8.7835055593114078        7.7205088797041430     
        1394   5.8454265075966827        8.7837532707338060        7.7206810758464712     
        1395   5.8456716020232955        8.7843432269880903        7.7210907155552899     
        1396   5.8468519154519969        8.7871847961791207        7.7230622881131161     
        1397   5.8485796537627861        8.7913457309378007        7.7259484403593461     
        1398   5.8489522853858906        8.7922433715633268        7.7265712235510620     
        1399   5.8514323190675839        8.7982196335692375        7.7307147206008295     
        1400   5.8518445453096906        8.7992133421560421        7.7314037969446154     
        1401   5.8531124317151333        8.8022703159136562        7.7335226446757499     
        1402   5.8531498423415229        8.8023605300689933        7.7335854879284227     
        1403   5.8628952113807307        8.8258888418560595        7.7498763866218798     
        1404   5.8664110349704686        8.8343907256895875        7.7557568586642365     
        1405   5.8667978999535011        8.8353266752943416        7.7564043114935242     
        1406   5.8709712721951703        8.8454289655157226        7.7633868043136687     
        1407   5.8710044757808362        8.8455093808435450        7.7634426958975808     
        1408   5.8718848727948973        8.8476418387291673        7.7649162468411816     
        1409   5.8719966601598763        8.8479126375744137        7.7651036463942145     
        1410   5.8751645086285569        8.8555896291072553        7.7704057967219011     
        1411   5.8752821915170763        8.8558749364123841        7.7706031122431654     
        1412   5.8754036470213995        8.8561693984840968        7.7708067444359052     
        1413   5.8779011038670754        8.8622262658706639        7.7749878977347553     
        1414   5.8783209088246595        8.8632447429997523        7.7756910762897373     
        1415   5.8791791992478979        8.8653273404054875        7.7771284470163771     
        1416   5.8797929771044055        8.8668169067164548        7.7781564882340266     
        1417   5.8811707716220116        8.8701614594474680        7.7804639750421618     
        1418   5.8833347715705662        8.8754167602816114        7.7840884800718637     
        1419   5.8853499171844295        8.8803130511436592        7.7874642355951220     
        1420   5.8859780201986869        8.8818396717796162        7.7885167656100478     
        1421   5.8868624015049260        8.8839895786097625        7.7899986990475085     
        1422   5.8871582676334171        8.8847089242901447        7.7904947183369426     
        1423   5.8890899100801786        8.8894066402846086        7.7937315498781707     
        1424   5.8922204053969152        8.8970246320939239        7.7989781046474391     
        1425   5.8924396714814060        8.8975584288480007        7.7993459418600803     
        1426   5.8939740272962506        8.9012945699421113        7.8019181234222472     
        1427   5.8950183103889717        8.9038381873972163        7.8036690322308786     
        1428   5.8975563194188751        8.9100228532349579        7.8079245240137887     
        1429   5.8992203990060208        8.9140799892862681        7.8107152622298450     
        1430   5.9035773345134395        8.9247102894046506        7.8180232017094085     
        1431   5.9047709616817237        8.9276245422208849        7.8200259590541705     
        1432   5.9062593777743011        8.9312597153932263        7.8225235113547154     
        1433   5.9067452292894327        8.9324466014309731        7.8233390549320632     
        1434   5.9072674020870171        8.9337223737624161        7.8242155759959839     
        1435   5.9093408347838725        8.9387897904176477        7.8276954000152124     
        1436   5.9113185200115641        8.9436255966142770        7.8310150665678879     
        1437   5.9123734620170971        8.9462060816737914        7.8327862157196506     
        1438   5.9124542368267941        8.9464036917264362        7.8329221450806177     
        1439   5.9142045949512134        8.9506867826996199        7.8358609483249069     
        1440   5.9146517665409624        8.9517812968083526        7.8366120509599160     
        1441   5.9156572051038516        8.9542426838697988        7.8383005356124489     
        1442   5.9175433365674195        8.9588617064072054        7.8414680723416552     
        1443   5.9195815812004478        8.9638556446921829        7.8448915567110742     
        1444   5.9209300073051283        8.9671608179533244        7.8471568153224442     
        1445   5.9244550413978532        8.9758063135644406        7.8530791888826759     
        1446   5.9250760294188156        8.9773301229084499        7.8541229488968654     
        1447   5.9260609843359120        8.9797475275080867        7.8557783716174043     
        1448   5.9262432496115851        8.9801949307614422        7.8560849949535179     
        1449   5.9277206598315111        8.9838222416442726        7.8585681942489956     
        1450   5.9280423550432992        8.9846122363841641        7.8591091939006468     
        1451   5.9290256008032873        8.9870272038203876        7.8607621229684561     
        1452   5.9290819158642440        8.9871655379049891        7.8608571156294147     
        1453   5.9298142554103466        8.9889646540429986        7.8620884205878312     
        1454   5.9307496522373020        8.9912630856315516        7.8636611396953899     
        1455   5.9309900815594352        8.9918539473625856        7.8640656518980894     
        1456   5.9310614246634552        8.9920292817374001        7.8641859224031148     
        1457   5.9312414453855702        8.9924717182724052        7.8644888910607431     
        1458   5.9330609342964804        8.9969445712856224        7.8675481910991181     
        1459   5.9333929404092451        8.9977609584187448        7.8681067505947055     
        1460   5.9336960446202189        8.9985063353622436        7.8686167280979706     
        1461   5.9340128410431490        8.9992854428130862        7.8691497404749029     
        1462   5.9350705512539568        9.0018871426971536        7.8709286505329477     
        1463   5.9367380022794576        9.0059900260905010        7.8737331533684092     
        1464   5.9380061718887891        9.0091115761670277        7.8758664231917681     
        1465   5.9380854554149129        9.0093067618442060        7.8760001149581687     
        1466   5.9393584236838297        9.0124411650742449        7.8781416786752168     
        1467   5.9438333954338241        9.0234675986212540        7.8856709146320068     
        1468   5.9441974011762575        9.0243650521038798        7.8862837873991012     
        1469   5.9457175634302031        9.0281138717483689        7.8888423796615097     
        1470   5.9507319094832347        9.0404895502511415        7.8972833966430382     
        1471   5.9512069995164643        9.0416628929534024        7.8980836268679884     
        1472   5.9524519019929265        9.0447381154481139        7.9001801000761862     
        1473   5.9574222127752900        9.0570254681722862        7.9085513222818804     
        1474   5.9577610801855512        9.0578637491876286        7.9091224914881941     
        1475   5.9594505523450421        9.0620441684795949        7.9119690058886842     
        1476   5.9599672890016251        9.0633231274914579        7.9128399418770385     
        1477   5.9628841476918799        9.0705456240404541        7.9177552448687987     
        1478   5.9639171048967770        9.0731046028680353        7.9194964027287771     
        1479   5.9654482907512421        9.0768990650921992        7.9220774681727750     
        1480   5.9657033999129769        9.0775313961453072        7.9225078099683550     
        1481   5.9667210123334140        9.0800541179647496        7.9242234794123547     
        1482   5.9667802230581239        9.0802009244733579        7.9243236321638157     
        1483   5.9674200481814461        9.0817874382978676        7.9254025618478305     
        1484   5.9686928002632591        9.0849441097555239        7.9275486101057151     
        1485   5.9690545763757425        9.0858415664282663        7.9281589004860162     
        1486   5.9693831953435978        9.0866568401084375        7.9287133031424322     
        1487   5.9713302983124583        9.0914887890612359        7.9319968081510286     
        1488   5.9719141295813909        9.0929380853136177        7.9329816891560156     
        1489   5.9723051277215840        9.0939088122031091        7.9336414121040306     
        1490   5.9723262450160997        9.0939612425659124        7.9336773661192996     
        1491   5.9727423958097559        9.0949945246254753        7.9343795296806920     
        1492   5.9739038065394228        9.0978788155496613        7.9363386647650458     
        1493   5.9740086467438429        9.0981392205840965        7.9365158343864817     
        1494   5.9752187845774323        9.1011454857819860        7.9385573538801495     
        1495   5.9764259862176132        9.1041453575360709        7.9405941104476359     
        1496   5.9769482970276648        9.1054435683407782        7.9414755909734680     
        1497   5.9774817465223444        9.1067696384890944        7.9423758991120010     
        1498   5.9784396780924487        9.1091513447016084        7.9439924310653662     
        1499   5.9785070685386810        9.1093189189936190        7.9441064761346105     
        1500   5.9794737971443084        9.1117231128050395        7.9457379796014376     
        1501   5.9795832888488061        9.1119954482962928        7.9459230744282738     
        1502   5.9799970995111869        9.1130247743561377        7.9466216821965290     
        1503   5.9807185577188706        9.1148196063209106        7.9478394690997902     
        1504   5.9829155864280708        9.1202873235754005        7.9515476658921482     
        1505   5.9832405965303783        9.1210964259605092        7.9520965703323991     
        1506   5.9858153203367852        9.1275084341257973        7.9564430981905776     
        1507   5.9877717726218824        9.1323834695619084        7.9597465474328022     
        1508   5.9883464325109994        9.1338158433619512        7.9607171911103265     
        1509   5.9885356632601701        9.1342875571163145        7.9610370552064751     
        1510   5.9897491480159220        9.1373130566845742        7.9630865122445744     
        1511   5.9912997437319859        9.1411803848400375        7.9657055001827697     
        1512   5.9914926029865070        9.1416614981333275        7.9660315654571274     
        1513   5.9918437492605161        9.1425375390837367        7.9666249761459405     
        1514   5.9943173075470169        9.1487107562839256        7.9708034848859715     
        1515   5.9960830153897877        9.1531197354637914        7.9737868276619359     
        1516   5.9980170125564660        9.1579511654197603        7.9770549448823989     
        1517   5.9981624824382260        9.1583146665375921        7.9773011008197550     
        1518   5.9999644494885613        9.1628185298349152        7.9803466055637244     
        1519   6.0009267681704284        9.1652245946459043        7.9819733536106128     
        1520   6.0032412559368291        9.1710138305623126        7.9858858812375502     
        1521   6.0035584782346749        9.1718075609695653        7.9864224809732427     
        1522   6.0038965659504786        9.1726535686565853        7.9869943675832502     
        1523   6.0041418966470825        9.1732675123074046        7.9874094563086597     
        1524   6.0047289823561272        9.1747368559116893        7.9884023321357898     
        1525   6.0055984732270149        9.1769133929073252        7.9898727268338341     
        1526   6.0074214524228084        9.1814782703737450        7.9929555061890962     
        1527   6.0084188959088118        9.1839768264073847        7.9946425885469665     
        1528   6.0091476535362025        9.1858027298747373        7.9958753885471250     
        1529   6.0091857047446346        9.1858980764007043        7.9959400860594698     
        1530   6.0091925482100432        9.1859152244585278        7.9959520043278811     
        1531   6.0102477606305040        9.1885596817174839        7.9977370247708688     
        1532   6.0109589488020516        9.1903423778307864        7.9989402803504621     
        1533   6.0120482916090552        9.1930735896322027        8.0007832782499690     
        1534   6.0120750354264798        9.1931406513963747        8.0008288627715238     
        1535   6.0121267498910669        9.1932703298670599        8.0009166879102445     
        1536   6.0123011092509220        9.1937075633613343        8.0012119823690870     
        1537   6.0128538371095939        9.1950937416964837        8.0021473587010927     
        1538   6.0129900199338149        9.1954353021697255        8.0023780855832030     
        1539   6.0138471291588802        9.1975852877241646        8.0038284677872067     
        1540   6.0151815463115508        9.2009334799100717        8.0060865387396944     
        1541   6.0167046853003061        9.2047565654880454        8.0086641950448119     
        1542   6.0171475584271761        9.2058684533185122        8.0094139846890506     
        1543   6.0171578188175179        9.2058942147644593        8.0094316931006375     
        1544   6.0180350355711294        9.2080969467600298        8.0109165699692930     
        1545   6.0185674951888002        9.2094342142580139        8.0118180562500445     
        1546   6.0208400829407616        9.2151438090833189        8.0156649710964718     
        1547   6.0217664560839399        9.2174721422813626        8.0172334834755308     
        1548   6.0218702965062434        9.2177331671275695        8.0174096173335112     
        1549   6.0227007859406276        9.2198210230175395        8.0188159237932020     
        1550   6.0244226854063161        9.2241512789325100        8.0217316115342232     
        1551   6.0249920092910045        9.2255834348723713        8.0226959625358241     
        1552   6.0250377081556579        9.2256984010019583        8.0227736896162902     
        1553   6.0269805780198560        9.2305873653120241        8.0260641206948264     
        1554   6.0270197040798248        9.2306858452069189        8.0261307284288623     
        1555   6.0280682336524620        9.2333253447865591        8.0279068797859505     
        1556   6.0289522518964915        9.2355512557713872        8.0294045235878695     
        1557   6.0297501852506397        9.2375608351092033        8.0307564493428121     
        1558   6.0303675489680737        9.2391159305425763        8.0318025741349288     
        1559   6.0324752429235886        9.2444268850758604        8.0353736062528078     
        1560   6.0330380270129051        9.2458454622873649        8.0363274741946231     
        1561   6.0331914248163558        9.2462321581364950        8.0365877288216989     
        1562   6.0336889264327036        9.2474863977050479        8.0374310334505541     
        1563   6.0356955904151919        9.2525469483649090        8.0408317635687876     
        1564   6.0359177639028108        9.2531073990660353        8.0412086257098991     
        1565   6.0376829261067675        9.2575612808455627        8.0442006047782932     
        1566   6.0393479719327532        9.2617643664991611        8.0470232765951231     
        1567   6.0396419890401107        9.2625067392842588        8.0475220329801935     
        1568   6.0410521987137473        9.2660681871031247        8.0499130830316457     
        1569   6.0430862409777308        9.2712073430611337        8.0533621614412603     
        1570   6.0494390786002725        9.2872752772395160        8.0641372533716122     
        1571   6.0499692530905813        9.2886173906544638        8.0650370427064342     
        1572   6.0524359228315943        9.2948640263264473        8.0692225787105354     
        1573   6.0550543034657904        9.3014991293929903        8.0736663894299863     
        1574   6.0551654175316099        9.3017807952048113        8.0738553213145021     
        1575   6.0552220837443329        9.3019244428529788        8.0739518446765075     
        1576   6.0556920829800376        9.3031159604937930        8.0747498994673528     
        1577   6.0560262062541428        9.3039630988040134        8.0753173563338496     
        1578   6.0568953687932110        9.3061671153375070        8.0767930048205194     
        1579   6.0577617425965480        9.3083645437534841        8.0782640178130158     
        1580   6.0596921334385563        9.3132624305389466        8.0815415450960408     
        1581   6.0597578901061553        9.3134293139907456        8.0816535361629036     
        1582   6.0605941756975739        9.3155519611463298        8.0830737851979180     
        1583   6.0612337157213823        9.3171755358310708        8.0841600484052893     
        1584   6.0634826332936269        9.3228868670913467        8.0879793955826020     
        1585   6.0642522048834433        9.3248420136574595        8.0892867438357214     
        1586   6.0648952511561882        9.3264760076507418        8.0903792675861617     
        1587   6.0658036238886233        9.3287846567744968        8.0919225238437313     
        1588   6.0676776129482572        9.3335491255174681        8.0951062573097925     
        1589   6.0680044882755571        9.3343804127040020        8.0956619237850660     
        1590   6.0686548272693130        9.3360345163128677        8.0967671525384475     
        1591   6.0696978182640517        9.3386878813846579        8.0985395838908101     
        1592   6.0704518887208927        9.3406066723244301        8.0998212166443615     
        1593   6.0714383022246272        9.3431172341658808        8.1014977483239612     
        1594   6.0724258966749067        9.3456314332663908        8.1031764139336033     
        1595   6.0724790557235515        9.3457667824876243        8.1032671060417343     
        1596   6.0738297051095085        9.3492063101931766        8.1055629616885447     
        1597   6.0754399250940105        9.3533083999819393        8.1083002832872051     
        1598   6.0768268677962061        9.3568430327530479        8.1106583605058713     
        1599   6.0791568135272067        9.3627837288420679        8.1146200561137860     
        1600   6.0792610526775546        9.3630495913962903        8.1147976495380636     
        1601   6.0803537478349412        9.3658369421753953        8.1166560459104495     
        1602   6.0812958499908607        9.3682407698531591        8.1182584953702932     
        1603   6.0818050717230507        9.3695403189212190        8.1191248552019477     
        1604   6.0823557588397961        9.3709458789856424        8.1200617713364487     
        1605   6.0825003330488485        9.3713149193354024        8.1203080093350550     
        1606   6.0829648881866580        9.3725008356973074        8.1210984786066032     
        1607   6.0837740059955143        9.3745666875041866        8.1224750494333229     
        1608   6.0837993212437196        9.3746313296638863        8.1225184604215350     
        1609   6.0843605428990548        9.3760645092476196        8.1234734394741288     
        1610   6.0845241160339834        9.3764822610789125        8.1237520333818249     
        1611   6.0857918426991873        9.3797205187122064        8.1259089430428855     
        1612   6.0879502176389790        9.3852362455415062        8.1295814369984942     
        1613   6.0885298940086940        9.3867181268238244        8.1305681221670731     
        1614   6.0895774502024231        9.3893966504763320        8.1323510276315485     
        1615   6.0897313589779181        9.3897902442785437        8.1326132873121626     
        1616   6.0898073759321587        9.3899846495787695        8.1327429989230922     
        1617   6.0910518460067973        9.3931677873412358        8.1348612026951308     
        1618   6.0919528413784834        9.3954730091318819        8.1363950038924262     
        1619   6.0920439746063844        9.3957062056336635        8.1365504659425234     
        1620   6.0934183418056254        9.3992236683448169        8.1388901429647262     
        1621   6.0941002752350357        9.4009694221292186        8.1400513126894705     
        1622   6.0949904478875458        9.4032487282778607        8.1415670479395459     
        1623   6.0950925698320413        9.4035102469267997        8.1417412537843674     
        1624   6.0959713701588143        9.4057610025846081        8.1432377426501930     
        1625   6.0999437020641238        9.4159411386995675        8.1500021528966240     
        1626   6.1011049334740584        9.4189190555792095        8.1519802309642735     
        1627   6.1022234624040834        9.4217883029211009        8.1538857477852336     
        1628   6.1024615176116530        9.4223990677525098        8.1542915955719515     
        1629   6.1030631593056341        9.4239428322376764        8.1553167968852662     
        1630   6.1072686519394548        9.4347404504127752        8.1624821890974744     
        1631   6.1072984704758051        9.4348170512582659        8.1625333535065252     
        1632   6.1078802510816335        9.4363117050202607        8.1635250900916798     
        1633   6.1086198886414076        9.4382122320134556        8.1647858866909395     
        1634   6.1086235932174064        9.4382217519722946        8.1647925534191508     
        1635   6.1092094316825571        9.4397273441340577        8.1657913064647634     
        1636   6.1101705325613400        9.4421978436617220        8.1674296876096903     
        1637   6.1109747601159254        9.4442655711268504        8.1688007985095581     
        1638   6.1118125593620825        9.4464200686401227        8.1702292202294782     
        1639   6.1150171713577066        9.4546653846213147        8.1756928309975851     
        1640   6.1155319102009376        9.4559904173976630        8.1765708423536427     
        1641   6.1155774649634544        9.4561076922205061        8.1766488714118974     
        1642   6.1164082619598359        9.4582467125411096        8.1780658568880114     
        1643   6.1168316057227790        9.4593368550615065        8.1787881092681012     
        1644   6.1171865359608795        9.4602509191248920        8.1793937189801262     
        1645   6.1188571393804363        9.4645544041387524        8.1822431411723393     
        1646   6.1204561296261311        9.4686751485040990        8.1849707749384244     
        1647   6.1225390412132974        9.4740455504365162        8.1885242985512026     
        1648   6.1242566762158228        9.4784763251419264        8.1914551356341310     
        1649   6.1244474978993910        9.4789686858836291        8.1917810779840039     
        1650   6.1249314118862719        9.4802173961309055        8.1926071273225283     
        1651   6.1263170109525520        9.4837937118764675        8.1949718762913264     
        1652   6.1268830926120046        9.4852551712696886        8.1959382684575903     
        1653   6.1282626176976285        9.4888176014488543        8.1982930041771223     
        1654   6.1283464370290455        9.4890340940268203        8.1984364185550227     
        1655   6.1298987200652260        9.4930442522534921        8.2010863078933784     
        1656   6.1301348915505409        9.4936545171541695        8.2014898031958197     
        1657   6.1331455800753210        9.5014373732776729        8.2066299812002121     
        1658   6.1342695361435604        9.5043444376542521        8.2085494490492970     
        1659   6.1345849176661167        9.5051603103559223        8.2090883364432603     
        1660   6.1345880895831524        9.5051685162493254        8.2090941085591638     
        1661   6.1374956804669534        9.5126934194788291        8.2140599521942281     
        1662   6.1381736936930880        9.5144489456901589        8.2152183557820084     
        1663   6.1397152788403559        9.5184415979552881        8.2178519650671475     
        1664   6.1400398686532993        9.5192824775569811        8.2184068078784112     
        1665   6.1415405046531912        9.5231709317405056        8.2209708322825819     
        1666   6.1469196906360555        9.5371219379449208        8.2301633427931460     
        1667   6.1477754908639470        9.5393432653859929        8.2316264719640717     
        1668   6.1486390910431714        9.5415853388011964        8.2331030303310744     
        1669   6.1490445487397558        9.5426381589857812        8.2337964931960457     
        1670   6.1516359577756967        9.5493696868764744        8.2382272173211302     
        1671   6.1516864803007305        9.5495009708644822        8.2383139585822232     
        1672   6.1521451289940874        9.5506928592992004        8.2390985329479065     
        1673   6.1537514751412896        9.5548683847013880        8.2418457060175747     
        1674   6.1549824738853927        9.5580694150020218        8.2439512720602846     
        1675   6.1560062875198769        9.5607324717545517        8.2457026688922195     
        1676   6.1569089837731870        9.5630810767481549        8.2472470312409492     
        1677   6.1591024013014595        9.5687901368474240        8.2509995345172893     
        1678   6.1594301302397518        9.5696434345998860        8.2515605725163130     
        1679   6.1597903936037728        9.5705815252559532        8.2521772867851961     
        1680   6.1613725404770365        9.5747023235484541        8.2548846601146444     
        1681   6.1616896762612221        9.5755285274357451        8.2554276694913646     
        1682   6.1620515617072753        9.5764713967844646        8.2560472661325264     
        1683   6.1621814580658638        9.5768098551093281        8.2562699001152531     
        1684   6.1636199217721952        9.5805586863001846        8.2587318717827412     
        1685   6.1640697586216193        9.5817313105605990        8.2595020823818075     
        1686   6.1649645305610559        9.5840641901448791        8.2610338349645289     
        1687   6.1650353539401550        9.5842488664935903        8.2611554116271773     
        1688   6.1658602754080478        9.5864001515745318        8.2625677163356759     
        1689   6.1673202750541805        9.5902087705419881        8.2650672472801610     
        1690   6.1710999536185636        9.6000753491707300        8.2715388128278455     
        1691   6.1723693044871855        9.6033910830286224        8.2737128533798838     
        1692   6.1724632735513509        9.6036365879568582        8.2738741370171400     
        1693   6.1736255830048119        9.6066737527959827        8.2758650754748277     
        1694   6.1737095035521383        9.6068930765225460        8.2760091646417280     
        1695   6.1740895492239254        9.6078863742256715        8.2766604354417730     
        1696   6.1745860633666556        9.6091842257615028        8.2775112125125982     
        1697   6.1745965413738073        9.6092116163182570        8.2775295188463360     
        1698   6.1749032384048874        9.6100133862151100        8.2780551982879977     
        1699   6.1749128780770608        9.6100385873672725        8.2780720691431409     
        1700   6.1769596997366705        9.6153910655485237        8.2815786045563637     
        1701   6.1775515550457740        9.6169393127417653        8.2825929060761041     
        1702   6.1788007582648365        9.6202079177625102        8.2847334991838295     
        1703   6.1801862441618320        9.6238343634864254        8.2871078215668170     
        1704   6.1805911522848351        9.6248944402878429        8.2878020193613917     
        1705   6.1806363837907421        9.6250128664020167        8.2878798880342472     
        1706   6.1808088428539474        9.6254644153468369        8.2881757760497674     
        1707   6.1813927982996102        9.6269935352147566        8.2891768382247513     
        1708   6.1818355893464414        9.6281531641272977        8.2899360221963647     
        1709   6.1822736297901013        9.6293004839810781        8.2906870902299818     
        1710   6.1824206248103435        9.6296855242891120        8.2909393741790751     
        1711   6.1840032652494914        9.6338320487417022        8.2936522823234000     
        1712   6.1845887702435531        9.6353665100418286        8.2946562451919252     
        1713   6.1852786785656733        9.6371748884311614        8.2958392214083521     
        1714   6.1859114530344419        9.6388337959053967        8.2969243157202666     
        1715   6.1861357144453857        9.6394217948648873        8.2973091290491894     
        1716   6.1875001032859629        9.6429998796652239        8.2996486121209418     
        1717   6.1881324733363812        9.6446586928678091        8.3007331973318923     
        1718   6.1882760716287004        9.6450354137261023        8.3009797705771735     
        1719   6.1889016157676799        9.6466766540170745        8.3020527158680864     
        1720   6.1892134951386684        9.6474950326287878        8.3025878574475342     
        1721   6.1910147066225640        9.6522227636127251        8.3056770117928078     
        1722   6.1910504366166057        9.6523165685495727        8.3057386484155966     
        1723   6.1922643146375984        9.6555039867532528        8.3078208641068994     
        1724   6.1931678226566289        9.6578770906810387        8.3093709068811936     
        1725   6.1931846589989368        9.6579213174269576        8.3094001465266043     
        1726   6.1934520997270717        9.6586238735148608        8.3098592386634795     
        1727   6.1942315352672326        9.6606717010732872        8.3111965895174080     
        1728   6.1946732012152976        9.6618322855725793        8.3119545892679145     
        1729   6.1985012720349379        9.6718971180635300        8.3185227342653238     
        1730   6.1997862973354021        9.6752780019253226        8.3207282316772684     
        1731   6.2000633856074518        9.6760071671848227        8.3212041123054252     
        1732   6.2007284964478080        9.6777576413076645        8.3223459302120499     
        1733   6.2040675795043096        9.6865502514502655        8.3280776663558154     
        1734   6.2048755858206519        9.6886790889933714        8.3294651517985567     
        1735   6.2056072143389702        9.6906070865698908        8.3307215915926971     
        1736   6.2058009988522196        9.6911178124686046        8.3310546596467674     
        1737   6.2070871349252847        9.6945081305222107        8.3332632942214264     
        1738   6.2075350164088592        9.6956890380628842        8.3340327119671844     
        1739   6.2106620661431338        9.7039378675878805        8.3394032497890702     
        1740   6.2128179532480372        9.7096288371128967        8.3431067278776041     
        1741   6.2132921137125532        9.7108809294483258        8.3439216266400322     
        1742   6.2137093121644460        9.7119827346538408        8.3446386977350535     
        1743   6.2137303054385242        9.7120381802984603        8.3446751259487097     
        1744   6.2148470800450664        9.7149881533717277        8.3465941190409971     
        1745   6.2151372629586250        9.7157548173627930        8.3470930461897463     
        1746   6.2167435748994846        9.7199997611061040        8.3498534173202987     
        1747   6.2169888375696800        9.7206480666899324        8.3502752273360290     
        1748   6.2204359253460391        9.7297642420442099        8.3561997213784434     
        1749   6.2209962911767276        9.7312469722690675        8.3571632714612303     
        1750   6.2212641993721274        9.7319559361113619        8.3576241445469375     
        1751   6.2246133962194934        9.7408231399233749        8.3633822607045758     
        1752   6.2262688123399155        9.7452088608337490        8.3662290670609210     
        1753   6.2266317646109908        9.7461706933469667        8.3668535657813248     
        1754   6.2272029563804816        9.7476845530717657        8.3678361891559767     
        1755   6.2276101641848793        9.7487639373767951        8.3685368410733716     
        1756   6.2277220296033624        9.7490604790513018        8.3687295876323997     
        1757   6.2279138398959955        9.7495689653705604        8.3690598243603951     
        1758   6.2290599526574830        9.7526078327083940        8.3710313559524341     
        1759   6.2317330636818262        9.7596990591675858        8.3756297986153783     
        1760   6.2318724103599763        9.7600688558418955        8.3758698824587405     
        1761   6.2336804537490540        9.7648682616529587        8.3789808676571980     
        1762   6.2337409714688325        9.7650289442682716        8.3790853568332686     
        1763   6.2346922873144388        9.7675551540379502        8.3807225782702410     
        1764   6.2348726069524547        9.7680340629986340        8.3810332189490264     
        1765   6.2364153179801542        9.7721322701607338        8.3836882979027916     
        1766   6.2371434233355103        9.7740670633799525        8.3849417031950555     
        1767   6.2374979193227222        9.7750092005254938        8.3855521670289317     
        1768   6.2419636821297990        9.7868853806757130        8.3932396601383807     
        1769   6.2419874608174020        9.7869486551132354        8.3932809642676727     
        1770   6.2425718082408777        9.7885037134525614        8.3942873902023525     
        1771   6.2435444843312498        9.7910927237640433        8.3959624938834967     
        1772   6.2435862066063903        9.7912037925833122        8.3960346992942778     
        1773   6.2441771561248798        9.7927770910904819        8.3970526163593568     
        1774   6.2444398633793288        9.7934765821475782        8.3975053505196406     
        1775   6.2446356713350237        9.7939979772474643        8.3978428934940297     
        1776   6.2449288440455959        9.7947786848870830        8.3983481058671163     
        1777   6.2470052229727573        9.8003097472142091        8.4019243402985104     
        1778   6.2487471278240543        9.8049521977495075        8.4049249916483166     
        1779   6.2519038809161174        9.8133709374577087        8.4103636155711659     
        1780   6.2548518662644490        9.8212393198946941        8.4154437689373527     
        1781   6.2553022143377870        9.8224418762354677        8.4162202484015864     
        1782   6.2559410089090948        9.8241478859452300        8.4173215350247741     
        1783   6.2577450419354719        9.8289674356421433        8.4204313214146058     
        1784   6.2581798471123076        9.8301293833289680        8.4211811798640817     
        1785   6.2582520099465322        9.8303222400910002        8.4213059395195984     
        1786   6.2584601699343390        9.8308785730773867        8.4216651313290996     
        1787   6.2587227034946018        9.8315802702122337        8.4221180600115453     
        1788   6.2591545735788232        9.8327346754831968        8.4228629146151022     
        1789   6.2595654676672625        9.8338331348413899        8.4235716321426430     
        1790   6.2627723112494884        9.8424102643346334        8.4291011158492903     
        1791   6.2634433313533453        9.8442059279244027        8.4302586014479033     
        1792   6.2639249746036976        9.8454950139727231        8.4310895590694681     
        1793   6.2642005962282443        9.8462327716376059        8.4315652478305534     
        1794   6.2649004963506769        9.8481064421306588        8.4327726673947829     
        1795   6.2685495221437728        9.8578807721329333        8.4390672081293907     
        1796   6.2706180181971076        9.8634257194811585        8.4426362839324902     
        1797   6.2711483066056601        9.8648477409565576        8.4435516318677166     
        1798   6.2714675972771792        9.8657040484112919        8.4441029342679936     
        1799   6.2716787966866150        9.8662705055953648        8.4444677333104128     
        1800   6.2717461567590389        9.8664511785549838        8.4445843347738130     
        1801   6.2731253231439403        9.8701510917932289        8.4469646501458975     
        1802   6.2735087254713715        9.8711798949940555        8.4476266781958884     
        1803   6.2742160558434019        9.8730781887933183        8.4488477781867921     
        1804   6.2743667366388092        9.8734826240705615        8.4491082047370316     
        1805   6.2746251173702490        9.8741761697840147        8.4495545160012107     
        1806   6.2760690947282241        9.8780529804652399        8.4520472246310057     
        1807   6.2766225135659601        9.8795392056181317        8.4530028804888140     
        1808   6.2771528522032325        9.8809636553964904        8.4539187341575417     
        1809   6.2779475893933467        9.8830986397757137        8.4552910689041028     
        1810   6.2793431317761819        9.8868487323347374        8.4577007828163513     
        1811   6.2797428878529402        9.8879232134757675        8.4583913611502552     
        1812   6.2806397060497190        9.8903341391315678        8.4599402312763026     
        1813   6.2833395028581815        9.8975955416233372        8.4646028720914899     
        1814   6.2841458613752508        9.8997653551523133        8.4659959257358324     
        1815   6.2843660745460728        9.9003580040929755        8.4663766465274417     
        1816   6.2849373895610716        9.9018957200466975        8.4673638184415765     
        1817   6.2849520816460540        9.9019352674674135        8.4673895656343845     
        1818   6.2855282847594918        9.9034863855949293        8.4683852251520726     
        1819   6.2862526093810835        9.9054365828947990        8.4696368005566605     
        1820   6.2871026393344929        9.9077257188560104        8.4711056086434127     
        1821   6.2872590434494668        9.9081469731974199        8.4713761791769713     
        1822   6.2883147614306756        9.9109908778635170        8.4732004701817676     
        1823   6.2886537447725717        9.9119042064704974        8.4737865190788142     
        1824   6.2902997858272389        9.9163403493514899        8.4766310530984601     
        1825   6.2911736676610612        9.9186962939032011        8.4781415323911951     
        1826   6.2918206664437459        9.9204409300267979        8.4792600118484032     
        1827   6.2932256897719494        9.9242306324256280        8.4816886588808842     
        1828   6.2934298271098852        9.9247813618396368        8.4820418579221144     
        1829   6.2942193085792644        9.9269115402588568        8.4834068102664446     
        1830   6.2949259910649360        9.9288186954636917        8.4846287180390920     
        1831   6.2953257229994914        9.9298976307517428        8.4853200750988211     
        1832   6.2958612087202175        9.9313431679256023        8.4862461324341574     
        1833   6.2959307097454058        9.9315308004169811        8.4863666514299645     
        1834   6.2983302995163637        9.9380111527997528        8.4905156442255585     
        1835   6.2984178302377947        9.9382476184102391        8.4906673603775928     
        1836   6.2986696053987048        9.9389278241136090        8.4911030692658649     
        1837   6.2989805326526520        9.9397679012994029        8.4916410680296721     
        1838   6.3003307604756218        9.9434168262189200        8.4939762802954828     
        1839   6.3009864003816327        9.9451891414772451        8.4951104837429412     
        1840   6.3010054359452550        9.9452406027994940        8.4951437750506269     
        1841   6.3014488579893593        9.9464394383958119        8.4959110123393788     
        1842   6.3017215641269795        9.9471767979409957        8.4963830218360403     
        1843   6.3017487211301724        9.9472502296851513        8.4964303610441103     
        1844   6.3045548031340113        9.9548407014310989        8.5012843566101512     
        1845   6.3046893908578552        9.9552049070165971        8.5015175479552845     
        1846   6.3054972564950047        9.9573913375050491        8.5029154750363869     
        1847   6.3055667065397500        9.9575793213938422        8.5030359948395393     
        1848   6.3056986577340597        9.9579364899868015        8.5032646429672454     
        1849   6.3078200660804713        9.9636805198689604        8.5069353793931928     
        1850   6.3089553430160690        9.9667558075281004        8.5089001992786972     
        1851   6.3089931586714485        9.9668582605016454        8.5089660092537400     
        1852   6.3112911087110435        9.9730860076281829        8.5129432131803959     
        1853   6.3152733591946513        9.9838876236593563        8.5198369125891702     
        1854   6.3157751105954247        9.9852494223149932        8.5207059714004103     
        1855   6.3162146403711663        9.9864424982544548        8.5214673326950248     
        1856   6.3162893140070127        9.9866452092903195        8.5215969956130380     
        1857   6.3166052409000217        9.9875028782992121        8.5221443734671620     
        1858   6.3195881358472850        9.9956043816093807        8.5273100660379111     
        1859   6.3201634583322805        9.9971677052070866        8.5283068289834922     
        1860   6.3229622848714078        10.004776444049513        8.5331550573087647     
        1861   6.3261101915982785        10.013341096577880        8.5386091606722623     
        1862   6.3265410538628748        10.014513933993229        8.5393561021588269     
        1863   6.3277608832365289        10.017835141605451        8.5414702430086731     
        1864   6.3278309356395255        10.018025905525619        8.5415920122416953     
        1865   6.3285724642944778        10.020045430063528        8.5428774379720078     
        1866   6.3292235005980277        10.021818838481131        8.5440061023228644     
        1867   6.3302718035843490        10.024675053588480        8.5458233743838363     
        1868   6.3314633995828959        10.027922677032571        8.5478891749048280     
        1869   6.3339926914368307        10.034819607641113        8.5522742605959170     
        1870   6.3348845848400082        10.037252777741127        8.5538209980225837     
        1871   6.3351029860638510        10.037848687316030        8.5542000520729484     
        1872   6.3362994897391314        10.041113987976320        8.5562751212953643     
        1873   6.3364256303762243        10.041458292352569        8.5564942302492657     
        1874   6.3374370196950451        10.044219336277926        8.5582484817823428     
        1875   6.3375711577402045        10.044585583918558        8.5584814789326717     
        1876   6.3378945809936162        10.045468706996218        8.5590427446094903     
        1877   6.3398506250356830        10.050811444156011        8.5624356472114389     
        1878   6.3400122245983308        10.051252964754672        8.5627163200764489     
        1879   6.3400710412614592        10.051413667852220        8.5628187146512076     
        1880   6.3416339276152751        10.055684844161144        8.5655301394440677     
        1881   6.3430121301198774        10.059452816476350        8.5679214708178701     
        1882   6.3446277585436883        10.063871713979408        8.5707250161165600     
        1883   6.3450085603253381        10.064913527515515        8.5713861455765485     
        1884   6.3455500308065345        10.066395092154744        8.5723260947483997     
        1885   6.3463275548216824        10.068522927442983        8.5736757178130478     
        1886   6.3471283187267513        10.070714836271963        8.5750657527036420     
        1887   6.3482690611996393        10.073838188960771        8.5770459381954716     
        1888   6.3484358803161172        10.074295021443898        8.5773358503746291     
        1889   6.3491274475453094        10.076189094012353        8.5785365708581516     
        1890   6.3499780671838497        10.078519273324360        8.5800134431579504     
        1891   6.3502145751358778        10.079167257433127        8.5804243639693212     
        1892   6.3503623184243940        10.079572065567174        8.5806812054318868     
        1893   6.3514200088115338        10.082470555224235        8.5825176956468301     
        1894   6.3518185382866195        10.083562901433968        8.5832099434355680     
        1895   6.3540007081966206        10.089546219110025        8.5869990722157450     
        1896   6.3541749590469427        10.090024153977703        8.5873020154029884     
        1897   6.3545114387088120        10.090947114336297        8.5878866619458361     
        1898   6.3545262196740131        10.090987660329798        8.5879127045789510     
        1899   6.3557023293391222        10.094214399916291        8.5899554216644258     
        1900   6.3568666047057691        10.097409697123991        8.5919777679108424     
        1901   6.3570596227300875        10.097939524395597        8.5923133716096345     
        1902   6.3575909903231045        10.099398253633018        8.5932366347632847     
        1903   6.3600281697292180        10.106091612890353        8.5974704151461676     
        1904   6.3639852249413131        10.116968641450146        8.6043459020610058     
        1905   6.3652631920974070        10.120484006231933        8.6065670999024544     
        1906   6.3680648136831994        10.128194886260614        8.6114368213921715     
        1907   6.3691515935454301        10.131187622819155        8.6133263498031845     
        1908   6.3698570053340466        10.133130640708334        8.6145530290744077     
        1909   6.3699391183034981        10.133356840889487        8.6146961578920127     
        1910   6.3703181281516095        10.134400982179981        8.6153554449792082     
        1911   6.3703227974948380        10.134413846520491        8.6153639405724363     
        1912   6.3707442745916820        10.135575111165107        8.6160970796115794     
        1913   6.3708097892037401        10.135755630836535        8.6162113603442716     
        1914   6.3713904716639371        10.137355792035518        8.6172213301674763     
        1915   6.3716692853581645        10.138124197706018        8.6177064777512769     
        1916   6.3717411476717443        10.138322258557604        8.6178318034069008     
        1917   6.3733749807939759        10.142826350481204        8.6206731269220089     
        1918   6.3744238531739832        10.145718913417010        8.6224974933288117     
        1919   6.3744617808994049        10.145823525548336        8.6225638305373771     
        1920   6.3748508968132498        10.146896847033920        8.6232409198968654     
        1921   6.3763829214233381        10.151123841351687        8.6259058349474067     
        1922   6.3765019476777001        10.151452320354281        8.6261132398366396     
        1923   6.3775902091545538        10.154456116530369        8.6280065559120889     
        1924   6.3793391173116287        10.159285306568107        8.6310493377022670     
        1925   6.3804019347723999        10.162221161498051        8.6328987923489251     
        1926   6.3805453446775804        10.162617373307807        8.6331486852171722     
        1927   6.3844584594260452        10.173434560012423        8.6399584085528929     
        1928   6.3861894198534905        10.178223261619934        8.6429715354947998     
        1929   6.3873327310525250        10.181387489789071        8.6449620721383127     
        1930   6.3883170669531744        10.184112540223108        8.6466760194000720     
        1931   6.3888010903192525        10.185452790251006        8.6475190513504394     
        1932   6.3889823088907658        10.185954626699136        8.6478349283348006     
        1933   6.3892177672517390        10.186606703382918        8.6482452420571292     
        1934   6.3893516748146109        10.186977564988092        8.6484787586417227     
        1935   6.3902762000252356        10.189538444743416        8.6500888282351500     
        1936   6.3905182629972970        10.190209053101352        8.6505106821937865     
        1937   6.3905523277745955        10.190303429362061        8.6505703753211947     
        1938   6.3915779177097347        10.193145237274884        8.6523565781375851     
        1939   6.3930789711340559        10.197305963833506        8.6549709389052811     
        1940   6.3943584295638196        10.200853824831231        8.6571996422030324     
        1941   6.3943810753123032        10.200916631462878        8.6572394644093578     
        1942   6.3965396333641502        10.206905074885944        8.6609997167378463     
        1943   6.3979928236907471        10.210938651822039        8.6635316748602005     
        1944   6.3980436267084020        10.211079693676707        8.6636205634078411     
        1945   6.3980625396032655        10.211132201100609        8.6636538936485135     
        1946   6.3981673721103540        10.211423250116848        8.6638369127538208     
        1947   6.3992186038057621        10.214342278478465        8.6656688239177271     
        1948   6.4002387360316328        10.217175765641485        8.6674466909609400     
        1949   6.4007032076362478        10.218466133392189        8.6682564161509443     
        1950   6.4009073022360603        10.219033189691533        8.6686124419175137     
        1951   6.4013442340566433        10.220247268885613        8.6693742167259025     
        1952   6.4020822989970503        10.222298425497716        8.6706608011366662     
        1953   6.4027398583376707        10.224126203418614        8.6718071515150292     
        1954   6.4077793568529655        10.238145294992275        8.6805920751537897     
        1955   6.4089482723937738        10.241399843955124        8.6826305170735552     
        1956   6.4100979206069439        10.244601781426029        8.6846355416111702     
        1957   6.4103145238416017        10.245205167731470        8.6850136340878663     
        1958   6.4107000295517436        10.246279151579575        8.6856862726247286     
        1959   6.4109657860212517        10.247019592104843        8.6861501001608303     
        1960   6.4130592322387256        10.252854189739134        8.6898015151157217     
        1961   6.4135133372619082        10.254120265238711        8.6905939462385025     
        1962   6.4141406398512313        10.255869490961057        8.6916885131326875     
        1963   6.4143006129020641        10.256315622857239        8.6919679395992677     
        1964   6.4144725785268450        10.256795221771032        8.6922682887641951     
        1965   6.4147608943244228        10.257599363990217        8.6927716014180980     
        1966   6.4153108484835384        10.259133421668707        8.6937313397693767     
        1967   6.4153383026708584        10.259210009322540        8.6937796148066280     
        1968   6.4164218379489650        10.262233165178143        8.6956702687863903     
        1969   6.4169095086608445        10.263594106360804        8.6965214632286596     
        1970   6.4182093678028176        10.267222524386227        8.6987897916512740     
        1971   6.4185456996510188        10.268161573268673        8.6993770297505453     
        1972   6.4188867835176868        10.269113980000572        8.6999725748121861     
        1973   6.4196080975334695        10.271128400225120        8.7012316401722636     
        1974   6.4198307740676688        10.271750352991747        8.7016206040208441     
        1975   6.4206187622197932        10.273951575485698        8.7029961166908514     
        1976   6.4209857412139337        10.274976886267835        8.7036369479382589     
        1977   6.4224389706075531        10.279038128954282        8.7061736690313918     
        1978   6.4226057725483061        10.279504384686870        8.7064651910605093     
        1979   6.4238311738647305        10.282930373531931        8.7086045251692550     
        1980   6.4248954395427305        10.285906810473488        8.7104627563938806     
        1981   6.4249330868439491        10.286012115087138        8.7105288616123584     
        1982   6.4257417970452053        10.288274455135273        8.7119410835523645     
        1983   6.4259246859570283        10.288786151788285        8.7122607644295211     
        1984   6.4263102086827795        10.289864874244246        8.7129342293660841     
        1985   6.4263265178092048        10.289910511009131        8.7129630869492445     
        1986   6.4269080223630253        10.291537833394221        8.7139787538686662     
        1987   6.4280950674248141        10.294860564304960        8.7160518091719066     
        1988   6.4289165792153380        10.297160755136975        8.7174867243880492     
        1989   6.4301842390063637        10.300711175906372        8.7197008826965288     
        1990   6.4305391773006990        10.301705501591879        8.7203211499921327     
        1991   6.4306364540074918        10.301978030244737        8.7204914258463511     
        1992   6.4326940037531930        10.307744164842376        8.7240855821534140     
        1993   6.4340072814318550        10.311426269801952        8.7263800652482129     
        1994   6.4345840221304851        10.313043736251981        8.7273880007699010     
        1995   6.4345898786305042        10.313060162119323        8.7273986160893795     
        1996   6.4351806650511403        10.314717293748807        8.7284311352694850     
        1997   6.4361876178207371        10.317542387941756        8.7301908255713112     
        1998   6.4367512869195282        10.319124159467503        8.7311760875666344     
        1999   6.4384886262002627        10.324001065751412        8.7342123238415503     
        2000   6.4395822705012176        10.327072268295431        8.7361239629092342     
        2001   6.4401502562431983        10.328667673975426        8.7371170226323596     
        2002   6.4413037746017299        10.331908556045246        8.7391335558955561     
        2003   6.4421367477227207        10.334249499445992        8.7405899415364612     
        2004   6.4423337273526347        10.334803160658668        8.7409346515019486     
        2005   6.4428930511737148        10.336375449247255        8.7419127761551803     
        2006   6.4453940684107174        10.343408965503327        8.7462856326155496     
        2007   6.4463091393515892        10.345983621563427        8.7478860220569157     
        2008   6.4466379689604629        10.346908982955858        8.7484613937915139     
        2009   6.4467288526370288        10.347164754364753        8.7486206992811528     
        2010   6.4468084243897446        10.347388696311603        8.7487602254986285     
        2011   6.4471595152398189        10.348376845131844        8.7493745466917083     
        2012   6.4480140060372229        10.350782226395390        8.7508692079137820     
        2013   6.4488876324784217        10.353242072577380        8.7523974321957922     
        2014   6.4491198015320768        10.353895886441205        8.7528038626566147     
        2015   6.4497236329969718        10.355596543164166        8.7538603344503958     
        2016   6.4510796347441737        10.359416698743882        8.7562325095056881     
        2017   6.4522357877217882        10.362674989306287        8.7582553202735056     
        2018   6.4535548406397734        10.366393664354744        8.7605633033004260     
        2019   6.4536103657339670        10.366550231079659        8.7606608316465699     
        2020   6.4545268440576535        10.369134822408501        8.7622646789831649     
        2021   6.4555296956068577        10.371963763397138        8.7640197714951498     
        2022   6.4557752550978753        10.372656583432626        8.7644498373989883     
        2023   6.4575947681692432        10.377791642457098        8.7676342556571427     
        2024   6.4576588266785642        10.377972477471927        8.7677467481007572     
        2025   6.4578391038220921        10.378481411329794        8.7680626331792588     
        2026   6.4580827302228769        10.379169225331253        8.7684893912093109     
        2027   6.4603565254493445        10.385590960450132        8.7724695372914709     
        2028   6.4608983841212169        10.387121906064777        8.7734184246442766     
        2029   6.4612702761094365        10.388172770321994        8.7740698149667740     
        2030   6.4626788854754258        10.392154113743908        8.7765361644042486     
        2031   6.4630167703295749        10.393109359227182        8.7771281036336060     
        2032   6.4640062124902000        10.395907168951778        8.7788608451044254     
        2033   6.4645015158787853        10.397308014441988        8.7797284774619673     
        2034   6.4648157396600636        10.398196821934569        8.7802790675119109     
        2035   6.4650740093127812        10.398927417783010        8.7807316921649328     
        2036   6.4653076260839741        10.399588321287547        8.7811411565260293     
        2037   6.4653854088930149        10.399808379099575        8.7812777475493409     
        2038   6.4656176840757809        10.400465545009350        8.7816848722999019     
        2039   6.4680298211269820        10.407292651957256        8.7859095827417999     
        2040   6.4699299698721697        10.412673954772533        8.7892382016063131     
        2041   6.4707488545533405        10.414993964549238        8.7906730650466667     
        2042   6.4709308991876160        10.415509794471763        8.7909923600618463     
        2043   6.4719057146752368        10.418272421513601        8.7927005136721963     
        2044   6.4720508736165581        10.418683867239883        8.7929552139534088     
        2045   6.4723988294339243        10.419670199453574        8.7935652177812234     
        2046   6.4728498361711084        10.420948789523592        8.7943557900363380     
        2047   6.4737517719613562        10.423506239903460        8.7959364917105631     
        2048   6.4741284529155037        10.424574517178444        8.7965969075087536     
        2049   6.4774810890610155        10.434087714581809        8.8024726808307356     
        2050   6.4774988501983497        10.434138136405078        8.8025041986579211     
        2051   6.4800904586620094        10.441498140714293        8.8070473220650189     
        2052   6.4804124284346951        10.442412892937583        8.8076121414730899     
        2053   6.4804630696029220        10.442556777790319        8.8077013078698307     
        2054   6.4828785213927622        10.449422115882985        8.8119365730333392     
        2055   6.4836607698321185        10.451646478814579        8.8133085997695790     
        2056   6.4840240944952345        10.452679779132932        8.8139460897684785     
        2057   6.4855992185233093        10.457160688671239        8.8167087107472764     
        2058   6.4862900021663172        10.459126462080118        8.8179206030140431     
        2059   6.4895319004862388        10.468357146708046        8.8236075107642833     
        2060   6.4928080286525329        10.477693958299156        8.8293558746497069     
        2061   6.4931516681738479        10.478673820165403        8.8299592629287691     
        2062   6.4944414439983920        10.482352374177786        8.8322230160701398     
        2063   6.4962257843484590        10.487443701686463        8.8353550194587029     
        2064   6.4964252626482493        10.488013041979613        8.8357055307254484     
        2065   6.4968512529004983        10.489228989106657        8.8364536301588288     
        2066   6.4979121410322396        10.492257832324480        8.8383162240073734     
        2067   6.5003142202604494        10.499119177785911        8.8425335959499876     
        2068   6.5005587406908676        10.499817894742817        8.8429632981171142     
        2069   6.5007615581843794        10.500397482630374        8.8433197872168527     
        2070   6.5018059005459374        10.503382412866054        8.8451538782932015     
        2071   6.5020245623183683        10.504007502859650        8.8455382226414496     
        2072   6.5022239981189616        10.504577665501632        8.8458888131520386     
        2073   6.5027488939109928        10.506078433974595        8.8468109216673749     
        2074   6.5033068274399799        10.507673910070494        8.8477910846127088     
        2075   6.5044834377433736        10.511039399355685        8.8498578249573701     
        2076   6.5051824762124122        10.513039413896191        8.8510859460214100     
        2077   6.5064196381258110        10.516580030732520        8.8532593391659962     
        2078   6.5071848223727793        10.518770528728060        8.8546038328626704     
        2079   6.5094153465119513        10.525158604252642        8.8585227476694186     
        2080   6.5097929563275141        10.526240458124832        8.8591865786908386     
        2081   6.5104371377809631        10.528086311159729        8.8603188052495021     
        2082   6.5107672221803599        10.529032274978833        8.8608991804870563     
        2083   6.5110839399705887        10.529940016577967        8.8614560831693172     
        2084   6.5145762211451128        10.539954675009495        8.8675937161920402     
        2085   6.5152472784477133        10.541880185284096        8.8687735912237553     
        2086   6.5159648929539085        10.543939695621841        8.8700353636373670     
        2087   6.5188237335356698        10.552148608944686        8.8750615357153269     
        2088   6.5196311920527812        10.554468377141649        8.8764816187641440     
        2089   6.5222532200498353        10.562004981445714        8.8810927134283766     
        2090   6.5222949600715214        10.562125002470756        8.8811665108728040     
        2091   6.5237653186094180        10.566353853049963        8.8837528609746261     
        2092   6.5247520766583511        10.569192839031137        8.8854888512889403     
        2093   6.5249663374311062        10.569809391831679        8.8858661218712580     
        2094   6.5256522136336015        10.571783312040132        8.8870729901628192     
        2095   6.5261616089560528        10.573249580573004        8.8879694640485010     
        2096   6.5266518258318680        10.574660847956574        8.8888322335434982     
        2097   6.5269891614707021        10.575632106850415        8.8894260769236766     
        2098   6.5319119899229188        10.589816689214112        8.8980885690701861     
        2099   6.5322769439110600        10.590869065050880        8.8987312552955444     
        2100   6.5327531125488960        10.592242304317462        8.8995696979670083     
        2101   6.5337473986047625        10.595110368538720        8.9013201162208357     
        2102   6.5338183729500727        10.595315128785893        8.9014454353817900     
        2103   6.5348025926083428        10.598155024534330        8.9031782745547865     
        2104   6.5355904473509838        10.600428904633798        8.9045655605017817     
        2105   6.5366273783718656        10.603422448690743        8.9063914310637617     
        2106   6.5383491204353232        10.608394972313452        8.9094232002040030     
        2107   6.5384121363251779        10.608577013967558        8.9095345501669936     
        2108   6.5384561401630457        10.608704135163180        8.9096124247368298     
        2109   6.5391919254721564        10.610829959852740        8.9109084053821004     
        2110   6.5400025987082566        10.613172673473196        8.9123363335860457     
        2111   6.5422300396061326        10.619612442031931        8.9162595315400015     
        2112   6.5423921927457531        10.620081405983489        8.9165455236582183     
        2113   6.5426573351057797        10.620848272987672        8.9170129166348229     
        2114   6.5428302826930764        10.621348518218719        8.9173179308295829     
        2115   6.5430892161752938        10.622097521617215        8.9177744030357662     
        2116   6.5444056868105882        10.625906475592293        8.9200937278538088     
        2117   6.5447491193706400        10.626900370146128        8.9206991081640243     
        2118   6.5447879205185204        10.627012666960971        8.9207678552383420     
        2119   6.5448839078948140        10.627290475414132        8.9209373430564849     
        2120   6.5465080699532532        10.631992326001150        8.9237990791069777     
        2121   6.5467071013567582        10.632568661920448        8.9241501383050057     
        2122   6.5474242275129049        10.634645522090072        8.9254140489812563     
        2123   6.5479939361900978        10.636295755827883        8.9264182712096876     
        2124   6.5510706378116428        10.645212523548476        8.9318405629845739     
        2125   6.5515863677326971        10.646707968785952        8.9327499227567149     
        2126   6.5518421063970322        10.647449608804425        8.9332010658218408     
        2127   6.5534732499883592        10.652181206411196        8.9360766099107458     
        2128   6.5547833182524613        10.655983055188601        8.9383864638868324     
        2129   6.5571222276203942        10.662774220843326        8.9425105809228160     
        2130   6.5578344780559990        10.664843199723821        8.9437668868025035     
        2131   6.5580120090834058        10.665358966933701        8.9440803333144832     
        2132   6.5581701344910108        10.665818378892066        8.9443595643251967     
        2133   6.5581855037415346        10.665863033293578        8.9443870621875590     
        2134   6.5582381786617177        10.666016078510918        8.9444803447907280     
        2135   6.5583703502411979        10.666400108923263        8.9447138131177244     
        2136   6.5601491630026363        10.671569964029331        8.9478512079817634     
        2137   6.5608479607154342        10.673601647247468        8.9490840734056025     
        2138   6.5627369361100794        10.679095717827961        8.9524163796714653     
        2139   6.5646808930700313        10.684752855185678        8.9558461614119391     
        2140   6.5665207775208438        10.690110079139540        8.9590928087076378     
        2141   6.5680298595182620        10.694506243133945        8.9617561314703149     
        2142   6.5708892708410342        10.702841406716022        8.9668030752930967     
        2143   6.5716997294065553        10.705205151845105        8.9682340403589436     
        2144   6.5717907212931967        10.705470569368675        8.9683950558579628     
        2145   6.5723340308689231        10.707055515339087        8.9693545227075031     
        2146   6.5725929673104027        10.707810974687026        8.9698120177006366     
        2147   6.5727228068793950        10.708189809272078        8.9700416227350672     
        2148   6.5728222214891616        10.708479882262640        8.9702175196543585     
        2149   6.5738594642175503        10.711506861948653        8.9720490715415195     
        2150   6.5750778569481989        10.715063661340087        8.9742006094608371     
        2151   6.5764172966478753        10.718975288140751        8.9765660903585847     
        2152   6.5773415002607569        10.721675174450738        8.9781985172942953     
        2153   6.5799127168976872        10.729190335508049        8.9827399629211975     
        2154   6.5799727567568018        10.729365887717314        8.9828464083096549     
        2155   6.5800312895633937        10.729537036380755        8.9829501922849158     
        2156   6.5804577421082850        10.730784062841117        8.9837038434980787     
        2157   6.5817130829450337        10.734455815541400        8.9859217201004515     
        2158   6.5826062285780385        10.737069002740808        8.9874999299203679     
        2159   6.5832661485126680        10.739000251298162        8.9886661965080936     
        2160   6.5841154584393884        10.741486296637229        8.9901671401714207     
        2161   6.5842782884122828        10.741962992663224        8.9904552345554229     
        2162   6.5851290248265730        10.744453952034227        8.9919588131967263     
        2163   6.5862298786310847        10.747678177264767        8.9939044712994818     
        2164   6.5863031542097392        10.747892826654112        8.9940343569508805     
        2165   6.5869553379187611        10.749803500228047        8.9951872767288670     
        2166   6.5887415374573424        10.755038319368232        8.9983444878251255     
        2167   6.5887956216857049        10.755196866893316        8.9984404782140341     
        2168   6.5896825263585193        10.757797180203429        9.0000084984861211     
        2169   6.5922062304202242        10.765200122630269        9.0044701661771107     
        2170   6.5929807108034133        10.767473054850631        9.0058398200984069     
        2171   6.5936163932942478        10.769339031428633        9.0069641437996300     
        2172   6.5937338612541403        10.769683883924156        9.0071722393383524     
        2173   6.5953568690543296        10.774449790540960        9.0100424821564378     
        2174   6.5954808580692355        10.774813973427282        9.0102621365622735     
        2175   6.5958274272364799        10.775831993311490        9.0108753995561290     
        2176   6.5974847404719146        10.780701654905755        9.0138067676476474     
        2177   6.5975599881276130        10.780922810386942        9.0139402519489522     
        2178   6.5980788947983893        10.782448028340101        9.0148584215720327     
        2179   6.5982040458509967        10.782815918583468        9.0150801764556352     
        2180   6.5987782909274957        10.784504125561282        9.0160962723490918     
        2181   6.5996515057652916        10.787071811674171        9.0176412552191305     
        2182   6.6006129296713851        10.789899639112997        9.0193423838067659     
        2183   6.6006777902423517        10.790090441720293        9.0194575245460982     
        2184   6.6012263985309847        10.791704447527019        9.0204284552342298     
        2185   6.6013762677939738        10.792145408265354        9.0206939926282779     
        2186   6.6023954192508683        10.795144576177638        9.0224974774424407     
        2187   6.6029714231428800        10.796840043458099        9.0235170059467453     
        2188   6.6032369017652517        10.797621576489702        9.0239871345092268     
        2189   6.6036691100036027        10.798894069560470        9.0247522885565630     
        2190   6.6041206467013689        10.800223641806737        9.0255516691791442     
        2191   6.6043532261641280        10.800908552577118        9.0259636223300674     
        2192   6.6055336728112533        10.804385509958168        9.0280529515242609     
        2193   6.6067658040995960        10.808015992279605        9.0302339401923231     
        2194   6.6070372319309225        10.808815933220867        9.0307147326038368     
        2195   6.6073842054340899        10.809838612452522        9.0313292452974565     
        2196   6.6076262053040642        10.810551951430913        9.0317579735719065     
        2197   6.6079508383580645        10.811508946788543        9.0323329707007183     
        2198   6.6082804022336994        10.812480571550971        9.0329167097057326     
        2199   6.6083762321877764        10.812763116460467        9.0330867351625486     
        2200   6.6086944825921687        10.813701502813867        9.0336504668053834     
        2201   6.6094606118054813        10.815960856277377        9.0350070381980530     
        2202   6.6096590971759763        10.816546282852688        9.0353588024917002     
        2203   6.6111927571074913        10.821070922141526        9.0380743007042863     
        2204   6.6112558485310773        10.821257099779290        9.0381864016235252     
        2205   6.6118365694589647        10.822970922608260        9.0392149619185034     
        2206   6.6122372182636910        10.824153488073978        9.0399247329638737     
        2207   6.6128264786791942        10.825893018625322        9.0409684897305418     
        2208   6.6132380196914511        10.827108090793155        9.0416976006358016     
        2209   6.6136955207636907        10.828459033055367        9.0425081188609617     
        2210   6.6145522312190339        10.830989280629334        9.0440256094370248     
        2211   6.6169241238191612        10.837997877749551        9.0482267409861326     
        2212   6.6169613276621497        10.838107848823219        9.0482930382539006     
        2213   6.6177965901486813        10.840577124881568        9.0497729103274391     
        2214   6.6190379814365290        10.844248161324884        9.0519723154453455     
        2215   6.6207515198993061        10.849317644145932        9.0550084203116725     
        2216   6.6211433870957181        10.850477339660873        9.0557031087447761     
        2217   6.6212250320895807        10.850718977563959        9.0558481669643545     
        2218   6.6234316720370243        10.857251998888705        9.0597585651516610     
        2219   6.6244356633168087        10.860225848386044        9.0615381772478525     
        2220   6.6245833295610224        10.860663314432532        9.0618002756861618     
        2221   6.6249507404056791        10.861751864051399        9.0624518210839682     
        2222   6.6255694728790635        10.863585286812175        9.0635488113466334     
        2223   6.6277675601486141        10.870101359787595        9.0674453256208292     
        2224   6.6293586671664322        10.874820733596458        9.0702663684215796     
        2225   6.6294486177085936        10.875087601934462        9.0704262414242329     
        2226   6.6301546643437650        10.877182572565999        9.0716784071933549     
        2227   6.6311326528136796        10.880085169995178        9.0734128133442837     
        2228   6.6318916838196547        10.882338498697495        9.0747590891623808     
        2229   6.6319915747177021        10.882635081743246        9.0749366190947942     
        2230   6.6325169823978172        10.884195198628715        9.0758686986737374     
        2231   6.6332677948433654        10.886425042629426        9.0772005399831865     
        2232   6.6333500179997280        10.886669268061745        9.0773467565318189     
        2233   6.6353838417663047        10.892712184344763        9.0809541997961052     
        2234   6.6374529261760031        10.898863616871077        9.0846247442985266     
        2235   6.6381036791886023        10.900799102072110        9.0857795712293878     
        2236   6.6381944306319234        10.901069046955088        9.0859409707039305     
        2237   6.6382565410256795        10.901253801748496        9.0860515607357684     
        2238   6.6388151054949054        10.902915471954037        9.0870429034521489     
        2239   6.6401516202342679        10.906892583037370        9.0894145623127365     
        2240   6.6403739648003510        10.907554374597192        9.0898094747848290     
        2241   6.6413336552101558        10.910411322137795        9.0915127443138868     
        2242   6.6438586060787062        10.917931868250948        9.0959939834698140     
        2243   6.6439559788503546        10.918222005571376        9.0961672046560977     
        2244   6.6440824392463282        10.918598826559329        9.0963920523817166     
        2245   6.6443139562939866        10.919288727418273        9.0968033614906183     
        2246   6.6446784064838171        10.920374854034851        9.0974506196582539     
        2247   6.6456606481594473        10.923302697094694        9.0991944692609561     
        2248   6.6464615787667150        10.925690726995713        9.1006165931974792     
        2249   6.6479898226445444        10.930248874407425        9.1033299969100732     
        2250   6.6482487035458622        10.931021219635129        9.1037900080449763     
        2251   6.6489972465266618        10.933254758268545        9.1051193953471881     
        2252   6.6512943761381891        10.940112160531809        9.1091986497978272     
        2253   6.6529132676904057        10.944947709621685        9.1120740278317847     
        2254   6.6529802081808658        10.945147707910339        9.1121933194250317     
        2255   6.6557927668032661        10.953554413768284        9.1171893746201391     
        2256   6.6560220602651459        10.954240080994417        9.1175970962205302     
        2257   6.6560624916054634        10.954360989644746        9.1176693244951341     
        2258   6.6565288648750904        10.955755769922364        9.1184982181067227     
        2259   6.6578749267296145        10.959782521974686        9.1208899959919396     
        2260   6.6581243665181491        10.960528900699046        9.1213335752596283     
        2261   6.6590497977831085        10.963298481475523        9.1229782447609189     
        2262   6.6590961402248317        10.963437192805253        9.1230609926300037     
        2263   6.6617525166136060        10.971391426722997        9.1277817769043779     
        2264   6.6635444748240813        10.976760829090527        9.1309670224648745     
        2265   6.6640355513126268        10.978232788307638        9.1318402915101640     
        2266   6.6644310319994879        10.979418364919180        9.1325436674336942     
        2267   6.6653526528189868        10.982181756117486        9.1341823421157819     
        2268   6.6667592544021081        10.986400788069798        9.1366833345528580     
        2269   6.6681301395059798        10.990514403717286        9.1391210860424028     
        2270   6.6693559873881707        10.994194239754972        9.1413011831393760     
        2271   6.6701268942812799        10.996509095811527        9.1426724486023794     
        2272   6.6715102209293802        11.000664251465379        9.1451329431652884     
        2273   6.6716480068063619        11.001078219187100        9.1453784004880916     
        2274   6.6732772226121844        11.005974380216735        9.1482765381647706     
        2275   6.6767001404878137        11.016268836242549        9.1543661160207268     
        2276   6.6767372326322940        11.016380449260204        9.1544325168193836     
        2277   6.6774139096247263        11.018416839282056        9.1556368814954787     
        2278   6.6774550379317823        11.018540624074150        9.1557104673226934     
        2279   6.6793550078330428        11.024260677310853        9.1590916762419532     
        2280   6.6794817301821663        11.024642304287747        9.1593175905302981     
        2281   6.6813777611111611        11.030353980475084        9.1626923028799698     
        2282   6.6816513225133702        11.031178336688239        9.1631795987554998     
        2283   6.6820625140904895        11.032417558686387        9.1639118693213746     
        2284   6.6830039334710589        11.035255324604325        9.1655879550650159     
        2285   6.6838089952564967        11.037682700177834        9.1670214252643643     
        2286   6.6839794293434984        11.038196658727619        9.1673252282545175     
        2287   6.6847847343602469        11.040625482146902        9.1687592363924093     
        2288   6.6857279296842274        11.043470937039244        9.1704388262910399     
        2289   6.6864788954396666        11.045737048130569        9.1717762726460759     
        2290   6.6867134488260795        11.046444940695887        9.1721943011681066     
        2291   6.6870178809827152        11.047363805236877        9.1727367591552138     
        2292   6.6872556308662432        11.048081462058983        9.1731604962276219     
        2293   6.6880761502350756        11.050558625806968        9.1746219488769665     
        2294   6.6881458617098071        11.050769114373939        9.1747464922025888     
        2295   6.6883457941733981        11.051372820021403        9.1751029227077261     
        2296   6.6885077684153904        11.051861935726242        9.1753917645351404     
        2297   6.6887117064894985        11.052477804180700        9.1757553378259562     
        2298   6.6897401686327838        11.055584214232015        9.1775872747130407     
        2299   6.6907518563366368        11.058640899852819        9.1793894768334354     
        2300   6.6913453506472491        11.060434502293495        9.1804469494894647     
        2301   6.6920341183058500        11.062516434236294        9.1816741710854561     
        2302   6.6920521795532437        11.062571033642364        9.1817067511004904     
        2303   6.6921103676625631        11.062746939146361        9.1818108060934858     
        2304   6.6922896303914712        11.063288878605528        9.1821305248181986     
        2305   6.6938457016287760        11.067994361378645        9.1849028484521504     
        2306   6.6942694033941539        11.069275998265768        9.1856580767002871     
        2307   6.6945896952902979        11.070244944203667        9.1862290975946159     
        2308   6.6954068783738290        11.072717509071349        9.1876854103181085     
        2309   6.6963867129106136        11.075683017449727        9.1894316225035180     
        2310   6.6965790323981071        11.076265183323081        9.1897747088312762     
        2311   6.6967291411225958        11.076719597523081        9.1900425870297102     
        2312   6.6973972147011640        11.078742262917597        9.1912334288511239     
        2313   6.6997112763998894        11.085751500795608        9.1953576980461396     
        2314   6.6999517609830992        11.086480204775279        9.1957867133111915     
        2315   6.7005875404661852        11.088406966773968        9.1969202831914618     
        2316   6.7008872161857527        11.089315278003495        9.1974548286625417     
        2317   6.7019077341336590        11.092409066901233        9.1992742779714760     
        2318   6.7028801752698604        11.095357997608364        9.2010081614625570     
        2319   6.7034655733750199        11.097133638556819        9.2020521630643817     
        2320   6.7035672214685187        11.097441991665287        9.2022337863238768     
        2321   6.7044686380815488        11.100176887143368        9.2038412572061450     
        2322   6.7046193192183212        11.100634126264117        9.2041103149000172     
        2323   6.7046572180114872        11.100749132741111        9.2041782948979414     
        2324   6.7050392894230120        11.101908628427369        9.2048599109005647     
        2325   6.7051677821844438        11.102298603550231        9.2050894188944756     
        2326   6.7061179705585001        11.105182894396082        9.2067840473648506     
        2327   6.7067596610555311        11.107131212592234        9.2079286819500901     
        2328   6.7079203974378920        11.110656436696530        9.2099989879610646     
        2329   6.7080154843228517        11.110945276191851        9.2101689712168699     
        2330   6.7081288452082113        11.111289636379821        9.2103715449026318     
        2331   6.7088105760343248        11.113360803251515        9.2115877621843278     
        2332   6.7089952491252394        11.113921932539613        9.2119175316770541     
        2333   6.7093224758940071        11.114916288588136        9.2125015525217666     
        2334   6.7110300207351683        11.120106672816226        9.2155476078853429     
        2335   6.7117220584703086        11.122211011187144        9.2167824756128738     
        2336   6.7136418832553844        11.128051106003163        9.2202078047468650     
        2337   6.7160647831720768        11.135426423899359        9.2245313099957524     
        2338   6.7172164506522254        11.138934012904064        9.2265868756762934     
        2339   6.7182666976479375        11.142133782393365        9.2284616107901787     
        2340   6.7189477799675661        11.144209371609348        9.2296775949452012     
        2341   6.7197245905906122        11.146577217552290        9.2310645074604363     
        2342   6.7200771921704243        11.147652189921232        9.2316942914743212     
        2343   6.7213572462615199        11.151555647573440        9.2339796612057601     
        2344   6.7215388922975112        11.152109691082359        9.2343043377469129     
        2345   6.7216006575201188        11.152298089859380        9.2344150106011220     
        2346   6.7219003668473114        11.153212325757755        9.2349504594655834     
        2347   6.7224354244109383        11.154844677763988        9.2359060786180347     
        2348   6.7227362062017839        11.155762418956584        9.2364434757007743     
        2349   6.7244315795821015        11.160936894403431        9.2394708602311866     
        2350   6.7259703505986366        11.165635720424607        9.2422189747329906     
        2351   6.7266794315449401        11.167801729412036        9.2434856620881973     
        2352   6.7274035415413769        11.170014131489818        9.2447792577192143     
        2353   6.7282387104506238        11.172566464267234        9.2462712798327829     
        2354   6.7282786993105930        11.172688689277063        9.2463431147741275     
        2355   6.7297840542531073        11.177290858202024        9.2490323311416347     
        2356   6.7304713724271448        11.179392830809494        9.2502605043881143     
        2357   6.7311663553023013        11.181518693128389        9.2515024334244984     
        2358   6.7339384150751922        11.190002562959098        9.2564554915260615     
        2359   6.7342466994512220        11.190946510058444        9.2570067582886093     
        2360   6.7344071119141686        11.191437718036937        9.2572938072654676     
        2361   6.7346065081441893        11.192048334028490        9.2576505198775667     
        2362   6.7348643559088925        11.192838002881947        9.2581116869399818     
        2363   6.7355598854269836        11.194968400224163        9.2593550015038311     
        2364   6.7372393127693577        11.200114334850920        9.2623567941360587     
        2365   6.7382263210366524        11.203139863570069        9.2641213099562414     
        2366   6.7389440535140039        11.205340541936847        9.2654046249424979     
        2367   6.7390895316513673        11.205786659357926        9.2656650799717433     
        2368   6.7398074233826799        11.207988408820780        9.2669487626035938     
        2369   6.7401784041653281        11.209126384244346        9.2676123508883901     
        2370   6.7415074610852699        11.213204300563952        9.2699887711904161     
        2371   6.7415703387440331        11.213397267915019        9.2701015997878731     
        2372   6.7422540661800401        11.215495822349659        9.2713244375192421     
        2373   6.7428427086345586        11.217302886718626        9.2723773247074615     
        2374   6.7432693327934388        11.218612777755641        9.2731405575848385     
        2375   6.7447353469801996        11.223115281779933        9.2757624415600830     
        2376   6.7451545649955769        11.224403180212470        9.2765125381015601     
        2377   6.7452114066670017        11.224577818826356        9.2766146034413346     
        2378   6.7458214070045557        11.226452157229723        9.2777059203092307     
        2379   6.7467926097091642        11.229437081573598        9.2794433012237150     
        2380   6.7468620696668742        11.229650596093457        9.2795679475324917     
        2381   6.7479516804744986        11.233000571973147        9.2815172581907461     
        2382   6.7481631225193670        11.233650774260170        9.2818958799508486     
        2383   6.7500831402167636        11.239556927861784        9.2853309112966933     
        2384   6.7506491249473868        11.241298615610820        9.2863438799380660     
        2385   6.7514411539602559        11.243736411995538        9.2877613166832091     
        2386   6.7520079102924599        11.245481203522001        9.2887757688777270     
        2387   6.7532110957048097        11.249186287541017        9.2909290589727735     
        2388   6.7538720020193113        11.251222063902297        9.2921121246466480     
        2389   6.7539285335843253        11.251396216181746        9.2922137022208098     
        2390   6.7545016232797703        11.253161859095718        9.2932396772798178     
        2391   6.7552679393871458        11.255523304169525        9.2946115050953733     
        2392   6.7559847054420823        11.257732562878051        9.2958947284811355     
        2393   6.7572183838615736        11.261536222803418        9.2981032395618524     
        2394   6.7572193167523089        11.261539099626495        9.2981053248587529     
        2395   6.7586261835514412        11.265878499204257        9.3006240655465504     
        2396   6.7596400601056992        11.269006910929107        9.3024395086626868     
        2397   6.7597450104335417        11.269330800968111        9.3026278128460920     
        2398   6.7598040818209428        11.269513107384995        9.3027339824234634     
        2399   6.7607010090026876        11.272281617054144        9.3043401989674841     
        2400   6.7615337299407887        11.274852630158300        9.3058315612548164     
        2401   6.7629740290195031        11.279301092433222        9.3084109818991028     
        2402   6.7635372175538393        11.281041077083676        9.3094199208957544     
        2403   6.7651149921276019        11.285917262710836        9.3122459434765066     
        2404   6.7679400512699504        11.294654183866358        9.3173065368078287     
        2405   6.7681360202159340        11.295260530581842        9.3176580077899729     
        2406   6.7695217853539855        11.299549270363354        9.3201410000221436     
        2407   6.7695391963014062        11.299603166392755        9.3201726098049527     
        2408   6.7706956596697809        11.303183678659272        9.3222450113210193     
        2409   6.7723081081934797        11.308178101916287        9.3251346804623765     
        2410   6.7730039396061770        11.310334151727851        9.3263820246404752     
        2411   6.7738601077583853        11.312987646680687        9.3279167806671079     
        2412   6.7743348885377781        11.314459423322523        9.3287680947745510     
        2413   6.7771147115803583        11.323080968102163        9.3337510863257176     
        2414   6.7771912030136958        11.323318309293740        9.3338886222156123     
        2415   6.7779685204753992        11.325730525753681        9.3352825020882069     
        2416   6.7781543505952673        11.326307290710634        9.3356160610185039     
        2417   6.7786569034024859        11.327867241361794        9.3365174382271210     
        2418   6.7794621996707143        11.330367431323591        9.3379616342283764     
        2419   6.7800545777495707        11.332206976831714        9.3390241546033419     
        2420   6.7803937882907466        11.333260499099771        9.3396327801591870     
        2421   6.7805912543407745        11.333873841536757        9.3399872636066821     
        2422   6.7807507422121747        11.334369248736058        9.3402736542831004     
        2423   6.7808514385455894        11.334682048098291        9.3404546294152784     
        2424   6.7811859303053561        11.335721171155480        9.3410548298580292     
        2425   6.7815321296390225        11.336796778370116        9.3416760391634401     
        2426   6.7831413992283016        11.341798139779174        9.3445623485797551     
        2427   6.7831486276949677        11.341820610381433        9.3445757302030419     
        2428   6.7839882785603578        11.344431114862282        9.3460820266479505     
        2429   6.7841620604800399        11.344971494175690        9.3463941271474003     
        2430   6.7842163914977309        11.345140443853451        9.3464919902390964     
        2431   6.7847653983649368        11.346847815432449        9.3474770969304277     
        2432   6.7861821087184753        11.351255029162907        9.3500186870297579     
        2433   6.7872540029560184        11.354590853095711        9.3519419547707034     
        2434   6.7907323257923187        11.365423353504692        9.3581831261899477     
        2435   6.7915992613316893        11.368125068570695        9.3597392396724377     
        2436   6.7924622205515703        11.370815116955271        9.3612883178506348     
        2437   6.7927280342663048        11.371643867093885        9.3617657839978268     
        2438   6.7930378475969384        11.372609885280770        9.3623222267899227     
        2439   6.7935841054240305        11.374313380199222        9.3633030492365439     
        2440   6.7936250434358936        11.374441056320606        9.3633769440114758     
        2441   6.7938058804450749        11.375005064326732        9.3637019325422717     
        2442   6.7948385585444671        11.378226467760403        9.3655559042044150     
        2443   6.7960724827997838        11.382077012876918        9.3677712798129793     
        2444   6.7963235916692035        11.382860796894791        9.3682224772853271     
        2445   6.7966076990658939        11.383747653018085        9.3687329222852203     
        2446   6.7972867596441411        11.385867694899650        9.3699524255343665     
        2447   6.7978350337949287        11.387579746719485        9.3709371795567531     
        2448   6.7982195305481339        11.388780558842869        9.3716279227546142     
        2449   6.7986680428864936        11.390181478656251        9.3724336243127215     
        2450   6.7988824011560585        11.390851091980199        9.3728189232677810     
        2451   6.7989079653467552        11.390930952506391        9.3728652437337825     
        2452   6.8031850275482029        11.404301146756923        9.3805464114406387     
        2453   6.8036766002387257        11.405838960201470        9.3814297548312755     
        2454   6.8040404588355825        11.406977391063039        9.3820837293664194     
        2455   6.8040407957959843        11.406978445395628        9.3820847547981874     
        2456   6.8052918501585697        11.410893699778176        9.3843324253888110     
        2457   6.8053876305699568        11.411193513863712        9.3845049032787795     
        2458   6.8054282938665178        11.411320801784584        9.3845783705187333     
        2459   6.8087385067572637        11.421688167135498        9.3905259499010416     
        2460   6.8089927414029257        11.422484857665978        9.3909831916121274     
        2461   6.8106431904267177        11.427658384115153        9.3939494293351959     
        2462   6.8114627971675743        11.430228532724895        9.3954227994248800     
        2463   6.8145418872463814        11.439889946842570        9.4009575855210290     
        2464   6.8164844916121829        11.445990158912998        9.4044503033242943     
        2465   6.8179264496087582        11.450520636937721        9.4070433168160061     
        2466   6.8180426340921754        11.450885765544630        9.4072526463375379     
        2467   6.8186057350349802        11.452655590614565        9.4082655890218643     
        2468   6.8200969042042603        11.457343845728785        9.4109475119800567     
        2469   6.8207275610722284        11.459327300617710        9.4120821049215184     
        2470   6.8211580069562494        11.460681305497761        9.4128566698215277     
        2471   6.8215652709219894        11.461962558452830        9.4135895657223063     
        2472   6.8221073188912786        11.463668096739205        9.4145649084436496     
        2473   6.8232373806517996        11.467224739090872        9.4165979722974260     
        2474   6.8241985305284674        11.470250761028886        9.4183273493119817     
        2475   6.8259166541365772        11.475662272434336        9.4214187098563666     
        2476   6.8259173737545638        11.475664539602564        9.4214204269329453     
        2477   6.8263209149907951        11.476935983831456        9.4221468854638406     
        2478   6.8264122210899458        11.477223685937076        9.4223115854079449     
        2479   6.8267122669381193        11.478169177486262        9.4228518568492685     
        2480   6.8271414513556117        11.479521760338450        9.4236244982427504     
        2481   6.8274911519690367        11.480623983750055        9.4242541450826263     
        2482   6.8278389673349711        11.481720385561271        9.4248804160713338     
        2483   6.8280762719545898        11.482468498602920        9.4253078467230917     
        2484   6.8285454197174564        11.483947671863502        9.4261524802844097     
        2485   6.8286530791456821        11.484287141517949        9.4263466355548484     
        2486   6.8294776113655340        11.486887422951453        9.4278308515245453     
        2487   6.8305668717455834        11.490323599823158        9.4297916010372997     
        2488   6.8316874825056928        11.493859907117333        9.4318089376498566     
        2489   6.8321342894072439        11.495270242813602        9.4326135860275127     
        2490   6.8329363014703519        11.497802274479234        9.4340576494773263     
        2491   6.8335132548846493        11.499624170237631        9.4350966555761442     
        2492   6.8343386517703797        11.502231174700526        9.4365829664484036     
        2493   6.8356585580396043        11.506401493022894        9.4389596881421642     
        2494   6.8358801756720187        11.507101876987695        9.4393591246175053     
        2495   6.8365148101784339        11.509107800326960        9.4405022168781212     
        2496   6.8369936086195251        11.510621430595112        9.4413647598321031     
        2497   6.8372417168757345        11.511405867819999        9.4418119365931847     
        2498   6.8377652228931041        11.513061224688995        9.4427550322851115     
        2499   6.8380763346352902        11.514045108174180        9.4433156891691628     
        2500   6.8383224650510064        11.514823558351463        9.4437593404154558     
        2501   6.8383923286007162        11.515044530677347        9.4438855746773616     
        2502   6.8392157667219848        11.517649361775719        9.4453688991070255     
        2503   6.8394044490710098        11.518246327506636        9.4457091270699731     
        2504   6.8396163634739118        11.518916838842081        9.4460912001230337     
        2505   6.8407208539565625        11.522412248542008        9.4480808643631189     
        2506   6.8412678774392433        11.524143880469978        9.4490665644803098     
        2507   6.8413384449507531        11.524367287518491        9.4491940946483535     
        2508   6.8425835075471220        11.528309805781648        9.4514372358159964     
        2509   6.8436454472604185        11.531673690059398        9.4533506843638992     
        2510   6.8437440318642269        11.531986031860544        9.4535287108240933     
        2511   6.8438981812009869        11.532474436817848        9.4538068409743392     
        2512   6.8442081426453534        11.533456587248560        9.4543656823126714     
        2513   6.8445517758038541        11.534545543350710        9.4549852007050195     
        2514   6.8452416218319643        11.536731988570747        9.4562285088017806     
        2515   6.8455338964948211        11.537658488090189        9.4567555386920770     
        2516   6.8455484513229754        11.537704628583462        9.4567821875064819     
        2517   6.8455593967733579        11.537739327070845        9.4568023330746076     
        2518   6.8470380411345850        11.542427927240537        9.4594670842405346     
        2519   6.8475009801744715        11.543896302216654        9.4603017256601536     
        2520   6.8475729500625153        11.544124599549816        9.4604318426687239     
        2521   6.8480037952631685        11.545491402500273        9.4612086810287703     
        2522   6.8483216851959954        11.546499988658720        9.4617819819682598     
        2523   6.8488214776349903        11.548085912214146        9.4626831208258171     
        2524   6.8497606721413149        11.551066811326145        9.4643762305763506     
        2525   6.8499576283331445        11.551692041141790        9.4647316392575593     
        2526   6.8510895415923914        11.555286014104134        9.4667722683243181     
        2527   6.8516389934426769        11.557031061534760        9.4677631085601792     
        2528   6.8520405308945609        11.558306528585721        9.4684873511648977     
        2529   6.8529265797389538        11.561121601658604        9.4700850581527032     
        2530   6.8529556926478632        11.561214109969105        9.4701379669561998     
        2531   6.8533242842439499        11.562385409636443        9.4708028853670161     
        2532   6.8540836400527860        11.564798901018165        9.4721723272064455     
        2533   6.8566340552260261        11.572909255339438        9.4767713757595597     
        2534   6.8570629147512356        11.574273680623321        9.4775451585691517     
        2535   6.8574382030349028        11.575467820669632        9.4782223573100044     
        2536   6.8583288698140468        11.578302428566570        9.4798290356242862     
        2537   6.8586512408791016        11.579328594587066        9.4804108603195534     
        2538   6.8595754736806231        11.582271180370633        9.4820782253397606     
        2539   6.8599457562402888        11.583450334335492        9.4827465221664138     
        2540   6.8606632017548739        11.585735414325788        9.4840410421379975     
        2541   6.8612965803340638        11.587753173307835        9.4851839837118863     
        2542   6.8613763726947079        11.588007397319588        9.4853283464116860     
        2543   6.8630867620978071        11.593458371596137        9.4884143344084126     
        2544   6.8638438524000405        11.595872151148283        9.4897806855918478     
        2545   6.8638494993237043        11.595890157040420        9.4897913001551490     
        2546   6.8643400967555248        11.597454609462373        9.4906768925768912     
        2547   6.8649512237779549        11.599403757718306        9.4917799972218990     
        2548   6.8660504565711165        11.602910642819420        9.4937639349592313     
        2549   6.8662203535658737        11.603452775369181        9.4940709466478861     
        2550   6.8665994889507314        11.604662682817738        9.4947555505526910     
        2551   6.8666039490975805        11.604676917034377        9.4947640258305182     
        2552   6.8669394796865388        11.605747795277681        9.4953699580699418     
        2553   6.8680873000068914        11.609412041972217        9.4974418803091911     
        2554   6.8687277052463056        11.611457024718575        9.4985981368389094     
        2555   6.8706966145853245        11.617746891877452        9.5021524777759527     
        2556   6.8710668942236861        11.618930227315255        9.5028213238186314     
        2557   6.8716043619226088        11.620648109625215        9.5037920062083376     
        2558   6.8720459765227755        11.622059842150557        9.5045896803571122     
        2559   6.8732247395336286        11.625829031862523        9.5067182574359759     
        2560   6.8744495682711548        11.629747026073398        9.5089301999670592     
        2561   6.8748595903168743        11.631058951651381        9.5096709962674435     
        2562   6.8756311178463063        11.633528033694846        9.5110646174518383     
        2563   6.8768152250269994        11.637318660550402        9.5132034143313877     
        2564   6.8772993205527273        11.638868786777067        9.5140781202944442     
        2565   6.8780472047171921        11.641264065220028        9.5154292915612348     
        2566   6.8783728603505745        11.642307234836700        9.5160179050519940     
        2567   6.8784212665698847        11.642462303312366        9.5161057632927442     
        2568   6.8800390505689979        11.647646229621202        9.5190283878942008     
        2569   6.8810592036070775        11.650916526613406        9.5208716950732448     
        2570   6.8815543543514339        11.652504213271202        9.5217666501240164     
        2571   6.8825702919101692        11.655762577313160        9.5236025489990173     
        2572   6.8843795572733271        11.661567970915783        9.5268720785401602     
        2573   6.8846407895607697        11.662406466018442        9.5273445551426281     
        2574   6.8848112855591754        11.662953756581389        9.5276530757115712     
        2575   6.8851654006836167        11.664090558543922        9.5282934149803662     
        2576   6.8855737481099091        11.665401620803417        9.5290317768061090     
        2577   6.8863660976829628        11.667946071511397        9.5304641412035007     
        2578   6.8869765166629087        11.669906735039879        9.5315677778716594     
        2579   6.8875310301481178        11.671688163606783        9.5325704202292929     
        2580   6.8880212524807254        11.673263314919948        9.5334568988668362     
        2581   6.8893381602736516        11.677495948438050        9.5358377262510121     
        2582   6.8897338562842876        11.678768093125411        9.5365534475736542     
        2583   6.8904128425298072        11.680951380215166        9.5377813166379628     
        2584   6.8912139236305521        11.683527877641447        9.5392299829879601     
        2585   6.8916158062049391        11.684820692767167        9.5399569894032386     
        2586   6.8919767892716548        11.685982080866617        9.5406100707498300     
        2587   6.8920894453641051        11.686344556080918        9.5408141840510030     
        2588   6.8927304962800946        11.688407411648837        9.5419736771121304     
        2589   6.8938111968758946        11.691885991818074        9.5439282121113092     
        2590   6.8940061518027349        11.692513645395872        9.5442811725428367     
        2591   6.8952998080826697        11.696679544836702        9.5466210113145085     
        2592   6.8957688700425335        11.698190471442150        9.5474697340204298     
        2593   6.8958174595681729        11.698346999437316        9.5475580387919852     
        2594   6.8964978976250801        11.700539243796726        9.5487890899312280     
        2595   6.8970348229591645        11.702269456263926        9.5497606319217940     
        2596   6.8978646990544910        11.704944275570105        9.5512620969943267     
        2597   6.8993460161101057        11.709720569153044        9.5539420839758566     
        2598   6.8995728779672465        11.710452254034729        9.5543529107292695     
        2599   6.8997296699573143        11.710957977774719        9.5546369839861089     
        2600   6.9003625103645332        11.712999428869839        9.5557822827898615     
        2601   6.9010232084643350        11.715131189596528        9.5569780363905767     
        2602   6.9017948416782140        11.717621460980267        9.5583745663194417     
        2603   6.9018526413789942        11.717808021388322        9.5584795754234104     
        2604   6.9022113448761582        11.718965888444009        9.5591290303689096     
        2605   6.9023651009070264        11.719462242033584        9.5594076662799399     
        2606   6.9031092514154624        11.721864849041941        9.5607546054983121     
        2607   6.9031168799495575        11.721889481953989        9.5607688396115140     
        2608   6.9033208249548172        11.722548052910062        9.5611383129731191     
        2609   6.9038836803655714        11.724365827876106        9.5621572719796237     
        2610   6.9062541570507614        11.732025051353526        9.5664477240926455     
        2611   6.9073978437987682        11.735722505163906        9.5685182370192923     
        2612   6.9076911916912778        11.736671097323685        9.5690496581290940     
        2613   6.9089448410917509        11.740726008100534        9.5713194562380277     
        2614   6.9103474152249822        11.745264563431743        9.5738590900427010     
        2615   6.9103746608375678        11.745352747241661        9.5739088487404107     
        2616   6.9107362652240960        11.746523198417160        9.5745639681060037     
        2617   6.9114553120233015        11.748851036307945        9.5758662929229015     
        2618   6.9124772916802613        11.752160519947928        9.5777172226026668     
        2619   6.9136468446027513        11.755949235501417        9.5798355357958282     
        2620   6.9144044888147063        11.758404357155804        9.5812080435058693     
        2621   6.9159469308617432        11.763404454359438        9.5840020410764506     
        2622   6.9162391031887189        11.764351864052957        9.5845316713408675     
        2623   6.9165642766274313        11.765406390022886        9.5851210885997578     
        2624   6.9165860230621545        11.765476916909407        9.5851609099501420     
        2625   6.9175750733801138        11.768685078442587        9.5869528959337362     
        2626   6.9190432920073253        11.773449406829636        9.5896130848302068     
        2627   6.9196794931402987        11.775514566809758        9.5907661194473253     
        2628   6.9202310508238831        11.777305312569084        9.5917658500742657     
        2629   6.9211282989961749        11.780219099099762        9.5933919818472244     
        2630   6.9239791866973945        11.789482909943034        9.5985585798716127     
        2631   6.9247049132772114        11.791842491597841        9.5998742945087603     
        2632   6.9253844689061443        11.794052460804661        9.6011063948548188     
        2633   6.9257383749199217        11.795203584878401        9.6017482927458442     
        2634   6.9273179115379220        11.800342843604097        9.6046118890104086     
        2635   6.9279382561363096        11.802361950138939        9.6057368877765139     
        2636   6.9289549290850845        11.805671913722133        9.6075804661605151     
        2637   6.9289917830146708        11.805791918968254        9.6076477148164390     
        2638   6.9310515355320215        11.812501258368394        9.6113827489700672     
        2639   6.9329750290982899        11.818770821671745        9.6148712439136599     
        2640   6.9368048403296054        11.831265680835442        9.6218181379547136     
        2641   6.9371923196988092        11.832530712514071        9.6225214866029933     
        2642   6.9376327252863064        11.833968730550634        9.6233208717638501     
        2643   6.9407520895598287        11.844160042988747        9.6289809749583259     
        2644   6.9417741821513941        11.847501594357942        9.6308361445137454     
        2645   6.9426281871336526        11.850294469456237        9.6323864027318660     
        2646   6.9433707101051603        11.852723396071745        9.6337344265158702     
        2647   6.9435544613353013        11.853324570575802        9.6340683586104472     
        2648   6.9462945139509564        11.862293425457009        9.6390423683836932     
        2649   6.9472437678505488        11.865402440081935        9.6407660664120893     
        2650   6.9501329463368267        11.874871085498388        9.6460122260736210     
        2651   6.9509698964361206        11.877615680501048        9.6475324762141224     
        2652   6.9517731378259571        11.880250443727492        9.6489916036936396     
        2653   6.9524990046868451        11.882632003094841        9.6503102933435070     
        2654   6.9526189700168715        11.883025662344100        9.6505286057511466     
        2655   6.9530004542044139        11.884277583507432        9.6512218931410576     
        2656   6.9544209885388373        11.888940746715370        9.6538024774301743     
        2657   6.9575515283488913        11.899224997899374        9.6594899440947923     
        2658   6.9576747180197991        11.899629909174992        9.6597141968952744     
        2659   6.9581851939397126        11.901307963694194        9.6606421121146564     
        2660   6.9584508956623088        11.902181499243722        9.6611253131058721     
        2661   6.9586820850971858        11.902941632391920        9.6615458149812685     
        2662   6.9589823930451491        11.903929108197445        9.6620919144299950     
        2663   6.9593821074134574        11.905243604544834        9.6628186555733340     
        2664   6.9601545091999748        11.907784206365184        9.6642226534099063     
        2665   6.9603639522963068        11.908473222697362        9.6646036906706723     
        2666   6.9618390234858971        11.913327189564052        9.6672848021916469     
        2667   6.9624475750278014        11.915330416261918        9.6683912564111605     
        2668   6.9629498374773160        11.916984063428401        9.6693045721593105     
        2669   6.9631170623686609        11.917534694771692        9.6696089531032090     
        2670   6.9647493174784145        11.922910911129778        9.6725763416248984     
        2671   6.9650579867254034        11.923927910995442        9.6731378870239535     
        2672   6.9652635184035336        11.924605151760042        9.6735119527993714     
        2673   6.9655788735102959        11.925644357324293        9.6740856740477863     
        2674   6.9664411558987762        11.928486431385066        9.6756537240002363     
        2675   6.9672601548117639        11.931186591690198        9.6771431783459523     
        2676   6.9674215269713873        11.931718706104377        9.6774370156800895     
        2677   6.9680277395728609        11.933717906542773        9.6785396759236715     
        2678   6.9682522498195709        11.934458409910699        9.6789483327459553     
        2679   6.9694545206207241        11.938424799567478        9.6811349367279593     
        2680   6.9703171626275262        11.941271695747318        9.6827040918644069     
        2681   6.9705188481084459        11.941937416260137        9.6830713093390042     
        2682   6.9706171483467960        11.942261900327352        9.6832505149034294     
        2683   6.9706174811452293        11.942262998895870        9.6832515572589219     
        2684   6.9708863646994912        11.943150623668805        9.6837409917030524     
        2685   6.9711367028382254        11.943977098085108        9.6841967078626059     
        2686   6.9711484526415468        11.944015890943557        9.6842185141038915     
        2687   6.9712835325669529        11.944461878276202        9.6844646189611137     
        2688   6.9716532538095342        11.945682672059204        9.6851374747969050     
        2689   6.9731273193325141        11.950551415861105        9.6878190046920114     
        2690   6.9738574409596632        11.952963838849794        9.6891475266910003     
        2691   6.9740081807901522        11.953461976618307        9.6894221674943264     
        2692   6.9749446676018660        11.956557265178768        9.6911261903335149     
        2693   6.9753390967861506        11.957861224515158        9.6918441788016327     
        2694   6.9755672899789918        11.958615695235505        9.6922597581401764     
        2695   6.9756908497412029        11.959024242233637        9.6924849854912711     
        2696   6.9757689865775827        11.959282608176341        9.6926275769330044     
        2697   6.9762155963155470        11.960759488519153        9.6934405443392091     
        2698   6.9776565691668484        11.965526086141894        9.6960627682613865     
        2699   6.9780795619234475        11.966925736392170        9.6968328758707987     
        2700   6.9781868216937202        11.967280681797718        9.6970284854899500     
        2701   6.9783072851459034        11.967679336017550        9.6972481226211169     
        2702   6.9784132120427280        11.968029897001637        9.6974413101955559     
        2703   6.9785264690452857        11.968404730283094        9.6976478376704396     
        2704   6.9799667083401404        11.973172545379589        9.7002691763185513     
        2705   6.9801242669899786        11.973694270639543        9.7005563515090873     
        2706   6.9814046661320415        11.977935076602460        9.7028870806661640     
        2707   6.9821075004303887        11.980263696638291        9.7041667519485078     
        2708   6.9824155161995041        11.981284380772619        9.7047278326742887     
        2709   6.9830464581716596        11.983375483665778        9.7058767354216204     
        2710   6.9836201102563198        11.985277092826561        9.7069214036510818     
        2711   6.9857476717446882        11.992332942273730        9.7107950706127806     
        2712   6.9859824820232914        11.993111972718022        9.7112230191505180     
        2713   6.9860412997680568        11.993307121951098        9.7113305461850334     
        2714   6.9873896945997789        11.997781956303946        9.7137861092319842     
        2715   6.9874846096662386        11.998097020501909        9.7139593763639152     
        2716   6.9875675968679394        11.998372499086683        9.7141109253781170     
        2717   6.9877410356818341        11.998948259102786        9.7144271793900980     
        2718   6.9878791279255177        11.999406703796616        9.7146790736752617     
        2719   6.9881871952136985        12.000429514855387        9.7152404887899859     
        2720   6.9886244947019494        12.001881568092402        9.7160372517713451     
        2721   6.9888027096590104        12.002473391452032        9.7163622282804365     
        2722   6.9906508507696214        12.008612838265231        9.7197284688944325     
        2723   6.9910053425789611        12.009790876055723        9.7203745549415164     
        2724   6.9930083025753014        12.016449668219083        9.7240233656310924     
        2725   6.9930426817850027        12.016563999786589        9.7240864311770583     
        2726   6.9950367816174195        12.023197819919590        9.7277196506423866     
        2727   6.9952051681475034        12.023758197008188        9.7280268754466928     
        2728   6.9952489761443006        12.023903991713379        9.7281071299786976     
        2729   6.9965739156437818        12.028314446142643        9.7305216320788350     
        2730   6.9973259613627921        12.030818719243825        9.7318924174932473     
        2731   6.9997540615587051        12.038908450314599        9.7363177591842405     
        2732   6.9997971931060503        12.039052211392065        9.7363968082345789     
        2733   7.0011859400058993        12.043682126605738        9.7389284278042485     
        2734   7.0014511535342390        12.044566560453999        9.7394122852999150     
        2735   7.0032924180794245        12.050708965500931        9.7427691472982456     
        2736   7.0040889103765940        12.053367210162431        9.7442216470486382     
        2737   7.0046944288921775        12.055388564331480        9.7453260461117122     
        2738   7.0053237306059781        12.057489745119021        9.7464738583491677     
        2739   7.0060667309490494        12.059971123702871        9.7478290400437846     
        2740   7.0063897870881302        12.061050217830980        9.7484185447231884     
        2741   7.0065646540638271        12.061634368995781        9.7487378456709610     
        2742   7.0067749949939300        12.062337067746657        9.7491218368825248     
        2743   7.0074623502234754        12.064633701596639        9.7503756910689336     
        2744   7.0080345276092881        12.066545898468604        9.7514195636763557     
        2745   7.0080720863591548        12.066671431290647        9.7514884989365687     
        2746   7.0090710340528881        12.070010798278680        9.7533107477590040     
        2747   7.0091112437453820        12.070145237995051        9.7533845231744731     
        2748   7.0097195669236561        12.072179366047150        9.7544944490110073     
        2749   7.0102970832219986        12.074110864135109        9.7555482343236459     
        2750   7.0113928600672057        12.077776705770557        9.7575474098854702     
        2751   7.0115529955243066        12.078312539841550        9.7578399573406909     
        2752   7.0118270599798933        12.079229661786414        9.7583403329028773     
        2753   7.0119028949307536        12.079483448690100        9.7584791102723312     
        2754   7.0123773261186848        12.081071311652453        9.7593450133776489     
        2755   7.0127934504109461        12.082464236176071        9.7601045775985735     
        2756   7.0130044280483474        12.083170531813805        9.7604899080526284     
        2757   7.0164271032547934        12.094635690346557        9.7667352160900531     
        2758   7.0206790414485258        12.108897017704441        9.7744957664012855     
        2759   7.0208844514302999        12.109586493840750        9.7748711592854658     
        2760   7.0213470584395683        12.111139447861074        9.7757160545382202     
        2761   7.0216877897207439        12.112283423979219        9.7763384937254880     
        2762   7.0232350765629148        12.117479954256241        9.7791636687417505     
        2763   7.0234537854979804        12.118214701484419        9.7795634132468461     
        2764   7.0249902553261006        12.123377956024363        9.7823692064753001     
        2765   7.0252948639265194        12.124401899583034        9.7829258541929942     
        2766   7.0255571364212788        12.125283614087953        9.7834052077025166     
        2767   7.0263686953806985        12.128012426708903        9.7848876196665291     
        2768   7.0277458540289661        12.132644734992819        9.7874030640166207     
        2769   7.0279290998780422        12.133261275488737        9.7877381745084389     
        2770   7.0281208187567836        12.133906364639685        9.7880887644348054     
        2771   7.0286064292046433        12.135540516348062        9.7889761271874871     
        2772   7.0299248911479690        12.139978685031744        9.7913847720493532     
        2773   7.0308536984511756        12.143106392451164        9.7930818447639165     
        2774   7.0317380113060013        12.146085176625492        9.7946977490418323     
        2775   7.0342349968344502        12.154500998688478        9.7992602512617868     
        2776   7.0352783284329066        12.158019535035754        9.8011671391368917     
        2777   7.0357157067000724        12.159494919901341        9.8019668330919263     
        2778   7.0357216623622971        12.159515011322501        9.8019781602969669     
        2779   7.0359042203558761        12.160130890133393        9.8023122122177018     
        2780   7.0366623000606330        12.162688758520513        9.8036980257696147     
        2781   7.0374024504973383        12.165186762415571        9.8050511491382171     
        2782   7.0376767369682778        12.166112636328567        9.8055528907028400     
        2783   7.0380730760915347        12.167450659286320        9.8062777188572436     
        2784   7.0413914403889128        12.178660337099025        9.8123439295976933     
        2785   7.0414315119142206        12.178795778463739        9.8124176314312326     
        2786   7.0424426208677851        12.182213924128556        9.8142666225814583     
        2787   7.0426547489354903        12.182931190628395        9.8146549050436835     
        2788   7.0433457002380937        12.185267854080367        9.8159186716606879     
        2789   7.0433875266670869        12.185409320488308        9.8159955930149554     
        2790   7.0446575347726510        12.189705727289088        9.8183182716514121     
        2791   7.0447307776312966        12.189953562420614        9.8184526490468276     
        2792   7.0455121684128965        12.192597971680689        9.8198819979178591     
        2793   7.0455134305120986        12.192602243485442        9.8198847508138574     
        2794   7.0482409721697215        12.201838371254132        9.8248736108000987     
        2795   7.0482747505000098        12.201952806492386        9.8249358396247448     
        2796   7.0484946618608264        12.202697860799443        9.8253385266607207     
        2797   7.0497107601548485        12.206818974601195        9.8275634664759703     
        2798   7.0507900122896903        12.210477767131509        9.8295382541254259     
        2799   7.0513740341641240        12.212458228784735        9.8306071524089358     
        2800   7.0514606255024193        12.212751899850034        9.8307660184239136     
        2801   7.0516028617717232        12.213234307195249        9.8310266901367864     
        2802   7.0521155343966635        12.214973276528639        9.8319651108472943     
        2803   7.0532382612620568        12.218782587147404        9.8340197984216164     
        2804   7.0542010329979892        12.222050340597642        9.8357819536578592     
        2805   7.0542323896571002        12.222156786514253        9.8358397789262941     
        2806   7.0546465947571910        12.223562987861872        9.8365981903932340     
        2807   7.0553811598283964        12.226057278397136        9.8379428948249537     
        2808   7.0557664670396383        12.227365877088818        9.8386484844929623     
        2809   7.0560551509478042        12.228346431345081        9.8391772588084212     
        2810   7.0568117457724027        12.230916765130702        9.8405624233436608     
        2811   7.0581265125098920        12.235384914706881        9.8429693375114784     
        2812   7.0583804427760635        12.236248110340759        9.8434345889785018     
        2813   7.0587169499213189        12.237392127776088        9.8440510063266995     
        2814   7.0590561791617228        12.238545531955685        9.8446724219812669     
        2815   7.0610762243665430        12.245416589248855        9.8483709447460743     
        2816   7.0629832486921575        12.251907548277908        9.8518630682559252     
        2817   7.0632976157932701        12.252977967565673        9.8524391544294314     
        2818   7.0638241197403904        12.254770969033418        9.8534037156606491     
        2819   7.0651733952768012        12.259367375224704        9.8558750770759591     
        2820   7.0660983836506617        12.262519637111319        9.8575695882156840     
        2821   7.0665461904241811        12.264046071962984        9.8583902097790794     
        2822   7.0673915280110160        12.266928201686339        9.8599389976731135     
        2823   7.0676545678767226        12.267825190408262        9.8604212547567851     
        2824   7.0676697903538006        12.267877102836344        9.8604495852172445     
        2825   7.0700061516585082        12.275847871730226        9.8647299597133955     
        2826   7.0711468156235151        12.279741689111271        9.8668202320422242     
        2827   7.0714596124769491        12.280809730249862        9.8673937894390260     
        2828   7.0716770326402001        12.281552176019893        9.8677926044493613     
        2829   7.0718638029252991        12.282190002688324        9.8681352664506061     
        2830   7.0723252282844742        12.283765959901416        9.8689811921867783     
        2831   7.0730829025765356        12.286354267815973        9.8703700028509918     
        2832   7.0738475436582107        12.288967054513760        9.8717716583565025     
        2833   7.0756097183361746        12.294991024848381        9.8750015995976117     
        2834   7.0773484396238091        12.300938378907304        9.8781889706753230     
        2835   7.0790765627963506        12.306852988665950        9.8813573221475277     
        2836   7.0794698266789737        12.308199447693585        9.8820787373902395     
        2837   7.0800146189737188        12.310065010111616        9.8830779828649273     
        2838   7.0801950947159851        12.310683099940176        9.8834093160971630     
        2839   7.0803055253313323        12.311061319414707        9.8836122305796170     
        2840   7.0815121655883555        12.315194935851943        9.8858250684025837     
        2841   7.0819319688579689        12.316633466708794        9.8865952775735675     
        2842   7.0832258224990916        12.321068389412334        9.8889683150311267     
        2843   7.0834664749726057        12.321893487262926        9.8894100824634084     
        2844   7.0836892720387574        12.322657426996821        9.8898191129220212     
        2845   7.0837257081719542        12.322782366914174        9.8898863816671199     
        2846   7.0839350095724383        12.323500094049104        9.8902706699793992     
        2847   7.0842300406819980        12.324511889214895        9.8908121887774616     
        2848   7.0842839765510695        12.324696870782834        9.8909115542079409     
        2849   7.0855605805937563        12.329076184925778        9.8932533660834512     
        2850   7.0858079414809580        12.329924963570470        9.8937075143126325     
        2851   7.0873588784232862        12.335248393939013        9.8965528171922639     
        2852   7.0890338722273558        12.341000821392646        9.8996260413240602     
        2853   7.0902604712666584        12.345215427573986        9.9018769268391562     
        2854   7.0903636519820221        12.345570038519579        9.9020666908921111     
        2855   7.0914895424965145        12.349440310642558        9.9041330022335838     
        2856   7.0920340294330195        12.351312533334816        9.9051325758073627     
        2857   7.0949052414980462        12.361191020888109        9.9104023133335399     
        2858   7.0966185307222789        12.367090293844075        9.9135475473692001     
        2859   7.0981184590291386        12.372257771673210        9.9163014789760471     
        2860   7.0996363192397896        12.377489747374391        9.9190886394585096     
        2861   7.1001049939030256        12.379105794887636        9.9199496146671553     
        2862   7.1004295496794159        12.380225055933364        9.9205459934119968     
        2863   7.1017068897545208        12.384631300161265        9.9228919513595333     
        2864   7.1017732007566474        12.384860096078768        9.9230141712704896     
        2865   7.1024009592862711        12.387026339759437        9.9241674262110831     
        2866   7.1030774707106437        12.389361343414139        9.9254102699441535     
        2867   7.1038862428953138        12.392153565590894        9.9268960880888546     
        2868   7.1045857762873599        12.394569278416030        9.9281813530742493     
        2869   7.1049767680894140        12.395919752607115        9.9288999570597678     
        2870   7.1050825863886695        12.396285277263120        9.9290947731227899     
        2871   7.1078726490341850        12.405927721990270        9.9342205045907175     
        2872   7.1081549944811773        12.406904024918971        9.9347396768014686     
        2873   7.1082738116125492        12.407314903014035        9.9349584204977344     
        2874   7.1083502253273503        12.407579155997388        9.9350992611423887     
        2875   7.1091734430912235        12.410426440629058        9.9366121994908578     
        2876   7.1093048903141707        12.410881155617144        9.9368541657247444     
        2877   7.1095768587727246        12.411822040950806        9.9373543262901141     
        2878   7.1095990840682601        12.411898934127732        9.9373956145700628     
        2879   7.1109052494187805        12.416418932051483        9.9397961301936260     
        2880   7.1109389126144826        12.416535450878186        9.9398584406848922     
        2881   7.1113611485237440        12.417997056465076        9.9406347975097749     
        2882   7.1116211184136073        12.418897070664748        9.9411129846715145     
        2883   7.1119799762137079        12.420139567312255        9.9417729089601163     
        2884   7.1122259092120652        12.420991166253119        9.9422253216118985     
        2885   7.1127002879392691        12.422634015372891        9.9430975812636806     
        2886   7.1135025277474782        12.425412913963253        9.9445724497729788     
        2887   7.1145761647281773        12.429133120720470        9.9465462490490300     
        2888   7.1151069997794600        12.430973002610564        9.9475224349592093     
        2889   7.1160664518414531        12.434299336304472        9.9492865635987879     
        2890   7.1173830901517681        12.438865804216990        9.9517074796681140     
        2891   7.1175166941596890        12.439329296638148        9.9519535583188148     
        2892   7.1186699547145604        12.443331024461209        9.9540743404165948     
        2893   7.1204125005597820        12.449380567607818        9.9572788965682353     
        2894   7.1223366086767648        12.456064689234811        9.9608177786804770     
        2895   7.1241332799941945        12.462310146918554        9.9641227584298253     
        2896   7.1249035691009848        12.464988964777834        9.9655400994871588     
        2897   7.1253995659454361        12.466714262217506        9.9664529435671465     
        2898   7.1256572540727783        12.467610733547854        9.9669274297231691     
        2899   7.1257420169751233        12.467905632809359        9.9670838114347138     
        2900   7.1260528599862258        12.468987163534988        9.9676560948393860     
        2901   7.1261048051217051        12.469167910098214        9.9677521082311262     
        2902   7.1265224721806160        12.470621329235033        9.9685209299503068     
        2903   7.1266754227412976        12.471153627245556        9.9688027673499686     
        2904   7.1267091461617822        12.471270995188950        9.9688652623040586     
        2905   7.1276200612053540        12.474441782788009        9.9705416015092414     
        2906   7.1276797772511085        12.474649682404300        9.9706519234427642     
        2907   7.1286807118724420        12.478135049710488        9.9724940171817362     
        2908   7.1298731663846375        12.482288897184395        9.9746886698622692     
        2909   7.1300782913626533        12.483003612344682        9.9750665872012174     
        2910   7.1312378740450928        12.487044896982713        9.9772009709107028     
        2911   7.1326256481083075        12.491883603826851        9.9797555253347259     
        2912   7.1330863671468938        12.493490495764899        9.9806039580899384     
        2913   7.1352164580267008        12.500923167072933        9.9845253362122737     
        2914   7.1366614738897418        12.505968506296391        9.9871860263157384     
        2915   7.1369258281214591        12.506891786736224        9.9876731805018597     
        2916   7.1371230020988694        12.507580489727104        9.9880366560377478     
        2917   7.1373715629176626        12.508448747843373        9.9884947485024060     
        2918   7.1378480109323510        12.510113258961795        9.9893724392028016     
        2919   7.1393539804080204        12.515376312328829        9.9921458877876663     
        2920   7.1413487508723765        12.522351891760136        9.9958198566981249     
        2921   7.1419294087915492        12.524383328513597        9.9968897366746408     
        2922   7.1419583583059989        12.524484619441237        9.9969435105088156     
        2923   7.1420782656645905        12.524904172035214        9.9971648106803013     
        2924   7.1426850539575764        12.527027577772540        9.9982828774877799     
        2925   7.1436525631832728        12.530414229647159        10.000065440901556     
        2926   7.1441048708144512        12.531997872651656        10.000899069896166     
        2927   7.1447366993388552        12.534210483484635        10.002063432140572     
        2928   7.1451323760901522        12.535596359822364        10.002792800990301     
        2929   7.1455392560513866        12.537021676254993        10.003542830549721     
        2930   7.1462365062832180        12.539464643567705        10.004827846813763     
        2931   7.1467188406369493        12.541154955812310        10.005716957069749     
        2932   7.1472848545721215        12.543138882642692        10.006760279282000     
        2933   7.1477983556530917        12.544939088046041        10.007706885550617     
        2934   7.1499693576244150        12.552553657387218        10.011707913642590     
        2935   7.1502217095529792        12.553439132465900        10.012173427663418     
        2936   7.1506698558536375        12.555011821680299        10.012999791595282     
        2937   7.1515182570629552        12.557989811351190        10.014563877270545     
        2938   7.1521654773213248        12.560262228313984        10.015757246017094     
        2939   7.1523025898501222        12.560743702338089        10.016010425926604     
        2940   7.1533474146018836        12.564413391779082        10.017936772106358     
        2941   7.1538128477634588        12.566048544713267        10.018795193200789     
        2942   7.1539019561630681        12.566361629528538        10.018959912397365     
        2943   7.1540325611808973        12.566820531567323        10.019201128688414     
        2944   7.1543801923222663        12.568042092934189        10.019842426885871     
        2945   7.1546275643841470        12.568911438948833        10.020298912132001     
        2946   7.1546547791296558        12.569007085045413        10.020349539154628     
        2947   7.1556039537492779        12.572343527317351        10.022099874119020     
        2948   7.1559673784970830        12.573621295865223        10.022770365245998     
        2949   7.1563285204929397        12.574891200218435        10.023436665550930     
        2950   7.1563543694747773        12.574982100663430        10.023484780920887     
        2951   7.1580023869738234        12.580779219956467        10.026523947064115     
        2952   7.1582296510959118        12.581578915272187        10.026943475339943     
        2953   7.1583270249951187        12.581921573401500        10.027123490165712     
        2954   7.1585320517265014        12.582643099550278        10.027502021803370     
        2955   7.1585552825193961        12.582724856195624        10.027545317086444     
        2956   7.1599388567367876        12.587595305441340        10.030097276593652     
        2957   7.1600061233755605        12.587832157517836        10.030221789082832     
        2958   7.1621197442973976        12.595277271832293        10.034120577513169     
        2959   7.1622864693620274        12.595864787701908        10.034428565687497     
        2960   7.1628233782101907        12.597757014178685        10.035419398453426     
        2961   7.1633366381286105        12.599566229597549        10.036366645362206     
        2962   7.1635199860711349        12.600212601237898        10.036705325761142     
        2963   7.1659634606824731        12.608830775020269        10.041213713170491     
        2964   7.1670613642309551        12.612705517963995        10.043239940774642     
        2965   7.1673799802920595        12.613830265205452        10.043828315739146     
        2966   7.1674563518646863        12.614099883454767        10.043969697928175     
        2967   7.1678253320758154        12.615402614517384        10.044651027056981     
        2968   7.1687073863704542        12.618517506124210        10.046279196111852     
        2969   7.1694755467582914        12.621230982778309        10.047697275654174     
        2970   7.1694997275985113        12.621316411979928        10.047742359975869     
        2971   7.1698931114334137        12.622706311823523        10.048468830720987     
        2972   7.1702158620675975        12.623846795430744        10.049064959512778     
        2973   7.1710570904966859        12.626820002867689        10.050618061232333     
        2974   7.1711826581756037        12.627263880579372        10.050850286047590     
        2975   7.1727645932363178        12.632857658544543        10.053770787441740     
        2976   7.1727767330296599        12.632900597380960        10.053793655413189     
        2977   7.1763102858278067        12.645406730121596        10.060317819821817     
        2978   7.1768361949629478        12.647269392770065        10.061289365987902     
        2979   7.1771503851156622        12.648382355639880        10.061869992512781     
        2980   7.1781682531151025        12.651988823335076        10.063750087709705     
        2981   7.1816080425437594        12.664186176369036        10.070103643840577     
        2982   7.1817436008126379        12.664667165302442        10.070354504402724     
        2983   7.1828910530848207        12.668739491624349        10.072474622180119     
        2984   7.1835852737989390        12.671204097381935        10.073757584163120     
        2985   7.1837595844661104        12.671823026357583        10.074080075168661     
        2986   7.1844741887922083        12.674360789213246        10.075400779308326     
        2987   7.1849300803731078        12.675980126210698        10.076243543198624     
        2988   7.1851463117569718        12.676748276570297        10.076643521279399     
        2989   7.1858265588365757        12.679165202597316        10.077900876616928     
        2990   7.1863614867291696        12.681066218192338        10.078889769257716     
        2991   7.1871460160322362        12.683854915905524        10.080339942698435     
        2992   7.1876410104465451        12.685614829483075        10.081255134371256     
        2993   7.1879419270657419        12.686684866173458        10.081811693570144     
        2994   7.1886320129760461        12.689139191820134        10.083087491289190     
        2995   7.1888298325865723        12.689842858430167        10.083453550709491     
        2996   7.1903846686814168        12.695375310056813        10.086327760169114     
        2997   7.1904205314101866        12.695502953718993        10.086394507947729     
        2998   7.1907509590339691        12.696679097949783        10.087005729896388     
        2999   7.1910679358512306        12.697807494574091        10.087592103391893     
        3000   7.1917361523950678        12.700186676582273        10.088827768104094     
        3001   7.1918769741433159        12.700688144009018        10.089088546388689     
        3002   7.1925554282400785        12.703104477226153        10.090343210546601     
        3003   7.1925565576374897        12.703108500093398        10.090345758718984     
        3004   7.1929039020895802        12.704345803574132        10.090988351276410     
        3005   7.1929674343692795        12.704572133556701        10.091106264882550     
        3006   7.1950091306232604        12.711848284291642        10.094881538340831     
        3007   7.1970042339226801        12.718963506169215        10.098571215745411     
        3008   7.1971938564980409        12.719640028764012        10.098922342568470     
        3009   7.1976450991186436        12.721250125727410        10.099757298941798     
        3010   7.1976974618583949        12.721436980115305        10.099854597447104     
        3011   7.1985159189668675        12.724358066163882        10.101368730432993     
        3012   7.1992989896274331        12.727153656394755        10.102817504352272     
        3013   7.2006093466666119        12.731833426627064        10.105241697121057     
        3014   7.2016668660016974        12.735611817374403        10.107198393327005     
        3015   7.2029689593563999        12.740266003902807        10.109607719932198     
        3016   7.2044784006987452        12.745664044955337        10.112400927951773     
        3017   7.2045830216729021        12.746038296887225        10.112594969216017     
        3018   7.2048090167951964        12.746846778299808        10.113013593608814     
        3019   7.2049528995485570        12.747361542632795        10.113280287662382     
        3020   7.2060408902973645        12.751254867361531        10.115293996651138     
        3021   7.2076283340142737        12.756938182168374        10.118232195906716     
        3022   7.2093856410344870        12.763233405326787        10.121485145746648     
        3023   7.2096077041724147        12.764029187021126        10.121896640289053     
        3024   7.2107442080371191        12.768102934706672        10.124000843342960     
        3025   7.2111867511794356        12.769689659994793        10.124820528626410     
        3026   7.2114324690433511        12.770570782812992        10.125275868209298     
        3027   7.2118822611639137        12.772183899268780        10.126109015037558     
        3028   7.2140523989263334        12.779970452972123        10.130127364939822     
        3029   7.2142422174278336        12.780651818894505        10.130479296236617     
        3030   7.2143234748245568        12.780943511824461        10.130630216863738     
        3031   7.2156018964211306        12.785533833332087        10.132997952121253     
        3032   7.2181011637612436        12.794513834333312        10.137626988585529     
        3033   7.2182739418326722        12.795134933280290        10.137947463200421     
        3034   7.2190446630654019        12.797905975562692        10.139375470214050     
        3035   7.2191246229538812        12.798193506398096        10.139524041119872     
        3036   7.2215809982293946        12.807030511107921        10.144074813867368     
        3037   7.2217203035248172        12.807531907020900        10.144333357791753     
        3038   7.2218967286660884        12.808166942975715        10.144660674703159     
        3039   7.2220780971174072        12.808819814237893        10.144997154264795     
        3040   7.2221268473862645        12.808995307647065        10.145087936688148     
        3041   7.2223623668805725        12.809843184692609        10.145524748627610     
        3042   7.2227488863080325        12.811234821719658        10.146241335532556     
        3043   7.2241107294539066        12.816139589586985        10.148765114531505     
        3044   7.2245312581593470        12.817654637694552        10.149544813357677     
        3045   7.2258312962154925        12.822339765842489        10.151954385917771     
        3046   7.2264641439232520        12.824621241823200        10.153127667176383     
        3047   7.2272599073491461        12.827490783366434        10.154602947514389     
        3048   7.2275890716141404        12.828677998203027        10.155213488458800     
        3049   7.2278148402035916        12.829492371674984        10.155632403198330     
        3050   7.2286152311576881        12.832380009067723        10.157116407555003     
        3051   7.2311202357816438        12.841422916232652        10.161760510586744     
        3052   7.2317479772867355        12.843690305041042        10.162924781328938     
        3053   7.2319948677241035        12.844582208867873        10.163382984982620     
        3054   7.2320401328844506        12.844745740111714        10.163467372766407     
        3055   7.2326134327138121        12.846817154649280        10.164530780771644     
        3056   7.2326572011981076        12.846975314093426        10.164612397412847     
        3057   7.2326995933957461        12.847128502646749        10.164691462505980     
        3058   7.2336292229917145        12.850488404636158        10.166415640458938     
        3059   7.2359090269234905        12.858732939189744        10.170643801600184     
        3060   7.2369381797753034        12.862456928528740        10.172552972131230     
        3061   7.2370832131476837        12.862981843257469        10.172822433093570     
        3062   7.2380271669489940        12.866398939026935        10.174573735918026     
        3063   7.2387253129860012        12.868926966479828        10.175869194700544     
        3064   7.2387393243159854        12.868977708863936        10.175895650246156     
        3065   7.2392271146347253        12.870744414312833        10.176800959865078     
        3066   7.2407399036868911        12.876225501669346        10.179607834426454     
        3067   7.2411352547651706        12.877658419936944        10.180341775987587     
        3068   7.2412613877597121        12.878115622063754        10.180576254502808     
        3069   7.2415495904072955        12.879160366617469        10.181111427093930     
        3070   7.2425088823961472        12.882638619718335        10.182891764368923     
        3071   7.2430680665263694        12.884666698263803        10.183929798882724     
        3072   7.2433016598954749        12.885514028849281        10.184363710813402     
        3073   7.2433453371318608        12.885672470502021        10.184445223013006     
        3074   7.2450980329380226        12.892032546435487        10.187698166783536     
        3075   7.2454666800960235        12.893370785851317        10.188382784570253     
        3076   7.2461134865226882        12.895719214164910        10.189583667587675     
        3077   7.2465737851284953        12.897390804821308        10.190438442926661     
        3078   7.2469582378485136        12.898787172646657        10.191152471286957     
        3079   7.2471574431992174        12.899510781596879        10.191522679787218     
        3080   7.2472657582268969        12.899904255472205        10.191724190251472     
        3081   7.2474863607571756        12.900705681834179        10.192134123386490     
        3082   7.2483225169075745        12.903743934580350        10.193686664451819     
        3083   7.2493391148870359        12.907439083671205        10.195574270480469     
        3084   7.2493424354019087        12.907451155377411        10.195580901007537     
        3085   7.2495358868258819        12.908154471693544        10.195940492778044     
        3086   7.2495474543913172        12.908196528560088        10.195962433451912     
        3087   7.2502858593382902        12.910881556205739        10.197333731300096     
        3088   7.2517040077739985        12.916040326337555        10.199967165503933     
        3089   7.2517608976499597        12.916247329030059        10.200073260888276     
        3090   7.2525122075088291        12.918981489251163        10.201468743971981     
        3091   7.2532410396333331        12.921634563240142        10.202822564471839     
        3092   7.2540927225777407        12.924735727402979        10.204404596031166     
        3093   7.2543456559943458        12.925656898625949        10.204874776175624     
        3094   7.2544911066722211        12.926186661364186        10.205145358075546     
        3095   7.2555396181673437        12.930006396945984        10.207093090766547     
        3096   7.2561896492540345        12.932375198147728        10.208300852312595     
        3097   7.2566332191800509        12.933991949106655        10.209125189283428     
        3098   7.2571862534672125        12.936008048679311        10.210152878819121     
        3099   7.2576548469970357        12.937716635642872        10.211023758264153     
        3100   7.2595131779643465        12.944495362841701        10.214476369187354     
        3101   7.2595334474336095        12.944569326142160        10.214514492944444     
        3102   7.2598874042858679        12.945861003014791        10.215172545568135     
        3103   7.2616311179219801        12.952226685808226        10.218412754079852     
        3104   7.2646924923452545        12.963412494561133        10.224102119615077     
        3105   7.2647366606902493        12.963573970750655        10.224184674189223     
        3106   7.2647847343624861        12.963749727490100        10.224274487099306     
        3107   7.2648035657414542        12.963818575616148        10.224309953289433     
        3108   7.2652001381611448        12.965268567223513        10.225047464308245     
        3109   7.2652775332631991        12.965551572211787        10.225191776207753     
        3110   7.2654887616245336        12.966323996215552        10.225584830172350     
        3111   7.2667305496528849        12.970866197776205        10.227893390268809     
        3112   7.2671044177165847        12.972234133346621        10.228588802384694     
        3113   7.2675272396115149        12.973781410258326        10.229375232634334     
        3114   7.2684388392725436        12.977118138100005        10.231070309909041     
        3115   7.2686814036319376        12.978006183892539        10.231521709944280     
        3116   7.2709794330130322        12.986423351907945        10.235794655897143     
        3117   7.2716858604000159        12.989012261905081        10.237108653324912     
        3118   7.2718699401124267        12.989686986004008        10.237451410443969     
        3119   7.2721014144963458        12.990535494720866        10.237882302526293     
        3120   7.2722978259764188        12.991255530869472        10.238248001396217     
        3121   7.2740985350791121        12.997859271657836        10.241597161163147     
        3122   7.2742313308935911        12.998346446474072        10.241844601557224     
        3123   7.2744600204395429        12.999185472733338        10.242270389156159     
        3124   7.2752758020561039        13.002179021774394        10.243788113339038     
        3125   7.2761730712774630        13.005472628622593        10.245457499544434     
        3126   7.2763474039966116        13.006112677751208        10.245782239636567     
        3127   7.2766966822035988        13.007395149013686        10.246432402916865     
        3128   7.2774191026767552        13.010048237025206        10.247776702770091     
        3129   7.2784720242930998        13.013916350966269        10.249735921136802     
        3130   7.2786901765681780        13.014717963257283        10.250142237959141     
        3131   7.2788515722976959        13.015311061921713        10.250442969921041     
        3132   7.2790967458852247        13.016212095619304        10.250899570009102     
        3133   7.2798852817742645        13.019110582373107        10.252367118377455     
        3134   7.2801062920690089        13.019923118995724        10.252778795047350     
        3135   7.2801456160746492        13.020067699246665        10.252852430778590     
        3136   7.2805619517116220        13.021598544148210        10.253627546031018     
        3137   7.2815013727759714        13.025053608696537        10.255376015474210     
        3138   7.2827268251491297        13.029562453024321        10.257656890247498     
        3139   7.2828067411912158        13.029856561181058        10.257806080464713     
        3140   7.2837393534348323        13.033289413676998        10.259542166086062     
        3141   7.2853791461243098        13.039328185853211        10.262594620850644     
        3142   7.2859081153497494        13.041276969197433        10.263579687670992     
        3143   7.2863396900626274        13.042867221351845        10.264383497608494     
        3144   7.2865873642348440        13.043779957129589        10.264845003830109     
        3145   7.2870638918093347        13.045536304232479        10.265732535432486     
        3146   7.2874238250882657        13.046863121959856        10.266403046081583     
        3147   7.2875089687320020        13.047177011701367        10.266562019758512     
        3148   7.2875764696855239        13.047425867072125        10.266688150545539     
        3149   7.2879362393443463        13.048752332245536        10.267358381853908     
        3150   7.2880303621826990        13.049099390735837        10.267534077888355     
        3151   7.2881891029239867        13.049684741660966        10.267830073827083     
        3152   7.2886565629369322        13.051408683131278        10.268700828220259     
        3153   7.2887447453618455        13.051733923605326        10.268865473888484     
        3154   7.2890740556558695        13.052948601962749        10.269479052875786     
        3155   7.2900666923940705        13.056610887747858        10.271327699683296     
        3156   7.2901080393451654        13.056763464448053        10.271405156589269     
        3157   7.2903908764967840        13.057807240097588        10.271932263979517     
        3158   7.2918082655481973        13.063039581328866        10.274572047128027     
        3159   7.2920842502807410        13.064058707129684        10.275086459564962     
        3160   7.2924503576530419        13.065410788109046        10.275768715375749     
        3161   7.2928831512586250        13.067009385638881        10.276575181535408     
        3162   7.2932581139977684        13.068394581570908        10.277273969506053     
        3163   7.2933421050937035        13.068704889705218        10.277430865134454     
        3164   7.2935714111493564        13.069552118234398        10.277858399538525     
        3165   7.2936931856241998        13.070002073647633        10.278085668306060     
        3166   7.2944507017116855        13.072801542469756        10.279497013438524     
        3167   7.2946067224245823        13.073378228387304        10.279788082976212     
        3168   7.2956451869628580        13.077217462951912        10.281722844275601     
        3169   7.2957677554493969        13.077670699592764        10.281951626778310     
        3170   7.2958079559610329        13.077819358466805        10.282026980968729     
        3171   7.2959126870220610        13.078206657488685        10.282222539501285     
        3172   7.2969113620044261        13.081900545177703        10.284083362579336     
        3173   7.2969410143941360        13.082010243961266        10.284139073149072     
        3174   7.2970912803972467        13.082566170364784        10.284419475495818     
        3175   7.2971772977672025        13.082884415452121        10.284580190305801     
        3176   7.2973101638060793        13.083376010072628        10.284828182376456     
        3177   7.2976122045905374        13.084493628791588        10.285391344769101     
        3178   7.2981085314084009        13.086330420766938        10.286316482023635     
        3179   7.2984618792960880        13.087638286064617        10.286975267524047     
        3180   7.2985531660142655        13.087976198246963        10.287145815974858     
        3181   7.2990753575282135        13.089909391989288        10.288119207767105     
        3182   7.3013009228599559        13.098152801763792        10.292266654975586     
        3183   7.3014127190569607        13.098567069950102        10.292475458564288     
        3184   7.3017371912690789        13.099769520343202        10.293080592606605     
        3185   7.3022338967032123        13.101610524028191        10.294006715487006     
        3186   7.3033966912966548        13.105921666145299        10.296174281450979     
        3187   7.3035601607624123        13.106527889637011        10.296479425530181     
        3188   7.3038030291671427        13.107428630492558        10.296932558933912     
        3189   7.3040749331424504        13.108437153610593        10.297439818798745     
        3190   7.3043620438575028        13.109502190690531        10.297975432711377     
        3191   7.3057570647422159        13.114678635218043        10.300576225447829     
        3192   7.3066995165429960        13.118177268176469        10.302333579466330     
        3193   7.3070105785665254        13.119332282265734        10.302913948181905     
        3194   7.3075258262011049        13.121245757857485        10.303874998294523     
        3195   7.3077321481792135        13.122012078641552        10.304260127668714     
        3196   7.3077420834439373        13.122048981669053        10.304279123232385     
        3197   7.3081732588325554        13.123650648189516        10.305083477936590     
        3198   7.3099233576958227        13.130154291495941        10.308347090398028     
        3199   7.3109062879776996        13.133808871172292        10.310180465389008     
        3200   7.3111852889247384        13.134846452836547        10.310701224534414     
        3201   7.3113511735802801        13.135463415317686        10.311011047364490     
        3202   7.3131439510221181        13.142133589087559        10.314355019814910     
        3203   7.3135357160022165        13.143591774985312        10.315086186467481     
        3204   7.3138922702312685        13.144919088023192        10.315751698688102     
        3205   7.3171211752190413        13.156947076826521        10.321775462454555     
        3206   7.3178163838236934        13.159538691162618        10.323072984137765     
        3207   7.3184383954954235        13.161858009751473        10.324233998630730     
        3208   7.3185291684107643        13.162196523158290        10.324403839646822     
        3209   7.3194114701614845        13.165487429636949        10.326050601516494     
        3210   7.3195515107867370        13.166009868226665        10.326312387148276     
        3211   7.3195926154242299        13.166163219259165        10.326389561589659     
        3212   7.3210272898080069        13.171517101428664        10.329067259164175     
        3213   7.3215059375911853        13.173303945189948        10.329960992986107     
        3214   7.3217607278467387        13.174255234904072        10.330436973294466     
        3215   7.3220536484062659        13.175349000476551        10.330984125866605     
        3216   7.3229084880327013        13.178541656402848        10.332580056680117     
        3217   7.3242913223368813        13.183708426475850        10.335161638394654     
        3218   7.3257245910832882        13.189066456765229        10.337837633642794     
        3219   7.3261154281012084        13.190528032469670        10.338567742735892     
        3220   7.3266822210889408        13.192647993435475        10.339626372592109     
        3221   7.3270020489597556        13.193844435622630        10.340223958592974     
        3222   7.3274467448113958        13.195508233624652        10.341054693557110     
        3223   7.3277287462529852        13.196563465477078        10.341581687305373     
        3224   7.3285402864050226        13.199600819701693        10.343097432484006     
        3225   7.3288153468373638        13.200630498733075        10.343611507925585     
        3226   7.3300058321682204        13.205088261482290        10.345835009897433     
        3227   7.3301657688327602        13.205687294481777        10.346134153925915     
        3228   7.3305505953917578        13.207128785893959        10.346853276363200     
        3229   7.3306978802618810        13.207680543642999        10.347128805074588     
        3230   7.3309358668215543        13.208572151892771        10.347573724971911     
        3231   7.3316537844925183        13.211262286837551        10.348914973122278     
        3232   7.3318940592479462        13.212162790611941        10.349364197817989     
        3233   7.3321509383606376        13.213125614036407        10.349844442429680     
        3234   7.3335465154255708        13.218358077481657        10.352451574492095     
        3235   7.3337807278442000        13.219236482885714        10.352889537570812     
        3236   7.3346882006376735        13.222640656385845        10.354585161277447     
        3237   7.3356022911860235        13.226070826804714        10.356293260789029     
        3238   7.3357000148016445        13.226437609179143        10.356476301849417     
        3239   7.3367107983725557        13.230232134579188        10.358365181456298     
        3240   7.3375795539571165        13.233494631731338        10.359988827943658     
        3241   7.3377152303769053        13.234004242761037        10.360242808987456     
        3242   7.3386375505849974        13.237469236654359        10.361966665049353     
        3243   7.3387820200499583        13.238012091658055        10.362237096604209     
        3244   7.3389250761679738        13.238549664942784        10.362504890010916     
        3245   7.3397025103047557        13.241471596030683        10.363958143617944     
        3246   7.3397531937773275        13.241662115916762        10.364053333842657     
        3247   7.3407206689992064        13.245299564995403        10.365861836170206     
        3248   7.3415386367847892        13.248375938488287        10.367391037630620     
        3249   7.3417234418350663        13.249071120611950        10.367736914412900     
        3250   7.3420000206159051        13.250111618752021        10.368254325007991     
        3251   7.3421424400955004        13.250647447579034        10.368520991808628     
        3252   7.3425119439235882        13.252037776150646        10.369212105792746     
        3253   7.3425126593840604        13.252040468394533        10.369213919407533     
        3254   7.3432079874555374        13.254657297724982        10.370514080566396     
        3255   7.3432361668853083        13.254763363913991        10.370567230451586     
        3256   7.3432373902223311        13.254767968528594        10.370569993548250     
        3257   7.3439240634000775        13.257352926470990        10.371854045041294     
        3258   7.3451487399748432        13.261964839237272        10.374143928331042     
        3259   7.3460411147237856        13.265326702893050        10.375812736877593     
        3260   7.3465591002591069        13.267278640110199        10.376781659184820     
        3261   7.3467556823110574        13.268019524681627        10.377149682898148     
        3262   7.3490450317808698        13.276651740716831        10.381430916236111     
        3263   7.3500036780862441        13.280268624943707        10.383224137878875     
        3264   7.3501247916812504        13.280725668475204        10.383451115993561     
        3265   7.3501847169105483        13.280951814631756        10.383563663250021     
        3266   7.3508962054728020        13.283637224940994        10.384894779378852     
        3267   7.3515833444029939        13.286231415823059        10.386180422195421     
        3268   7.3522390399647399        13.288707524593606        10.387407316344644     
        3269   7.3523153664342971        13.288995796737552        10.387550559030105     
        3270   7.3542199813604041        13.296191896880972        10.391113792863992     
        3271   7.3562882458421992        13.304012174373602        10.394983710375657     
        3272   7.3563004444609623        13.304058316497050        10.395007011881146     
        3273   7.3570935383826326        13.307058706380227        10.396491416520311     
        3274   7.3579600828342713        13.310337999804418        10.398113350032149     
        3275   7.3581584184988253        13.311088719414339        10.398484963062055     
        3276   7.3590789564738071        13.314573782393136        10.400208065533347     
        3277   7.3595813494775708        13.316476303553475        10.401148732461200     
        3278   7.3596009189628253        13.316550418916139        10.401185834084517     
        3279   7.3603365522347017        13.319336875717296        10.402563056113854     
        3280   7.3611088094739401        13.322262893651217        10.404008899965701     
        3281   7.3618054277955265        13.324903056748488        10.405313247245806     
        3282   7.3620200236191602        13.325716509111365        10.405715400647145     
        3283   7.3634047809283487        13.330967196976438        10.408307984005296     
        3284   7.3637796469515706        13.332389078831881        10.409010213409855     
        3285   7.3640695065691730        13.333488666603175        10.409553323688575     
        3286   7.3642882326538199        13.334318488063200        10.409963276098898     
        3287   7.3643448356102468        13.334533244347552        10.410069721381438     
        3288   7.3645326882795867        13.335246005920038        10.410421882867885     
        3289   7.3665531746204964        13.342915466729419        10.414205260365817     
        3290   7.3665614969378144        13.342947069155317        10.414221322091846     
        3291   7.3666552053440855        13.343302915997270        10.414397262263124     
        3292   7.3673805816441229        13.346057877123197        10.415755988981678     
        3293   7.3676585223680169        13.347113690228875        10.416276923686572     
        3294   7.3680975345455737        13.348781592406786        10.417099493035829     
        3295   7.3689385549849487        13.351977588031806        10.418674933213248     
        3296   7.3689862248363500        13.352158770745458        10.418764685622124     
        3297   7.3701465546541183        13.356569944175197        10.420938256319895     
        3298   7.3703038873516729        13.357168218618428        10.421233406010961     
        3299   7.3703504086130387        13.357345127557021        10.421321016251488     
        3300   7.3703558566106731        13.357365845159562        10.421331699315351     
        3301   7.3706701059177622        13.358560942600048        10.421920752509051     
        3302   7.3708489248853848        13.359241059067937        10.422256157260142     
        3303   7.3712186398703583        13.360647372312096        10.422949121433463     
        3304   7.3713398412173099        13.361108438218778        10.423176617893334     
        3305   7.3730959698698548        13.367791369786902        10.426466651918160     
        3306   7.3733315364167140        13.368688155953464        10.426908423495808     
        3307   7.3733806945225675        13.368875307733727        10.427000993072783     
        3308   7.3736668617478864        13.369964855909306        10.427537568195612     
        3309   7.3747519935952264        13.374097447135847        10.429570996981484     
        3310   7.3752966072992603        13.376172185309160        10.430591848538951     
        3311   7.3756224980492480        13.377413891316721        10.431202926882934     
        3312   7.3766332322933597        13.381265962785953        10.433097240605425     
        3313   7.3766525058039845        13.381339431667504        10.433133835170063     
        3314   7.3767043579783822        13.381537090152083        10.433231475609736     
        3315   7.3777282898926622        13.385441079564345        10.435150670868049     
        3316   7.3784642895301644        13.388248198949810        10.436530407286563     
        3317   7.3788322653830649        13.389651962762864        10.437220498555574     
        3318   7.3789634502606276        13.390152457882769        10.437466832429761     
        3319   7.3791219321164299        13.390757129549744        10.437764326739137     
        3320   7.3793392606400934        13.391586384243450        10.438172112386260     
        3321   7.3796239492143449        13.392672766949302        10.438706150408803     
        3322   7.3798201951167455        13.393421717694732        10.439074437421214     
        3323   7.3801036489025575        13.394503586696430        10.439606179938659     
        3324   7.3802519611471258        13.395069702408854        10.439884638372698     
        3325   7.3834657986786310        13.407344969182786        10.445909476053794     
        3326   7.3843732773529398        13.410813817846897        10.447611286974963     
        3327   7.3848029688050048        13.412456738699635        10.448417387582809     
        3328   7.3858190719159289        13.416342872669643        10.450323040112492     
        3329   7.3877660501221092        13.423793403956259        10.453974458718728     
        3330   7.3887487813125974        13.427556145542745        10.455817936505428     
        3331   7.3900728514121417        13.432628066441191        10.458301764493021     
        3332   7.3902244324753505        13.433208869900284        10.458586557672708     
        3333   7.3912991770629404        13.437327867736938        10.460602964738092     
        3334   7.3914614854422904        13.437950068007066        10.460907906038615     
        3335   7.3914733954196592        13.437995725776714        10.460930728672933     
        3336   7.3914998512644576        13.438097146939255        10.460980836836638     
        3337   7.3917358610981143        13.439001960079240        10.461424035786722     
        3338   7.3922755396768158        13.441071284400621        10.462436898228679     
        3339   7.3924261198904526        13.441648740224661        10.462719859866818     
        3340   7.3927146406005360        13.442755273342106        10.463261598729760     
        3341   7.3929595398304384        13.443694605669640        10.463721513851040     
        3342   7.3930186004673146        13.443921151092592        10.463832795214442     
        3343   7.3933418788203165        13.445161276597219        10.464439765586485     
        3344   7.3950507839348329        13.451719350287110        10.467646488457182     
        3345   7.3972508279104732        13.460168550051236        10.471775273385072     
        3346   7.3973157421675007        13.460417959675443        10.471897574978540     
        3347   7.3974525101020516        13.460943461505151        10.472154720448190     
        3348   7.3976382865369636        13.461657312354808        10.472503841004249     
        3349   7.3978929639525477        13.462635999859078        10.472982272639802     
        3350   7.3982226299189167        13.463902999488774        10.473601447410195     
        3351   7.3985307751852369        13.465087434145554        10.474180247249093     
        3352   7.3987777088345554        13.466036687658708        10.474644176457216     
        3353   7.3996771795886573        13.469495163099774        10.476332862564542     
        3354   7.4004367564027298        13.472416676541954        10.477759070202692     
        3355   7.4009748455904205        13.474486812399016        10.478769593667332     
        3356   7.4016619257043761        13.477130769024262        10.480059843986725     
        3357   7.4019571269801716        13.478266949345286        10.480614490218924     
        3358   7.4019878298094417        13.478385126809993        10.480672610247280     
        3359   7.4024346929881624        13.480105294397744        10.481511986852906     
        3360   7.4039679035611314        13.486009528259318        10.484390965619559     
        3361   7.4044474579379616        13.487856958021016        10.485291844664742     
        3362   7.4044945478809856        13.488038385179333        10.485380743995039     
        3363   7.4065528370164300        13.495971736988917        10.489246176592276     
        3364   7.4068990941653698        13.497306949386823        10.489896900806711     
        3365   7.4069155672790048        13.497370476288621        10.489928319614334     
        3366   7.4075722539191418        13.499903250868874        10.491162050222245     
        3367   7.4077505299813069        13.500590954509414        10.491497343488332     
        3368   7.4088164558069538        13.504703772725264        10.493499770942131     
        3369   7.4092337779289661        13.506314448858841        10.494284080831699     
        3370   7.4094526853907281        13.507159437179553        10.494695732219833     
        3371   7.4100671357609142        13.509531612646098        10.495850356021995     
        3372   7.4105537311928931        13.511410584784105        10.496764862930609     
        3373   7.4121096847886250        13.517421218567348        10.499688275360372     
        3374   7.4128701745183987        13.520360298018387        10.501117494113272     
        3375   7.4134067372838803        13.522434482435184        10.502126068247959     
        3376   7.4145399734352919        13.526816634569258        10.504255797727124     
        3377   7.4153775082838163        13.530056563095300        10.505830045209082     
        3378   7.4157478256233293        13.531489437289013        10.506526402032014     
        3379   7.4160686696350320        13.532731049648715        10.507129807537334     
        3380   7.4167808922242076        13.535487782330211        10.508468731370323     
        3381   7.4171281179279696        13.536832031666211        10.509121762562907     
        3382   7.4180020862045080        13.540216311839105        10.510764782692638     
        3383   7.4189665856076701        13.543952486943899        10.512578068669223     
        3384   7.4202938431836145        13.549096159255832        10.515073376629447     
        3385   7.4203394622789407        13.549272999166558        10.515159615133490     
        3386   7.4214604526388461        13.553619439425274        10.517267401520959     
        3387   7.4216199714126292        13.554238098600877        10.517567772922176     
        3388   7.4222914329358032        13.556842637073476        10.518830606750692     
        3389   7.4225550915408443        13.557865530447403        10.519326787323648     
        3390   7.4228744679449861        13.559104727474361        10.519927733842200     
        3391   7.4229296241858256        13.559318752102818        10.520031919898715     
        3392   7.4240114175127907        13.563517397598845        10.522066403270612     
        3393   7.4244929494065826        13.565386881531952        10.522972321020513     
        3394   7.4256744271763759        13.569975294118089        10.525194493652142     
        3395   7.4260414660038458        13.571401162761910        10.525885209180347     
        3396   7.4261277932024932        13.571736555305732        10.526048038778674     
        3397   7.4262565151012891        13.572236677739362        10.526290596418535     
        3398   7.4268990683718652        13.574733560293195        10.527499490664217     
        3399   7.4271673048376412        13.575776078510533        10.528004448079871     
        3400   7.4273105115888862        13.576332705233080        10.528274266374181     
        3401   7.4283375998006917        13.580325776826500        10.530206506642598     
        3402   7.4303138787723970        13.588013562028809        10.533924398759984     
        3403   7.4308283082038988        13.590015677962374        10.534892620970320     
        3404   7.4309893644458676        13.590642577666209        10.535196090765632     
        3405   7.4314409096432792        13.592400394074078        10.536046056163633     
        3406   7.4327340529594501        13.597436170759817        10.538479451577734     
        3407   7.4330385283935181        13.598622232158093        10.539052808714507     
        3408   7.4334600762606193        13.600264572750898        10.539846458854251     
        3409   7.4346856093480405        13.605040753400415        10.542152987028460     
        3410   7.4351734121974768        13.606942466721838        10.543071411965348     
        3411   7.4352512412348082        13.607245918900395        10.543218358665920     
        3412   7.4364520279993540        13.611928903920258        10.545478615895069     
        3413   7.4372428624606499        13.615014301628209        10.546967488595692     
        3414   7.4374360650345288        13.615768215693659        10.547331604238247     
        3415   7.4381078135223850        13.618389951561200        10.548596437114652     
        3416   7.4381255866536335        13.618459326821259        10.548630376769767     
        3417   7.4404025664929243        13.627351224135053        10.552916997597555     
        3418   7.4427001110304616        13.636331450419553        10.557243050294078     
        3419   7.4430325998353002        13.637631690711780        10.557869571103931     
        3420   7.4437844815469179        13.640572644562340        10.559285810728190     
        3421   7.4439499922450789        13.641220148900885        10.559597956136995     
        3422   7.4443036272736842        13.642603766233185        10.560264353901337     
        3423   7.4454126382747212        13.646944077355716        10.562353269411462     
        3424   7.4460110072018262        13.649286682865775        10.563480642285532     
        3425   7.4462367451538594        13.650170586199540        10.563906266311387     
        3426   7.4465066272185583        13.651227443515921        10.564415036969299     
        3427   7.4466738512836406        13.651882348478608        10.564730471484056     
        3428   7.4491151792888592        13.661448286533174        10.569329350598172     
        3429   7.4496812122715479        13.663667500087833        10.570396113297464     
        3430   7.4499847918554538        13.664857930352690        10.570968492894574     
        3431   7.4505603215438283        13.667115150893613        10.572053214387873     
        3432   7.4512047223508588        13.669643087891721        10.573267735391026     
        3433   7.4514952112778019        13.670782863600941        10.573815515128357     
        3434   7.4515828140845963        13.671126611498419        10.573981052429991     
        3435   7.4517452066752288        13.671763861054307        10.574287501117931     
        3436   7.4528698400151212        13.676178182710000        10.576406986913151     
        3437   7.4529796979374989        13.676609492809707        10.576614475289864     
        3438   7.4531277675345198        13.677190854126286        10.576893966739222     
        3439   7.4532770083394713        13.677776848124379        10.577175668127465     
        3440   7.4533275433256279        13.677975281522588        10.577271379796640     
        3441   7.4539863957080241        13.680562727153136        10.578513378587141     
        3442   7.4555876896259354        13.686854122283759        10.581531518363049     
        3443   7.4555922618942914        13.686872092141257        10.581540623980478     
        3444   7.4564052192394792        13.690067677774699        10.583073272584061     
        3445   7.4564260036172403        13.690149390725770        10.583112934287039     
        3446   7.4566613226169203        13.691074584552435        10.583556940351160     
        3447   7.4568449226910820        13.691796496702995        10.583903474515134     
        3448   7.4584388477882584        13.698065972312282        10.586908353042888     
        3449   7.4586627650899198        13.698947033842709        10.587330931711806     
        3450   7.4598367399855929        13.703567617739496        10.589544505457200     
        3451   7.4602382166197136        13.705148257804449        10.590301870044501     
        3452   7.4604225645324966        13.705874131438755        10.590649904684946     
        3453   7.4609158948801504        13.707816888863565        10.591580477469931     
        3454   7.4610016478269792        13.708154626390723        10.591742641509372     
        3455   7.4611602970654722        13.708779495651104        10.592042243674621     
        3456   7.4615187459771644        13.710191456529785        10.592718555434422     
        3457   7.4624830106066931        13.713990767077709        10.594537164748056     
        3458   7.4629537548433209        13.715846076537268        10.595425288340325     
        3459   7.4634343990930043        13.717740759405313        10.596332110838558     
        3460   7.4656173744174144        13.726350492565755        10.600449355345207     
        3461   7.4666434511524367        13.730399938517010        10.602385093790987     
        3462   7.4679528656423670        13.735569969016122        10.604855436172690     
        3463   7.4684052995726118        13.737356959352711        10.605709373866214     
        3464   7.4690291224547183        13.739821413009983        10.606886656892167     
        3465   7.4714378192828406        13.749342833616764        10.611431466542923     
        3466   7.4715773812522821        13.749894790884408        10.611695283137580     
        3467   7.4718154121715985        13.750836255863788        10.612144897634115     
        3468   7.4733575863911161        13.756938044648528        10.615055398713496     
        3469   7.4742485442690416        13.760464919035124        10.616737234094705     
        3470   7.4749123047907213        13.763093236963847        10.617990391712171     
        3471   7.4760140801683059        13.767457504660022        10.620070316622998     
        3472   7.4761320878209450        13.767925060424499        10.620293538964399     
        3473   7.4763765053598688        13.768893531810400        10.620755357523342     
        3474   7.4775212621560687        13.773430724335039        10.622916637293061     
        3475   7.4784087286844434        13.776949575481559        10.624592392158933     
        3476   7.4786474287946714        13.777896245237997        10.625043494160101     
        3477   7.4793470938748587        13.780671589766095        10.626364837065937     
        3478   7.4812900509681137        13.788382712506522        10.630033662173689     
        3479   7.4826744715987532        13.793880770385643        10.632648278315367     
        3480   7.4833107993403036        13.796408882865947        10.633850400674541     
        3481   7.4839219466179356        13.798837555907516        10.635005025139209     
        3482   7.4844344803139338        13.800874797667779        10.635973460554661     
        3483   7.4844904482251291        13.801097286550904        10.636079652544334     
        3484   7.4854792611964882        13.805028925013602        10.637947673219118     
        3485   7.4855064886713256        13.805137206576111        10.637999590409899     
        3486   7.4857474065028722        13.806095369256814        10.638455114836423     
        3487   7.4858173356542066        13.806373504107341        10.638587686661017     
        3488   7.4858876373412029        13.806653128472030        10.638720962806373     
        3489   7.4865661632369900        13.809352361470015        10.640003073619011     
        3490   7.4868720962522328        13.810569627048331        10.640581441272490     
        3491   7.4880518762971233        13.815265198269589        10.642810535516647     
        3492   7.4882213293716262        13.815939809326407        10.643131139959332     
        3493   7.4885698719504479        13.817327538201852        10.643790073171813     
        3494   7.4905812700981445        13.825339722601834        10.647590677090948     
        3495   7.4926146984201116        13.833446192422290        10.651433467942580     
        3496   7.4929723289606605        13.834872602887618        10.652109786181031     
        3497   7.4935158667997666        13.837040894842119        10.653137452938774     
        3498   7.4935356951767993        13.837120003487103        10.653175418039465     
        3499   7.4935372183937687        13.837126080643268        10.653178789471477     
        3500   7.4948258489239503        13.842268634396930        10.655614693464001     
        3501   7.4953022921870751        13.844170652249773        10.656515684838778     
        3502   7.4955684721570233        13.845233431705228        10.657019283121988     
        3503   7.4955926765838177        13.845330078567276        10.657065525288479     
        3504   7.4957363207617114        13.845903660598371        10.657337523918750     
        3505   7.5001446824134508        13.863522598084804        10.665671755664745     
        3506   7.5030095365557621        13.874989250088616        10.671089513780677     
        3507   7.5033098229745319        13.876191915834376        10.671657896308025     
        3508   7.5039783035293937        13.878869741455945        10.672922636235127     
        3509   7.5052431804633004        13.883938598002535        10.675315463203260     
        3510   7.5053018662947490        13.884173837461081        10.675426958462173     
        3511   7.5055603013520722        13.885209828359006        10.675916274524829     
        3512   7.5057956689513805        13.886153441928688        10.676361967229619     
        3513   7.5064259271939351        13.888680652334379        10.677554634425968     
        3514   7.5065327990558322        13.889109250618777        10.677757288911009     
        3515   7.5076119880171275        13.893438253289279        10.679799279636539     
        3516   7.5081808414770874        13.895720877058743        10.680875935798133     
        3517   7.5098177980231018        13.902292359320597        10.683973486892848     
        3518   7.5100323580627286        13.903154020339349        10.684379947883906     
        3519   7.5102418018822874        13.903995206524383        10.684776734677369     
        3520   7.5105549501952202        13.905253031569197        10.685369753774376     
        3521   7.5115575306465905        13.909281168027292        10.687267374603609     
        3522   7.5118510941178185        13.910460945359363        10.687823389091021     
        3523   7.5121565615301176        13.911688710216247        10.688401942422212     
        3524   7.5142749866692151        13.920207444332842        10.692411642628622     
        3525   7.5149828402449073        13.923055524509685        10.693751916912129     
        3526   7.5153625051981345        13.924583457525021        10.694471045619393     
        3527   7.5162586011886940        13.928190654398939        10.696167758760142     
        3528   7.5164346612098605        13.928899529604276        10.696501530651071     
        3529   7.5164591724113299        13.928998223700006        10.696548425324190     
        3530   7.5166779651826285        13.929879233654855        10.696963095806444     
        3531   7.5167547142390294        13.930188296453824        10.697108878843322     
        3532   7.5178223126524557        13.934488427515474        10.699130445943625     
        3533   7.5195075956096762        13.941280267661783        10.702321671688386     
        3534   7.5206852461605731        13.946029043526131        10.704552033997194     
        3535   7.5208278693637709        13.946604312607233        10.704822598016461     
        3536   7.5209697601182022        13.947176660205336        10.705091777885068     
        3537   7.5223226951519875        13.952635667485309        10.707654328019794     
        3538   7.5223980054199595        13.952939627229391        10.707797446528437     
        3539   7.5232644141101366        13.956437203743482        10.709438802790745     
        3540   7.5236815556302963        13.958121584884816        10.710229345063427     
        3541   7.5243818093883572        13.960949786641239        10.711556142354135     
        3542   7.5244674991184644        13.961295927323825        10.711718942063724     
        3543   7.5247753867577032        13.962539727601172        10.712302611515183     
        3544   7.5247974743305726        13.962628962623727        10.712344944576154     
        3545   7.5248896655533200        13.963001428888141        10.712520064026561     
        3546   7.5251677350535182        13.964124955100839        10.713047270288255     
        3547   7.5259641702709192        13.967343611347619        10.714556406594594     
        3548   7.5267531351448902        13.970533099254963        10.716051478466488     
        3549   7.5274288110649783        13.973265411473445        10.717332009642172     
        3550   7.5281748337260206        13.976283060735190        10.718745882342729     
        3551   7.5284792756404979        13.977514784896982        10.719323180981563     
        3552   7.5299546417263317        13.983486034383461        10.722119117819718     
        3553   7.5301892152540351        13.984435752479472        10.722564098907748     
        3554   7.5310738234393968        13.988018078252040        10.724240873607110     
        3555   7.5312956222529994        13.988916480112586        10.724661682501663     
        3556   7.5322238444528606        13.992677144200075        10.726421247414544     
        3557   7.5323136150749725        13.993040922166045        10.726591874515753     
        3558   7.5324003720477526        13.993392500479878        10.726756791325423     
        3559   7.5324111587673590        13.993436213988145        10.726777731226123     
        3560   7.5326415107149316        13.994369767855250        10.727214791166096     
        3561   7.5338653287877957        13.999331032070465        10.729534789946131     
        3562   7.5343484341768372        14.001290181917446        10.730450973339336     
        3563   7.5388630717759559        14.019617086244761        10.739010144619032     
        3564   7.5393278173562468        14.021505601595191        10.739891848321170     
        3565   7.5393969262082150        14.021786459102756        10.740023386288984     
        3566   7.5396680897647750        14.022888540597821        10.740538054766747     
        3567   7.5399264274511548        14.023938607301949        10.741028412747232     
        3568   7.5401174991659392        14.024715328560259        10.741391226899085     
        3569   7.5401593781005580        14.024885577720580        10.741471137682693     
        3570   7.5405722301573608        14.026564087790593        10.742254518328627     
        3571   7.5417501247162413        14.031354538569344        10.744488762115209     
        3572   7.5422159716167450        14.033249753013854        10.745372739729563     
        3573   7.5433940858996191        14.038044302787558        10.747607667167790     
        3574   7.5434225042727050        14.038159984910598        10.747662066558073     
        3575   7.5449290885001794        14.044294725098730        10.750520259691017     
        3576   7.5454815194177822        14.046545141176811        10.751568689635894     
        3577   7.5471405584112183        14.053306548832722        10.754716547810785     
        3578   7.5472704454354984        14.053836095969130        10.754963470967359     
        3579   7.5479383890396150        14.056559733393584        10.756231243257277     
        3580   7.5484962587923903        14.058835097300088        10.757290222233527     
        3581   7.5491795531781287        14.061622731880389        10.758587235478709     
        3582   7.5500775005260623        14.065287267682601        10.760291639082352     
        3583   7.5504554451277661        14.066830066585494        10.761009342104542     
        3584   7.5505610162735293        14.067261058646588        10.761210181078569     
        3585   7.5506802503341719        14.067747851618570        10.761436949706587     
        3586   7.5508153620888425        14.068299496570669        10.761693851692103     
        3587   7.5513118146495861        14.070326713704182        10.762636495193759     
        3588   7.5518335835400592        14.072457750701826        10.763627219505883     
        3589   7.5522472568055266        14.074147620456529        10.764412824157903     
        3590   7.5524029342836325        14.074783642360552        10.764708787936078     
        3591   7.5526866020301426        14.075942673815677        10.765247676506535     
        3592   7.5532818716019650        14.078375308746324        10.766378008114254     
        3593   7.5538682815267473        14.080772316514484        10.767491571774999     
        3594   7.5540694485659436        14.081594738787416        10.767873917182806     
        3595   7.5547390994693036        14.084332930268751        10.769145557122043     
        3596   7.5552986620534597        14.086621547583464        10.770208273396195     
        3597   7.5557782925091859        14.088583658563318        10.771119289063313     
        3598   7.5560443686727563        14.089672310458074        10.771624913417027     
        3599   7.5586308585540030        14.100261126401595        10.776536169104206     
        3600   7.5595006530099944        14.103824493613931        10.778188283580660     
        3601   7.5598384554179283        14.105208742311273        10.778830249949648     
        3602   7.5601690359221818        14.106563582587915        10.779458517635545     
        3603   7.5602837096145414        14.107033600364957        10.779676784999959     
        3604   7.5614861216710372        14.111963306815049        10.781960794208816     
        3605   7.5623513515998519        14.115512121987392        10.783604581951673     
        3606   7.5625323145926320        14.116254516584105        10.783948789277469     
        3607   7.5627209560814643        14.117028470629814        10.784307585367527     
        3608   7.5633421929488680        14.119577690771532        10.785488064917766     
        3609   7.5634075592682368        14.119845956586222        10.785612725516485     
        3610   7.5645808866820534        14.124662560478773        10.787842003267558     
        3611   7.5650272075489280        14.126495352982618        10.788690356150086     
        3612   7.5651624358234120        14.127050726891975        10.788947748313037     
        3613   7.5651711007630142        14.127086314298497        10.788964709806914     
        3614   7.5660117729810317        14.130539605903017        10.790562282548672     
        3615   7.5669144534749302        14.134248941689037        10.792277764458786     
        3616   7.5670296814435165        14.134722540748081        10.792497192334567     
        3617   7.5671000444982965        14.135011751327415        10.792631380199831     
        3618   7.5682182469389732        14.139608979179933        10.794756511692624     
        3619   7.5715978565196451        14.153516314187035        10.801179457550164     
        3620   7.5718216214729814        14.154437806018075        10.801605246557843     
        3621   7.5720991602946350        14.155580863296922        10.802133247778892     
        3622   7.5729923837688249        14.159260535257358        10.803831512397172     
        3623   7.5743609129838037        14.164900877110389        10.806433411213119     
        3624   7.5747453946041494        14.166486076306342        10.807164809327338     
        3625   7.5750323026122750        14.167669147942664        10.807710734149561     
        3626   7.5753985114912767        14.169179421877143        10.808407429474590     
        3627   7.5754446852983106        14.169369862446741        10.808495712901005     
        3628   7.5764092213482934        14.173348851895719        10.810329972620925     
        3629   7.5768738874539361        14.175266298856808        10.811213934888498     
        3630   7.5778637596514686        14.179352237595905        10.813096560249550     
        3631   7.5785255110469762        14.182084709165011        10.814355378727621     
        3632   7.5793883504592259        14.185648625365394        10.815996655675916     
        3633   7.5794794267154240        14.186024885530438        10.816170354518727     
        3634   7.5794878391521916        14.186059640251683        10.816186854537365     
        3635   7.5800845936872197        14.188525350388323        10.817322213114315     
        3636   7.5801690505105821        14.188874363832849        10.817483332170662     
        3637   7.5803334379552583        14.189553721357141        10.817796462974895     
        3638   7.5804819409059840        14.190167473339477        10.818079388227796     
        3639   7.5811901663923411        14.193095036498452        10.819426835385302     
        3640   7.5819153412975417        14.196093551126637        10.820806589722077     
        3641   7.5829383393528182        14.200325059547623        10.822752914460471     
        3642   7.5832674018330231        14.201686567623803        10.823379350382053     
        3643   7.5838212087520462        14.203978382650904        10.824433322503600     
        3644   7.5838505982316793        14.204100019592083        10.824489732110058     
        3645   7.5840324669227082        14.204852769171920        10.824836201385660     
        3646   7.5844197793798109        14.206456033781093        10.825573498924056     
        3647   7.5847688696383724        14.207901299390283        10.826238103149860     
        3648   7.5848302058021337        14.208155258295944        10.826355292321564     
        3649   7.5857092096231362        14.211795432416677        10.828028074023729     
        3650   7.5878743598587839        14.220767515590563        10.832148165998342     
        3651   7.5888722846192813        14.224905489476525        10.834047618901510     
        3652   7.5889490012531704        14.225223671949809        10.834194111937714     
        3653   7.5895035302892850        14.227523883938595        10.835249893138487     
        3654   7.5895536454564283        14.227731790032168        10.835345768653939     
        3655   7.5902412982775322        14.230585000009794        10.836654950384053     
        3656   7.5906966232834421        14.232474683193894        10.837522022945420     
        3657   7.5911447336767477        14.234334773111376        10.838375392735793     
        3658   7.5913904559447269        14.235354904194439        10.838843579096215     
        3659   7.5916247044560956        14.236327498173271        10.839289935268598     
        3660   7.5927459371453683        14.240984138785613        10.841424621084373     
        3661   7.5928629836362598        14.241470374716556        10.841647924086315     
        3662   7.5928914764965230        14.241588743675374        10.841702664641863     
        3663   7.5944719878503761        14.248156916747604        10.844711879493763     
        3664   7.5949042052889357        14.249953845700734        10.845535226204694     
        3665   7.5956916019193983        14.253228249942893        10.847034818835406     
        3666   7.5958346796751801        14.253823356710399        10.847307731380388     
        3667   7.5961635485361301        14.255191363181929        10.847934385819221     
        3668   7.5964824883767017        14.256518246363438        10.848542150189916     
        3669   7.5965210566963739        14.256678713806471        10.848616089289523     
        3670   7.5968583755235386        14.258082273079976        10.849258864310181     
        3671   7.5980610672557951        14.263088190461470        10.851549477617640     
        3672   7.5981774026615039        14.263572541778608        10.851771513014755     
        3673   7.5982171691222167        14.263738111008562        10.851847742898711     
        3674   7.6015601483423136        14.277666547830659        10.858214912049730     
        3675   7.6016306270165641        14.277960404326857        10.858349659248338     
        3676   7.6017351275243472        14.278396128659324        10.858549209918328     
        3677   7.6030535249094422        14.283894937304231        10.861061043141477     
        3678   7.6040994580901762        14.288259496586338        10.863054048072980     
        3679   7.6046136915312834        14.290406032510665        10.864034221891908     
        3680   7.6075333643390497        14.302602202033730        10.869597702608909     
        3681   7.6076597811816802        14.303130611444997        10.869839101980221     
        3682   7.6087642537405333        14.307748381242714        10.871944331654587     
        3683   7.6111505783252733        14.317732826340928        10.876492881680287     
        3684   7.6121666135136339        14.321986972126783        10.878430065700895     
        3685   7.6126012916775530        14.323807525252331        10.879259161039032     
        3686   7.6135362450700796        14.327724493770436        10.881041976234757     
        3687   7.6148415320613259        14.333195534959000        10.883530963374236     
        3688   7.6152185421353815        14.334776309973538        10.884250269104919     
        3689   7.6156992313000824        14.336792166133563        10.885167275728373     
        3690   7.6163019490241153        14.339320345265854        10.886316991820189     
        3691   7.6166702505401158        14.340865549320407        10.887019768251141     
        3692   7.6173936583992399        14.343901292499979        10.888399708981128     
        3693   7.6179446362630197        14.346214060652526        10.889450899208059     
        3694   7.6180588128785374        14.346693391902086        10.889669139431872     
        3695   7.6187967784810615        14.349792040946895        10.891076982158188     
        3696   7.6191935737413115        14.351458544416804        10.891834227728717     
        3697   7.6210850552191909        14.359406411614255        10.895442328358362     
        3698   7.6219318412311168        14.362966592690663        10.897058057564914     
        3699   7.6231305034615326        14.368008350963708        10.899345150935639     
        3700   7.6235363505952698        14.369715982815549        10.900119903285946     
        3701   7.6241855373436955        14.372448090525548        10.901358928329740     
        3702   7.6242920748054148        14.372896525608603        10.901562693268792     
        3703   7.6243100607930829        14.372972233806660        10.901597515340635     
        3704   7.6269418646223501        14.384056436140975        10.906619617185923     
        3705   7.6274573944655772        14.386229100459337        10.907603889933663     
        3706   7.6274723652041398        14.386292200639195        10.907632966231704     
        3707   7.6288404845502322        14.392060369602532        10.910244382651813     
        3708   7.6293538803925838        14.394225772018769        10.911224718019623     
        3709   7.6293910503930116        14.394382565954841        10.911296167113365     
        3710   7.6295114867011744        14.394890618425425        10.911526536320524     
        3711   7.6296765923597372        14.395587147498087        10.911842163453636     
        3712   7.6317403965434449        14.404297786980027        10.915781947883238     
        3713   7.6320028778428508        14.405406178384826        10.916283508178386     
        3714   7.6323637268601363        14.406930152076177        10.916972858783327     
        3715   7.6324531157153075        14.407307703932160        10.917144008576050     
        3716   7.6326864148927154        14.408293157211354        10.917589885551907     
        3717   7.6329926266991883        14.409586740068550        10.918174964375487     
        3718   7.6332175849520656        14.410537176289486        10.918604935221401     
        3719   7.6335241949559487        14.411832732140409        10.919190796812854     
        3720   7.6340170377816365        14.413915551560079        10.920132225249896     
        3721   7.6353947756367919        14.419740357719631        10.922763245695146     
        3722   7.6355425242675263        14.420365211511012        10.923045865999560     
        3723   7.6365803836244934        14.424755593931597        10.925028151783069     
        3724   7.6376645321094783        14.429343849297723        10.927098985087069     
        3725   7.6379753324846416        14.430659584684859        10.927693038212608     
        3726   7.6404074528033359        14.440961650864612        10.932338697332662     
        3727   7.6423168699785791        14.449057075013434        10.935986609525090     
        3728   7.6425084583451923        14.449869720946248        10.936353122245466     
        3729   7.6428671347331019        14.451391269112005        10.937038847452213     
        3730   7.6444826347107107        14.458247284474673        10.940125830582447     
        3731   7.6450218829629151        14.460536845233895        10.941156674650960     
        3732   7.6455445921588403        14.462756684289269        10.942155956209154     
        3733   7.6458038484891837        14.463857875744544        10.942651856608792     
        3734   7.6459684087869721        14.464556908649543        10.942966815336662     
        3735   7.6461085113642273        14.465152086530328        10.943235042160405     
        3736   7.6462381854619537        14.465702994151112        10.943483344009605     
        3737   7.6464572527705750        14.466633748966355        10.943902471159836     
        3738   7.6465545491422864        14.467047161417552        10.944088907470777     
        3739   7.6466832469438115        14.467594024854506        10.944335351722833     
        3740   7.6470594438759463        14.469192734514593        10.945054766369539     
        3741   7.6474397908571934        14.470809340353039        10.945782131622424     
        3742   7.6476870684628917        14.471860495657387        10.946255207778224     
        3743   7.6478642364325120        14.472613689027195        10.946594304342232     
        3744   7.6479747254191386        14.473083439068082        10.946805972582359     
        3745   7.6480023247302089        14.473200782510927        10.946859228566131     
        3746   7.6483622864098599        14.474731350541987        10.947547683433823     
        3747   7.6508312498742912        14.485235777091997        10.952267264106604     
        3748   7.6509516097421244        14.485748141123306        10.952497846638737     
        3749   7.6520536549921365        14.490440696196716        10.954605049348084     
        3750   7.6524120698501825        14.491967316407093        10.955290749213718     
        3751   7.6529594251708444        14.494299153097270        10.956337684976029     
        3752   7.6537051129817382        14.497476798758733        10.957763856417431     
        3753   7.6540182427044146        14.498811458933735        10.958363054453896     
        3754   7.6554413079160133        14.504879268559643        10.961084561132280     
        3755   7.6555690946847745        14.505424318926490        10.961329422525500     
        3756   7.6561628361379306        14.507957200905357        10.962465300124753     
        3757   7.6563731090742584        14.508854372357755        10.962867911719615     
        3758   7.6587344597694447        14.518935077709608        10.967384405860043     
        3759   7.6587710244737055        14.519091253892714        10.967454851567405     
        3760   7.6595239159951021        14.522307567415339        10.968895401911142     
        3761   7.6598645720098206        14.523763172227063        10.969547504275605     
        3762   7.6601301409624512        14.524898081055500        10.970055994759166     
        3763   7.6601526408746130        14.524994240341243        10.970099544296188     
        3764   7.6601999752759289        14.525196539359710        10.970190597866845     
        3765   7.6616189462412443        14.531262876058854        10.972905490006832     
        3766   7.6617458503801750        14.531805591663721        10.973148772817106     
        3767   7.6626332909910788        14.535601625139206        10.974847046211563     
        3768   7.6626562053099159        14.535699660386260        10.974891396652025     
        3769   7.6627167609305316        14.535958742546784        10.975007761359807     
        3770   7.6637795180665655        14.540506753074775        10.977041588480693     
        3771   7.6639861213082980        14.541391140440730        10.977437401144114     
        3772   7.6641143540986931        14.541940094013130        10.977683267996261     
        3773   7.6654772749426678        14.547776504198579        10.980291674112314     
        3774   7.6659439478137301        14.549775711742116        10.981185204940369     
        3775   7.6676609631984505        14.557134778060069        10.984471633693969     
        3776   7.6678556170262464        14.557969399260006        10.984844687971558     
        3777   7.6686584938826901        14.561412647177185        10.986381857372580     
        3778   7.6697908731543532        14.566271027740299        10.988549825958861     
        3779   7.6698594151464254        14.566565177319964        10.988681538452260     
        3780   7.6700906884251943        14.567557755920804        10.989124748800270     
        3781   7.6705188617518090        14.569395650183740        10.989944880189091     
        3782   7.6723417830814595        14.577224153362270        10.993435153259066     
        3783   7.6733151195089313        14.581406640424827        10.995299188189863     
        3784   7.6734380989545876        14.581935215235074        10.995535163302991     
        3785   7.6748309156815138        14.587923596082591        10.998202575206440     
        3786   7.6751789174300971        14.589420381038519        10.998869467295377     
        3787   7.6755716508710350        14.591109829913927        10.999622035067100     
        3788   7.6759754939573099        14.592847367626996        11.000395899283662     
        3789   7.6763993055623931        14.594671144755473        11.001208027130842     
        3790   7.6764317059215559        14.594810586040429        11.001270589210835     
        3791   7.6766804565077598        14.595881197629877        11.001747481571000     
        3792   7.6780120050465568        14.601614073784278        11.004298172582816     
        3793   7.6785853414100629        14.604083540412320        11.005396813638127     
        3794   7.6794248615316327        14.607700610715423        11.007005366303774     
        3795   7.6795145074534084        14.608086927263876        11.007177595786464     
        3796   7.6800944151830457        14.610586319024573        11.008288944255733     
        3797   7.6802388788326281        14.611209051931530        11.008566190624714     
        3798   7.6823727038287011        14.620411754228465        11.012654569343214     
        3799   7.6833089527098011        14.624452257580657        11.014448896508073     
        3800   7.6849399904419897        14.631495113987361        11.017574699737624     
        3801   7.6858214492702377        14.635303338044229        11.019264361736868     
        3802   7.6858585694152177        14.635463742454329        11.019336012028782     
        3803   7.6862452862024293        14.637134984829647        11.020077631261676     
        3804   7.6864563510178021        14.638047244249378        11.020482639417780     
        3805   7.6866181278478001        14.638746528633076        11.020793194123803     
        3806   7.6874634831768773        14.642401393718320        11.022413865268613     
        3807   7.6877273645852497        14.643542549658140        11.022920139092170     
        3808   7.6883553901596882        14.646258972016538        11.024124376362687     
        3809   7.6893593754530274        14.650603080214060        11.026049320890435     
        3810   7.6903009046575264        14.654678664787113        11.027854677100384     
        3811   7.6908219800324407        14.656934950849603        11.028854107429359     
        3812   7.6909045581258244        14.657292565435110        11.029012930131932     
        3813   7.6911028608705303        14.658151392084100        11.029393608831812     
        3814   7.6931566373169762        14.667050404856491        11.033331714833382     
        3815   7.6936081426109162        14.669007839482225        11.034197954184284     
        3816   7.6949499276071789        14.674827212777089        11.036771398358715     
        3817   7.6953416730242541        14.676526866653507        11.037523148951164     
        3818   7.6974977323970828        14.685886469355886        11.041658637921776     
        3819   7.6995692980277655        14.694887538402496        11.045632688302158     
        3820   7.7012240498186646        14.702083353115862        11.048807662326348     
        3821   7.7020008252347480        14.705463007073902        11.050298466837630     
        3822   7.7033422937056386        14.711302261715783        11.052872864543810     
        3823   7.7039229238248916        14.713830734091708        11.053987515727789     
        3824   7.7041086862479062        14.714639809488702        11.054344489826606     
        3825   7.7044497591429453        14.716125499369172        11.054999500242234     
        3826   7.7059053697732400        14.722468520639062        11.057793408822624     
        3827   7.7075534339689700        14.729655044333796        11.060957000298059     
        3828   7.7090805662788711        14.736318847499582        11.063888827348878     
        3829   7.7091803730199873        14.736754519391038        11.064080933201952     
        3830   7.7095188498329819        14.738232164483776        11.064731200322035     
        3831   7.7095394670644293        14.738322177559288        11.064771295216852     
        3832   7.7099904621868056        14.740291386568369        11.065637581883378     
        3833   7.7102012490416456        14.741211891761047        11.066042753443098     
        3834   7.7105662092643596        14.742805871706278        11.066743911371839     
        3835   7.7106477874584005        14.743162202830229        11.066901042589558     
        3836   7.7108500877004076        14.744045899055660        11.067289940517552     
        3837   7.7128719981078895        14.752882384419980        11.071172481505071     
        3838   7.7129843607079192        14.753373679029472        11.071388749172653     
        3839   7.7143088054164251        14.759166505292963        11.073932499252544     
        3840   7.7144086846571618        14.759603490955339        11.074124817265963     
        3841   7.7149246276903778        14.761861118109618        11.075116134785715     
        3842   7.7153569818434109        14.763753375527404        11.075946959451050     
        3843   7.7154183440351947        14.764021964617468        11.076065321109853     
        3844   7.7177176545245647        14.774091503796706        11.080481965090888     
        3845   7.7177918055627206        14.774416407709859        11.080624911906446     
        3846   7.7178493636274705        14.774668614294779        11.080735987553640     
        3847   7.7186017113547090        14.777965819098922        11.082181660501709     
        3848   7.7195049708704495        14.781925839687627        11.083917317703863     
        3849   7.7203709446686650        14.785723867268789        11.085581456273514     
        3850   7.7209607932196072        14.788311678226247        11.086715190820557     
        3851   7.7209685176305269        14.788345571563303        11.086730549492939     
        3852   7.7213386299429452        14.789969692994481        11.087442152133681     
        3853   7.7216029679388418        14.791129818611559        11.087950545789857     
        3854   7.7224238924882229        14.794733547494861        11.089528376892732     
        3855   7.7227055609888966        14.795970326948362        11.090070110685877     
        3856   7.7227279124740420        14.796068476733394        11.090113577114016     
        3857   7.7248820230721886        14.805532124783484        11.094253508341120     
        3858   7.7251427600456140        14.806678227671853        11.094755111770558     
        3859   7.7258024910160641        14.809578746768128        11.096023544693876     
        3860   7.7268697373513593        14.814272696544922        11.098075295232730     
        3861   7.7284531305244517        14.821240818905943        11.101119363521201     
        3862   7.7286099003697721        14.821930988522634        11.101421239659787     
        3863   7.7288709821648265        14.823080490822255        11.101923641180187     
        3864   7.7292368527044735        14.824691583933632        11.102627496014451     
        3865   7.7310126934353001        14.832515101677927        11.106042088099882     
        3866   7.7314352633728660        14.834377647633200        11.106855067137859     
        3867   7.7315700256190141        14.834971707188549        11.107114694174511     
        3868   7.7318702407029996        14.836295243600706        11.107692446776058     
        3869   7.7322533301473433        14.837984396604323        11.108429562766768     
        3870   7.7325037000759496        14.839088504777800        11.108911499442266     
        3871   7.7330842621250397        14.841649198763831        11.110028370769710     
        3872   7.7331382818792669        14.841887497875334        11.110132766311411     
        3873   7.7331916987134584        14.842123142889994        11.110236002889083     
        3874   7.7344900930907983        14.847852636801253        11.112733369158617     
        3875   7.7354090900438672        14.851909928458067        11.114501285643984     
        3876   7.7356178694747921        14.852831901010493        11.114903342304517     
        3877   7.7359040503141534        14.854095817272171        11.115454271732029     
        3878   7.7367309186295508        14.857748574940388        11.117045165359725     
        3879   7.7372094071080841        14.859862946111464        11.117966039085397     
        3880   7.7373545734391191        14.860504503467958        11.118245787146931     
        3881   7.7385347282915191        14.865721683232268        11.120516448124919     
        3882   7.7397406461438782        14.871055568164767        11.122836866423794     
        3883   7.7414306019308201        14.878535187529765        11.126088797764359     
        3884   7.7415296083822707        14.878973556289539        11.126279815264626     
        3885   7.7417350974205288        14.879883457071902        11.126675718806757     
        3886   7.7423049417566983        14.882407148040162        11.127772711771128     
        3887   7.7424286181576338        14.882954962477816        11.128011211707287     
        3888   7.7425244962073876        14.883379667058286        11.128196223273170     
        3889   7.7428093660308024        14.884641642272664        11.128744905011485     
        3890   7.7431268227888470        14.886048165476923        11.129356305500844     
        3891   7.7434374876819199        14.887424788213202        11.129954650034973     
        3892   7.7441653476002594        14.890650833861704        11.131355870678833     
        3893   7.7442319447153345        14.890946059850348        11.131484555268068     
        3894   7.7450891893696578        14.894747016353755        11.133134867333533     
        3895   7.7450941745931567        14.894769124675030        11.133144982795853     
        3896   7.7452399340138296        14.895415555837312        11.133426032074235     
        3897   7.7454519145848160        14.896355746992477        11.133834535742528     
        3898   7.7454786694765074        14.896474418454783        11.133886550271184     
        3899   7.7455803529916274        14.896925449066403        11.134082776310434     
        3900   7.7457533832534757        14.897692994325554        11.134416323079270     
        3901   7.7459767400161121        14.898683870117658        11.134846737806436     
        3902   7.7462786118884654        14.900023217892787        11.135428281223399     
        3903   7.7474254026834890        14.905112945164332        11.137636182170214     
        3904   7.7481655437360013        14.908399241272477        11.139061447639024     
        3905   7.7483983940924119        14.909433342191610        11.139510213029412     
        3906   7.7490966991001242        14.912535193554707        11.140855038060659     
        3907   7.7492001537824589        14.912994818209107        11.141054725360805     
        3908   7.7516158193733995        14.923733058444084        11.145706190007383     
        3909   7.7518230215011528        14.924654661114266        11.146105681021931     
        3910   7.7523449709777861        14.926976587311357        11.147111246954415     
        3911   7.7527510794418379        14.928783560232633        11.147893780475590     
        3912   7.7532780246633655        14.931128681121230        11.148909034196540     
        3913   7.7536579701248121        14.932819934490652        11.149641236282472     
        3914   7.7549592829568237        14.938614644087711        11.152147914013268     
        3915   7.7549743607197668        14.938681804626208        11.152177475247244     
        3916   7.7558899212631118        14.942760810745375        11.153941388242872     
        3917   7.7577503984694891        14.951054739638664        11.157525591285703     
        3918   7.7584971609291999        14.954385710806299        11.158964674583148     
        3919   7.7589464551880925        14.956390344970810        11.159830753453429     
        3920   7.7601334960413286        14.961688546810365        11.162118221244070     
        3921   7.7613886963744783        14.967294024764124        11.164537217584824     
        3922   7.7614019542552537        14.967353248626246        11.164563286366112     
        3923   7.7619072722798590        14.969610800368960        11.165537500013814     
        3924   7.7622673518215963        14.971219797730937        11.166231877188702     
        3925   7.7627801195060497        14.973511521318706        11.167220507491605     
        3926   7.7629266221696680        14.974166385283972        11.167503348969708     
        3927   7.7635435232070558        14.976924391123882        11.168692706106134     
        3928   7.7645670960097188        14.981502200574619        11.170665879799918     
        3929   7.7654497829843674        14.985451598180486        11.172367652365322     
        3930   7.7664590784916285        14.989969391329359        11.174313576958239     
        3931   7.7665932932153874        14.990570315011132        11.174572807795466     
        3932   7.7668079057571013        14.991531281341713        11.174987015775171     
        3933   7.7674870335533228        14.994572807046746        11.176296659987552     
        3934   7.7690027063677789        15.001364201545746        11.179219101374562     
        3935   7.7699878807330922        15.005781024472038        11.181119017768827     
        3936   7.7700302424528793        15.005970988122824        11.181201216977991     
        3937   7.7719829619066010        15.014731533048453        11.184966947304398     
        3938   7.7732213442135611        15.020291304981221        11.187355577317158     
        3939   7.7733678403447835        15.020949210325984        11.187638619845975     
        3940   7.7736478572582550        15.022206869951049        11.188179166044646     
        3941   7.7738056717660404        15.022915743028921        11.188484045638953     
        3942   7.7747012369086397        15.026939405125754        11.190211790102135     
        3943   7.7765325346929881        15.035172240429553        11.193744570257754     
        3944   7.7778959671725030        15.041306131624065        11.196375222123850     
        3945   7.7779896038984981        15.041727528203248        11.196556386085538     
        3946   7.7799991396938237        15.050775393781690        11.200433899731118     
        3947   7.7800249023988570        15.050891442637015        11.200484132193603     
        3948   7.7802223787300360        15.051781025251751        11.200865678381495     
        3949   7.7802281560093629        15.051807051674807        11.200877350417842     
        3950   7.7809716916803824        15.055157216995624        11.202312541551892     
        3951   7.7810473726181080        15.055498277233530        11.202459098717144     
        3952   7.7813135335039849        15.056697838056186        11.202973207734816     
        3953   7.7816446707819669        15.058190441962797        11.203612708957264     
        3954   7.7818745211603479        15.059226625372787        11.204056771808888     
        3955   7.7836550494164323        15.067257024822897        11.207493395762745     
        3956   7.7839479850646907        15.068578818273686        11.208059276355792     
        3957   7.7844358820512838        15.070780710312505        11.209001451813227     
        3958   7.7849579001768063        15.073137128958688        11.210009518385922     
        3959   7.7850794789570461        15.073686022017359        11.210244707126764     
        3960   7.7856177890178291        15.076116698465549        11.211284267430797     
        3961   7.7857728198005365        15.076816831519517        11.211584037650566     
        3962   7.7858991828782438        15.077387534884034        11.211828475178587     
        3963   7.7863609215926903        15.079473198230183        11.212720289351628     
        3964   7.7870461646531925        15.082569227683306        11.214043585890680     
        3965   7.7878995558349970        15.086426315905225        11.215691561411157     
        3966   7.7882358884975362        15.087946853781558        11.216341396639946     
        3967   7.7883048765102645        15.088258772633699        11.216475109761072     
        3968   7.7883871712533823        15.088630868577884        11.216634513535164     
        3969   7.7889018236818828        15.090958185272303        11.217628646599360     
        3970   7.7892954444663616        15.092738548757753        11.218389136371696     
        3971   7.7897990974154370        15.095017054744693        11.219362096751150     
        3972   7.7905211810096713        15.098284638298608        11.220756856470926     
        3973   7.7919100659455864        15.104572644812247        11.223439312061869     
        3974   7.7930233464040288        15.109615742208375        11.225589770618177     
        3975   7.7930290011317620        15.109641364297604        11.225601217721669     
        3976   7.7933077395372230        15.110904434922256        11.226140062207280     
        3977   7.7936203117700602        15.112321009378530        11.226744261705781     
        3978   7.7941028859806343        15.114508425352323        11.227676813981928     
        3979   7.7962472319662739        15.124234123877116        11.231819241664136     
        3980   7.7970042550304859        15.127669868437264        11.233282145366227     
        3981   7.7971501544826696        15.128332167907073        11.233564522217089     
        3982   7.7975717712820245        15.130246311876093        11.234379549150665     
        3983   7.7976786546700083        15.130731621616617        11.234586562607896     
        3984   7.7982704841463439        15.133419281363439        11.235730465327228     
        3985   7.7988953574946649        15.136257786576342        11.236938259570890     
        3986   7.7993122195790878        15.138151842759047        11.237744202358437     
        3987   7.7994776710836735        15.138903688316478        11.238064403655114     
        3988   7.8003244605220079        15.142752558384821        11.239701099397573     
        3989   7.8004108535154666        15.143145319467420        11.239868561019138     
        3990   7.8006000688964274        15.144005587077725        11.240234706617505     
        3991   7.8010358795143393        15.145987281349784        11.241077363827602     
        3992   7.8014173956241954        15.147722413025935        11.241815127870966     
        3993   7.8020503971197908        15.150601962196077        11.243038903658027     
        3994   7.8039140569342438        15.159084642890612        11.246641197722861     
        3995   7.8043318986387096        15.160987489560203        11.247449325483716     
        3996   7.8049383482058987        15.163749898714332        11.248622035803029     
        3997   7.8068889618324180        15.172640222756810        11.252393175012363     
        3998   7.8072167399480197        15.174134915110582        11.253027362706726     
        3999   7.8081889773791566        15.178569703991775        11.254907505170729     
        4000   7.8085510059642331        15.180221573165605        11.255607972248542     
        4001   7.8095145604500802        15.184619423325874        11.257471506490914     
        4002   7.8118120853930124        15.195113584867931        11.261914756956473     
        4003   7.8121115452055765        15.196482207367563        11.262494404824446     
        4004   7.8122521906097671        15.197125064329301        11.262766929058701     
        4005   7.8126500273439916        15.198943705997721        11.263536853220009     
        4006   7.8128608183596757        15.199907434650976        11.263945049676112     
        4007   7.8131542405785668        15.201249104724853        11.264513064399209     
        4008   7.8142829409183836        15.206411754053615        11.266696639901719     
        4009   7.8146557303595490        15.208117470052070        11.267418228825958     
        4010   7.8147008125993178        15.208323765727364        11.267505958412043     
        4011   7.8148722294630861        15.209108205667171        11.267838054329095     
        4012   7.8162948592449952        15.215620837012546        11.270590495316293     
        4013   7.8164659236097469        15.216404235244053        11.270921947521314     
        4014   7.8171307459953709        15.219449407097981        11.272208610692696     
        4015   7.8174177904703477        15.220764480661877        11.272764461611759     
        4016   7.8177926123988986        15.222481960696774        11.273490145769754     
        4017   7.8183089950814457        15.224848572684866        11.274489734656614     
        4018   7.8184423572361332        15.225459870241432        11.274748289404164     
        4019   7.8184536472287647        15.225511622357565        11.274770662428983     
        4020   7.8192254167822366        15.229049966344967        11.276264440073687     
        4021   7.8198241987502302        15.231796074192864        11.277423572123338     
        4022   7.8202417363400620        15.233711413311347        11.278232038156895     
        4023   7.8206845620117855        15.235743155498939        11.279089463271061     
        4024   7.8207444042691074        15.236017751278442        11.279205793504174     
        4025   7.8224352112192914        15.243779407607171        11.282478406173086     
        4026   7.8229934051118128        15.246343122270600        11.283559251181833     
        4027   7.8238012667756118        15.250054694114571        11.285123374126941     
        4028   7.8254486264418972        15.257627456479101        11.288312602885737     
        4029   7.8272367918239043        15.265853985961485        11.291774808742568     
        4030   7.8277602096349659        15.268263272407872        11.292788697979516     
        4031   7.8277765239088861        15.268338376160834        11.292820814127412     
        4032   7.8280089773014367        15.269408550781906        11.293271396851809     
        4033   7.8282087715861080        15.270328460132754        11.293658754419196     
        4034   7.8286913917189800        15.272550928779257        11.294593721723968     
        4035   7.8294649048545777        15.276113992022356        11.296091976355031     
        4036   7.8295009897567445        15.276280242290060        11.296162378825356     
        4037   7.8297507917656226        15.277431205257775        11.296646610642098     
        4038   7.8306217721227807        15.281445284477758        11.298333721879013     
        4039   7.8336334171291613        15.295337456569623        11.304166864941584     
        4040   7.8340465665905636        15.297244746351385        11.304967635502356     
        4041   7.8355038959094765        15.303975361452132        11.307791093801798     
        4042   7.8362938981511432        15.307625848446381        11.309322026543720     
        4043   7.8377501424387894        15.314358438583406        11.312143838839132     
        4044   7.8395239393721576        15.322565283811883        11.315581266414215     
        4045   7.8399099078473204        15.324351940853637        11.316329705919690     
        4046   7.8400440368061517        15.324972901669380        11.316590150052646     
        4047   7.8408206494480357        15.328569050601299        11.318095635046957     
        4048   7.8422973304482619        15.335410475179902        11.320957974172744     
        4049   7.8435203906155362        15.341080426921511        11.323329026279518     
        4050   7.8442272795142873        15.344358940743657        11.324699736781556     
        4051   7.8445279895726765        15.345753944247063        11.325283163103462     
        4052   7.8446928504494409        15.346518821684148        11.325603265823867     
        4053   7.8456816998271268        15.351107849014818        11.327520687589308     
        4054   7.8462534839440883        15.353762331599199        11.328629688544110     
        4055   7.8468301789483004        15.356440326683531        11.329748256009163     
        4056   7.8478197750348642        15.361037379871629        11.331667420180620     
        4057   7.8498521700201564        15.370485265858081        11.335608793475577     
        4058   7.8500752484111143        15.371522822313526        11.336041913403056     
        4059   7.8502110148771598        15.372154336324884        11.336305724069758     
        4060   7.8503240653147746        15.372680217781767        11.336525485900916     
        4061   7.8513501167852882        15.377454409359244        11.338515832269595     
        4062   7.8521897230860720        15.381362772643937        11.340144716242103     
        4063   7.8550466391800011        15.394673156874628        11.345686750586149     
        4064   7.8552753165571705        15.395739331946537        11.346130894070848     
        4065   7.8554414184293737        15.396513829087850        11.346453652292622     
        4066   7.8562614866745690        15.400338509523076        11.348045110496342     
        4067   7.8570879383351357        15.404194441801629        11.349649047359227     
        4068   7.8571941397347720        15.404690047939948        11.349855629940750     
        4069   7.8576002414255468        15.406585414231808        11.350644084646161     
        4070   7.8577470631955961        15.407270752291014        11.350929488622560     
        4071   7.8577607587286558        15.407334683012504        11.350956595325664     
        4072   7.8579929124138506        15.408418438148374        11.351407570684538     
        4073   7.8580503444838579        15.408686564446533        11.351519539626340     
        4074   7.8591075262965520        15.413623388453022        11.353571398159099     
        4075   7.8593794306350331        15.414893520534770        11.354099552579838     
        4076   7.8597416656633792        15.416585860155577        11.354803006435825     
        4077   7.8600573719814220        15.418061054141418        11.355416185940532     
        4078   7.8605609063811253        15.420414358718313        11.356393884916978     
        4079   7.8607281139234155        15.421195937807544        11.356718911871782     
        4080   7.8610748499319341        15.422816882450043        11.357392354742023     
        4081   7.8623815008606694        15.428927663249507        11.359928849776347     
        4082   7.8625050410439163        15.429505613712170        11.360169164475414     
        4083   7.8627806513948482        15.430795105110153        11.360704641272877     
        4084   7.8636048763399344        15.434652378646874        11.362305007751504     
        4085   7.8639308137236714        15.436178136984937        11.362938217396612     
        4086   7.8640208203661768        15.436599511649955        11.363113465943373     
        4087   7.8640946631013069        15.436945226703362        11.363257339213559     
        4088   7.8641396699186537        15.437155944347193        11.363345238472631     
        4089   7.8643086043787171        15.437946919057408        11.363673701511180     
        4090   7.8648657437468028        15.440555966802435        11.364755759729595     
        4091   7.8651137115819001        15.441717403129939        11.365237665568158     
        4092   7.8653194850001427        15.442681310894701        11.365637667425231     
        4093   7.8655488503186195        15.443755840093173        11.366083475132383     
        4094   7.8659838312664228        15.445793953264713        11.366928470079904     
        4095   7.8668402575382057        15.449807972598141        11.368591724649898     
        4096   7.8668842985232690        15.450014433657977        11.368677766266137     
        4097   7.8669073938627410        15.450122704699032        11.368723141489740     
        4098   7.8683148770569913        15.456723204946133        11.371456488010304     
        4099   7.8692911088526190        15.461303878920340        11.373352666209664     
        4100   7.8704041257771369        15.466528937090642        11.375514615418188     
        4101   7.8719104845268584        15.473604889199320        11.378440686648160     
        4102   7.8723358800402554        15.475604044106793        11.379267450383400     
        4103   7.8743349863331336        15.485004240929390        11.383151105798818     
        4104   7.8745201031883312        15.485875144506812        11.383511245912521     
        4105   7.8749679261276153        15.487982292863318        11.384381733445087     
        4106   7.8752539169978606        15.489328202583371        11.384937856754457     
        4107   7.8753344920835735        15.489707431982307        11.385094925949241     
        4108   7.8753741064391889        15.489893883576519        11.385172421032474     
        4109   7.8754256732577890        15.490136596646169        11.385273136613202     
        4110   7.8758142140379865        15.491965557530936        11.386028508797802     
        4111   7.8767112947395495        15.496189624167856        11.387771925635482     
        4112   7.8775724212613305        15.500246073179525        11.389445595046398     
        4113   7.8778545878756807        15.501575613894127        11.389994391804885     
        4114   7.8780485247033099        15.502489527236055        11.390371761164621     
        4115   7.8786849238735099        15.505489099393365        11.391608903475886     
        4116   7.8806026434363439        15.514533427817852        11.395336158980159     
        4117   7.8810702335765024        15.516739912378380        11.396245444774683     
        4118   7.8812194208691713        15.517444006282087        11.396535929383019     
        4119   7.8819561911071361        15.520921942673882        11.397968437006289     
        4120   7.8824641670748257        15.523320556517815        11.398956309107904     
        4121   7.8836823898224413        15.529075233032739        11.401324810171273     
        4122   7.8847155481231557        15.533958293223467        11.403333747882288     
        4123   7.8849306167136453        15.534975080995844        11.403752384670495     
        4124   7.8856182179020351        15.538226572528737        11.405089682353497     
        4125   7.8861354281487150        15.540673025430063        11.406095767737733     
        4126   7.8879781659142951        15.549394215769135        11.409679216634453     
        4127   7.8880626866440995        15.549794412511430        11.409844102529993     
        4128   7.8893793744967180        15.556030859649248        11.412405036566264     
        4129   7.8898626399254512        15.558320805954711        11.413345380037404     
        4130   7.8909849331934918        15.563640800320924        11.415528566249909     
        4131   7.8916013983988051        15.566564228244049        11.416728087224284     
        4132   7.8916404139533727        15.566749278251699        11.416804509413888     
        4133   7.8920214160277746        15.568556543614807        11.417546099151624     
        4134   7.8924868415160603        15.570764710749650        11.418451920608790     
        4135   7.8926086472955843        15.571342687242508        11.418689383853311     
        4136   7.8933463442265852        15.574843822034518        11.420124865980421     
        4137   7.8945187404374586        15.580410577754336        11.422406067394204     
        4138   7.8945753248310853        15.580679329408579        11.422516684038696     
        4139   7.8951532848251285        15.583424805775243        11.423641603429685     
        4140   7.8967076058555890        15.590812019684682        11.426666197072644     
        4141   7.8972911928892584        15.593587040623312        11.427802237571891     
        4142   7.8982757041870286        15.598270246880983        11.429718475757033     
        4143   7.8991952118065116        15.602646219859540        11.431508349559691     
        4144   7.9002962547968876        15.607888647382540        11.433651641270123     
        4145   7.9004630834000977        15.608683213000885        11.433976861977373     
        4146   7.9006198508745538        15.609429917357584        11.434282505274359     
        4147   7.9011284156634138        15.611852663072510        11.435272848289573     
        4148   7.9012235491660165        15.612305933604762        11.435458546629404     
        4149   7.9029486289049817        15.620528768316779        11.438816847594618     
        4150   7.9031227801224579        15.621359260413051        11.439156384451019     
        4151   7.9045640577537597        15.628235071991663        11.441962635699417     
        4152   7.9048910418566516        15.629795652439837        11.442599750060291     
        4153   7.9050454936247085        15.630532881258057        11.442900982423735     
        4154   7.9051450362675810        15.631008046771900        11.443095317234393     
        4155   7.9068623423412534        15.639209141767953        11.446439426771841     
        4156   7.9070900817409040        15.640297229796412        11.446883402566867     
        4157   7.9071589704385081        15.640626387944362        11.447018078225755     
        4158   7.9071687331487652        15.640673036177263        11.447037627249282     
        4159   7.9079615933878191        15.644462211731362        11.448582027174437     
        4160   7.9085510390895388        15.647280175248612        11.449730394538024     
        4161   7.9090994539948793        15.649902696099552        11.450798906256688     
        4162   7.9091696836789138        15.650238584229669        11.450936212952422     
        4163   7.9098088304177105        15.653295955649380        11.452181473334504     
        4164   7.9105352177705637        15.656771779542593        11.453596701709396     
        4165   7.9110373361879409        15.659175164330815        11.454575194316343     
        4166   7.9146042588874632        15.676264850568298        11.461523876334722     
        4167   7.9149607968996918        15.677974686774986        11.462219028133804     
        4168   7.9170529135894743        15.688013668856906        11.466295811404605     
        4169   7.9187561405776012        15.696194019862801        11.469615340412878     
        4170   7.9187900823341142        15.696357105197823        11.469682025966646     
        4171   7.9189990465809572        15.697361207418201        11.470089793366038     
        4172   7.9202518298166709        15.703383119854742        11.472531867813073     
        4173   7.9205962344138641        15.705039248906264        11.473203653116032     
        4174   7.9207753036170860        15.705900442519180        11.473553206500961     
        4175   7.9210731403974526        15.707332986733954        11.474134252060145     
        4176   7.9228777797769547        15.716017386560694        11.477652424595474     
        4177   7.9237569842874240        15.720251083929661        11.479366889962600     
        4178   7.9243386721081102        15.723053113116455        11.480501434836311     
        4179   7.9247645430492177        15.725105059907268        11.481332243952492     
        4180   7.9249188536089825        15.725848668568318        11.481633631920234     
        4181   7.9251126528844793        15.726782648124885        11.482012012455387     
        4182   7.9256121713624061        15.729190386766531        11.482986459701477     
        4183   7.9260565663357490        15.731332910939487        11.483853462630124     
        4184   7.9264585482480072        15.733271348076777        11.484637794313715     
        4185   7.9272687707411906        15.737179545207033        11.486218187788891     
        4186   7.9289015820392201        15.745060233433348        11.489402824638310     
        4187   7.9304655272598321        15.752614370327526        11.492453517216797     
        4188   7.9317438764436226        15.758793268305734        11.494947467965831     
        4189   7.9329285941418028        15.764523009371665        11.497258995319820     
        4190   7.9335161510372121        15.767365874153926        11.498405736105424     
        4191   7.9335354067528163        15.767459055653648        11.498443843367111     
        4192   7.9339735399694806        15.769579487314482        11.499299123087328     
        4193   7.9347913703491111        15.773538741239134        11.500895211066259     
        4194   7.9349374851134629        15.774246272380140        11.501180826145260     
        4195   7.9358193024083032        15.778517356999640        11.502901872177569     
        4196   7.9365376088142572        15.781997824854610        11.504303974468064     
        4197   7.9365914537790907        15.782258773009954        11.504409582664985     
        4198   7.9369203031133670        15.783852619081715        11.505051803004518     
        4199   7.9379614411352897        15.788900416692279        11.507083998154302     
        4200   7.9382415693455606        15.790259010374191        11.507631202746934     
        4201   7.9385045308829003        15.791534515396080        11.508144917133235     
        4202   7.9394063206624512        15.795909917349899        11.509905382506885     
        4203   7.9402227666209004        15.799872890748730        11.511499390027206     
        4204   7.9416119261683082        15.806619388649123        11.514211381468778     
        4205   7.9417524280858833        15.807301994241644        11.514486180463019     
        4206   7.9420016787702714        15.808513052596734        11.514973260501444     
        4207   7.9422970413337755        15.809948349091355        11.515550362037716     
        4208   7.9438692912566635        15.817592071307770        11.518620196906218     
        4209   7.9447108042347701        15.821685611047624        11.520263654841328     
        4210   7.9451077699248298        15.823617232419206        11.521039242621478     
        4211   7.9452638720590363        15.824376922248437        11.521344569618007     
        4212   7.9454663772927825        15.825362524352299        11.521740501857190     
        4213   7.9460314983219051        15.828113507791759        11.522844465972428     
        4214   7.9466017747405697        15.830890354823557        11.523958541506273     
        4215   7.9466271195492517        15.831013784201485        11.524008575441629     
        4216   7.9475831115567894        15.835670584153604        11.525875911263897     
        4217   7.9481743288326925        15.838551589871596        11.527031005575685     
        4218   7.9497690779341150        15.846326954436263        11.530146076069959     
        4219   7.9501505568581186        15.848187790874423        11.530891697135567     
        4220   7.9516302012812092        15.855408705547902        11.533782366656228     
        4221   7.9526923171607882        15.860595227043445        11.535857684747205     
        4222   7.9536240026725977        15.865147047138162        11.537678345692365     
        4223   7.9538241211450194        15.866125011451025        11.538069852654077     
        4224   7.9538753828736795        15.866375539151431        11.538170546182689     
        4225   7.9543397626326602        15.868645354424673        11.539078352843015     
        4226   7.9549764222059389        15.871758083953930        11.540322792722529     
        4227   7.9551453979418723        15.872584395831172        11.540653489356400     
        4228   7.9561491545607241        15.877494295603174        11.542615296249606     
        4229   7.9567483302856603        15.880426327583136        11.543786651070414     
        4230   7.9574365202778843        15.883795006847876        11.545132004784895     
        4231   7.9577186184220423        15.885176200849422        11.545683824029092     
        4232   7.9586073363841123        15.889528742300474        11.547421167380451     
        4233   7.9597514203203428        15.895134742262183        11.549657728375978     
        4234   7.9600135427906480        15.896419582392888        11.550170596090416     
        4235   7.9605248313986170        15.898926230020816        11.551170490169246     
        4236   7.9610831397280535        15.901664114762889        11.552262329315232     
        4237   7.9616772390247492        15.904578338064246        11.553424174965452     
        4238   7.9620235161215636        15.906277315970449        11.554101619614707     
        4239   7.9620251679391885        15.906285421159117        11.554105394586513     
        4240   7.9622449880685897        15.907364099829325        11.554535651335216     
        4241   7.9630701210065453        15.911414145510781        11.556149251473849     
        4242   7.9639872832921066        15.915917829679936        11.557942871826148     
        4243   7.9647526801708066        15.919677829903312        11.559439877341772     
        4244   7.9653264151482066        15.922497221376023        11.560562210520407     
        4245   7.9665917537462549        15.928718033863229        11.563036954329769     
        4246   7.9675092605605915        15.933231214769680        11.564831700632253     
        4247   7.9677909375501432        15.934617181853037        11.565383094903565     
        4248   7.9682898603755792        15.937072559690478        11.566359362518122     
        4249   7.9695133615923579        15.943096400445427        11.568752803015213     
        4250   7.9700512405661090        15.945745766612641        11.569805386692272     
        4251   7.9714608695154219        15.952692339458187        11.572563217166172     
        4252   7.9714828169160716        15.952800533184075        11.572606696328018     
        4253   7.9722390023812055        15.956529002901863        11.574086485554664     
        4254   7.9728673176077010        15.959628049722438        11.575316197297882     
        4255   7.9730071498682289        15.960317876752496        11.575590304018137     
        4256   7.9744607152754652        15.967491493180129        11.578434681786264     
        4257   7.9750619699902705        15.970460302571125        11.579611641453786     
        4258   7.9751301787809421        15.970797152106638        11.579745649160833     
        4259   7.9752861967605524        15.971567690528921        11.580051470502697     
        4260   7.9753658816842581        15.971961259715549        11.580207935492970     
        4261   7.9756565310236525        15.973396927612885        11.580777196735815     
        4262   7.9756653833924958        15.973440657290451        11.580795065927353     
        4263   7.9758145195576846        15.974177401436151        11.581087433091271     
        4264   7.9761663895634305        15.975915881514405        11.581776508525012     
        4265   7.9766144865867190        15.978130226909236        11.582653903004280     
        4266   7.9768996077692478        15.979539455590116        11.583212397191376     
        4267   7.9772627846508026        15.981334766915463        11.583923653137505     
        4268   7.9787064766634508        15.988474634300971        11.586749573687696     
        4269   7.9795168050540326        15.992484397855939        11.588336099968403     
        4270   7.9809104497329448        15.999384359332835        11.591064510508501     
        4271   7.9820461268102676        16.005010641020057        11.593288187074153     
        4272   7.9835843526028372        16.012636248689201        11.596300155039595     
        4273   7.9843128366741176        16.016249669062603        11.597726988938712     
        4274   7.9848645123816793        16.018986955176867        11.598807702551701     
        4275   7.9852358072515504        16.020829655602665        11.599535259774113     
        4276   7.9854765157375729        16.022024449917794        11.600007134568232     
        4277   7.9858794153853072        16.024024624994027        11.600796610568755     
        4278   7.9867202901662102        16.028200394877018        11.602443769237452     
        4279   7.9883135882413168        16.036117471465634        11.605564602697045     
        4280   7.9883340338890232        16.036219106356125        11.605605194427723     
        4281   7.9885366667499671        16.037226445956861        11.606002601877941     
        4282   7.9899974413663273        16.044491332972534        11.608864262082408     
        4283   7.9901415430837233        16.045208281769700        11.609147068891341     
        4284   7.9906268531843727        16.047623221636869        11.610098235050097     
        4285   7.9911608124462479        16.050280917409172        11.611144732494056     
        4286   7.9915177802537620        16.052058060900688        11.611844551891254     
        4287   7.9923093774348501        16.056000108563300        11.613395837494712     
        4288   7.9973536338798592        16.081156395524218        11.623280128591675     
        4289   7.9998745606670205        16.093752303525552        11.628221530360721     
        4290   8.0002551663119643        16.095655393589972        11.628968120265954     
        4291   8.0003960831095089        16.096360092353656        11.629244892206765     
        4292   8.0020822676433241        16.104796242960713        11.632550874009619     
        4293   8.0024111446234034        16.106442477265329        11.633196169369450     
        4294   8.0025978658854751        16.107377254208988        11.633562783282640     
        4295   8.0029273019528571        16.109026713032190        11.634209198583727     
        4296   8.0033315735079835        16.111051238749027        11.635002350851449     
        4297   8.0049877436902293        16.119349349283706        11.638250173365952     
        4298   8.0060772570950025        16.124812027904667        11.640387155179527     
        4299   8.0063638628733216        16.126249527911988        11.640949740259364     
        4300   8.0069566305895261        16.129223269618990        11.642112745464237     
        4301   8.0070259940107888        16.129571303352364        11.642249325870539     
        4302   8.0077838460015656        16.133374645300275        11.643736150683507     
        4303   8.0082947237472535        16.135939343364914        11.644738663497405     
        4304   8.0089562340989016        16.139261221747773        11.646036659637778     
        4305   8.0096697388059521        16.142845435401696        11.647436703037824     
        4306   8.0101808555531271        16.145413765022262        11.648439819880556     
        4307   8.0114009682941969        16.151547423167369        11.650833793962180     
        4308   8.0127043752664484        16.158103970610654        11.653391391912249     
        4309   8.0141351855845340        16.165306350116104        11.656199206127974     
        4310   8.0143748208737158        16.166513127946462        11.656669952782901     
        4311   8.0152941235372079        16.171143989818461        11.658474366969239     
        4312   8.0163604664880275        16.176518234903064        11.660567453081457     
        4313   8.0164409855391430        16.176924158907127        11.660726018144176     
        4314   8.0167380323604309        16.178421815802025        11.661309510902649     
        4315   8.0182516632344001        16.186056757063234        11.664280684648476     
        4316   8.0191914183502409        16.190799932792856        11.666125743148646     
        4317   8.0210839040730519        16.200358607373733        11.669841150901989     
        4318   8.0218231235456887        16.204094782040606        11.671292891070030     
        4319   8.0226469238780407        16.208260091892541        11.672910765169382     
        4320   8.0229053802091013        16.209567259754806        11.673418750721060     
        4321   8.0240672136055409        16.215445455784284        11.675700470145154     
        4322   8.0244048096876757        16.217154142172820        11.676363901598647     
        4323   8.0249109041572435        16.219716202141747        11.677358213749576     
        4324   8.0251441526696947        16.220897223802556        11.677816782175816     
        4325   8.0266699264501877        16.228626211137286        11.680813587302891     
        4326   8.0267088260208403        16.228823339620465        11.680890534507371     
        4327   8.0268303002274681        16.229438950507866        11.681129648813569     
        4328   8.0271653194511909        16.231136968110224        11.681788150605845     
        4329   8.0293078527455624        16.242003046768879        11.685996822713234     
        4330   8.0295683839206120        16.243325163032626        11.686509125960752     
        4331   8.0301761316443496        16.246409977039583        11.687703487698352     
        4332   8.0302338181499930        16.246702832430202        11.687817358821937     
        4333   8.0308947736593090        16.250058898100718        11.689116301637776     
        4334   8.0312446348377868        16.251835808138715        11.689804151939439     
        4335   8.0317161319640267        16.254230994618862        11.690730981158991     
        4336   8.0318500444029404        16.254911369054753        11.690994617389697     
        4337   8.0325790104797665        16.258615869060812        11.692427329885190     
        4338   8.0332572130379738        16.262063628964700        11.693760377170564     
        4339   8.0334566139855674        16.263077544307411        11.694152715191612     
        4340   8.0351665340089689        16.271776380871483        11.697513155306163     
        4341   8.0354617026239872        16.273278751486114        11.698093739205477     
        4342   8.0362065976893735        16.277071176243854        11.699558124999671     
        4343   8.0362679867985420        16.277383785871656        11.699679322020627     
        4344   8.0372020751385556        16.282141617490648        11.701515619281414     
        4345   8.0378351358208331        16.285367435213910        11.702760383410711     
        4346   8.0378381342935512        16.285382716678008        11.702766831583508     
        4347   8.0378650291144620        16.285519784915572        11.702820246455955     
        4348   8.0379247032172589        16.285823917988843        11.702938087207977     
        4349   8.0388690034723211        16.290637839360098        11.704794674093938     
        4350   8.0389254395483221        16.290925616625380        11.704906158752282     
        4351   8.0400939000639102        16.296885659394171        11.707203517476819     
        4352   8.0407143053583177        16.300051645495593        11.708423660364771     
        4353   8.0411176249084662        16.302110360533142        11.709217086875503     
        4354   8.0412791359908642        16.302934900857988        11.709535157329510     
        4355   8.0415456131956145        16.304295458935695        11.710059589066256     
        4356   8.0418907058969360        16.306057680880471        11.710738588478483     
        4357   8.0421102199044796        16.307178794634837        11.711170711885101     
        4358   8.0425562739672536        16.309457293216436        11.712048237519520     
        4359   8.0430170727846537        16.311811655111878        11.712954781633604     
        4360   8.0447819662015920        16.320834165266131        11.716425615975352     
        4361   8.0451569340227369        16.322752129388522        11.717163520571516     
        4362   8.0452368331973538        16.323160862006443        11.717321195197536     
        4363   8.0453867201976745        16.323927669765343        11.717616500821359     
        4364   8.0456985762490643        16.325523284378772        11.718230325560180     
        4365   8.0458074094153513        16.326080190300047        11.718444906414957     
        4366   8.0458668577036185        16.326384403899333        11.718562370524909     
        4367   8.0459607714468326        16.326865005777055        11.718747613845510     
        4368   8.0461451842574601        16.327808802205464        11.719110833093945     
        4369   8.0461980162328075        16.328079204552978        11.719215288389298     
        4370   8.0465852195707281        16.330061195245179        11.719977330830369     
        4371   8.0467024490291763        16.330661339078326        11.720208438128500     
        4372   8.0468077121189872        16.331200253042731        11.720416013216612     
        4373   8.0468776440824570        16.331558298792483        11.720554104042654     
        4374   8.0476897626445094        16.335717216424438        11.722151900279149     
        4375   8.0485898996257834        16.340328904632909        11.723922915611199     
        4376   8.0488132991510408        16.341473780983762        11.724362888898293     
        4377   8.0491100926262238        16.342994988913787        11.724947235753396     
        4378   8.0491791231899406        16.343348836606694        11.725083576371597     
        4379   8.0493827032154037        16.344392451956242        11.725484582200194     
        4380   8.0497391169916792        16.346219803556359        11.726186231831319     
        4381   8.0503300703317660        16.349250387478726        11.727349278200359     
        4382   8.0518487832119199        16.357043013119718        11.730337585636937     
        4383   8.0525679665219716        16.360735314458555        11.731753098353296     
        4384   8.0526472717546191        16.361142552559741        11.731909688384659     
        4385   8.0530206200180050        16.363059945720682        11.732644821314070     
        4386   8.0532216349509724        16.364092444189762        11.733040890291536     
        4387   8.0541165338384584        16.368690320898470        11.734802298033950     
        4388   8.0543707228565822        16.369996697369167        11.735303031277441     
        4389   8.0569816358721429        16.383425085898793        11.740441695902524     
        4390   8.0576468631655640        16.386849352231465        11.741751530187797     
        4391   8.0579110790525430        16.388209732434280        11.742272125132738     
        4392   8.0590748242479400        16.394203763221885        11.744563317600791     
        4393   8.0590830866353276        16.394246332639742        11.744580138779133     
        4394   8.0593837027361062        16.395795288187301        11.745172439276162     
        4395   8.0605929800774341        16.402028639672537        11.747553508088236     
        4396   8.0630483170521057        16.414696907206235        11.752388127201739     
        4397   8.0638200011872314        16.418681714626285        11.753908149677320     
        4398   8.0642446876110707        16.420875379642705        11.754744961072392     
        4399   8.0650605324448357        16.425090875531101        11.756352076724299     
        4400   8.0682559303701353        16.441618728512314        11.762645896260276     
        4401   8.0692132570342885        16.446575720649349        11.764532166203269     
        4402   8.0693078065857904        16.447065427101030        11.764718972460217     
        4403   8.0693599979228861        16.447335755255700        11.764822340282572     
        4404   8.0718311797651943        16.460143761290468        11.769691199665443     
        4405   8.0718787196412141        16.460390318876886        11.769785421921414     
        4406   8.0719427940207353        16.460722639508571        11.769912221068177     
        4407   8.0728486131049610        16.465421836118033        11.771697499147832     
        4408   8.0729759131311170        16.466082418569538        11.771948884371591     
        4409   8.0730467932625469        16.466450247077400        11.772089103394888     
        4410   8.0732826165092177        16.467674136126380        11.772554326254136     
        4411   8.0748311990160087        16.475714782255562        11.775606391139680     
        4412   8.0748867842399878        16.476003515533879        11.775716488200187     
        4413   8.0755532030666242        16.479465827448792        11.777030344941286     
        4414   8.0755597971923674        16.479500092555330        11.777043899497718     
        4415   8.0762867102285885        16.483278076420753        11.778477042800128     
        4416   8.0763839768716004        16.483783708464212        11.778669298784168     
        4417   8.0801832033120515        16.503553680226382        11.786158548014095     
        4418   8.0815178976626942        16.510508294878825        11.788790417161403     
        4419   8.0817768506524530        16.511858166653806        11.789301524123518     
        4420   8.0820725760465262        16.513399948747992        11.789885142435066     
        4421   8.0829118835027636        16.517777023695935        11.791540565205393     
        4422   8.0832705009903272        16.519647835232156        11.792248241756903     
        4423   8.0838526135545585        16.522685306159033        11.793396640909767     
        4424   8.0859842732686928        16.533816216281313        11.797600921568590     
        4425   8.0861798741891366        16.534838208552991        11.797987247150322     
        4426   8.0870181504162915        16.539219288623215        11.799641120739055     
        4427   8.0882115934658430        16.545459889148606        11.801995652123447     
        4428   8.0898389660929730        16.553975819845686        11.805206397360108     
        4429   8.0941158189502076        16.576390936424804        11.813645328514140     
        4430   8.0944526078240120        16.578158193107893        11.814310494630556     
        4431   8.0945441834693863        16.578638778644944        11.814491770384175     
        4432   8.0951611124970331        16.581877000987404        11.815709802307412     
        4433   8.0965457506998586        16.589148701467504        11.818443054420529     
        4434   8.0996130864567579        16.605276276121849        11.824498199665621     
        4435   8.1006139843047507        16.610544474792498        11.826474710215996     
        4436   8.1019652201850150        16.617661073641909        11.829143073108094     
        4437   8.1029585179489008        16.622895739726218        11.831104907870950     
        4438   8.1033687855381107        16.625058644382189        11.831915586711622     
        4439   8.1047358352684054        16.632269021989622        11.834615702733393     
        4440   8.1090158206056433        16.654877086988797        11.843069777144462     
        4441   8.1093446790625201        16.656616324579758        11.843719983967722     
        4442   8.1097591541982013        16.658808795071177        11.844539343984527     
        4443   8.1102604725230432        16.661461286937964        11.845530295271624     
        4444   8.1107289036829844        16.663940407739329        11.846456307767690     
        4445   8.1119681577004954        16.670501989700963        11.848905333778406     
        4446   8.1133297294783553        16.677716185064867        11.851596278819583     
        4447   8.1136269325797592        16.679291587701119        11.852184132202963     
        4448   8.1137284574479480        16.679829803648900        11.852385317598854     
        4449   8.1151999462250632        16.687633892797429        11.855293827687222     
        4450   8.1155556824041284        16.689521465838059        11.855997440883337     
        4451   8.1160566319426053        16.692180160300346        11.856988072627198     
        4452   8.1164843674023572        16.694450844541244        11.857834033383080     
        4453   8.1166864495602145        16.695523800925560        11.858234011281263     
        4454   8.1172034958994690        16.698269585664860        11.859256539429763     
        4455   8.1176593180109560        16.700690863405733        11.860158086559858     
        4456   8.1177349820549036        16.701092839362051        11.860308212089448     
        4457   8.1188002947658457        16.706754180101182        11.862414610226248     
        4458   8.1189145306558110        16.707361448779899        11.862640997500398     
        4459   8.1213598497259678        16.720369417018837        11.867475936377845     
        4460   8.1239188105236142        16.734000049639882        11.872536444669711     
        4461   8.1256705089005248        16.743341419247518        11.876001249470756     
        4462   8.1270451131930947        16.750677955813405        11.878720598016779     
        4463   8.1274136300942548        16.752645719086704        11.879450085756199     
        4464   8.1274316140227416        16.752741757466005        11.879486223760990     
        4465   8.1277298491104855        16.754334536992957        11.880076709673512     
        4466   8.1284716472859220        16.758297347664662        11.881544634646170     
        4467   8.1289452057556808        16.760827998203844        11.882481992180717     
        4468   8.1293597097975834        16.763043593334292        11.883302554388782     
        4469   8.1294159450381809        16.763344218151495        11.883414369885893     
        4470   8.1311496550788185        16.772616798396523        11.886844939596424     
        4471   8.1311643765820456        16.772695571756866        11.886874632654523     
        4472   8.1319154065667512        16.776715085152595        11.888361183060590     
        4473   8.1334641973487329        16.785009320212794        11.891426429960520     
        4474   8.1344432633488104        16.790256060886133        11.893364504167460     
        4475   8.1373754371799034        16.805985846488500        11.899168458751285     
        4476   8.1376127690527262        16.807260107627712        11.899638808025733     
        4477   8.1378581937865206        16.808577991030859        11.900125184950449     
        4478   8.1379469059444105        16.809054400918416        11.900301356596485     
        4479   8.1381486840429318        16.810138092064282        11.900701345362735     
        4480   8.1386129010004744        16.812631711534486        11.901620856575645     
        4481   8.1393918836606591        16.816817545622147        11.903163532990062     
        4482   8.1397069363735568        16.818510967290457        11.903787816895180     
        4483   8.1407385444068208        16.824057911805820        11.905830779357279     
        4484   8.1409386736491403        16.825134360878732        11.906227583153592     
        4485   8.1412474392808338        16.826795367383806        11.906839487668551     
        4486   8.1431634197082232        16.837108567523146        11.910633880892524     
        4487   8.1432960271700985        16.837822751029154        11.910897042965916     
        4488   8.1433387927691658        16.838053084431827        11.910982297076879     
        4489   8.1434116745171394        16.838445634149281        11.911127189383722     
        4490   8.1440637279995904        16.841958357174601        11.912419026296311     
        4491   8.1442405242674116        16.842911001418802        11.912769715924012     
        4492   8.1443272239893716        16.843378205030589        11.912941982632967     
        4493   8.1451322252497302        16.847717202622103        11.914536816490626     
        4494   8.1460136404478654        16.852470235448429        11.916283089206855     
        4495   8.1478846479917166        16.862567140342019        11.919989682065134     
        4496   8.1481360381463031        16.863924546256850        11.920488232242613     
        4497   8.1489163307077668        16.868138986761615        11.922034549205504     
        4498   8.1497533691538866        16.872661893108461        11.923693374394420     
        4499   8.1498119319901043        16.872978411814135        11.923809965116716     
        4500   8.1503117754217431        16.875680358733252        11.924800824458613     
        4501   8.1503766820656462        16.876031270774188        11.924929988502926     
        4502   8.1517776702777383        16.883608592840329        11.927706398723027     
        4503   8.1519432129018750        16.884504318676477        11.928034982566730     
        4504   8.1525083262562958        16.887562665235667        11.929155327332660     
        4505   8.1549725924305889        16.900910012388334        11.934039383184954     
        4506   8.1551273999251706        16.901749100193140        11.934346765751632     
        4507   8.1567449924949695        16.910520991799082        11.937553451439102     
        4508   8.1573864128301423        16.914001421811584        11.938825436771056     
        4509   8.1575948286795725        16.915132574063779        11.939239137937728     
        4510   8.1576976309127289        16.915690568090927        11.939443488917147     
        4511   8.1579543116949669        16.917083926131983        11.939952875368304     
        4512   8.1581891121347550        16.918358679645031        11.940418896665216     
        4513   8.1582244824639503        16.918550722549089        11.940489582218104     
        4514   8.1583744572950643        16.919365050604288        11.940787455954004     
        4515   8.1594315949247012        16.925106941137383        11.942883745485824     
        4516   8.1595458145757522        16.925727527704424        11.943110758757511     
        4517   8.1596513638086172        16.926301039761338        11.943320584312163     
        4518   8.1614170621224282        16.935900014521060        11.946821964425199     
        4519   8.1619260261923117        16.938668638948261        11.947831727262772     
        4520   8.1626532676504269        16.942625962878655        11.949274362173751     
        4521   8.1643663424746844        16.951953946587277        11.952672125224863     
        4522   8.1648802926406905        16.954754190310265        11.953691988732748     
        4523   8.1653325547687050        16.957218977184745        11.954589540059276     
        4524   8.1665055759106178        16.963614666914420        11.956916722801319     
        4525   8.1668839416907435        16.965678512029136        11.957667798753020     
        4526   8.1686804515740832        16.975483624408813        11.961232103429746     
        4527   8.1691137169518129        16.977849768904733        11.962092209923183     
        4528   8.1691268968183639        16.977921755433815        11.962118927789144     
        4529   8.1705023932610263        16.985437369058271        11.964848462817448     
        4530   8.1713069393372724        16.989835970530535        11.966445364516064     
        4531   8.1718305817982682        16.992699860012156        11.967484963571914     
        4532   8.1724512601943893        16.996095518083205        11.968717154579528     
        4533   8.1726064743498767        16.996944856620726        11.969025727424656     
        4534   8.1733960831136603        17.001266747049641        11.970593225005436     
        4535   8.1737175286128902        17.003026700616918        11.971231708638134     
        4536   8.1745310749958691        17.007482351412381        11.972846837755087     
        4537   8.1746486387055945        17.008126391427457        11.973080732675426     
        4538   8.1761596867974387        17.016407942049494        11.976080391153284     
        4539   8.1775652638010001        17.024117602720050        11.978871002493781     
        4540   8.1776023181552731        17.024320928154538        11.978945129863975     
        4541   8.1788033444610519        17.030913464635859        11.981329939566370     
        4542   8.1790660609751331        17.032356117639630        11.981852074568151     
        4543   8.1836122429749238        17.057353547351664        11.990879587686697     
        4544   8.1839437126026837        17.059178597631213        11.991538443040136     
        4545   8.1849845763684090        17.064911692138782        11.993606222576028     
        4546   8.1862652616494582        17.071970240471689        11.996150509263478     
        4547   8.1865303384033687        17.073431844191706        11.996677609707495     
        4548   8.1875964552722209        17.079312452313669        11.998795934146765     
        4549   8.1877436134031036        17.080124435471578        11.999088836749324     
        4550   8.1885230032255674        17.084426020629817        12.000637719668068     
        4551   8.1891166812719582        17.087703872858722        12.001817731245866     
        4552   8.1892770441691844        17.088589462820639        12.002136899852937     
        4553   8.1894088261864759        17.089317276103412        12.002399289075159     
        4554   8.1910934033022489        17.098625624707651        12.005746890630727     
        4555   8.1915494269178168        17.101146933095816        12.006653590299836     
        4556   8.1917631201085186        17.102328639882227        12.007078785521314     
        4557   8.1922128564259715        17.104816103169075        12.007973034599567     
        4558   8.1936278973997254        17.112646644355962        12.010785637018712     
        4559   8.1963708677964888        17.127843155003998        12.016237961051482     
        4560   8.1970520766684523        17.131620747528512        12.017592625981939     
        4561   8.1977182503959227        17.135316344428730        12.018917467786524     
        4562   8.1992953874363241        17.144070955684793        12.022053437417673     
        4563   8.1998655450852187        17.147237760319314        12.023187588367746     
        4564   8.2000129522490965        17.148056661425056        12.023481242201898     
        4565   8.2002302266676566        17.149263823154985        12.023913813962102     
        4566   8.2013250337579411        17.155348714143486        12.026091248226768     
        4567   8.2014347332994237        17.155958623640021        12.026309953032266     
        4568   8.2016075125981232        17.156919320553275        12.026654091314287     
        4569   8.2033862651048839        17.166815007308042        12.030191880289179     
        4570   8.2038394205250000        17.169337600789866        12.031093667879022     
        4571   8.2044655833035769        17.172824326852140        12.032339571638291     
        4572   8.2050522164570978        17.176092039465519        12.033506908101471     
        4573   8.2052106325866383        17.176974645259605        12.033822566986915     
        4574   8.2063658060390168        17.183412979816545        12.036120847949418     
        4575   8.2076379736534797        17.190508178341279        12.038652054949084     
        4576   8.2085739206491652        17.195731406128438        12.040514588260917     
        4577   8.2092489107853694        17.199500009179193        12.041858054939540     
        4578   8.2100777670354113        17.204129620690228        12.043507725947668     
        4579   8.2107457004228852        17.207861950933331        12.044837294826737     
        4580   8.2123900913653980        17.217056547513721        12.048109998984346     
        4581   8.2148579407032738        17.230871387847444        12.053021996635442     
        4582   8.2149456305556328        17.231362620529680        12.053197105525387     
        4583   8.2157451321422403        17.235842488210885        12.054789014070275     
        4584   8.2165352920688690        17.240271984290906        12.056362417657033     
        4585   8.2168830391832159        17.242222014721282        12.057055218642850     
        4586   8.2173437816744777        17.244806265049725        12.057972974363830     
        4587   8.2183833782680242        17.250639694425708        12.060043139200841     
        4588   8.2186332774888786        17.252042447199429        12.060541228034500     
        4589   8.2194472399859109        17.256612806362057        12.062162344632656     
        4590   8.2199218523950535        17.259278695958137        12.063107883145745     
        4591   8.2206479075844108        17.263358310955145        12.064554110411139     
        4592   8.2213427885989177        17.267264321377574        12.065938336463676     
        4593   8.2230994393526462        17.277145477192459        12.069437065913297     
        4594   8.2253480835540103        17.289808360095201        12.073916175259457     
        4595   8.2257835483678274        17.292262465465804        12.074784132413273     
        4596   8.2258947886935321        17.292889467998229        12.075006287889257     
        4597   8.2273778823630721        17.301252636186550        12.077961187165039     
        4598   8.2298697991979282        17.315320328163416        12.082926361071459     
        4599   8.2310403161969870        17.321935119881225        12.085259239244282     
        4600   8.2313265762228927        17.323553490343478        12.085830230805518     
        4601   8.2318659788926318        17.326603714138471        12.086905676398230     
        4602   8.2337482568999523        17.337254947147613        12.090657391326578     
        4603   8.2340329848901117        17.338867123686189        12.091225439265321     
        4604   8.2344126486671403        17.341017246637605        12.091982714342214     
        4605   8.2345270056254467        17.341664966897795        12.092211218200310     
        4606   8.2353554748275339        17.346358687547639        12.093863078393072     
        4607   8.2373809013123420        17.357843096224499        12.097901088851659     
        4608   8.2375570067416923        17.358842258435931        12.098252738885501     
        4609   8.2384480233146249        17.363899113860501        12.100029652347216     
        4610   8.2390582829610590        17.367364043811484        12.101246912326344     
        4611   8.2401556495896102        17.373597690046157        12.103435455081469     
        4612   8.2410569030988654        17.378720213673169        12.105233108722080     
        4613   8.2414404525912133        17.380901019542751        12.105998509779427     
        4614   8.2417428035504603        17.382620477809301        12.106602010538184     
        4615   8.2432287513093261        17.391075305270405        12.109565923112422     
        4616   8.2432779001886907        17.391355077439748        12.109664522424017     
        4617   8.2437865353839896        17.394250862034113        12.110679516642135     
        4618   8.2445433314793721        17.398561039991353        12.112189507140206     
        4619   8.2446952409221979        17.399426433192708        12.112493076086457     
        4620   8.2448721867910724        17.400434547593232        12.112846585304544     
        4621   8.2457338007399663        17.405344876974738        12.114565771128797     
        4622   8.2458812585539416        17.406185479285387        12.114860486034340     
        4623   8.2470431318652349        17.412811361157146        12.117178770430924     
        4624   8.2488295862453977        17.423007649799310        12.120743341196556     
        4625   8.2489928692736960        17.423940115602676        12.121069694746270     
        4626   8.2500145931267603        17.429776882992762        12.123108848468261     
        4627   8.2504677661389820        17.432366800193464        12.124013660113642     
        4628   8.2528132160138057        17.445781949535203        12.128694659389931     
        4629   8.2553629098227699        17.460385747055437        12.133784115848416     
        4630   8.2572434514084279        17.471170545649489        12.137538615514584     
        4631   8.2573015182861980        17.471503741065124        12.137655117126394     
        4632   8.2578489838412423        17.474645716628451        12.138748642097900     
        4633   8.2581580922276103        17.476420165749115        12.139366336739107     
        4634   8.2596327362473509        17.484889755825339        12.142311128334063     
        4635   8.2610211575654073        17.492870689297401        12.145084052504172     
        4636   8.2611048015028157        17.493351695465886        12.145251659571878     
        4637   8.2616743035752762        17.496627312029144        12.146389485110058     
        4638   8.2621843035207565        17.499561599951413        12.147408529291196     
        4639   8.2646263555508437        17.513623906183273        12.152286363119758     
        4640   8.2653935429306458        17.518045761204430        12.153819341318306     
        4641   8.2661566829270594        17.522446228921261        12.155344317840433     
        4642   8.2662026952791017        17.522711610258789        12.155436813692399     
        4643   8.2667034433150111        17.525600185503588        12.156437702737565     
        4644   8.2686498343425114        17.536835913280001        12.160326781233470     
        4645   8.2707564359940537        17.549010714636900        12.164536531947109     
        4646   8.2724476148566328        17.558795377330249        12.167916687083343     
        4647   8.2750645281042985        17.573954961051292        12.173147583519635     
        4648   8.2753389415885348        17.575545950038109        12.173696681488343     
        4649   8.2773950715864597        17.587474999880662        12.177807523747534     
        4650   8.2784839612257617        17.593798179373788        12.179985069017635     
        4651   8.2791595671695291        17.597723432359281        12.181336441644573     
        4652   8.2825005874596176        17.617157355308525        12.188017923314385     
        4653   8.2828578123301835        17.619237484411396        12.188732928491481     
        4654   8.2836287018025043        17.623727867477434        12.190275291145271     
        4655   8.2842506482478662        17.627352136903497        12.191519829220814     
        4656   8.2852575213735697        17.633222276095598        12.193534374411611     
        4657   8.2861224392077322        17.638267559065760        12.195265093415292     
        4658   8.2864520314478334        17.640190823405383        12.195925004247099     
        4659   8.2864927844601119        17.640428654505431        12.196007113533353     
        4660   8.2872533053115660        17.644868027293850        12.197529130006052     
        4661   8.2874327946123962        17.645916044025586        12.197888797379685     
        4662   8.2891518471564485        17.655958955169510        12.201328714250936     
        4663   8.2900857009340161        17.661418871672559        12.203197848607333     
        4664   8.2904273079337223        17.663416873281630        12.203881986483259     
        4665   8.2912227983433144        17.668071110010946        12.205474405338949     
        4666   8.2916453443697939        17.670544213636067        12.206320572094343     
        4667   8.2928977656946934        17.677878058049945        12.208827599208822     
        4668   8.2945560747688702        17.687596955596206        12.212147261734556     
        4669   8.2979407417515656        17.707462928768855        12.218923407698446     
        4670   8.2981196487245228        17.708514104798063        12.219282181935272     
        4671   8.2983215795812733        17.709700691457531        12.219687057570082     
        4672   8.2989691132642402        17.713506680623208        12.220984121924980     
        4673   8.2993992545054347        17.716035709755502        12.221845960625155     
        4674   8.3007043250579606        17.723712830174410        12.224459791356887     
        4675   8.3021259056898540        17.732082036984533        12.227307193774520     
        4676   8.3039580173705598        17.742878485398190        12.230977135774266     
        4677   8.3057714711236788        17.753576475734402        12.234610177768426     
        4678   8.3058509459079684        17.754045578059415        12.234769968136492     
        4679   8.3068872611894200        17.760164475581252        12.236846576743877     
        4680   8.3076187438919007        17.764485751994407        12.238312614395371     
        4681   8.3079773028664619        17.766604642097871        12.239031565410736     
        4682   8.3080591947196538        17.767088641757681        12.239196223499134     
        4683   8.3081446467618782        17.767593707928881        12.239368015472257     
        4684   8.3084511082169907        17.769405264906322        12.239982612220262     
        4685   8.3094262992107879        17.775172004966919        12.241937127489267     
        4686   8.3116206513030733        17.788160362777610        12.246334890468946     
        4687   8.3121762617247033        17.791451695988901        12.247448952158761     
        4688   8.3124394921070444        17.793011402280072        12.247977083446424     
        4689   8.3130869422976517        17.796848743029667        12.249275276518217     
        4690   8.3142586793458388        17.803797199941997        12.251624384635184     
        4691   8.3146068118780398        17.805862573234702        12.252322774465588     
        4692   8.3162388425459319        17.815550647737606        12.255594856763770     
        4693   8.3166696910497819        17.818109821090722        12.256459167249377     
        4694   8.3184115236125056        17.828462717892908        12.259951876102660     
        4695   8.3187474901151255        17.830460829191519        12.260626077990347     
        4696   8.3198959228420701        17.837293980192314        12.262929396614345     
        4697   8.3217511072186667        17.848342161958172        12.266650222371622     
        4698   8.3220952895158256        17.850393214231012        12.267341060356367     
        4699   8.3246960514442634        17.865905297771214        12.272557954992438     
        4700   8.3254148333289812        17.870196675331847        12.274000362375007     
        4701   8.3254652664220821        17.870497847570185        12.274102119231491     
        4702   8.3259278108903914        17.873260456118771        12.275030577311105     
        4703   8.3286143326524531        17.889321172792567        12.280420954536121     
        4704   8.3338150607366845        17.920485952768356        12.290858320433879     
        4705   8.3347272205157541        17.925961993270011        12.292689820229098     
        4706   8.3360288745613769        17.933781511732722        12.295303326711148     
        4707   8.3369259506540008        17.939174141734568        12.297104830925177     
        4708   8.3370787982265639        17.940093250588003        12.297412280294649     
        4709   8.3372732358353794        17.941262572329546        12.297803231108871     
        4710   8.3380130867864821        17.945713187272080        12.299289222475837     
        4711   8.3394831779233645        17.954562485631996        12.302241549107075     
        4712   8.3396167799437659        17.955367099012570        12.302510409449182     
        4713   8.3407361153056101        17.962110800693818        12.304758694791216     
        4714   8.3413430385336866        17.965769256145038        12.305978099480290     
        4715   8.3426574793586799        17.973697128266114        12.308618508623562     
        4716   8.3432162047754730        17.977068909609088        12.309741273756041     
        4717   8.3434999680223516        17.978781791955829        12.310311807381995     
        4718   8.3442008559270775        17.983013824936865        12.311720190062720     
        4719   8.3455751820230599        17.991317349374818        12.314481431029209     
        4720   8.3456266994067274        17.991628745753186        12.314585512608753     
        4721   8.3464844684120685        17.996814948389261        12.316309272347306     
        4722   8.3471733928327456        18.000982239332345        12.317693916696664     
        4723   8.3476801575309878        18.004048758459881        12.318712644368910     
        4724   8.3501281465455577        18.018875212360083        12.323631978061814     
        4725   8.3513583663691193        18.026334451064059        12.326104770572259     
        4726   8.3518293333233764        18.029191556353151        12.327051856145816     
        4727   8.3522576444283683        18.031790600301573        12.327913244479879     
        4728   8.3527634332258245        18.034860658420666        12.328930376705580     
        4729   8.3538462768480404        18.041436518842673        12.331107401689367     
        4730   8.3548397766637237        18.047473620967637        12.333104998912420     
        4731   8.3573568751346237        18.062785358847012        12.338165762965319     
        4732   8.3574849604767731        18.063565140796719        12.338423872727803     
        4733   8.3595278172723013        18.076010252982073        12.342531957716959     
        4734   8.3620935557371148        18.091662741456314        12.347692219003116     
        4735   8.3623111578917655        18.092991368179110        12.348130451059673     
        4736   8.3624671938312733        18.093944194999743        12.348444866248533     
        4737   8.3635270341701649        18.100418468598505        12.350577114515064     
        4738   8.3646091162028018        18.107032937930107        12.352754261975841     
        4739   8.3649180259805025        18.108922021347674        12.353376243102980     
        4740   8.3662319161286653        18.116960874741743        12.356019941971693     
        4741   8.3685123806744475        18.130928939101825        12.360608644660333     
        4742   8.3702899747421178        18.141830421154737        12.364186125017566     
        4743   8.3712302574420594        18.147601718600345        12.366078943838536     
        4744   8.3716714459019066        18.150310807833499        12.366967429309971     
        4745   8.3733113514853397        18.160386980989049        12.370268571551291     
        4746   8.3746701508230590        18.168743634077181        12.373004236115309     
        4747   8.3753716295213092        18.173060481960174        12.374416910701084     
        4748   8.3754471642113941        18.173525427994917        12.374569562015138     
        4749   8.3798404066466521        18.200604841371998        12.383415405639985     
        4750   8.3800950362930777        18.202176598119998        12.383928750885454     
        4751   8.3803309873781195        18.203633277951191        12.384404491261217     
        4752   8.3812722060824338        18.209446146846751        12.386300536266644     
        4753   8.3813185149981422        18.209732233129301        12.386394393793184     
        4754   8.3834616040508578        18.222980726959872        12.390711277600124     
        4755   8.3850188109360477        18.232618342237529        12.393848574909130     
        4756   8.3865870443443526        18.242333597455783        12.397008431165597     
        4757   8.3868934375040247        18.244232815375302        12.397626308305066     
        4758   8.3905426968736503        18.266881000887068        12.404979972652976     
        4759   8.3909282634618751        18.269276919117257        12.405757577074946     
        4760   8.3911900838526297        18.270904203398892        12.406285816006557     
        4761   8.3933094943699533        18.284086667781374        12.410557978042666     
        4762   8.3945172875621541        18.291606768729771        12.412993107107534     
        4763   8.3948343848561215        18.293582054013953        12.413632907790072     
        4764   8.3970588355119595        18.307449741959687        12.418117941158089     
        4765   8.3981334266644811        18.314155862043126        12.420285139284870     
        4766   8.3993211760470174        18.321573396425816        12.422680678967781     
        4767   8.4003760767041395        18.328165902580125        12.424808514728474     
        4768   8.4012594668996670        18.333689915238370        12.426590616495490     
        4769   8.4046755235530277        18.355079950904198        12.433481304238404     
        4770   8.4060060044683862        18.363423307697996        12.436165894033079     
        4771   8.4069370693246661        18.369266096060525        12.438044888104029     
        4772   8.4072463549719298        18.371207737490341        12.438669489091255     
        4773   8.4076369486237734        18.373660355223109        12.439458153115693     
        4774   8.4095639006887541        18.385768894662153        12.443346902186159     
        4775   8.4123770761038088        18.403472633649738        12.449024795238428     
        4776   8.4124234481869085        18.403764722931804        12.449118988663271     
        4777   8.4127592461688625        18.405880107707656        12.449797342897957     
        4778   8.4133467598282792        18.409582271129931        12.450983783269765     
        4779   8.4142573853975158        18.415323204531123        12.452822491197852     
        4780   8.4170951780521186        18.433234907835136        12.458551962928235     
        4781   8.4171749101034585        18.433738627734780        12.458713541403620     
        4782   8.4175964980584830        18.436402498470787        12.459565336731094     
        4783   8.4177070074954390        18.437100887374463        12.459789062459430     
        4784   8.4183721483557914        18.441305423174544        12.461132657960976     
        4785   8.4188429206620921        18.444282371385668        12.462083839432227     
        4786   8.4279908579868454        18.502306357923608        12.480562153408529     
        4787   8.4312499186455163        18.523059697210748        12.487148532620653     
        4788   8.4318683466066240        18.527002644831690        12.488398999592407     
        4789   8.4318996714367298        18.527202405772819        12.488462912135626     
        4790   8.4319252330525920        18.527365417193625        12.488515176863308     
        4791   8.4326166585546218        18.531775781132495        12.489913244557650     
        4792   8.4357090601357321        18.551524979526974        12.496164844123465     
        4793   8.4374528789919587        18.562678861776632        12.499691011418589     
        4794   8.4383546969568268        18.568451989293109        12.501515034002219     
        4795   8.4389387583317959        18.572192727786813        12.502696634525874     
        4796   8.4391043474544940        18.573253531262349        12.503032075075845     
        4797   8.4398350349987030        18.577935834530241        12.504510245679734     
        4798   8.4410830078273591        18.585938016024869        12.507034625658578     
        4799   8.4416897382279270        18.589830773323374        12.508262300745061     
        4800   8.4418860768201327        18.591090798253628        12.508659997297380     
        4801   8.4433466968553113        18.600469478290361        12.511614862462816     
        4802   8.4454470913630821        18.613971604821305        12.515864272587722     
        4803   8.4457921471322113        18.616191497730114        12.516562936677987     
        4804   8.4494371509453536        18.639671529805018        12.523938545623254     
        4805   8.4500908794147058        18.643888491213065        12.525262051314639     
        4806   8.4503618901228048        18.645637202948411        12.525811097857884     
        4807   8.4515490406067553        18.653300963492537        12.528214250874951     
        4808   8.4517561244933059        18.654638414644452        12.528633971537806     
        4809   8.4529906451970227        18.662615279720026        12.531133241432256     
        4810   8.4542500735962758        18.670759648272181        12.533683148040575     
        4811   8.4547046276044480        18.673700750744388        12.534603904911291     
        4812   8.4547991994774758        18.674312768203567        12.534795955365349     
        4813   8.4553426323352561        18.677830294757349        12.535896675288841     
        4814   8.4558953104606012        18.681408933487678        12.537016154334298     
        4815   8.4586172284009251        18.699052297157348        12.542527802439691     
        4816   8.4609207240000295        18.714007821240347        12.547193098676351     
        4817   8.4648413308052142        18.739514039836582        12.555134860428465     
        4818   8.4652171018024536        18.741962106171052        12.555896702890324     
        4819   8.4664387735886280        18.749925176163007        12.558372307826000     
        4820   8.4664922584337265        18.750273944645642        12.558481275025214     
        4821   8.4672850659919696        18.755445177951490        12.560088159139420     
        4822   8.4678807169109103        18.759332180857957        12.561295650655554     
        4823   8.4689138408107159        18.766077559472379        12.563389652702954     
        4824   8.4698193451409516        18.771993439964390        12.565225187278758     
        4825   8.4721628501738042        18.787320399025923        12.569975250062919     
        4826   8.4738650417922585        18.798467795762051        12.573426088023245     
        4827   8.4777921191899637        18.824233138461402        12.581388197233059     
        4828   8.4778097974788800        18.824349274984279        12.581424650233908     
        4829   8.4778910487585257        18.824883068033550        12.581590005418983     
        4830   8.4792433329505101        18.833771297504981        12.584332674231094     
        4831   8.4795082267081892        18.835513304352201        12.584870444862522     
        4832   8.4797232553416553        18.836927608995424        12.585307104376950     
        4833   8.4798193710493095        18.837559854107681        12.585502625563501     
        4834   8.4826262828839578        18.856041254256422        12.591195941564985     
        4835   8.4839089099049811        18.864497770391434        12.593798224218849     
        4836   8.4841522946056376        18.866103242915070        12.594292539894086     
        4837   8.4842035261503099        18.866441221555835        12.594397073347283     
        4838   8.4854251936885561        18.874504046823272        12.596875975595447     
        4839   8.4858142660366891        18.877073232320679        12.597665907459410     
        4840   8.4881525328977574        18.892527573806923        12.602410682769142     
        4841   8.4882541926080162        18.893200016887548        12.602617569792413     
        4842   8.4889010503166435        18.897479811747150        12.603930751488326     
        4843   8.4931488735596332        18.925630220449474        12.612552318352693     
        4844   8.4940505878294577        18.931616108734826        12.614383288397848     
        4845   8.4964363282835471        18.947470774177670        12.619227192950961     
        4846   8.4978201645730458        18.956678722231601        12.622037502758042     
        4847   8.4997782029551665        18.969721872779587        12.626014121558748     
        4848   8.5019676362656078        18.984326597844269        12.630461260067348     
        4849   8.5037134707151445        18.995987578905321        12.634007982051655     
        4850   8.5075155194603962        19.021429816575111        12.641732756885913     
        4851   8.5107652919293280        19.043227805094713        12.648337172610427     
        4852   8.5129574984203771        19.057959007331007        12.652793378510628     
        4853   8.5162778920567064        19.080312816797779        12.659543895988209     
        4854   8.5165527777126346        19.082165664745663        12.660103384318750     
        4855   8.5208136588126244        19.110929832244768        12.668768254665887     
        4856   8.5219735981675928        19.118774648393391        12.671127986781057     
        4857   8.5243427485764300        19.134816658295446        12.675947644093389     
        4858   8.5243429207147194        19.134817824815070        12.675948608299999     
        4859   8.5245810278583143        19.136431522059468        12.676433595822376     
        4860   8.5245869713728055        19.136471805715075        12.676446300685276     
        4861   8.5250523091597650        19.139626252748062        12.677393559800082     
        4862   8.5300894163696874        19.173835794176245        12.687643228864294     
        4863   8.5333194252245512        19.195834160737167        12.694217881316602     
        4864   8.5337265456185296        19.198610340846685        12.695047214343537     
        4865   8.5344746639375781        19.203713817951755        12.696570730742211     
        4866   8.5353600347191048        19.209756964288395        12.698373747345221     
        4867   8.5361600004209635        19.215220315930512        12.700002996139927     
        4868   8.5361628018911855        19.215239453767612        12.700009315270217     
        4869   8.5363077531645004        19.216229717324349        12.700305043882503     
        4870   8.5372825031674360        19.222891464715236        12.702290276579200     
        4871   8.5391423237205757        19.235614386862032        12.706077912993743     
        4872   8.5409177353560501        19.247774993209667        12.709694134321074     
        4873   8.5413320036063638        19.250614635071891        12.710538467718882     
        4874   8.5434487574014923        19.265136728804478        12.714850541925300     
        4875   8.5440580907726922        19.269321002563053        12.716092382647195     
        4876   8.5450408043515598        19.276072957828891        12.718094918105537     
        4877   8.5481141150564053        19.297218302930272        12.724357169305575     
        4878   8.5483294968315189        19.298701875250668        12.724796660712288     
        4879   8.5484343411856507        19.299424133844376        12.725010917089824     
        4880   8.5524729881435864        19.327285609031549        12.733242202402375     
        4881   8.5544368581483425        19.340861891657372        12.737245982757207     
        4882   8.5563260467281825        19.353939316275685        12.741098052086913     
        4883   8.5577049174067064        19.363495003728691        12.743910068381160     
        4884   8.5581367560546298        19.366489559785915        12.744791224161252     
        4885   8.5594757475028551        19.375780410961802        12.747522272889642     
        4886   8.5629105331098270        19.399652882236154        12.754528172145056     
        4887   8.5644345498566583        19.410263394596512        12.757637578677299     
        4888   8.5691442294020916        19.443124470065555        12.767247402747683     
        4889   8.5703288984517094        19.451407344347594        12.769665612982054     
        4890   8.5712698538306498        19.457991133084498        12.771586612286255     
        4891   8.5713560028979590        19.458594127797245        12.771763058673782     
        4892   8.5759083147904711        19.490509570876075        12.781056255691313     
        4893   8.5773213285297842        19.500436707983631        12.783941845633164     
        4894   8.5813777584217252        19.528990058276992        12.792226119933650     
        4895   8.5832700264964128        19.542337737032803        12.796091754637539     
        4896   8.5847262414619845        19.552621729309944        12.799067086722191     
        4897   8.5955562220592636        19.629438181275209        12.821200366438378     
        4898   8.5984010632948156        19.649714725571133        12.827017621960715     
        4899   8.5991152202044301        19.654811326034299        12.828478609889787     
        4900   8.6007659609061982        19.666601833158207        12.831855077785510     
        4901   8.6031995862086248        19.684009530961013        12.836833293562412     
        4902   8.6081520432699641        19.719528263087749        12.846965994084753     
        4903   8.6148017952454570        19.767419186845633        12.860576656199990     
        4904   8.6186326482171634        19.795113132262173        12.868420755104486     
        4905   8.6198510672297584        19.803937409068428        12.870916471194294     
        4906   8.6201923572688433        19.806410564447905        12.871616032387275     
        4907   8.6202727262855188        19.806993046834343        12.871781250340762     
        4908   8.6272502004297245        19.857692758810401        12.886074929280360     
        4909   8.6287017699489788        19.868272528369832        12.889049909115895     
        4910   8.6296834642292612        19.875433960578050        12.891062257658175     
        4911   8.6358305723334272        19.920393921020366        12.903662885343978     
        4912   8.6379149366837709        19.935684972975807        12.907937155946337     
        4913   8.6401776498417817        19.952310916107141        12.912577805735326     
        4914   8.6452067541440982        19.989363016893826        12.922893968081661     
        4915   8.6457311391069069        19.993234356852593        12.923970407157819     
        4916   8.6480694393247699        20.010515426413136        12.928768690716725     
        4917   8.6523390491047039        20.042146980515604        12.937531598516548     
        4918   8.6533397893411479        20.049575496406906        12.939586369013183     
        4919   8.6538430738465610        20.053313474397271        12.940620105861074     
        4920   8.6548649517484915        20.060907433422802        12.942718486001249     
        4921   8.6553892810252364        20.064806161250964        12.943795537662352     
        4922   8.6566947721707397        20.074519942479881        12.946476445898385     
        4923   8.6586635958554670        20.089187257502203        12.950519690969466     
        4924   8.6616941432801546        20.111806314179407        12.956744074796022     
        4925   8.6672061565815159        20.153077867300112        12.968067952432063     
        4926   8.6686614569618108        20.164003005056447        12.971058912994730     
        4927   8.6698504781641113        20.172938017108688        12.973502952855428     
        4928   8.6716450518172259        20.186438645904776        12.977191771241939     
        4929   8.6731237308939431        20.197576503609085        12.980231714172151     
        4930   8.6750659102719379        20.212224458415665        12.984224822613266     
        4931   8.6754536294897342        20.215151215296618        12.985022542382550     
        4932   8.6868652093548313        20.301679127402807        13.008493154234058     
        4933   8.6902678252281440        20.327624920025290        13.015495499010440     
        4934   8.6918382497017355        20.339622539961727        13.018728224791696     
        4935   8.6924736607762902        20.344481002654796        13.020036700175018     
        4936   8.6932930477040617        20.350749663056778        13.021723931025468     
        4937   8.6956674052697807        20.368936736925665        13.026612399748322     
        4938   8.6986227297762948        20.391620199174675        13.032697972770054     
        4939   8.7104509868085049        20.482926080523782        13.057065234708888     
        4940   8.7122075955766753        20.496557252592037        13.060686260966341     
        4941   8.7175076331506318        20.537798174070698        13.071613015570952     
        4942   8.7200275793577351        20.557466325510436        13.076809980535122     
        4943   8.7214121866718255        20.568289659442698        13.079666176339972     
        4944   8.7256388412560568        20.601401632479792        13.088385396572795     
        4945   8.7336395494399035        20.664381656889766        13.104896616927443     
        4946   8.7343511039257553        20.670002130437201        13.106366095075073     
        4947   8.7364713831433907        20.686768687325731        13.110743987004559     
        4948   8.7432345515407484        20.740438498507821        13.124711298121513     
        4949   8.7476818572686028        20.775888181115480        13.133899687430917     
        4950   8.7551726329862607        20.835883074799355        13.149382049813939     
        4951   8.7593393308350915        20.869411316569202        13.157997796552030     
        4952   8.7621272413578026        20.891907781300251        13.163764144452825     
        4953   8.7756935434748566        21.002106427777246        13.191837342500870     
        4954   8.7758001138884829        21.002976921132483        13.192058617930792     
        4955   8.7811721330586590        21.046955368754347        13.203182907257299     
        4956   8.7840325008953055        21.070451137638379        13.209108107328094     
        4957   8.7857543381933034        21.084621398908485        13.212675687668904     
        4958   8.7978740117559511        21.184935243499702        13.237795350464994     
        4959   8.8014275751148059        21.214539681299641        13.245165059978900     
        4960   8.8036642098157252        21.233217938629952        13.249804774143486     
        4961   8.8148470723918368        21.327133529500298        13.273010911429937     
        4962   8.8201435264375441        21.371923740365492        13.284008488501540     
        4963   8.8269644324943783        21.429902821492583        13.298177212456844     
        4964   8.8292553728036367        21.449451935366021        13.302938005349988     
        4965   8.8357422076976597        21.505013781976043        13.316421177662095     
        4966   8.8365099119412172        21.511609894593906        13.318017862786265     
        4967   8.8422175501546434        21.560786803126657        13.329887169875734     
        4968   8.8462928032905150        21.596047682006624        13.338364916673511     
        4969   8.8524756255890047        21.649782716427616        13.351231274828946     
        4970   8.8623404854225232        21.736120820769585        13.371770927474353     
        4971   8.8624715885143122        21.737273280358973        13.372044640664720     
        4972   8.8629265987137664        21.741274070790116        13.372992993128284     
        4973   8.8644769314981726        21.754917788235932        13.376222907883898     
        4974   8.8656299149062576        21.765076712585447        13.378625391043821     
        4975   8.8658373995790871        21.766905954005676        13.379058288666807     
        4976   8.8824855863595555        21.914782332440950        13.413761338434954     
        4977   8.8838280086573569        21.926802127301432        13.416561960507577     
        4978   8.8872311566311240        21.957338164592908        13.423661915269628     
        4979   8.8879863418634226        21.964127011149372        13.425238191765201     
        4980   8.8964975204583681        22.040959865924570        13.443002244663580     
        4981   8.9004265883513742        22.076628837178713        13.451206661940565     
        4982   8.9020168710689997        22.091102031909589        13.454528412786862     
        4983   8.9111643523248922        22.174762697507635        13.473639441111549     
        4984   8.9149265844789447        22.209375335483351        13.481503443721904     
        4985   8.9187850643033126        22.244998334387088        13.489570737285787     
        4986   8.9285613075544656        22.335828661606747        13.510019486368405     
        4987   8.9503966611933379        22.541728662416272        13.555741117834875     
        4988   8.9506997123112626        22.544616371548983        13.556376829699522     
        4989   8.9571119831863566        22.605913834658864        13.569817518258654     
        4990   8.9651559430221663        22.683344425068309        13.586686621352888     
        4991   8.9822914854333895        22.850316448007288        13.622652305208943     
        4992   8.9936193430585440        22.962248052135834        13.646451866744455     
        4993   9.0043214044802973        23.069159621110735        13.668953774182254     
        4994   9.0097941465891882        23.124276188502051        13.680467385279277     
        4995   9.0241770018670415        23.270592595075872        13.710745799492924     
        4996   9.0341636917112869        23.373461097912294        13.731787388254896     
        4997   9.0406873354129331        23.441234238345086        13.745540520881628     
        4998   9.0573424064403447        23.616373665939747        13.780679685912228     
        4999   9.0881913121032838        23.949102887855720        13.845871155559587     
        5000   9.2477839340336185        25.873169121723336        14.185341072044240     
