           2  0.25975496433100481       0.26249185206865194       0.26246321731862388     
           3  0.64895214397906931       0.66640442419691737       0.66594346665093518     
           4  0.67163160037687142       0.69034870460009345       0.68983677076235317     
           5   1.0127554657146045        1.0561424421748884        1.0543364652068767     
           6   1.0730075209124332        1.1218790777681731        1.1197202918312943     
           7   1.0741677031985803        1.1231482669122781        1.1209822937743823     
           8   1.2291043076972001        1.2938105435921190        1.2905226563702303     
           9   1.2554660830037647        1.3230813455987656        1.3195694766549391     
          10   1.3055764522523148        1.3789110922590564        1.3749447655966875     
          11   1.3798940311080090        1.4621728224443538        1.4574599353511104     
          12   1.5210222897436063        1.6218289634671592        1.6154397252995558     
          13   1.5621500091302780        1.6687424220363585        1.6617960446398907     
          14   1.5758488324403843        1.6844075308246085        1.6772683556717602     
          15   1.6104635117626533        1.7240783888762077        1.7164353950482578     
          16   1.6198263358138196        1.7348305125056085        1.7270471406623376     
          17   1.6623772152596776        1.7838121551059194        1.7753678724645834     
          18   1.6721693773223190        1.7951114370913777        1.7865097425353245     
          19   1.7399507501955116        1.8736064025200376        1.8638580060839427     
          20   1.7420486303820737        1.8760437574382811        1.8662583145807545     
          21   1.7979594517272091        1.9411776911535068        1.9303664765566158     
          22   1.8084983341206948        1.9534931869942436        1.9424805746592195     
          23   1.8644983684725398        2.0191378559351567        2.0070104146709316     
          24   1.8886814636485878        2.0475928262936876        2.0349603809705954     
          25   1.9134932568899252        2.0768550314324541        2.0636892736872419     
          26   1.9201422531823273        2.0847082889998445        2.0713970197636069     
          27   1.9757007677382528        2.1505230982953658        2.1359508189368661     
          28   1.9766457823179833        2.1516455685254163        2.1370512106526913     
          29   1.9789992999741026        2.1544414699265828        2.1397919173235547     
          30   2.0138821478665583        2.1959546357125399        2.1804686253163403     
          31   2.1232107839491583        2.3269642261058250        2.3086381172401982     
          32   2.1326347147692957        2.3383215598364573        2.3197346739149829     
          33   2.1456786062693514        2.3540585668726210        2.3351063814638220     
          34   2.1593382952346452        2.3705597773597789        2.3512196216980943     
          35   2.1781856393217334        2.3933636140903172        2.3734789190533281     
          36   2.1789852661068889        2.3943320215432387        2.3744240626892914     
          37   2.1947749724061190        2.4134699127576673        2.3930970888678935     
          38   2.1950488140577442        2.4138020807695999        2.3934212067579246     
          39   2.2035921811860160        2.4241695613509493        2.4035339432137661     
          40   2.2313090277324039        2.4578636168434200        2.4363857951731109     
          41   2.2367788015958445        2.4645237051985207        2.4428769085259709     
          42   2.2980093604554703        2.5393222728207223        2.5157179615171490     
          43   2.3036570572782851        2.5462440354684799        2.5224531341221823     
          44   2.3372358269984486        2.5874771796899307        2.5625547060826612     
          45   2.3539331563768937        2.6080314561040163        2.5825323098831827     
          46   2.3603644947866198        2.6159574062155810        2.5902336807774784     
          47   2.3615060093433313        2.6173647285134893        2.5916010675546808     
          48   2.3669305744422791        2.6240545988120547        2.5981002237118727     
          49   2.3996384934393271        2.6644678478366375        2.6373416772175009     
          50   2.4157809926482479        2.6844614545321632        2.6567433134274445     
          51   2.4356878198716063        2.7091615597263750        2.6807007479123381     
          52   2.4402910733916836        2.7148801653060177        2.6862456860500199     
          53   2.4820090984532066        2.7668259624186806        2.7365820837350778     
          54   2.4937782814451088        2.7815196541320955        2.7508103564832336     
          55   2.5074276365375896        2.7985823793639053        2.7673268985676671     
          56   2.5182257644187365        2.8120973757353611        2.7804049224876071     
          57   2.5232531899739126        2.8183947181356754        2.7864973830717492     
          58   2.5262949253235085        2.8222063302404239        2.7901846136391875     
          59   2.5282366500843163        2.8246401221105977        2.7925388581699231     
          60   2.5317234614751909        2.8290117425112409        2.7967672009074533     
          61   2.5540301317981635        2.8570151616081647        2.8238426085103150     
          62   2.5721775906123865        2.8798435472277810        2.8459020281943328     
          63   2.5809258905824870        2.8908632808138677        2.8565465873505076     
          64   2.6232994445540552        2.9443767441123816        2.9082001820676133     
          65   2.6339033286509599        2.9578042804078226        2.9211512697551587     
          66   2.6353635040380752        2.9596544085412808        2.9229355253935978     
          67   2.6537772857103534        2.9830092845541856        2.9454511888539390     
          68   2.6628686262340135        2.9945562763354077        2.9565788449677282     
          69   2.7079675985069098        3.0519951105476353        3.0118870837341323     
          70   2.7100609937797371        3.0546677159052225        3.0144588478025298     
          71   2.7264449803986022        3.0756046588739481        3.0345995067196494     
          72   2.7334225713775759        3.0845319157009716        3.0431842757891818     
          73   2.7673323286301210        3.1280076900815335        3.0849657484702444     
          74   2.7676570901233921        3.1284247993991485        3.0853664990995018     
          75   2.7887369696229363        3.1555286808611518        3.1113919444130982     
          76   2.8114040710584054        3.1847390885911300        3.1394210741897055     
          77   2.8209769573289516        3.1970959082419115        3.1512722747250539     
          78   2.8250362931940671        3.2023394479202176        3.1563002452507245     
          79   2.8340606214645363        3.2140042714635166        3.1674830725494623     
          80   2.8576757306288796        3.2445807142944476        3.1967807563249320     
          81   2.8595573529846856        3.2470202271992461        3.1991173997174887     
          82   2.8699965213187668        3.2605632054180340        3.2120862337812977     
          83   2.8722526504954811        3.2634920640268712        3.2148904433738092     
          84   2.8760781824669812        3.2684598566415373        3.2196462697257822     
          85   2.8888299967430227        3.2850334921842603        3.2355082429520667     
          86   2.8969479608144764        3.2955959345276375        3.2456137740512645     
          87   2.9037982824092752        3.3045159711160612        3.2541458934267720     
          88   2.9084472562263364        3.3105731857394773        3.2599386436249755     
          89   2.9135834839090142        3.3172686649388541        3.2663407582367778     
          90   2.9136170532088270        3.3173124369759655        3.2663827224381770     
          91   2.9139483538216675        3.3177444382028001        3.2667958650551672     
          92   2.9158856440307974        3.3202708772048664        3.2692113709361745     
          93   2.9180252714099790        3.3230617796212036        3.2718795382484345     
          94   2.9262948942541840        3.3338544314261318        3.2821954765049597     
          95   2.9359513594641813        3.3464688506670299        3.2942491468013344     
          96   2.9365890665930507        3.3473023475596331        3.2950455651469444     
          97   2.9494470877453920        3.3641199254142409        3.3111092093924022     
          98   2.9496320015840904        3.3643619475637121        3.3113404462379865     
          99   2.9666474862336694        3.3866525289913061        3.3326210254140936     
         100   2.9758584479440242        3.3987356527372441        3.3441516657350228     
         101   2.9764738966266018        3.3995434270663982        3.3449224886306013     
         102   2.9764873429834262        3.3995610759472816        3.3449394448761076     
         103   2.9787347563226936        3.4025112459961413        3.3477542124478781     
         104   2.9826504075507563        3.4076529688703796        3.3526593539495391     
         105   2.9848804856121669        3.4105822762075788        3.3554536401373198     
         106   2.9933143285386419        3.4216667176387157        3.3660249391154160     
         107   3.0154574860792107        3.4508159216846916        3.3938101531271787     
         108   3.0215136975662746        3.4588001573631337        3.4014172226774555     
         109   3.0399700984416995        3.4831637431735070        3.4246199309054646     
         110   3.0420248038021449        3.4858790206871011        3.4272050286161413     
         111   3.0645683693722923        3.5157089718342140        3.4555915720340380     
         112   3.0719235169239241        3.5254568244427489        3.4648630267026803     
         113   3.0874100592899274        3.5460061847895177        3.4844001819556212     
         114   3.0876620410712188        3.5463408232285096        3.4847183705643534     
         115   3.0910775777971833        3.5508776298360796        3.4890303391228628     
         116   3.0957732257998929        3.5571174783812149        3.4949600592233594     
         117   3.0981879753161867        3.5603275503394998        3.4980102655422574     
         118   3.1028437329561895        3.5665190572730388        3.5038925811768138     
         119   3.1135092425483695        3.5807142647393855        3.5173751051162885     
         120   3.1455781004085854        3.6234935166199858        3.5579755225665473     
         121   3.1463688726055734        3.6245502436219539        3.5589779634937884     
         122   3.1526142241285493        3.6328991902867775        3.5668961399076728     
         123   3.1528761354444601        3.6332494419368491        3.5672284023258829     
         124   3.1567891244144417        3.6384834158758248        3.5721914203241489     
         125   3.1616451147678895        3.6449817877043378        3.5783523771012113     
         126   3.1663897874581415        3.6513344569756052        3.5843741571519505     
         127   3.1690124669492423        3.6548473635008518        3.5877037020788567     
         128   3.1793182926335333        3.6686609081786026        3.6007927909417408     
         129   3.2071027785158011        3.7059784310626278        3.6361284602005384     
         130   3.2096599765362552        3.7094186255550508        3.6393842638687612     
         131   3.2156334135827143        3.7174583719312069        3.6469917229099114     
         132   3.2203922404266687        3.7238670574080124        3.6530546498103771     
         133   3.2255560564425187        3.7308248585822512        3.6596358511999068     
         134   3.2529038809981072        3.7677384253318031        3.6945298254371277     
         135   3.2580297757865826        3.7746694065726949        3.7010777503081282     
         136   3.2594332425956676        3.7765677752897662        3.7028710781761625     
         137   3.2635281929575806        3.7821083687977044        3.7081043069212960     
         138   3.2666510887342941        3.7863353938314370        3.7120963287329225     
         139   3.2719095479717843        3.7934562624086250        3.7188201610306511     
         140   3.2779963002985957        3.8017038524334739        3.7266062098326458     
         141   3.2795716046143104        3.8038392870373601        3.7286219514629639     
         142   3.2917166826991142        3.8203150449954322        3.7441693059224441     
         143   3.2931787668719696        3.8222999429907691        3.7460419908793554     
         144   3.2933447004803957        3.8225252312556037        3.7462546547557949     
         145   3.3107736724133314        3.8462112080429085        3.7685919602578455     
         146   3.3108975284600053        3.8463796891477906        3.7687509286217171     
         147   3.3172604544242539        3.8550382196335016        3.7769127906493072     
         148   3.3197689716523699        3.8584534040304876        3.7801316097803817     
         149   3.3240559644309222        3.8642920289167804        3.7856337152142530     
         150   3.3287337409141378        3.8706659905048575        3.7916392571720632     
         151   3.3407862229521466        3.8871037538000297        3.8071217086421960     
         152   3.3425263571273862        3.8894788204897508        3.8093582656939926     
         153   3.3562125328128509        3.9081744967637753        3.8269574542748117     
         154   3.3623532017302877        3.9165719083245576        3.8348594003244934     
         155   3.3626961227393251        3.9170410217743634        3.8353009090477723     
         156   3.3651824189477102        3.9204427835907740        3.8385014615742516     
         157   3.3801522214544888        3.9409441259105606        3.8577829198771525     
         158   3.3963816770080593        3.9632086331384331        3.8787098230436410     
         159   3.3982360928344684        3.9657551545378600        3.8811026269916482     
         160   3.3992170155520229        3.9671023873126972        3.8823685306541069     
         161   3.3994537779450851        3.9674275866270068        3.8826741967928200     
         162   3.4056015727069497        3.9758747062293285        3.8906094602870311     
         163   3.4106831608236656        3.9828611610488704        3.8971711359581356     
         164   3.4162909422428736        3.9905755911909893        3.9044149772536461     
         165   3.4222112518180210        3.9987251251642957        3.9120656218467058     
         166   3.4227259404231343        3.9994338649334216        3.9127310179129768     
         167   3.4244107423313728        4.0017541626592221        3.9149090007864586     
         168   3.4262873239267613        4.0043390851993488        3.9173351898161357     
         169   3.4304356331012982        4.0100551270174245        3.9226994097277217     
         170   3.4408578661307994        4.0244276831744097        3.9361831989425831     
         171   3.4464898412816733        4.0322012206905287        3.9434737600286560     
         172   3.4512595760030171        4.0387884331055082        3.9496504356930409     
         173   3.4525868564759850        4.0406220830840498        3.9513696984575528     
         174   3.4625977559385701        4.0544609033664125        3.9643413296523793     
         175   3.4687848503401630        4.0630214568049254        3.9723628809361866     
         176   3.4736600826444182        4.0697710311004496        3.9786860936960675     
         177   3.4763056409389885        4.0734352323011684        3.9821183746854949     
         178   3.4781809029388659        4.0760331938319307        3.9845517206989083     
         179   3.4840760138860780        4.0842037158854083        3.9922030158223443     
         180   3.4857456524490384        4.0865187769491538        3.9943707271452311     
         181   3.4902503052507141        4.0927669070066104        4.0002201943837363     
         182   3.4944440565015920        4.0985866130034170        4.0056676169206362     
         183   3.4997687208834494        4.1059796034139566        4.0125862975262159     
         184   3.5016116271641851        4.1085393917571595        4.0149816017721101     
         185   3.5061108688394649        4.1147910207253311        4.0208305519249290     
         186   3.5196269791334243        4.1335902802014033        4.0384121203591157     
         187   3.5230622612948639        4.1383728478965711        4.0428834534730740     
         188   3.5302826421404614        4.1484309633683623        4.0522847889119902     
         189   3.5303558215629609        4.1485329450103885        4.0523802417265529     
         190   3.5308444858738204        4.1492139609019985        4.0530168213305426     
         191   3.5336301731859887        4.1530968793795582        4.0566454457065291     
         192   3.5411335657096505        4.1635617245654482        4.0664226099736194     
         193   3.5508131531210596        4.1770746230871447        4.0790429804470616     
         194   3.5607738450585860        4.1909952163748896        4.0920387916807233     
         195   3.5739704558239476        4.2094620847897861        4.1092704558598303     
         196   3.5772449379250171        4.2140485064715945        4.1135487354059563     
         197   3.5828628515814427        4.2219211910784376        4.1208910071177591     
         198   3.5871050868725822        4.2278693510682999        4.1264373005313502     
         199   3.5981247075681275        4.2433335163010106        4.1408517947710148     
         200   3.6046236610039690        4.2524626697800318        4.1493581868040774     
         201   3.6076057344114654        4.2566538546602217        4.1532627577292835     
         202   3.6100106643828207        4.2600349114664038        4.1564122695034271     
         203   3.6111213116731129        4.2615966634296871        4.1578670402104656     
         204   3.6146702641238972        4.2665883800521636        4.1625160280275981     
         205   3.6182871656570379        4.2716777210833152        4.1672552104383627     
         206   3.6189796106237648        4.2726522965498974        4.1681627715432121     
         207   3.6204150158114210        4.2746727867689982        4.1700440799824481     
         208   3.6264529430269112        4.2831754095445262        4.1779592487523036     
         209   3.6304288840566445        4.2887774985082405        4.1831732183236863     
         210   3.6308531965130850        4.2893755017779327        4.1837298742939115     
         211   3.6404207169250484        4.3028670538589173        4.1962826247768259     
         212   3.6404278418356912        4.3028771064150479        4.1962921280833676     
         213   3.6428068425712747        4.3062340972167634        4.1994148361758654     
         214   3.6428069714222047        4.3062342790618011        4.1994151577336094     
         215   3.6507051771326791        4.3173858499264774        4.2097858151757865     
         216   3.6576041849672252        4.3271347883713007        4.2188491856476880     
         217   3.6660151808633339        4.3390306009630955        4.2299047579397087     
         218   3.6710279328689319        4.3461256079400039        4.2364967627103844     
         219   3.6778549433176462        4.3557949827984386        4.2454782554840502     
         220   3.6786564309131009        4.3569306533077361        4.2465330950348132     
         221   3.6789272711888112        4.3573144446612462        4.2468896640746259     
         222   3.6829188881645258        4.3629720903574469        4.2521434026954879     
         223   3.6904994787565868        4.3737237368569541        4.2621248110665721     
         224   3.6934159144587801        4.3778626186894014        4.2659664000133404     
         225   3.7032890712803148        4.3918843654079707        4.2789769527898294     
         226   3.7034345218039455        4.3920910502216755        4.2791688435662323     
         227   3.7101260516587287        4.4016033937273198        4.2879919732784622     
         228   3.7123155492170286        4.4047174461731204        4.2908799379281639     
         229   3.7126013726219700        4.4051240209258475        4.2912571096566285     
         230   3.7181186555709482        4.4129747738978491        4.2985363109312349     
         231   3.7237136578025720        4.4209411552251217        4.3059209057451096     
         232   3.7264401492635315        4.4248250802280120        4.3095206039708067     
         233   3.7278212270204909        4.4267929052599406        4.3113443344567077     
         234   3.7279400234951954        4.4269621865768372        4.3115013585043638     
         235   3.7323526723040650        4.4332516998273768        4.3173291953379991     
         236   3.7326055270015961        4.4336121989610771        4.3176633461046130     
         237   3.7339935323310618        4.4355912863666687        4.3194970113516060     
         238   3.7351503531773997        4.4372409788138683        4.3210254251909603     
         239   3.7442143691160057        4.4501743235771514        4.3330041599831759     
         240   3.7479521057441181        4.4555115582552451        4.3379461355449340     
         241   3.7496990882494723        4.4580069126128103        4.3402564929830607     
         242   3.7566966598317695        4.4680070986631399        4.3495130129965140     
         243   3.7725987881330720        4.4907625240273088        4.3705652048077628     
         244   3.7750871463472060        4.4943270344377906        4.3738616839611879     
         245   3.7754521119307380        4.4948499239205324        4.3743453603313576     
         246   3.7758687136326197        4.4954468196708728        4.3748974606886613     
         247   3.7765986156610518        4.4964926724507057        4.3758646799024365     
         248   3.7789229418455528        4.4998237066564801        4.3789447052509018     
         249   3.7796778940656655        4.5009058334488454        4.3799453272795841     
         250   3.7868903967012049        4.5112487525845699        4.3895061360490963     
         251   3.7885722267541500        4.5136617722324948        4.3917363622948731     
         252   3.7896214591158790        4.5151674030693290        4.3931279114614359     
         253   3.7919023365474605        4.5184410496783540        4.3961530969971410     
         254   3.7937788286358196        4.5211349421227727        4.3986423240065502     
         255   3.7967014880897749        4.5253318693012634        4.4025198823525091     
         256   3.8002405273406703        4.5304158023495349        4.4072162256450955     
         257   3.8022842053877870        4.5333525474880663        4.4099288024587331     
         258   3.8040662464964572        4.5359138861717021        4.4122944431373998     
         259   3.8062154996368296        4.5390037193405259        4.4151479101830393     
         260   3.8137241611050028        4.5498044037385945        4.4251197636875084     
         261   3.8178490190822889        4.5557416973937990        4.4306000533986722     
         262   3.8217954535135776        4.5614248103551382        4.4358447654082376     
         263   3.8219172266808648        4.5616002124498483        4.4360067791312456     
         264   3.8272603545334039        4.5692988791755855        4.4431099534677756     
         265   3.8422306697036115        4.5908942038809126        4.4630252825014729     
         266   3.8528000190168412        4.6061634458141407        4.4770984180915629     
         267   3.8558470678511148        4.6105688975603956        4.4811576093944669     
         268   3.8629707969374647        4.6208745140439813        4.4906507634504340     
         269   3.8678062961986552        4.6278746833122524        4.4970973228553621     
         270   3.8684356458493534        4.6287860573632562        4.4979366575541224     
         271   3.8687767286733221        4.6292800141157757        4.4983916349498845     
         272   3.8706027292975276        4.6319247634865617        4.5008268390054997     
         273   3.8855213450162669        4.6535536295187763        4.5207330681010891     
         274   3.8907395868508781        4.6611278297562651        4.5277008443501341     
         275   3.8937458558032056        4.6654934688756864        4.5317162470362273     
         276   3.8988146388738887        4.6728577010213472        4.5384882796804789     
         277   3.8998980046666167        4.6744322427412941        4.5399361253496053     
         278   3.9009183423051859        4.6759153620131251        4.5412998471511816     
         279   3.9035187967187506        4.6796960675765780        4.5447756349256281     
         280   3.9141286025008935        4.6951331373265841        4.5589627531070871     
         281   3.9152653418324670        4.6967882031378361        4.5604835347297232     
         282   3.9178343025696711        4.7005293571565661        4.5639206366323624     
         283   3.9350387299526117        4.7256129076147042        4.5869538258502427     
         284   3.9356138829142564        4.7264523338680142        4.5877244739405469     
         285   3.9457510938390490        4.7412566859551504        4.6013095550084699     
         286   3.9508690399323010        4.7487375848085085        4.6081719178861444     
         287   3.9525725235732549        4.7512285592863801        4.6104566738533084     
         288   3.9544218223069469        4.7539333187055348        4.6129372907093948     
         289   3.9608283906360238        4.7633080075989538        4.6215329810194454     
         290   3.9646679703209280        4.7689298104210982        4.6266864350539976     
         291   3.9647814007431670        4.7690959304595335        4.6268388667991331     
         292   3.9833966146288136        4.7963880595697557        4.6518429781447992     
         293   3.9864133247078892        4.8008165334569037        4.6558982181153734     
         294   3.9899977752677644        4.8060804801434083        4.6607177136950426     
         295   3.9903362707761856        4.8065776924650754        4.6611730573610224     
         296   3.9919331787216237        4.8089236397237940        4.6633207194634636     
         297   3.9960223889665065        4.8149329266983738        4.6688210588978105     
         298   4.0035753555133793        4.8260399682419504        4.6789843826388697     
         299   4.0056666444250268        4.8291170659502560        4.6817994963913918     
         300   4.0070382834022862        4.8311356906929710        4.6836461591728966     
         301   4.0111440946218861        4.8371801132448855        4.6891745875273667     
         302   4.0117966876483324        4.8381411056810695        4.6900535865522262     
         303   4.0123927238511525        4.8390188784885302        4.6908564569363129     
         304   4.0173224456416321        4.8462811636037246        4.6974968764182972     
         305   4.0236021802613955        4.8555383528986891        4.7059590073564017     
         306   4.0262058614301619        4.8593785471100732        4.7094687219706231     
         307   4.0286146130224889        4.8629322887203754        4.7127162490106080     
         308   4.0370624866651514        4.8754038151924446        4.7241096648657557     
         309   4.0371596259883731        4.8755472935643596        4.7242408853302287     
         310   4.0412860363394802        4.8816436755906860        4.7298085994701573     
         311   4.0434550011301358        4.8848493090134086        4.7327358742985322     
         312   4.0442915332138014        4.8860858859088294        4.7338650978841557     
         313   4.0461027738903343        4.8887637139684914        4.7363100865695582     
         314   4.0465049116119998        4.8893583321537779        4.7368531089106209     
         315   4.0467812478052654        4.8897669511688902        4.7372263200888654     
         316   4.0491131769987101        4.8932157127329088        4.7403747306828343     
         317   4.0499297851621208        4.8944236445581160        4.7414774925012093     
         318   4.0546434868566434        4.9013984636055641        4.7478433314143142     
         319   4.0547390580983418        4.9015399197141525        4.7479725936632775     
         320   4.0594502818322944        4.9085150420527244        4.7543371926322155     
         321   4.0634404164391444        4.9144256138321287        4.7597292821529535     
         322   4.0650079160561630        4.9167483101014762        4.7618480433015531     
         323   4.0709204765746785        4.9255133355868299        4.7698415136902987     
         324   4.0757526558531865        4.9326813259140252        4.7763768131617983     
         325   4.0759595615980793        4.9329883389252833        4.7766568615912774     
         326   4.0779164383987379        4.9358923849662135        4.7793042083673836     
         327   4.0820282061824509        4.9419965332812126        4.7848677501592576     
         328   4.0822852715083462        4.9423782601011856        4.7852157981237564     
         329   4.0860380427176359        4.9479522312818753        4.7902950685223455     
         330   4.0986726850681947        4.9667366904521488        4.8074049190508621     
         331   4.1003097278406457        4.9691726184417631        4.8096230476720354     
         332   4.1195128174573235        4.9977824139002101        4.8356592028619581     
         333   4.1202168725702508        4.9988325984923794        4.8366146089439219     
         334   4.1203929455141628        4.9990952466855303        4.8368536826962885     
         335   4.1209358694200038        4.9999051615858052        4.8375905145954494     
         336   4.1216340228075303        5.0009467195331823        4.8385380060126675     
         337   4.1221024837829914        5.0016456536520799        4.8391738574500458     
         338   4.1258117887861161        5.0071812405086638        4.8442080500750606     
         339   4.1318701709065193        5.0162277511284321        4.8524330061893757     
         340   4.1342967187729629        5.0198529633566507        4.8557283941534237     
         341   4.1346350686706801        5.0203585346234219        4.8561880912060875     
         342   4.1364224575658390        5.0230296372424474        4.8586159206619275     
         343   4.1395677961344592        5.0277314680513099        4.8628888540069326     
         344   4.1418518509206841        5.0311469117177685        4.8659923636628655     
         345   4.1465551753201302        5.0381829322797715        4.8723844501967424     
         346   4.1514411467823402        5.0454963834703532        4.8790269428100430     
         347   4.1516123760254526        5.0457527615473996        4.8792599449900163     
         348   4.1516713493497068        5.0458410623285674        4.8793403132453044     
         349   4.1552677722730511        5.0512271670177986        4.8842312091750042     
         350   4.1563095247668604        5.0527877586059118        4.8856482778037513     
         351   4.1623377638656933        5.0618221567724744        4.8938494522424580     
         352   4.1628107342322096        5.0625312640789328        4.8944932205485809     
         353   4.1634938690073593        5.0635555342716687        4.8954230032981254     
         354   4.1636237874325710        5.0637503392566234        4.8955999816644127     
         355   4.1667376545534633        5.0684203072218743        4.8998380618300139     
         356   4.1670661683636929        5.0689130918427781        4.9002853963558799     
         357   4.1708499107125609        5.0745902664230167        4.9054364948106208     
         358   4.1727751433920961        5.0774798997808253        4.9080580644363980     
         359   4.1750755671292046        5.0809335436408096        4.9111909461703167     
         360   4.1752107506169933        5.0811365253389580        4.9113752362347256     
         361   4.1756764500362085        5.0818358109701620        4.9120096709580299     
         362   4.1774639792809491        5.0845202951276276        4.9144445386251814     
         363   4.1779679171134640        5.0852772054660003        4.9151311586015449     
         364   4.1810084433647097        5.0898450228022512        4.9192734858085707     
         365   4.1821564368131501        5.0915701006627581        4.9208378183348387     
         366   4.1834045124765531        5.0934458411790322        4.9225386533094788     
         367   4.1845227130640676        5.0951266307471572        4.9240626416695541     
         368   4.1886122507408965        5.1012756217090152        4.9296367535190662     
         369   4.1947354858418393        5.1104881201292542        4.9379856604336929     
         370   4.1962663015869461        5.1127923164940237        4.9400735821022828     
         371   4.2016401633748393        5.1208844614748212        4.9474044113944053     
         372   4.2017752004271669        5.1210878723779718        4.9475888386836857     
         373   4.2051409219949383        5.1261588429110079        4.9521817212078592     
         374   4.2067053742782310        5.1285166283194092        4.9543170409200332     
         375   4.2121326383908553        5.1366995051422091        4.9617260270216779     
         376   4.2147731710533547        5.1406826669834320        4.9653318199211824     
         377   4.2150081306031009        5.1410371576986229        4.9656528704966405     
         378   4.2151970813577702        5.1413222408196670        4.9659110943273888     
         379   4.2157365169501331        5.1421361605260349        4.9666479724024466     
         380   4.2202891299676164        5.1490074176640439        4.9728666236698889     
         381   4.2234075316525201        5.1537162008122186        4.9771273880204614     
         382   4.2245680958760863        5.1554691045448866        4.9787134501108401     
         383   4.2263297807326179        5.1581304042787668        4.9811211663968056     
         384   4.2310099090630828        5.1652032213379480        4.9875186573207699     
         385   4.2336119377042971        5.1691372538844158        4.9910764635979863     
         386   4.2338890582949542        5.1695563081777864        4.9914555800361935     
         387   4.2414612906544455        5.1810122739056483        5.0018126909164451     
         388   4.2440516517878368        5.1849336205327914        5.0053570770635840     
         389   4.2456734466873769        5.1873893562727904        5.0075765655724140     
         390   4.2471925680818021        5.1896900605964529        5.0096557766777483     
         391   4.2510827750167630        5.1955836975391536        5.0149809692956353     
         392   4.2511012518348155        5.1956116964237786        5.0150064515918338     
         393   4.2511880359287506        5.1957432057199009        5.0151254473964784     
         394   4.2544105700107595        5.2006274904066849        5.0195378187904751     
         395   4.2549574259131422        5.2014565306401650        5.0202868393840205     
         396   4.2585344139635328        5.2068806447559171        5.0251858389738189     
         397   4.2608674505723183        5.2104197101742917        5.0283818486842264     
         398   4.2625817475043863        5.2130208263591067        5.0307306262758633     
         399   4.2639028370921537        5.2150256952987384        5.0325408970353944     
         400   4.2671203419097532        5.2199098858229176        5.0369502131599031     
         401   4.2689474066110309        5.2226842301589134        5.0394545627454512     
         402   4.2710413942283010        5.2258646465920293        5.0423251395267954     
         403   4.2828085887670309        5.2437521102199742        5.0584631577096797     
         404   4.2897950774674118        5.2543844844839311        5.0680509336406612     
         405   4.2912426387014415        5.2565885842252049        5.0700381896386642     
         406   4.2933638746982110        5.2598191433731056        5.0729505533974084     
         407   4.2943192217182959        5.2612743721132080        5.0742624450888520     
         408   4.2966411605843380        5.2648119631430079        5.0774510388387686     
         409   4.3057437620647212        5.2786898994552578        5.0899554721941023     
         410   4.3073488954614101        5.2811387040854108        5.0921614404264268     
         411   4.3135987348226656        5.2906780831807003        5.1007524752009523     
         412   4.3166072220344205        5.2952726541359691        5.1048893501240080     
         413   4.3261817292199147        5.3099061208947012        5.1180601845231450     
         414   4.3269418724431095        5.3110686414830788        5.1191063941799477     
         415   4.3287573619494273        5.3138455872795527        5.1216050639868520     
         416   4.3287879301001020        5.3138923491504890        5.1216473266502156     
         417   4.3348234452660792        5.3231286551476709        5.1299558397268950     
         418   4.3376111358825380        5.3273970358568246        5.1337946433936388     
         419   4.3379234423689184        5.3278753156574803        5.1342249231721375     
         420   4.3386936053376024        5.3290548550984722        5.1352857707480428     
         421   4.3399495394076144        5.3309786137490276        5.1370157332669013     
         422   4.3443406548363157        5.3377069687129826        5.1430648749498999     
         423   4.3499594165741211        5.3463216892061860        5.1508077928634286     
         424   4.3499836321615257        5.3463588295474569        5.1508413620613762     
         425   4.3505560039332627        5.3472367294170899        5.1516304587268813     
         426   4.3523843634116295        5.3500414676726793        5.1541508965860903     
         427   4.3600142740764118        5.3617526935337700        5.1646716892268536     
         428   4.3636339694122546        5.3673124396708367        5.1696648588944019     
         429   4.3656913828373130        5.3704736690849435        5.1725035797366576     
         430   4.3692586821138759        5.3759567436915159        5.1774263694181091     
         431   4.3718670914885625        5.3799674908831729        5.1810267228831464     
         432   4.3722869657223153        5.3806132189342932        5.1816064929839687     
         433   4.3753701147841317        5.3853558413933778        5.1858630346569097     
         434   4.3794402005889914        5.3916193660428391        5.1914834302421564     
         435   4.3804496065327267        5.3931732439427993        5.1928777102746242     
         436   4.3829849190750902        5.3970769521136903        5.1963798338500045     
         437   4.3890834545958040        5.4064720738620347        5.2048061740797884     
         438   4.3910465889675443        5.4094978909044116        5.2075195118703501     
         439   4.3925812512133744        5.4118638057599453        5.2096409340431435     
         440   4.3942476933787642        5.4144333866047063        5.2119447547908901     
         441   4.3986440694413593        5.4212149420382509        5.2180235836248485     
         442   4.3986975752535660        5.4212974991878005        5.2180977708003766     
         443   4.4002532672289458        5.4236981029174567        5.2202493822068750     
         444   4.4058791050559662        5.4323832393442535        5.2280316262659792     
         445   4.4137338696604074        5.4445194835414572        5.2389020583514796     
         446   4.4143065054947659        5.4454047130388323        5.2396949554121530     
         447   4.4145555524874380        5.4457897307638454        5.2400399181182529     
         448   4.4172500598175075        5.4499561009495103        5.2437705994384096     
         449   4.4201727509578523        5.4544768699801303        5.2478179689750544     
         450   4.4262573814084121        5.4638937213537071        5.2562463876472840     
         451   4.4271640812221058        5.4652975788357052        5.2575028135793751     
         452   4.4294835539375494        5.4688895723859634        5.2607169814298711     
         453   4.4310780915342756        5.4713595120878917        5.2629269393543900     
         454   4.4331816211805597        5.4746186275590745        5.2658426406901224     
         455   4.4335239111558833        5.4751490368500217        5.2663172942844465     
         456   4.4425381216247901        5.4891254787642660        5.2788162459955537     
         457   4.4438076917407336        5.4910951904265266        5.2805773965483489     
         458   4.4448318055114040        5.4926843078682950        5.2819981987405207     
         459   4.4460324303246308        5.4945475748029944        5.2836639747704410     
         460   4.4466670570025864        5.4955325732978588        5.2845446201037909     
         461   4.4472899818939053        5.4964994850424835        5.2854090679790797     
         462   4.4527360061025982        5.5049560582410741        5.2929666611401682     
         463   4.4532725530042487        5.5057895166425883        5.2937115729141500     
         464   4.4533809737023384        5.5059579413653914        5.2938622608309309     
         465   4.4535731147877531        5.5062564260091689        5.2941291555785170     
         466   4.4559008364476593        5.5098730287856741        5.2973605480719748     
         467   4.4577947630337391        5.5128164123687187        5.2999901512748142     
         468   4.4584946401282348        5.5139042786947936        5.3009621002531908     
         469   4.4601601474453645        5.5164934702089949        5.3032749706447202     
         470   4.4630387879209330        5.5209698589803793        5.3072729757896084     
         471   4.4635158465878089        5.5217118571180634        5.3079357822306701     
         472   4.4641776316369146        5.5227412442821988        5.3088551981967207     
         473   4.4665671245780691        5.5264587359967043        5.3121747342360432     
         474   4.4699725480860373        5.5317586891936577        5.3169064687163221     
         475   4.4797129178326074        5.5469303090398494        5.3304460874949093     
         476   4.4809785394489996        5.5489029963284633        5.3322061993840748     
         477   4.4831124322826126        5.5522297376060941        5.3351740283709450     
         478   4.4831830359771523        5.5523398239768351        5.3352724265968661     
         479   4.4889092216010935        5.5612714105069410        5.3432382572278421     
         480   4.4894094420089266        5.5620519471922432        5.3439344567988201     
         481   4.4898306474330862        5.5627092278414318        5.3445207346976655     
         482   4.4900575706215635        5.5630633501920403        5.3448366903224134     
         483   4.4908181508394760        5.5642503380006865        5.3458952416983809     
         484   4.4937646395450415        5.5688497946731195        5.3499960059849503     
         485   4.4940386216795911        5.5692775656648337        5.3503775446481150     
         486   4.4969169505993918        5.5737724137609828        5.3543843183783011     
         487   4.4987251775710009        5.5765969990568545        5.3569019335334147     
         488   4.5000912965775610        5.5787314021003853        5.3588042509963021     
         489   4.5014637289212924        5.5808760360507881        5.3607155363348333     
         490   4.5015263317529239        5.5809738712573074        5.3608029163911510     
         491   4.5078996772094744        5.5909380941134472        5.3696802346722077     
         492   4.5121159392956889        5.5975342553324987        5.3755551673075814     
         493   4.5152619750816605        5.6024583619851942        5.3799399939299164     
         494   4.5154445756851374        5.6027442240393874        5.3801947162674963     
         495   4.5155679317293238        5.6029373421733428        5.3803668620733713     
         496   4.5157344112426214        5.6031979763132940        5.3805991186560274     
         497   4.5162039668664198        5.6039331244313244        5.3812538420572409     
         498   4.5173391941122780        5.6057106434589645        5.3828365400323150     
         499   4.5173918222796559        5.6057930538567575        5.3829101097712346     
         500   4.5183912303709111        5.6073581291799206        5.3843035831562300     
         501   4.5200969643401887        5.6100297651361339        5.3866819598350038     
         502   4.5227783008640934        5.6142306104634407        5.3904210994346364     
         503   4.5230220612940117        5.6146125795254758        5.3907612439770975     
         504   4.5234098924470727        5.6152203293829013        5.3913023165380078     
         505   4.5302836634939494        5.6259967612317094        5.4008910253650448     
         506   4.5344772062845324        5.6325758009307689        5.4067431673116744     
         507   4.5353702305946841        5.6339772694606278        5.4079897698926729     
         508   4.5368155006981299        5.6362457384178724        5.4100073040480563     
         509   4.5371094855696104        5.6367072219715997        5.4104178815481330     
         510   4.5373830538431461        5.6371366718192037        5.4107999669410187     
         511   4.5383016495681456        5.6385787993097871        5.4120825132896986     
         512   4.5386657166817823        5.6391504038486877        5.4125909708338185     
         513   4.5387646570118925        5.6393057498939125        5.4127293027631360     
         514   4.5411841740452292        5.6431052304914378        5.4161075932725584     
         515   4.5485401162747445        5.6546637081601103        5.4263814296830635     
         516   4.5502799476649214        5.6573990890907453        5.4288123082312385     
         517   4.5517890508371295        5.6597722016003003        5.4309210743687277     
         518   4.5585154209484022        5.6703551143044972        5.4403221686904075     
         519   4.5597043367454404        5.6722266233007517        5.4419844688077887     
         520   4.5602270174150155        5.6730494797296380        5.4427154204569579     
         521   4.5610581182807408        5.6743579937733042        5.4438776190637679     
         522   4.5649794969498387        5.6805337969587724        5.4493613286245992     
         523   4.5659713366606027        5.6820963349673494        5.4507487158261068     
         524   4.5691621196597243        5.6871243996414096        5.4552121621780216     
         525   4.5725494985547037        5.6924644761069461        5.4599516596283237     
         526   4.5752383720425396        5.6967050096315290        5.4637146496772679     
         527   4.5765326365182846        5.6987466643530382        5.4655262818315133     
         528   4.5790886919952101        5.7027797279383670        5.4691043554999474     
         529   4.5812293879508328        5.7061584194294417        5.4721015012157697     
         530   4.5839098658615471        5.7103903447122164        5.4758549443706297     
         531   4.5873837077734922        5.7158769616048977        5.4807202769597385     
         532   4.5890295568093178        5.7184772712691139        5.4830258998511709     
         533   4.5891454048403055        5.7186603222591330        5.4831883912467543     
         534   4.5917358394128271        5.7227541573868512        5.4868176857426008     
         535   4.6003559467112911        5.7363867454627258        5.4988988658084850     
         536   4.6008894051074982        5.7372308917282799        5.4996469411707860     
         537   4.6011881811494106        5.7377037007949285        5.5000660222529287     
         538   4.6023922494002818        5.7396093038846496        5.5017543728273743     
         539   4.6030174510443214        5.7405988857990335        5.5026311884315167     
         540   4.6038956925438566        5.7419891166908474        5.5038628584055012     
         541   4.6046693722070504        5.7432139573353185        5.5049479734850664     
         542   4.6060146004226148        5.7453439232549099        5.5068346876955125     
         543   4.6091454811402253        5.7503026062919123        5.5112262078799166     
         544   4.6093376970488764        5.7506071015890408        5.5114960457949422     
         545   4.6109860706043424        5.7532186468382287        5.5138086344516157     
         546   4.6157908613561398        5.7608340701681096        5.5205505924481102     
         547   4.6163828346787401        5.7617726480413660        5.5213815695219779     
         548   4.6175132368481284        5.7635651044428577        5.5229682625371783     
         549   4.6230172655230657        5.7722964085445252        5.5306949304388660     
         550   4.6230261515074531        5.7723105097390794        5.5307076170709575     
         551   4.6252036246003669        5.7757664277839380        5.5337653201787926     
         552   4.6256947939923672        5.7765461062042771        5.5344552669109408     
         553   4.6266534325502278        5.7780679815928204        5.5358017342346919     
         554   4.6279129400695735        5.7800677796537894        5.5375708571276974     
         555   4.6342750000008719        5.7901741085544396        5.5465085465274662     
         556   4.6346012927131053        5.7906926549629061        5.5469672399601606     
         557   4.6346341227593300        5.7907448298677178        5.5470135819285904     
         558   4.6391720466673423        5.7979587877125702        5.5533912091310640     
         559   4.6401095961404266        5.7994497333559618        5.5547092583287494     
         560   4.6441329662424886        5.8058499500696703        5.5603657440014196     
         561   4.6442558559468559        5.8060454896953564        5.5605387449115327     
         562   4.6456151435142425        5.8082085647929045        5.5624502804674592     
         563   4.6477030305242790        5.8115318112587344        5.5653866570974131     
         564   4.6497675359508603        5.8148187107036531        5.5682905593664511     
         565   4.6519296669090711        5.8182619665944122        5.5713322039120232     
         566   4.6524797525527974        5.8191381452157911        5.5721062828927579     
         567   4.6559724191259537        5.8247027119219208        5.5770206886829872     
         568   4.6563354468707878        5.8252812350994887        5.5775317487674894     
         569   4.6577094194641910        5.8274710484818621        5.5794655099005919     
         570   4.6601018612783074        5.8312849960177164        5.5828329586632606     
         571   4.6619634541477808        5.8342534878677830        5.5854536414030722     
         572   4.6663674923017764        5.8412789651738111        5.5916545055126683     
         573   4.6666964291099804        5.8418038553026506        5.5921179179988787     
         574   4.6679661674592685        5.8438302054259470        5.5939062367361565     
         575   4.6703350736041465        5.8476115738583152        5.5972428648762573     
         576   4.6750299131857078        5.8551090972047675        5.6038569589634069     
         577   4.6753050938387606        5.8555486923167557        5.6042448997593901     
         578   4.6791731197582314        5.8617294161037163        5.6096958897128211     
         579   4.6840257256265270        5.8694877259893916        5.6165363479438355     
         580   4.6850088751627910        5.8710601648939615        5.6179226844721999     
         581   4.6860403188923261        5.8727100576635038        5.6193772087633054     
         582   4.6970622088340219        5.8903542338567441        5.6349243250843433     
         583   4.6978988399410628        5.8916945558822098        5.6361051195960705     
         584   4.6989508394377166        5.8933801121039817        5.6375899173222770     
         585   4.7015039937397294        5.8974718248159830        5.6411935835769551     
         586   4.7059929656629755        5.9046691490285239        5.6475309116264754     
         587   4.7062933781014227        5.9051509586785080        5.6479552899240950     
         588   4.7094163823272996        5.9101608182510290        5.6523654913727945     
         589   4.7134981908983073        5.9167118008280184        5.6581310160692180     
         590   4.7150590196985736        5.9192177163129847        5.6603362275804336     
         591   4.7166403764213083        5.9217571018679589        5.6625706754193850     
         592   4.7186635657282370        5.9250067465821719        5.6654297166033807     
         593   4.7226349070953884        5.9313879690006965        5.6710426851049878     
         594   4.7235453000093681        5.9328512637327693        5.6723297841139804     
         595   4.7237811364732805        5.9332303568510119        5.6726633794011345     
         596   4.7239234775847319        5.9334591673030861        5.6728648121767247     
         597   4.7270251142205462        5.9384460255901121        5.6772500388126659     
         598   4.7282058174943229        5.9403449011134608        5.6789197425705211     
         599   4.7285533952527663        5.9409039507970691        5.6794114516773888     
         600   4.7325661570963051        5.9473599530355310        5.6850867442371129     
         601   4.7340832006327247        5.9498015439638410        5.6872328496831628     
         602   4.7367451764238435        5.9540869879101432        5.6909990138839035     
         603   4.7383700877402042        5.9567036116850964        5.6932983552416836     
         604   4.7405138816685506        5.9601566396575878        5.6963322599154189     
         605   4.7429213257091245        5.9640354686045542        5.6997397779375607     
         606   4.7438684641779316        5.9655618104193833        5.7010806497555322     
         607   4.7493725130680673        5.9744354393928640        5.7088734190165074     
         608   4.7504651577510755        5.9761977510490993        5.7104209307002058     
         609   4.7515147482650510        5.9778908552243930        5.7119075805221673     
         610   4.7521378582046871        5.9788961081327185        5.7127902977195202     
         611   4.7530029967948781        5.9802919558960497        5.7140158568099970     
         612   4.7537109275357672        5.9814342744594162        5.7150188073703205     
         613   4.7541830709791482        5.9821961841652458        5.7156878090990269     
         614   4.7554680900682493        5.9842700869026473        5.7175083427671520     
         615   4.7578920122345867        5.9881830114764414        5.7209426365135450     
         616   4.7616754780837409        5.9942930892635387        5.7263041728156754     
         617   4.7646905543215325        5.9991644017179580        5.7305778477063338     
         618   4.7686908206178398        6.0056303695344635        5.7362492306957620     
         619   4.7694560978701377        6.0068677329318785        5.7373345549206238     
         620   4.7702718834157105        6.0081868971970529        5.7384915575388185     
         621   4.7782743906983365        6.0211347207960033        5.7498426850338529     
         622   4.7792108717619097        6.0226507968167837        5.7511716265584063     
         623   4.7812397686527026        6.0259360236507042        5.7540508233661196     
         624   4.7818812003939621        6.0269748212785483        5.7549613081468962     
         625   4.7835370776559829        6.0296569108797877        5.7573115874647112     
         626   4.7850625802585736        6.0321283369211702        5.7594770674887190     
         627   4.7864639633611494        6.0343991109724051        5.7614665710525212     
         628   4.7865294170401187        6.0345051809308803        5.7615597087991741     
         629   4.7893397679278333        6.0390603012704283        5.7655498436500494     
         630   4.7893467099510989        6.0390715552131606        5.7655599212621418     
         631   4.7897953001248554        6.0397988010122408        5.7661970850714148     
         632   4.7906628410633916        6.0412053618156483        5.7674291618954090     
         633   4.7921494587388000        6.0436160116829756        5.7695404572720630     
         634   4.7921557517347662        6.0436262171845199        5.7695496152265626     
         635   4.7950379951755240        6.0483012961204299        5.7736433738664914     
         636   4.7989358608423727        6.0546265250589890        5.7791808411275429     
         637   4.8018540172177602        6.0593640348834290        5.7833274975759927     
         638   4.8019637954273744        6.0595422904515130        5.7834837200342104     
         639   4.8086362996496481        6.0703817393391901        5.7929680852242367     
         640   4.8107655690886464        6.0738427058839628        5.7959956956655194     
         641   4.8122760250159411        6.0762984189566556        5.7981437414830683     
         642   4.8133361035563142        6.0780221925079738        5.7996514941199422     
         643   4.8164825407401448        6.0831399544765929        5.8041268741421153     
         644   4.8167752297533930        6.0836161273127267        5.8045434345813067     
         645   4.8185155716072963        6.0864478467654877        5.8070193887885431     
         646   4.8185820642662653        6.0865560500471032        5.8071142067974471     
         647   4.8221945062071345        6.0924359729048128        5.8122542714984089     
         648   4.8222332032263386        6.0924989744946085        5.8123095600663053     
         649   4.8245452535121416        6.0962637385610519        5.8156000685426026     
         650   4.8280735062132498        6.1020110589970749        5.8206223416952305     
         651   4.8297204055530241        6.1046946680449796        5.8229671381175159     
         652   4.8403890264796718        6.1220930676801411        5.8381617870655962     
         653   4.8421583308639331        6.1249807938713170        5.8406829343364066     
         654   4.8437804024797595        6.1276288040410503        5.8429945656508870     
         655   4.8470420859289192        6.1329551572202021        5.8476433590293215     
         656   4.8478718775096237        6.1343105752292653        5.8488263693067175     
         657   4.8500855841543853        6.1379272600987838        5.8519823350899820     
         658   4.8508462641147059        6.1391702768999084        5.8530670524517010     
         659   4.8508939347378517        6.1392481789343387        5.8531352426716516     
         660   4.8528358630239179        6.1424220380570027        5.8559043115117451     
         661   4.8547911698783590        6.1456185773409331        5.8586928199444177     
         662   4.8555508913159580        6.1468607918994280        5.8597765125798968     
         663   4.8622920138796157        6.1578885592218846        5.8693929230686308     
         664   4.8631176829855303        6.1592399360486638        5.8705712610353835     
         665   4.8632886108144531        6.1595197127498524        5.8708153845905979     
         666   4.8673887076805080        6.1662326773516831        5.8766668970873344     
         667   4.8677314549825237        6.1667940104588546        5.8771563337638959     
         668   4.8692748778216224        6.1693220578000334        5.8793596598744511     
         669   4.8708296536730984        6.1718692178344581        5.8815794217432256     
         670   4.8710794758049740        6.1722785451389885        5.8819363055975806     
         671   4.8739177868224051        6.1769299881090749        5.8859890547910272     
         672   4.8741328103152517        6.1772824405794262        5.8862963218259772     
         673   4.8760496795863295        6.1804248867964233        5.8890339175262429     
         674   4.8770284781353981        6.1820297985067088        5.8904320447411447     
         675   4.8774170284628457        6.1826669519833874        5.8909872166405588     
         676   4.8788779390317369        6.1850628763163327        5.8930741114498293     
         677   4.8832261461192923        6.1921967469760517        5.8992862376159803     
         678   4.8833168012815262        6.1923455233841622        5.8994159949239773     
         679   4.8867949197593772        6.1980548864877170        5.9043864344021966     
         680   4.8874366669197622        6.1991086053118432        5.9053038413239545     
         681   4.8901600410513968        6.2035812468345810        5.9091967303452186     
         682   4.8924313060871043        6.2073126065419890        5.9124439388239960     
         683   4.8944524328028276        6.2106339620484183        5.9153339668183911     
         684   4.8950482124530712        6.2116131863790640        5.9161861129681554     
         685   4.8968253430378104        6.2145345366415983        5.9187277004698728     
         686   4.8970400401457184        6.2148875144203721        5.9190349733321153     
         687   4.8985633038768208        6.2173921578941140        5.9212137941905905     
         688   4.8997269765900420        6.2193058779956667        5.9228784726812691     
         689   4.9036724773121270        6.2257966400938720        5.9285230823044071     
         690   4.9041447801458098        6.2265738536698008        5.9291990807521469     
         691   4.9043976248011685        6.2269899504303510        5.9295610876312388     
         692   4.9060565972470496        6.2297204014470910        5.9319351802908802     
         693   4.9083730519713686        6.2335339801525880        5.9352505212076121     
         694   4.9110354334116000        6.2379184954504137        5.9390615574486478     
         695   4.9132708195017045        6.2416010059688452        5.9422619368049183     
         696   4.9143437011092628        6.2433688255303625        5.9437982594671119     
         697   4.9156344173534974        6.2454959091936795        5.9456466120461791     
         698   4.9170508149709313        6.2478305307511581        5.9476751062520385     
         699   4.9178318109699006        6.2491180182942401        5.9487937949272229     
         700   4.9210066795419571        6.2543532183981787        5.9533413346402728     
         701   4.9217536914052786        6.2555853224477396        5.9544116368441244     
         702   4.9252498428961484        6.2613534084992990        5.9594207116336921     
         703   4.9253136798219268        6.2614587538778972        5.9595124098164458     
         704   4.9257224408943516        6.2621333232244227        5.9600983399010286     
         705   4.9272094127677084        6.2645875471081274        5.9622293377630999     
         706   4.9321911041607676        6.2728132641708685        5.9693696647053205     
         707   4.9409533924951825        6.2872946102521245        5.9819343670986509     
         708   4.9427161240334847        6.2902098870821392        5.9844631130706194     
         709   4.9501002448595921        6.3024294401874323        5.9950585851628588     
         710   4.9537863265407172        6.3085337956524370        6.0003498138736759     
         711   4.9538104240493057        6.3085737122711443        6.0003846393729408     
         712   4.9547980560377347        6.3102097972770261        6.0018027403669425     
         713   4.9549620030658721        6.3104814083090233        6.0020383476392976     
         714   4.9585594033178504        6.3164427071054936        6.0072039448455889     
         715   4.9598108768753786        6.3185172069527482        6.0090014093560864     
         716   4.9600234444416795        6.3188696028874443        6.0093069231649867     
         717   4.9614796429001089        6.3212839656219657        6.0113986105149362     
         718   4.9653562294122278        6.3277135820377479        6.0169675551728048     
         719   4.9659693497651523        6.3287307921902620        6.0178486663452961     
         720   4.9660396026130496        6.3288473519337654        6.0179498343973279     
         721   4.9664766964933289        6.3295725789899846        6.0185780708458978     
         722   4.9672269471740709        6.3308174945494624        6.0196562847622239     
         723   4.9693025319557211        6.3342622265607664        6.0226390575140698     
         724   4.9706195625481797        6.3364485209887418        6.0245320297689702     
         725   4.9710817345743461        6.3372158254973892        6.0251965016597673     
         726   4.9723282513572702        6.3392855450789938        6.0269883452956048     
         727   4.9736961363582104        6.3415571791970091        6.0289548023196318     
         728   4.9776761782880943        6.3481691474891901        6.0346770447511169     
         729   4.9799304664044568        6.3519157057107405        6.0379188872938627     
         730   4.9813519340939933        6.3542787191514138        6.0399634059311662     
         731   4.9852826607736542        6.3608153904240439        6.0456176273677169     
         732   4.9860609741535900        6.3621101059165390        6.0467375690153489     
         733   4.9896409587615969        6.3680670973956843        6.0518888381216200     
         734   4.9896748383752154        6.3681234856611209        6.0519378254877036     
         735   4.9925553748719489        6.3729186991484843        6.0560836013246711     
         736   4.9928194964076287        6.3733584729182535        6.0564639875589172     
         737   4.9963490899448493        6.3792368840676854        6.0615450333673362     
         738   4.9974800197415057        6.3811209919294267        6.0631734819931840     
         739   4.9979439641495427        6.3818939967793780        6.0638416987982389     
         740   4.9979811481168541        6.3819559532262682        6.0638954713761866     
         741   5.0031998875474191        6.3906545373877854        6.0714110339041785     
         742   5.0044850955491853        6.3927976486822891        6.0732624541576428     
         743   5.0053613650920550        6.3942590572137092        6.0745249394868797     
         744   5.0056705891177842        6.3947748098996380        6.0749706237537477     
         745   5.0057084680879518        6.3948379894438849        6.0750254256222807     
         746   5.0057854915172575        6.3949664602667093        6.0751366176802239     
         747   5.0086609324192422        6.3997634817443094        6.0792795081797326     
         748   5.0095132411172738        6.4011857194209529        6.0805078194675204     
         749   5.0097232419041351        6.4015361701564881        6.0808106518354190     
         750   5.0102108192661676        6.4023498804513990        6.0815134697161906     
         751   5.0108097554678217        6.4033495082898728        6.0823767832092077     
         752   5.0128235179717162        6.4067110754220638        6.0852791401240243     
         753   5.0131247698296209        6.4072140319017556        6.0857135564719798     
         754   5.0143741809985887        6.4093002083345727        6.0875146052808553     
         755   5.0171316947286337        6.4139057379507110        6.0914898575783134     
         756   5.0172580583718087        6.4141168279751097        6.0916722669256096     
         757   5.0179297130059908        6.4152388845273505        6.0926408265063507     
         758   5.0188250126313534        6.4167347158069150        6.0939318822459114     
         759   5.0204530812306185        6.4194552873667066        6.0962796227172671     
         760   5.0216931811207344        6.4215279441396964        6.0980681238967147     
         761   5.0228843193997923        6.4235190919386609        6.0997861600200380     
         762   5.0242245224330695        6.4257598007797858        6.1017193329288144     
         763   5.0250715092035296        6.4271760999059584        6.1029412431699726     
         764   5.0252958899185618        6.4275513277086533        6.1032651326187608     
         765   5.0257991004698921        6.4283928785507287        6.1039912316642297     
         766   5.0270129985536931        6.4304231903328901        6.1057425714038214     
         767   5.0277826154200973        6.4317105880084782        6.1068530886809604     
         768   5.0310378505686737        6.4371573386209180        6.1115500900607849     
         769   5.0311095012360072        6.4372772532230096        6.1116537183559583     
         770   5.0348421747485483        6.4435258494727483        6.1170408635246947     
         771   5.0385307319350190        6.4497036637620280        6.1223656567999303     
         772   5.0386687132559338        6.4499348223142210        6.1225651001525083     
         773   5.0393675558149420        6.4511056510361824        6.1235742968252982     
         774   5.0400313988670105        6.4522179437656568        6.1245330062241852     
         775   5.0412687329015311        6.4542914053098901        6.1263198483738428     
         776   5.0421707622843037        6.4558031971367527        6.1276226320758074     
         777   5.0427741577539020        6.4568145837149000        6.1284942269130216     
         778   5.0431837154710886        6.4575011140794016        6.1290859226021990     
         779   5.0474756113384140        6.4646977702143529        6.1352852227075463     
         780   5.0480099982003228        6.4655941208770589        6.1360574340745302     
         781   5.0486484286916458        6.4666650727822299        6.1369799825633908     
         782   5.0519975880175547        6.4722847112835469        6.1418192359161505     
         783   5.0527113387509006        6.4734826582044249        6.1428508725852442     
         784   5.0531360638535290        6.4741955639799045        6.1434648789187261     
         785   5.0546558733661566        6.4767469141363776        6.1456615283190601     
         786   5.0554796197378096        6.4781299797102934        6.1468523282691550     
         787   5.0614787178743157        6.4882070501545357        6.1555250386116125     
         788   5.0670494880434624        6.4975719106438721        6.1635816460771853     
         789   5.0688876563070462        6.5006635422233217        6.1662408732709899     
         790   5.0734330214453696        6.5083117171370954        6.1728175712014259     
         791   5.0739692951727822        6.5092143769459874        6.1735938492633871     
         792   5.0758266089131450        6.5123411247497165        6.1762820102192162     
         793   5.0760086519680616        6.5126476324147085        6.1765457222440983     
         794   5.0783398579287065        6.5165733711162410        6.1799202152487762     
         795   5.0787494355758884        6.5172632250962330        6.1805133434718176     
         796   5.0793990745448330        6.5183574938265600        6.1814540080378571     
         797   5.0809994772292857        6.5210536623721724        6.1837711820726593     
         798   5.0852646924837472        6.5282420324420372        6.1899474612619851     
         799   5.0900775829698661        6.5363583928174345        6.1969188786876650     
         800   5.0912467276742968        6.5383308104501072        6.1986128906353510     
         801   5.0925929754111277        6.5406023971717593        6.2005636396211337     
         802   5.0934863782747781        6.5421101054826316        6.2018583817261206     
         803   5.0940262671605128        6.5430213111173625        6.2026409350615364     
         804   5.0947360887144759        6.5442194242674043        6.2036697677980399     
         805   5.0961505074787325        6.5466071748170735        6.2057197664802626     
         806   5.1033118721854596        6.5587036360048252        6.2161011235925834     
         807   5.1037449676305275        6.5594355651311398        6.2167293389124421     
         808   5.1063214425765011        6.5637906809209428        6.2204657552250104     
         809   5.1066202664864386        6.5642958928087385        6.2208993663002570     
         810   5.1073816070720390        6.5655831589236264        6.2220037808703808     
         811   5.1091575194705907        6.5685863670270335        6.2245798466853000     
         812   5.1107459959196708        6.5712732176039212        6.2268843087219032     
         813   5.1115384733268270        6.5726138804993690        6.2280341975664335     
         814   5.1122726496046829        6.5738560415755671        6.2290995630482762     
         815   5.1159334736306823        6.5800516737290327        6.2344116060253896     
         816   5.1174295513917709        6.5825845418180391        6.2365830066754278     
         817   5.1175760234446637        6.5828325474156202        6.2367958260152818     
         818   5.1186283315833778        6.5846144538939626        6.2383233575503869     
         819   5.1187092323875962        6.5847514562865106        6.2384410216817425     
         820   5.1193828637457308        6.5858922833268680        6.2394190143082096     
         821   5.1199478668909686        6.5868492235686054        6.2402393710519917     
         822   5.1200062793040662        6.5869481602737681        6.2403244024261255     
         823   5.1204548707566877        6.5877079933728311        6.2409758096301768     
         824   5.1287065605077222        6.6016931143630311        6.2529574647440551     
         825   5.1307501143783876        6.6051589870362664        6.2559259522821140     
         826   5.1311290603497657        6.6058017860234246        6.2564766557574565     
         827   5.1332226720559504        6.6093537364528459        6.2595183461663773     
         828   5.1381977006024355        6.6177982517829443        6.2667476452719058     
         829   5.1398880176720665        6.6206686615311874        6.2692045784338220     
         830   5.1464782477017845        6.6318661510268084        6.2787856258672257     
         831   5.1475071312011904        6.6336152372195949        6.2802820279569502     
         832   5.1508526471559675        6.6393042554340704        6.2851478820337174     
         833   5.1525812330307676        6.6422447141806762        6.2876625490360123     
         834   5.1526078381708933        6.6422899769945989        6.2877014964220574     
         835   5.1540408917812268        6.6447282457837806        6.2897865010078728     
         836   5.1548358148643336        6.6460809726235581        6.2909432596906587     
         837   5.1551052277948024        6.6465394679350052        6.2913354807541104     
         838   5.1553751204241998        6.6469987964760175        6.2917284067895398     
         839   5.1553876755197594        6.6470201643237621        6.2917469191855933     
         840   5.1555822302195891        6.6473512867592497        6.2920302367503584     
         841   5.1568112090258973        6.6494431503736591        6.2938187009297053     
         842   5.1589248750262282        6.6530416725635320        6.2968947654809373     
         843   5.1607446805850961        6.6561407266796682        6.2995435481602478     
         844   5.1617583051633451        6.6578672209227641        6.3010191572009724     
         845   5.1625777948058182        6.6592632218737613        6.3022122691106812     
         846   5.1635035068313053        6.6608403602496500        6.3035600785876031     
         847   5.1641946268697456        6.6620179532994248        6.3045664452870209     
         848   5.1643021234601187        6.6622011257168241        6.3047231869276565     
         849   5.1674503489198500        6.6675668407631843        6.3093071827884266     
         850   5.1692192796414185        6.6705827495940362        6.3118833745796152     
         851   5.1702742248417373        6.6723817071979772        6.3134199929286563     
         852   5.1705509968961785        6.6728537188464792        6.3138233346140531     
         853   5.1709483466872843        6.6735313969294063        6.3144023007162833     
         854   5.1742412138647671        6.6791487796900864        6.3191990284210355     
         855   5.1749928943006784        6.6804314437334753        6.3202943401791813     
         856   5.1765710748890639        6.6831248721756733        6.3225938939383930     
         857   5.1783937513909546        6.6862362960488078        6.3252499618907922     
         858   5.1816249996218264        6.6917541450427329        6.3299592479802289     
         859   5.1848125975753447        6.6971998421766932        6.3346059089459619     
         860   5.1849210023554004        6.6973850827857442        6.3347641899930647     
         861   5.1886102187294405        6.7036908023164719        6.3401433011701780     
         862   5.1896348398004095        6.7054426800159881        6.3416376756730095     
         863   5.1918685088690886        6.7092626163334534        6.3448954647034057     
         864   5.1939016955475710        6.7127407104371848        6.3478612931984788     
         865   5.1945475243776693        6.7138457074870805        6.3488036224873809     
         866   5.1986152835553083        6.7208077882657831        6.3547385063012669     
         867   5.1988818367605321        6.7212641367479709        6.3551276966300190     
         868   5.1999121481362325        6.7230282228103544        6.3566313925034237     
         869   5.2027667004260021        6.7279170518137619        6.3607975874978457     
         870   5.2034223219590601        6.7290401675031024        6.3617547641948136     
         871   5.2042291845042268        6.7304225058797611        6.3629327454640521     
         872   5.2059430836621914        6.7333593108407532        6.3654348870229800     
         873   5.2066909652898108        6.7346410391850835        6.3665269573782393     
         874   5.2069713190554303        6.7351215466411798        6.3669365044412043     
         875   5.2070212686363826        6.7352071587945677        6.3670096770735469     
         876   5.2078377026291180        6.7366065864362845        6.3682019139598314     
         877   5.2090869025837128        6.7387481099213646        6.3700261110746013     
         878   5.2097840535672706        6.7399434065456134        6.3710443309097400     
         879   5.2101524081138466        6.7405750130880033        6.3715824653829252     
         880   5.2103393679527690        6.7408955997516182        6.3718557253063555     
         881   5.2110456328080303        6.7421067313381347        6.3728873390467626     
         882   5.2135492903078315        6.7464010502115981        6.3765440898010528     
         883   5.2135793914096134        6.7464526891450713        6.3765883041826434     
         884   5.2177293372747506        6.7535740321567417        6.3826507471670180     
         885   5.2182014328624735        6.7543844093474785        6.3833407339531512     
         886   5.2183656330093413        6.7546662799493262        6.3835808868494581     
         887   5.2198899678293298        6.7572832995167431        6.3858083793634339     
         888   5.2217826389597830        6.7605334515768902        6.3885743699551707     
         889   5.2267908158672114        6.7691377231396270        6.3958946888525361     
         890   5.2315645122075267        6.7773446635214700        6.4028745441971537     
         891   5.2322069363328474        6.7784495307728481        6.4038142489989358     
         892   5.2322833607342076        6.7785809750800876        6.4039262619313320     
         893   5.2327243928995859        6.7793395447286668        6.4045714859041247     
         894   5.2333430999670751        6.7804037905162451        6.4054765766886508     
         895   5.2340267659633177        6.7815798783603478        6.4064767110650127     
         896   5.2365557171040678        6.7859313107605228        6.4101760285090119     
         897   5.2377307208537021        6.7879535930536461        6.4118951538564648     
         898   5.2395923166283946        6.7911582290854087        6.4146189458862022     
         899   5.2401466753140618        6.7921126862344341        6.4154302962830609     
         900   5.2415566574969352        6.7945406262966772        6.4174936702020311     
         901   5.2419548471781878        6.7952263804221547        6.4180765976845127     
         902   5.2462409743042127        6.8026102438079405        6.4243497692704832     
         903   5.2494904356637297        6.8082111145811819        6.4291069238922915     
         904   5.2503919971467958        6.8097655183049071        6.4304271571205867     
         905   5.2515489708144107        6.8117605675193946        6.4321214562383542     
         906   5.2521849935585152        6.8128574409015599        6.4330530313135128     
         907   5.2525507254331654        6.8134882191021404        6.4335888392691505     
         908   5.2529572584193946        6.8141894043856537        6.4341844091955025     
         909   5.2540501123283265        6.8160745462629251        6.4357850920474888     
         910   5.2558351732398512        6.8191543370837628        6.4383997269447395     
         911   5.2589230049321847        6.8244836089851013        6.4429231159593705     
         912   5.2635522634355301        6.8324774799535888        6.4497061573681833     
         913   5.2637506393756786        6.8328201526696777        6.4499971166952896     
         914   5.2645703852703232        6.8342362735696591        6.4511986929270257     
         915   5.2654972202706212        6.8358375854507782        6.4525572848825554     
         916   5.2664334212856705        6.8374552874708758        6.4539296879068804     
         917   5.2701713792713676        6.8439163534178933        6.4594093542269757     
         918   5.2710826102797910        6.8454919240000889        6.4607455715607518     
         919   5.2730984014470552        6.8489780480811611        6.4637014807872077     
         920   5.2742403268294389        6.8509533337131003        6.4653762580944534     
         921   5.2744802408429177        6.8513683731058235        6.4657283383362874     
         922   5.2748547232124805        6.8520162366515587        6.4662777703499508     
         923   5.2754082966678419        6.8529739936117009        6.4670898645176571     
         924   5.2780487585984304        6.8575433600112934        6.4709628849288414     
         925   5.2782259522389889        6.8578500565769751        6.4712230526730288     
         926   5.2795411427869174        6.8601266964475709        6.4731525716209379     
         927   5.2829300508798474        6.8659949238727984        6.4781248188620033     
         928   5.2871856863441025        6.8733678789160644        6.4843702507998273     
         929   5.2875075707197610        6.8739257255812571        6.4848429441910191     
         930   5.2892242197214498        6.8769012110203356        6.4873629445343166     
         931   5.2904487465019621        6.8790241288302205        6.4891607685860322     
         932   5.2924752897657363        6.8825382659010259        6.4921362489670180     
         933   5.2926606144630224        6.8828596783906351        6.4924086038461279     
         934   5.2938486118256121        6.8849202433232177        6.4941531976904106     
         935   5.2952084080437851        6.8872792079686089        6.4961502122248174     
         936   5.2995953046894551        6.8948926007709099        6.5025935214619874     
         937   5.3024829660660346        6.8999066254025081        6.5068359159436078     
         938   5.3038245667303379        6.9022368138672610        6.5088073342691004     
         939   5.3046343679002534        6.9036435450049289        6.5099974842950150     
         940   5.3067490120682450        6.9073177066776594        6.5131052268597323     
         941   5.3089646666054975        6.9111685312315041        6.5163618704304724     
         942   5.3102243609365898        6.9133584187071380        6.5182137342533366     
         943   5.3121923788889394        6.9167804436339466        6.5211070618458518     
         944   5.3142137051252716        6.9202961374612348        6.5240791461910295     
         945   5.3142928246145962        6.9204337701439158        6.5241957346808217     
         946   5.3168315569546678        6.9248508386604799        6.5279291098073369     
         947   5.3179968911635456        6.9268788934385626        6.5296431595212177     
         948   5.3189267285212560        6.9284973443173943        6.5310109714528686     
         949   5.3215790753159347        6.9331151023398547        6.5349126202403376     
         950   5.3231874873416034        6.9359161922921047        6.5372790562024381     
         951   5.3235384520719808        6.9365274896225024        6.5377956601493707     
         952   5.3247779929145125        6.9386867150895126        6.5396196531763771     
         953   5.3325444857304136        6.9522240992955604        6.5510501443423692     
         954   5.3344751129642685        6.9555915552596392        6.5538926856432553     
         955   5.3345704936216904        6.9557579444846986        6.5540333725854545     
         956   5.3374317012734700        6.9607502813085489        6.5582466135847799     
         957   5.3395702298714127        6.9644829645217996        6.5613962654536291     
         958   5.3406968020903243        6.9664497822777047        6.5630557958583360     
         959   5.3419691231833966        6.9686714268041277        6.5649301408539280     
         960   5.3459474169504198        6.9756206138568677        6.5707913088726304     
         961   5.3465062870601843        6.9765971441597427        6.5716150299914684     
         962   5.3473861043589093        6.9781346295981406        6.5729117098027814     
         963   5.3477718925855022        6.9788088562344024        6.5734804555157176     
         964   5.3512939044435299        6.9849658174167155        6.5786713262593786     
         965   5.3522426864703485        6.9866249375522065        6.5800700711495494     
         966   5.3525331131898604        6.9871328461911713        6.5804984306487171     
         967   5.3559443034537075        6.9931000030346784        6.5855275361950962     
         968   5.3559486448423979        6.9931075991924496        6.5855341960080391     
         969   5.3572360104868446        6.9953603154124337        6.5874326102173182     
         970   5.3576114438571718        6.9960173496354123        6.5879864570064690     
         971   5.3579808981067840        6.9966639537024911        6.5885315008023397     
         972   5.3586537746395191        6.9978416812662196        6.5895239949479567     
         973   5.3608144878926653        7.0016243016775324        6.5927107756842158     
         974   5.3611316900134183        7.0021797032039474        6.5931788683966257     
         975   5.3630037630406928        7.0054580913541287        6.5959404003320330     
         976   5.3646785588997945        7.0083917351329976        6.5984112408830988     
         977   5.3653835044881157        7.0096267537788011        6.5994514849522332     
         978   5.3665511213497092        7.0116726107572198        6.6011744000102528     
         979   5.3670353533699631        7.0125211632182820        6.6018891152092483     
         980   5.3692668471688245        7.0164323050044066        6.6051821057192122     
         981   5.3696572188165286        7.0171166356310675        6.6057584369686211     
         982   5.3712115102537279        7.0198417164716433        6.6080525114401052     
         983   5.3718146664143127        7.0208993675521940        6.6089429691553789     
         984   5.3720736505189048        7.0213535308367137        6.6093254744885108     
         985   5.3725961375598352        7.0222698320107213        6.6100969145206303     
         986   5.3738160406857558        7.0244094741899339        6.6118978295084343     
         987   5.3771048226320186        7.0301796399628440        6.6167532625033036     
         988   5.3792018058614666        7.0338601867748780        6.6198498125133138     
         989   5.3792693202764168        7.0339787035689803        6.6199497682213302     
         990   5.3798650689286909        7.0350245470219752        6.6208297602314872     
         991   5.3811238065204829        7.0372345628067761        6.6226888897676819     
         992   5.3819470177848192        7.0386801190099151        6.6239049294548451     
         993   5.3858834139345682        7.0455947291905190        6.6297196607164430     
         994   5.3870554095729721        7.0476541770390240        6.6314513734597664     
         995   5.3871149121032840        7.0477587448052814        6.6315395443842782     
         996   5.3883663578135419        7.0499581965337415        6.6333887877841811     
         997   5.3922154421803521        7.0567254994245072        6.6390769373872747     
         998   5.3933747681974724        7.0587644972042014        6.6407906463113218     
         999   5.3941294247027578        7.0600919496506869        6.6419063367317470     
        1000   5.3945194712950739        7.0607781028935097        6.6424831329739167     
        1001   5.3945663967847031        7.0608606547413304        6.6425527569716358     
        1002   5.3980857712155750        7.0670535319847065        6.6477557524644411     
        1003   5.3990664496723531        7.0687797323512198        6.6492059778302774     
        1004   5.4020808540205278        7.0740872110727073        6.6536637158515255     
        1005   5.4022453544206668        7.0743769127095639        6.6539072543464322     
        1006   5.4031891145044195        7.0760390982604733        6.6553032752951840     
        1007   5.4047943467402497        7.0788668010942590        6.6576777689789317     
        1008   5.4058040224025685        7.0806457267901717        6.6591715285622026     
        1009   5.4081215919296843        7.0847299601115985        6.6626002805882312     
        1010   5.4091098713045040        7.0864720025009413        6.6640627102943952     
        1011   5.4094512861430948        7.0870738716706096        6.6645681209753640     
        1012   5.4103258004532284        7.0886156568415277        6.6658623428084951     
        1013   5.4117150974842749        7.0910654047244721        6.6679184066355432     
        1014   5.4125457141808777        7.0925302607583296        6.6691478575658483     
        1015   5.4140275442116605        7.0951440076628298        6.6713411733690204     
        1016   5.4145053899778963        7.0959869792409247        6.6720486757581430     
        1017   5.4157880562840450        7.0982500223795988        6.6739474691006428     
        1018   5.4175451909813939        7.1013508482601591        6.6765488038573082     
        1019   5.4199636947516625        7.1056200543851586        6.6801296493262434     
        1020   5.4221106110456967        7.1094110692557573        6.6833088882197877     
        1021   5.4234253775102577        7.1117332455754729        6.6852561704071665     
        1022   5.4247475884308232        7.1140690056483180        6.6872146468185480     
        1023   5.4266199198620901        7.1173773314020572        6.6899881506532903     
        1024   5.4273089853398879        7.1185950996818637        6.6910091231821713     
        1025   5.4292879507077609        7.1220931357236248        6.6939410740114056     
        1026   5.4303161096599988        7.1239109047252667        6.6954646280233305     
        1027   5.4308012170907425        7.1247686588947738        6.6961836487507842     
        1028   5.4337289188742979        7.1299465939108790        6.7005222117803598     
        1029   5.4341714136563191        7.1307293770516944        6.7011782421255734     
        1030   5.4357721387088294        7.1335615048598289        6.7035508995145587     
        1031   5.4413971910050618        7.1435188792491644        6.7118898873336335     
        1032   5.4446194916840351        7.1492265179202699        6.7166683628611725     
        1033   5.4470887429128370        7.1536020497927071        6.7203308587062960     
        1034   5.4542517388002114        7.1663036055161600        6.7309581689811981     
        1035   5.4559787198790870        7.1693678519762774        6.7335213378525598     
        1036   5.4566993591200559        7.1706467310158146        6.7345911447274140     
        1037   5.4568615937864857        7.1709346580481297        6.7348321992193121     
        1038   5.4588612644446792        7.1744841313666079        6.7378005848933178     
        1039   5.4589604361135242        7.1746601901854588        6.7379480621017152     
        1040   5.4636256946407045        7.1829451966866404        6.7448745519960838     
        1041   5.4651472436602333        7.1856484950421669        6.7471342279983784     
        1042   5.4667634360400683        7.1885205843537952        6.7495346910737712     
        1043   5.4701736618901737        7.1945829654321889        6.7546002970380936     
        1044   5.4701875050804052        7.1946075805559397        6.7546211281003874     
        1045   5.4745830741126822        7.2024259678754774        6.7611519811821328     
        1046   5.4748493983036832        7.2028998351870159        6.7615479922212547     
        1047   5.4796568290430301        7.2114567270291428        6.7686930392368012     
        1048   5.4816558616877931        7.2150165908884709        6.7716649228169636     
        1049   5.4816895608990688        7.2150766109069551        6.7717152886860070     
        1050   5.4845600675922714        7.2201901881887025        6.7759833333691386     
        1051   5.4852231080702110        7.2213716390442890        6.7769695028363870     
        1052   5.4854107208802718        7.2217059606460374        6.7772487476405665     
        1053   5.4869253105744509        7.2244052512709436        6.7795013085565543     
        1054   5.4874425615522195        7.2253272257036132        6.7802708136278405     
        1055   5.4903199982485207        7.2304573568588761        6.7845507781753529     
        1056   5.4908908648015577        7.2314753951105786        6.7854002092179577     
        1057   5.4918010078862567        7.2330986437788907        6.7867543791402944     
        1058   5.4921151017161565        7.2336588819789958        6.7872219029152543     
        1059   5.4928217540711675        7.2349194049177070        6.7882734436459788     
        1060   5.4957448759770857        7.2401350060270051        6.7926228985550150     
        1061   5.4960660176035363        7.2407081379615379        6.7931010308384643     
        1062   5.4963682052440355        7.2412474672783738        6.7935509685261621     
        1063   5.4979197020313855        7.2440168672849632        6.7958600753237643     
        1064   5.4983389795184809        7.2447653770409062        6.7964843264093258     
        1065   5.5006152542714775        7.2488298497436841        6.7998725198333840     
        1066   5.5012549758324312        7.2499723622804959        6.8008250182503822     
        1067   5.5033975665742370        7.2537996890535208        6.8040148373659690     
        1068   5.5039799632633972        7.2548402314545211        6.8048821641245958     
        1069   5.5046618062779675        7.2560585602827290        6.8058975861857842     
        1070   5.5075712243576147        7.2612584933327637        6.8102300133020854     
        1071   5.5078867137522414        7.2618224899722863        6.8107000999641105     
        1072   5.5085266525172738        7.2629665790586051        6.8116533765118810     
        1073   5.5086171241498523        7.2631283336199441        6.8117883811708229     
        1074   5.5101398424921477        7.2658511214254693        6.8140564813620337     
        1075   5.5109467460476536        7.2672941941422673        6.8152585887988604     
        1076   5.5136854865590026        7.2721934220976641        6.8193385334127825     
        1077   5.5138111678474342        7.2724182946260658        6.8195260380003226     
        1078   5.5141161169471697        7.2729639350271347        6.8199806144899657     
        1079   5.5141613558685041        7.2730448823127132        6.8200482812549357     
        1080   5.5145231975513962        7.2736923547679240        6.8205876284813129     
        1081   5.5150182355339501        7.2745782204173128        6.8213254343040060     
        1082   5.5168319399250816        7.2778243632352417        6.8240280688915878     
        1083   5.5176159559579165        7.2792278451992320        6.8251965986690042     
        1084   5.5184806955549082        7.2807760147211074        6.8264854840346292     
        1085   5.5196470366829553        7.2828644543798102        6.8282239248288388     
        1086   5.5205141044078943        7.2844172439920172        6.8295164517809042     
        1087   5.5207657942746433        7.2848680193147182        6.8298918484476605     
        1088   5.5212775727329815        7.2857846621711451        6.8306549081083219     
        1089   5.5213059052099078        7.2858354102382750        6.8306974080392315     
        1090   5.5215359004605142        7.2862473767062292        6.8310404880065025     
        1091   5.5222692678395777        7.2875610717635322        6.8321338819379207     
        1092   5.5230444890436043        7.2889498905044263        6.8332897184165109     
        1093   5.5238079891814085        7.2903178616447439        6.8344281405973906     
        1094   5.5268951753024815        7.2958507321421164        6.8390310678143891     
        1095   5.5272071433762591        7.2964099791612593        6.8394965008003918     
        1096   5.5276328081560315        7.2971730840142754        6.8401314773703312     
        1097   5.5283136223360394        7.2983937013998359        6.8411469421588400     
        1098   5.5291805895990320        7.2999482412758105        6.8424400541035286     
        1099   5.5301410050690647        7.3016705668086814        6.8438726039038578     
        1100   5.5301671779679626        7.3017175063299753        6.8439119082898383     
        1101   5.5301718321946538        7.3017258534243066        6.8439191206027754     
        1102   5.5303643806155485        7.3020711830948573        6.8442065529026070     
        1103   5.5318042133151311        7.3046537811999972        6.8463542635865995     
        1104   5.5347418731418010        7.3099246563115727        6.8507365379609215     
        1105   5.5347988704286655        7.3100269452684596        6.8508218386388542     
        1106   5.5369576108708571        7.3139016987831855        6.8540427763761844     
        1107   5.5371484566684588        7.3142443083764119        6.8543277964526812     
        1108   5.5373257021705875        7.3145625109006982        6.8545925276307340     
        1109   5.5375592790210186        7.3149818554554553        6.8549413128137573     
        1110   5.5385112346205769        7.3166910633070312        6.8563620260394647     
        1111   5.5387348422272957        7.3170925779858011        6.8566959622814068     
        1112   5.5396282050477366        7.3186968483902266        6.8580293476509340     
        1113   5.5408672985723060        7.3209223110604649        6.8598787761197730     
        1114   5.5412322650249424        7.3215778812879773        6.8604237330032838     
        1115   5.5414023674590851        7.3218834391766885        6.8606778744922394     
        1116   5.5431312238383352        7.3249894370401192        6.8632585401048392     
        1117   5.5436278562395422        7.3258818107067425        6.8640001117711584     
        1118   5.5448745409041020        7.3281221961082208        6.8658613570478089     
        1119   5.5464714941786148        7.3309926270950996        6.8682456835207066     
        1120   5.5514021006077350        7.3398592680753421        6.8756083162104851     
        1121   5.5515064504277154        7.3400469868841700        6.8757644292882070     
        1122   5.5519821658077007        7.3409028048634779        6.8764751687333696     
        1123   5.5525458793342226        7.3419170084806611        6.8773173594753079     
        1124   5.5548048566168582        7.3459820669501434        6.8806917740878557     
        1125   5.5557985731383788        7.3477706912802656        6.8821764787214512     
        1126   5.5571184566266050        7.3501467904787479        6.8841485668529359     
        1127   5.5572606784631420        7.3504028500301715        6.8843613197603695     
        1128   5.5597167435055468        7.3548256351446240        6.8880312727426372     
        1129   5.5618307043935022        7.3586336260904890        6.8911905503132544     
        1130   5.5628051831268648        7.3603893975239485        6.8926471863772605     
        1131   5.5637889052690737        7.3621620734848703        6.8941177310412129     
        1132   5.5647032016503886        7.3638098690477118        6.8954845969089913     
        1133   5.5657227832030367        7.3656476715913994        6.8970089282823981     
        1134   5.5667906842042392        7.3675728600198180        6.8986055960753809     
        1135   5.5681051713715384        7.3699429957468015        6.9005710362174604     
        1136   5.5690232202949215        7.3715985851047963        6.9019438991140465     
        1137   5.5705785427583603        7.3744039201598177        6.9042697476945118     
        1138   5.5727420556978808        7.3783072956647233        6.9075053784579694     
        1139   5.5734535210311460        7.3795911764301776        6.9085696909739642     
        1140   5.5737501506372453        7.3801265008401007        6.9090136069160817     
        1141   5.5743283823631584        7.3811700956172315        6.9098787140806817     
        1142   5.5757746279923071        7.3837806666732151        6.9120422104342794     
        1143   5.5800796312636063        7.3915547168261444        6.9184829052522048     
        1144   5.5809877194260551        7.3931951759756940        6.9198419400954592     
        1145   5.5812833352756694        7.3937292517721973        6.9202845583358990     
        1146   5.5824584092817187        7.3958524305355402        6.9220432344029543     
        1147   5.5833154105330900        7.3974011279940131        6.9233260261654639     
        1148   5.5853149687085333        7.4010153003574697        6.9263189532718901     
        1149   5.5871540110836238        7.4043402655121904        6.9290719889680137     
        1150   5.5872142351522482        7.4044491648171373        6.9291624158825922     
        1151   5.5885929049754806        7.4069423841625008        6.9312265708432523     
        1152   5.5891765133065086        7.4079979451976321        6.9321005685724941     
        1153   5.5896635294508270        7.4088788700570927        6.9328299833204081     
        1154   5.5904296307563399        7.4102647355721913        6.9339772792503211     
        1155   5.5949111082458796        7.4183747393749844        6.9406884537179856     
        1156   5.5950778016333089        7.4186765012333389        6.9409383865740750     
        1157   5.5951050061954737        7.4187257498245662        6.9409794069794337     
        1158   5.5954613424008812        7.4193708454309979        6.9415133784018632     
        1159   5.5956010488599812        7.4196237730285661        6.9417229002644341     
        1160   5.5961050986972216        7.4205363583083246        6.9424781350780957     
        1161   5.5982156002725878        7.4243581578509943        6.9456397615733874     
        1162   5.5983543702321832        7.4246094902314033        6.9458479184102213     
        1163   5.5999176188631896        7.4274411077797735        6.9481901094830469     
        1164   5.6013480185576663        7.4300326492140476        6.9503334883135395     
        1165   5.6018548574019329        7.4309510486634638        6.9510931862008114     
        1166   5.6050216143745883        7.4366907873171249        6.9558389402519065     
        1167   5.6053747603036665        7.4373310267546300        6.9563684771350935     
        1168   5.6056084314030761        7.4377546811355657        6.9567189636485747     
        1169   5.6057123188225972        7.4379430374961606        6.9568749411622708     
        1170   5.6057773926081538        7.4380610230200004        6.9569727474107879     
        1171   5.6062885834875669        7.4389879038519471        6.9577391883939068     
        1172   5.6069249448927492        7.4401418373580901        6.9586932686917873     
        1173   5.6073719567801579        7.4409524813206236        6.9593635682021180     
        1174   5.6088564084705315        7.4436448715249313        6.9615890191117078     
        1175   5.6129233000858267        7.4510240750311585        6.9676866205339660     
        1176   5.6132673092239083        7.4516484649913490        6.9682027308160315     
        1177   5.6136649607767541        7.4523702568853309        6.9687992910489207     
        1178   5.6139308972006354        7.4528529910839616        6.9691983515963347     
        1179   5.6153662052721405        7.4554587187313128        6.9713510561688690     
        1180   5.6154399924557854        7.4555926902320389        6.9714619921821743     
        1181   5.6157658957156249        7.4561844327828233        6.9719510334212860     
        1182   5.6167068493602770        7.4578930795345890        6.9733625370741468     
        1183   5.6202744169595160        7.4643734303992337        6.9787141799736538     
        1184   5.6204896029709115        7.4647644150581849        6.9790372773487590     
        1185   5.6218405092023502        7.4672192388439713        6.9810642737394772     
        1186   5.6223621173032168        7.4681672174987597        6.9818471502625901     
        1187   5.6229300904501178        7.4691995424769129        6.9826996213137775     
        1188   5.6235163346119688        7.4702651655326182        6.9835795396061133     
        1189   5.6245742509644430        7.4721883827080280        6.9851672721128377     
        1190   5.6255691865339603        7.4739973753119431        6.9866605990824251     
        1191   5.6274533985937083        7.4774239686280772        6.9894886838367434     
        1192   5.6275813285589411        7.4776566537610618        6.9896809706144722     
        1193   5.6278818387745710        7.4782032531369387        6.9901322874622238     
        1194   5.6290326201149874        7.4802966355120173        6.9918598663794658     
        1195   5.6328301525605475        7.4872072020791256        6.9975610890846571     
        1196   5.6366083024448699        7.4940862905599284        7.0032346174254556     
        1197   5.6370945400183805        7.4949718854862359        7.0039651296303305     
        1198   5.6397097591922254        7.4997361168185179        7.0078933520515676     
        1199   5.6406419168865334        7.5014346984013036        7.0092938528445892     
        1200   5.6408705900170517        7.5018514227786319        7.0096376416563970     
        1201   5.6418695985577356        7.5036721372249158        7.0111386781942251     
        1202   5.6423269196139989        7.5045057031341775        7.0118259991487832     
        1203   5.6436337905944791        7.5068880627963850        7.0137897275675503     
        1204   5.6451217675620846        7.5096011224175880        7.0160257545087230     
        1205   5.6455551795162346        7.5103914822782532        7.0166772943517213     
        1206   5.6461399048503127        7.5114578528602927        7.0175562323682978     
        1207   5.6464622494075911        7.5120457553838600        7.0180409088504643     
        1208   5.6487926153463617        7.5162967755511501        7.0215434034883835     
        1209   5.6501458782019967        7.5187660419551676        7.0235776930533333     
        1210   5.6510148505726638        7.5203518922936627        7.0248841688582004     
        1211   5.6517057279914740        7.5216128678958176        7.0259229941190853     
        1212   5.6521129684025748        7.5223562145168223        7.0265354706295788     
        1213   5.6527366426286578        7.5234947091614464        7.0274733394758186     
        1214   5.6552804686855849        7.5281394455373203        7.0312982277767677     
        1215   5.6569450859137955        7.5311797812988193        7.0338015812219403     
        1216   5.6572154352287622        7.5316736299049367        7.0342084095292989     
        1217   5.6579661298195836        7.5330450302294460        7.0353376129030902     
        1218   5.6582121239335681        7.5334944553133614        7.0357078405828002     
        1219   5.6582266916735859        7.5335210707162386        7.0357300293616980     
        1220   5.6606232995070176        7.5379004683035795        7.0393348511695528     
        1221   5.6634709798507910        7.5431061204746230        7.0436188270294959     
        1222   5.6649487625779500        7.5458084099643967        7.0458424135177555     
        1223   5.6653333072495808        7.5465116883103223        7.0464212721869277     
        1224   5.6658728392170916        7.5474984834210961        7.0472333459812155     
        1225   5.6664906047183266        7.5486284620528696        7.0481631669825244     
        1226   5.6665851277211541        7.5488013667226133        7.0483056782227855     
        1227   5.6697462766856939        7.5545852250989380        7.0530630959580574     
        1228   5.6700334905363974        7.5551108642184435        7.0534956469468479     
        1229   5.6722712783305056        7.5592070673748415        7.0568641770232503     
        1230   5.6727918422614598        7.5601601364482054        7.0576480655769576     
        1231   5.6739057754966069        7.5621998137104205        7.0593252449721042     
        1232   5.6755108757465162        7.5651394320887499        7.0617420339527808     
        1233   5.6755895380412609        7.5652835138383194        7.0618607495734818     
        1234   5.6796603114638620        7.5727420114706616        7.0679908199232866     
        1235   5.6808550711321688        7.5749319029559956        7.0697904850842832     
        1236   5.6816973369049801        7.5764759341108681        7.0710593565807134     
        1237   5.6848840707927728        7.5823195416126650        7.0758600095175783     
        1238   5.6853599217598809        7.5831923579678664        7.0765771806037048     
        1239   5.6865566734864270        7.5853877358353126        7.0783805162800721     
        1240   5.6870212741308421        7.5862401251018081        7.0790808144872432     
        1241   5.6876985920756011        7.5874828847479021        7.0801016527912033     
        1242   5.6885969010449680        7.5891313147939439        7.0814555411835105     
        1243   5.6889371336416872        7.5897557109042104        7.0819685197720954     
        1244   5.6917603231249307        7.5949380421248973        7.0862235012868293     
        1245   5.6935531682969778        7.5982301582301206        7.0889261049477916     
        1246   5.6955167102871407        7.6018367118409778        7.0918863590167689     
        1247   5.6972055924538827        7.6049396141653522        7.0944328760973203     
        1248   5.6981229359331129        7.6066253282698071        7.0958163046335621     
        1249   5.6981391084125095        7.6066550489229590        7.0958409730461298     
        1250   5.6981846288222524        7.6067387035322200        7.0959098929497859     
        1251   5.6986402491339856        7.6075760453647030        7.0965971815328626     
        1252   5.6990804829514090        7.6083851630880295        7.0972612890625495     
        1253   5.6992069579095048        7.6086176245431245        7.0974522862497427     
        1254   5.7010488971622060        7.6120036059443601        7.1002302410914613     
        1255   5.7050615172091499        7.6193830613661406        7.1062827687459329     
        1256   5.7060756999638205        7.6212488958250777        7.1078129971900950     
        1257   5.7061585280296399        7.6214012903865784        7.1079382357043848     
        1258   5.7065561827021369        7.6221329572660892        7.1085384320517058     
        1259   5.7078258830856123        7.6244694361246079        7.1104543240335616     
        1260   5.7078859035026435        7.6245798953826869        7.1105451652409943     
        1261   5.7079916974068716        7.6247745967758576        7.1107050691701126     
        1262   5.7083302949754273        7.6253977666604715        7.1112162305539783     
        1263   5.7092794937180873        7.6271448794874539        7.1126487296263115     
        1264   5.7100312810882707        7.6285288065922492        7.1137834240214577     
        1265   5.7100480123307307        7.6285596080278903        7.1138089553945090     
        1266   5.7110811526521514        7.6304617181454120        7.1153682900227828     
        1267   5.7115171638224060        7.6312645432594666        7.1160265641809772     
        1268   5.7119995227577851        7.6321527683531345        7.1167548041455202     
        1269   5.7122621196835910        7.6326363459567679        7.1171513982158086     
        1270   5.7131105820535133        7.6341989346312529        7.1184322234968462     
        1271   5.7133879854561229        7.6347098628519641        7.1188511940035060     
        1272   5.7138376601070382        7.6355381287445416        7.1195301903531405     
        1273   5.7152530023694466        7.6381454378895990        7.1216668373468845     
        1274   5.7155742869193578        7.6387373762316990        7.1221521063806570     
        1275   5.7162322036880893        7.6399496171177166        7.1231455592191040     
        1276   5.7164145291702733        7.6402855807267755        7.1234210835379983     
        1277   5.7165707119723077        7.6405733794833086        7.1236571453087425     
        1278   5.7180105645714230        7.6432269145616356        7.1258311778466830     
        1279   5.7183390042640267        7.6438322819886144        7.1263273370622588     
        1280   5.7192044020450625        7.6454274903491344        7.1276342403233670     
        1281   5.7195152311135589        7.6460004986755665        7.1281038475253524     
        1282   5.7224259968879316        7.6513677230937818        7.1324995736127033     
        1283   5.7225860133805622        7.6516628478289350        7.1327415178586921     
        1284   5.7240057882066830        7.6542816998249208        7.1348860777091438     
        1285   5.7252203079869446        7.6565223832154032        7.1367207998725153     
        1286   5.7309143490270813        7.6670327528989448        7.1453234223024484     
        1287   5.7310648933261472        7.6673107556788924        7.1455511877124511     
        1288   5.7394123765386436        7.6827353280751600        7.1581684158141439     
        1289   5.7402002101955691        7.6841920793108747        7.1593598403292482     
        1290   5.7416300210775422        7.6868363182955575        7.1615220364803047     
        1291   5.7433998563572892        7.6901101606351938        7.1641986367069119     
        1292   5.7478705853071572        7.6983839383594095        7.1709608535185776     
        1293   5.7482789858381924        7.6991400199776514        7.1715789399124397     
        1294   5.7490434377663870        7.7005553909478488        7.1727356799027504     
        1295   5.7504173182765390        7.7030995124527601        7.1748145002660220     
        1296   5.7505776220120133        7.7033963930964076        7.1750573217348794     
        1297   5.7510850194311711        7.7043361336664029        7.1758253015013000     
        1298   5.7512002550941403        7.7045495691684893        7.1759999437914512     
        1299   5.7520970187302067        7.7062106482455350        7.1773571071541689     
        1300   5.7532581950064738        7.7083618279827482        7.1791144659917840     
        1301   5.7535532721546829        7.7089085429825319        7.1795612799944628     
        1302   5.7541362435352310        7.7099887348638161        7.1804437763742062     
        1303   5.7564448298644235        7.7142672481197634        7.1839379699840702     
        1304   5.7569324732723199        7.7151711871743469        7.1846763435037460     
        1305   5.7584507829708427        7.7179860793303678        7.1869748601264529     
        1306   5.7590339692466523        7.7190674544564493        7.1878579632202495     
        1307   5.7593745170681387        7.7196989596736012        7.1883737807197097     
        1308   5.7600022617249440        7.7208631206974818        7.1893243939228064     
        1309   5.7601335270509466        7.7211065677408728        7.1895234055813724     
        1310   5.7614075375135050        7.7234696168997452        7.1914525187432741     
        1311   5.7632243012447226        7.7268401439342522        7.1942036255872353     
        1312   5.7644278439193624        7.7290735012298644        7.1960264142628692     
        1313   5.7649659152822625        7.7300721039342886        7.1968415392237475     
        1314   5.7674735187878472        7.7347269994409604        7.2006396323607085     
        1315   5.7679461247019503        7.7356044978344007        7.2013557591148167     
        1316   5.7681755582021053        7.7360305145629749        7.2017035697058169     
        1317   5.7682964025527497        7.7362549066167912        7.2018869027343744     
        1318   5.7684854835244641        7.7366060131770986        7.2021735976474233     
        1319   5.7686828233722736        7.7369724662542474        7.2024728062961803     
        1320   5.7689105667307334        7.7373953909227673        7.2028180734060570     
        1321   5.7696426979996964        7.7387550725195071        7.2039274066096741     
        1322   5.7697195108169073        7.7388977344366658        7.2040440554882998     
        1323   5.7701307077469961        7.7396614646495809        7.2046672582746485     
        1324   5.7741249756316790        7.7470825850116753        7.2107192527341528     
        1325   5.7767020930173452        7.7518730605689674        7.2146249599785968     
        1326   5.7768426390439966        7.7521343673988268        7.2148382542098197     
        1327   5.7772038390011158        7.7528059448174140        7.2153859705701446     
        1328   5.7787998431851486        7.7557738200740332        7.2178052851766399     
        1329   5.7813110952669859        7.7604450864276506        7.2216123273690194     
        1330   5.7818245765025056        7.7614004455303229        7.2223910683612598     
        1331   5.7821417138353484        7.7619905328538108        7.2228721596168040     
        1332   5.7835795452133718        7.7646662093519145        7.2250524240521283     
        1333   5.7853157052116169        7.7678978124234064        7.2276852724352043     
        1334   5.7869962066260694        7.7710266112527773        7.2302340080599450     
        1335   5.7886436105055372        7.7740945486321866        7.2327328221650209     
        1336   5.7892507193395701        7.7752253488912171        7.2336539471232104     
        1337   5.7892581870023072        7.7752392587886741        7.2336655638672109     
        1338   5.7907392555925785        7.7779983278748830        7.2359124248267861     
        1339   5.7918001704258684        7.7799750708084296        7.2375221050988046     
        1340   5.7924548594759955        7.7811950720820651        7.2385156030023623     
        1341   5.7957521097600946        7.7873412493293719        7.2435186881207176     
        1342   5.7959472631026383        7.7877051159822255        7.2438151109836753     
        1343   5.7960038941227374        7.7878107074438727        7.2439013359679940     
        1344   5.7965562555488575        7.7888406606301697        7.2447398222853447     
        1345   5.7969449761948990        7.7895655341511327        7.2453300055102883     
        1346   5.7976106825972868        7.7908070192767305        7.2463405558066132     
        1347   5.8012605946788653        7.7976159832392735        7.2518806402964255     
        1348   5.8015167234896996        7.7980939345505087        7.2522697297136016     
        1349   5.8018042311743159        7.7986304624432066        7.2527064593871913     
        1350   5.8026363127096525        7.8001833679471195        7.2539699022827424     
        1351   5.8032572465166981        7.8013423362556988        7.2549128541949308     
        1352   5.8057424633128436        7.8059820508451052        7.2586864189497948     
        1353   5.8068988018382006        7.8081414359200778        7.2604425720717334     
        1354   5.8073320143600498        7.8089505274777800        7.2611007161866272     
        1355   5.8075757661250140        7.8094057947188773        7.2614711636984577     
        1356   5.8096272106176592        7.8132380363372489        7.2645869673133809     
        1357   5.8097052981172252        7.8133839324558503        7.2647058577788428     
        1358   5.8144094601211025        7.8221761768969156        7.2718519254749321     
        1359   5.8149184558141851        7.8231278786517580        7.2726255292038307     
        1360   5.8154043661140955        7.8240364837814953        7.2733640834121349     
        1361   5.8166341713220611        7.8263363953853711        7.2752329701740841     
        1362   5.8198052775110707        7.8322687705459257        7.2800522035446829     
        1363   5.8198837062801907        7.8324155275478766        7.2801716918036625     
        1364   5.8201681128846863        7.8329477275892829        7.2806042304357028     
        1365   5.8210643461114859        7.8346249654181772        7.2819666868165509     
        1366   5.8226127561188594        7.8375232368885337        7.2843205584015287     
        1367   5.8228193859277946        7.8379100517355624        7.2846349454443011     
        1368   5.8239726039776016        7.8400691172375030        7.2863883035676942     
        1369   5.8246133862815288        7.8412689569912883        7.2873627386940107     
        1370   5.8252776918050557        7.8425129646525802        7.2883729775703525     
        1371   5.8268178419900005        7.8453975937822458        7.2907149341510369     
        1372   5.8270922514855297        7.8459116197856176        7.2911324670915896     
        1373   5.8277242830469795        7.8470956266432594        7.2920937934943861     
        1374   5.8277373045749270        7.8471200215067052        7.2921138864939614     
        1375   5.8280285549862381        7.8476656699167329        7.2925570528294816     
        1376   5.8283360538494149        7.8482417851361124        7.2930249355704397     
        1377   5.8300269868238974        7.8514103111491993        7.2955966673876187     
        1378   5.8309474637967318        7.8531354689444628        7.2969968685008233     
        1379   5.8311655968420339        7.8535443287624567        7.2973289215657395     
        1380   5.8322079091763657        7.8554981817787146        7.2989145395711095     
        1381   5.8337799654137870        7.8584456371266942        7.3013060846234303     
        1382   5.8340658717536522        7.8589817589169639        7.3017412956531960     
        1383   5.8360805717612170        7.8627603075239376        7.3048065589212889     
        1384   5.8372427135201281        7.8649404116939081        7.3065750047119007     
        1385   5.8378735373153399        7.8661239563221459        7.3075351272699827     
        1386   5.8395270173683320        7.8692267292379618        7.3100514575548345     
        1387   5.8398317055694902        7.8697985639359000        7.3105154128905170     
        1388   5.8404634566953870        7.8709843092690068        7.3114771080928023     
        1389   5.8426352222634437        7.8750613942686751        7.3147827044016811     
        1390   5.8437641256524255        7.8771812253328628        7.3165013083490802     
        1391   5.8449688482669089        7.8794438247378755        7.3183354560086880     
        1392   5.8452416709182566        7.8799562720730165        7.3187510662166506     
        1393   5.8453235927932603        7.8801101513981333        7.3188760708379146     
        1394   5.8454265075966827        7.8803034658264055        7.3190330341759182     
        1395   5.8456716020232955        7.8807638614770896        7.3194064446672993     
        1396   5.8468519154519969        7.8829812492180471        7.3212036572180796     
        1397   5.8485796537627861        7.8862277624280432        7.3238345218326000     
        1398   5.8489522853858906        7.8869280678416205        7.3244022055670932     
        1399   5.8514323190675839        7.8915899200604871        7.3281790851433861     
        1400   5.8518445453096906        7.8923649723608262        7.3288071749509793     
        1401   5.8531124317151333        7.8947491060227959        7.3307384879820638     
        1402   5.8531498423415229        7.8948194598736565        7.3307957622057227     
        1403   5.8628952113807307        7.9131599515322311        7.3456438004957558     
        1404   5.8664110349704686        7.9197832367722585        7.3510029984638123     
        1405   5.8667978999535011        7.9205122468501257        7.3515930375196508     
        1406   5.8709712721951703        7.9283792722982520        7.3579562316659270     
        1407   5.8710044757808362        7.9284418826547745        7.3580071580862043     
        1408   5.8718848727948973        7.9301021180957267        7.3593499669584617     
        1409   5.8719966601598763        7.9303129402965222        7.3595207324317116     
        1410   5.8751645086285569        7.9362887325524261        7.3643523330484228     
        1411   5.8752821915170763        7.9365107832199575        7.3645321272779025     
        1412   5.8754036470213995        7.9367399564066590        7.3647176772045437     
        1413   5.8779011038670754        7.9414533146797428        7.3685276179213215     
        1414   5.8783209088246595        7.9422457716164994        7.3691683493669675     
        1415   5.8791791992478979        7.9438661046623968        7.3704780681656690     
        1416   5.8797929771044055        7.9450249607816845        7.3714147991938397     
        1417   5.8811707716220116        7.9476267258744633        7.3735173181262468     
        1418   5.8833347715705662        7.9517142194167461        7.3768197987171380     
        1419   5.8853499171844295        7.9555217501534461        7.3798955494386700     
        1420   5.8859780201986869        7.9567087608361202        7.3808545201924449     
        1421   5.8868624015049260        7.9583802861638517        7.3822047147159946     
        1422   5.8871582676334171        7.9589395379879555        7.3826566317453288     
        1423   5.8890899100801786        7.9625913806117632        7.3856056649086899     
        1424   5.8922204053969152        7.9685119661380348        7.3903855824219562     
        1425   5.8924396714814060        7.9689267607657497        7.3907206903040858     
        1426   5.8939740272962506        7.9718297496973127        7.3930640195785724     
        1427   5.8950183103889717        7.9738059106018433        7.3946591185596642     
        1428   5.8975563194188751        7.9786100433895655        7.3985358455834120     
        1429   5.8992203990060208        7.9817609398169713        7.4010781219655932     
        1430   5.9035773345134395        7.9900144610759449        7.4077351897560781     
        1431   5.9047709616817237        7.9922765492027033        7.4095595060750146     
        1432   5.9062593777743011        7.9950978766213971        7.4118344958231965     
        1433   5.9067452292894327        7.9960189573739626        7.4125773507406745     
        1434   5.9072674020870171        7.9970089719492865        7.4133757437536989     
        1435   5.9093408347838725        8.0009408748875934        7.4165453649846267     
        1436   5.9113185200115641        8.0046923622649384        7.4195690289018490     
        1437   5.9123734620170971        8.0066939509975104        7.4211822173914115     
        1438   5.9124542368267941        8.0068472218736559        7.4213060166936327     
        1439   5.9142045949512134        8.0101690027287269        7.4239826764520771     
        1440   5.9146517665409624        8.0110177740906110        7.4246667657198824     
        1441   5.9156572051038516        8.0129263962110748        7.4262045983212364     
        1442   5.9175433365674195        8.0165076223179774        7.4290894710795108     
        1443   5.9195815812004478        8.0203788218006427        7.4322073754632907     
        1444   5.9209300073051283        8.0229405210858218        7.4342703913415473     
        1445   5.9244550413978532        8.0296397557635402        7.4396638612261565     
        1446   5.9250760294188156        8.0308202992336284        7.4406143769777717     
        1447   5.9260609843359120        8.0326929989874518        7.4421219014608422     
        1448   5.9262432496115851        8.0330395716402858        7.4424011229636413     
        1449   5.9277206598315111        8.0358491831958005        7.4446624326071777     
        1450   5.9280423550432992        8.0364610391858644        7.4451550796319186     
        1451   5.9290256008032873        8.0383313329275730        7.4466602775475845     
        1452   5.9290819158642440        8.0384384618283242        7.4467467732070123     
        1453   5.9298142554103466        8.0398316848437474        7.4478680152949703     
        1454   5.9307496522373020        8.0416114355177619        7.4493001404835493     
        1455   5.9309900815594352        8.0420689339087907        7.4496684833622400     
        1456   5.9310614246634552        8.0422046916007446        7.4497779949050162     
        1457   5.9312414453855702        8.0425472568096890        7.4500538710348891     
        1458   5.9330609342964804        8.0460101274892804        7.4528396250958515     
        1459   5.9333929404092451        8.0466421085684257        7.4533482288249111     
        1460   5.9336960446202189        8.0472191021316970        7.4538125931437662     
        1461   5.9340128410431490        8.0478221888547878        7.4542979304928458     
        1462   5.9350705512539568        8.0498359671448441        7.4559177289304834     
        1463   5.9367380022794576        8.0530112921840207        7.4584713482890752     
        1464   5.9380061718887891        8.0554268062213481        7.4604137442027838     
        1465   5.9380854554149129        8.0555778350198395        7.4605354664792163     
        1466   5.9393584236838297        8.0580029880072406        7.4624853814046297     
        1467   5.9438333954338241        8.0665320672071577        7.4693405968749449     
        1468   5.9441974011762575        8.0672261005165424        7.4698985818768673     
        1469   5.9457175634302031        8.0701249418013976        7.4722280257491516     
        1470   5.9507319094832347        8.0796917118643528        7.4799127654514965     
        1471   5.9512069995164643        8.0805985064282364        7.4806412675044278     
        1472   5.9524519019929265        8.0829749382223497        7.4825498152637060     
        1473   5.9574222127752900        8.0924674193560708        7.4901703765201280     
        1474   5.9577610801855512        8.0931148632810164        7.4906903044556454     
        1475   5.9594505523450421        8.0963432884588737        7.4932814444561568     
        1476   5.9599672890016251        8.0973308909983874        7.4940742289391604     
        1477   5.9628841476918799        8.1029071423215751        7.4985484046331319     
        1478   5.9639171048967770        8.1048824759907525        7.5001332576564401     
        1479   5.9654482907512421        8.1078111513699174        7.5024825850934889     
        1480   5.9657033999129769        8.1082991613890929        7.5028742790220857     
        1481   5.9667210123334140        8.1102459884705418        7.5044358770093513     
        1482   5.9667802230581239        8.1103592757492713        7.5045270286578845     
        1483   5.9674200481814461        8.1115835121604629        7.5055090543048255     
        1484   5.9686928002632591        8.1140191426222898        7.5074623389181134     
        1485   5.9690545763757425        8.1147115501947376        7.5080178008194203     
        1486   5.9693831953435978        8.1153405311609266        7.5085223931462455     
        1487   5.9713302983124583        8.1190679609530338        7.5115108833459612     
        1488   5.9719141295813909        8.1201858329507175        7.5124072562637494     
        1489   5.9723051277215840        8.1209345398645763        7.5130076861010107     
        1490   5.9723262450160997        8.1209749778152140        7.5130404020751023     
        1491   5.9727423958097559        8.1217719003991746        7.5136794552106725     
        1492   5.9739038065394228        8.1239962534791879        7.5154624982670910     
        1493   5.9740086467438429        8.1241970646557569        7.5156237358475071     
        1494   5.9752187845774323        8.1265151990917115        7.5174817288658975     
        1495   5.9764259862176132        8.1288281373849003        7.5193353592608361     
        1496   5.9769482970276648        8.1298289915731292        7.5201375727034172     
        1497   5.9774817465223444        8.1308512724811912        7.5209569154566598     
        1498   5.9784396780924487        8.1326872234582268        7.5224280633738374     
        1499   5.9785070685386810        8.1328163926863670        7.5225318445853286     
        1500   5.9794737971443084        8.1346694964458965        7.5240165985973064     
        1501   5.9795832888488061        8.1348793963415140        7.5241850373336323     
        1502   5.9799970995111869        8.1356727194598673        7.5248207968649190     
        1503   5.9807185577188706        8.1370559590891727        7.5259290264267857     
        1504   5.9829155864280708        8.1412692281651307        7.5293035709512548     
        1505   5.9832405965303783        8.1418926246479089        7.5298030728761063     
        1506   5.9858153203367852        8.1468322586656523        7.5337583813574192     
        1507   5.9877717726218824        8.1505870380388643        7.5367644096768061     
        1508   5.9883464325109994        8.1516901267468445        7.5376476441439362     
        1509   5.9885356632601701        8.1520533860421356        7.5379386975098228     
        1510   5.9897491480159220        8.1543831189473774        7.5398035778023047     
        1511   5.9912997437319859        8.1573606930979512        7.5421866573459972     
        1512   5.9914926029865070        8.1577310859957670        7.5424833425783238     
        1513   5.9918437492605161        8.1584055027978977        7.5430232880294845     
        1514   5.9943173075470169        8.1631572871794393        7.5468252961971807     
        1515   5.9960830153897877        8.1665503735561717        7.5495397542696843     
        1516   5.9980170125564660        8.1702679116450856        7.5525132528376417     
        1517   5.9981624824382260        8.1705475792218394        7.5527372086062101     
        1518   5.9999644494885613        8.1740124012041626        7.5555080933421568     
        1519   6.0009267681704284        8.1758631408969382        7.5569881252076616     
        1520   6.0032412559368291        8.1803155063695350        7.5605477199984676     
        1521   6.0035584782346749        8.1809258684913875        7.5610359012760924     
        1522   6.0038965659504786        8.1815764102252171        7.5615561837683032     
        1523   6.0041418966470825        8.1820484919252330        7.5619338137201026     
        1524   6.0047289823561272        8.1831782738168730        7.5628370947506731     
        1525   6.0055984732270149        8.1848517010169122        7.5641747957537202     
        1526   6.0074214524228084        8.1883609448126986        7.5669793349049570     
        1527   6.0084188959088118        8.1902814454344028        7.5685141174511568     
        1528   6.0091476535362025        8.1916847986960484        7.5696356136609477     
        1529   6.0091857047446346        8.1917580774373207        7.5696944629876306     
        1530   6.0091925482100432        8.1917712565789582        7.5697052981874116     
        1531   6.0102477606305040        8.1938035503052156        7.5713291416918160     
        1532   6.0109589488020516        8.1951734545436405        7.5724237360231132     
        1533   6.0120482916090552        8.1972720586023478        7.5741002851025190     
        1534   6.0120750354264798        8.1973235846332013        7.5741417455387801     
        1535   6.0121267498910669        8.1974232210152209        7.5742216315223558     
        1536   6.0123011092509220        8.1977591587187018        7.5744902484241905     
        1537   6.0128538371095939        8.1988241576556273        7.5753411322142377     
        1538   6.0129900199338149        8.1990865693683883        7.5755510113321325     
        1539   6.0138471291588802        8.2007382660641017        7.5768703706291269     
        1540   6.0151815463115508        8.2033101959071537        7.5789244306653885     
        1541   6.0167046853003061        8.2062465114565413        7.5812691618057038     
        1542   6.0171475584271761        8.2071004141078507        7.5819511847742316     
        1543   6.0171578188175179        8.2071201978341151        7.5819672857469325     
        1544   6.0180350355711294        8.2088117323222427        7.5833179537727951     
        1545   6.0185674951888002        8.2098385842879082        7.5841379503411250     
        1546   6.0208400829407616        8.2142222336885151        7.5876370861663922     
        1547   6.0217664560839399        8.2160095783583813        7.5890637652572348     
        1548   6.0218702965062434        8.2162099440361676        7.5892239648495945     
        1549   6.0227007859406276        8.2178125336214887        7.5905030892434731     
        1550   6.0244226854063161        8.2211359256036225        7.5931550567368955     
        1551   6.0249920092910045        8.2222349567666821        7.5940321662312833     
        1552   6.0250377081556579        8.2223231787137347        7.5941028548335385     
        1553   6.0269805780198560        8.2260744773355974        7.5970955807690643     
        1554   6.0270197040798248        8.2261500336078210        7.5971561544157158     
        1555   6.0280682336524620        8.2281750175321271        7.5987715726731402     
        1556   6.0289522518964915        8.2298825421133319        7.6001336695464641     
        1557   6.0297501852506397        8.2314239898210779        7.6013632233469455     
        1558   6.0303675489680737        8.2326167435346793        7.6023146463564970     
        1559   6.0324752429235886        8.2366896899639652        7.6055623685529010     
        1560   6.0330380270129051        8.2377774487782194        7.6064298567723139     
        1561   6.0331914248163558        8.2380739551212212        7.6066665372256743     
        1562   6.0336889264327036        8.2390356364860615        7.6074334671313952     
        1563   6.0356955904151919        8.2429153125141408        7.6105261803347606     
        1564   6.0359177639028108        8.2433449358869026        7.6108688976071530     
        1565   6.0376829261067675        8.2467588064779047        7.6135898100200876     
        1566   6.0393479719327532        8.2499799040973496        7.6161566991522562     
        1567   6.0396419890401107        8.2505487781644256        7.6166102482604892     
        1568   6.0410521987137473        8.2532776586287806        7.6187845776144041     
        1569   6.0430862409777308        8.2572147599765415        7.6219209737594635     
        1570   6.0494390786002725        8.2695193318617850        7.6317187377020694     
        1571   6.0499692530905813        8.2705467546597546        7.6325368725126665     
        1572   6.0524359228315943        8.2753280137879042        7.6363425330137087     
        1573   6.0550543034657904        8.2804053429138733        7.6403829008892110     
        1574   6.0551654175316099        8.2806208509774031        7.6405546703525218     
        1575   6.0552220837443329        8.2807307577173077        7.6406424220170575     
        1576   6.0556920829800376        8.2816423802173862        7.6413680021083259     
        1577   6.0560262062541428        8.2822904946725568        7.6418839212044389     
        1578   6.0568953687932110        8.2839766070974719        7.6432255492956340     
        1579   6.0577617425965480        8.2856575359519216        7.6445629485248912     
        1580   6.0596921334385563        8.2894036719977322        7.6475427316204652     
        1581   6.0597578901061553        8.2895312998287203        7.6476445407726885     
        1582   6.0605941756975739        8.2911545693064213        7.6489357412985566     
        1583   6.0612337157213823        8.2923960886879886        7.6499232923562435     
        1584   6.0634826332936269        8.2967628226737027        7.6533955195467858     
        1585   6.0642522048834433        8.2982574538921643        7.6545840230433075     
        1586   6.0648952511561882        8.2995064897612689        7.6555772208530932     
        1587   6.0658036238886233        8.3012711013473730        7.6569801626944951     
        1588   6.0676776129482572        8.3049123136050920        7.6598743858045655     
        1589   6.0680044882755571        8.3055475500067608        7.6603795103737049     
        1590   6.0686548272693130        8.3068114887388269        7.6613842115831865     
        1591   6.0696978182640517        8.3088388164719671        7.6629954165889362     
        1592   6.0704518887208927        8.3103047558581427        7.6641604527731477     
        1593   6.0714383022246272        8.3122226378398238        7.6656844477828354     
        1594   6.0724258966749067        8.3141431107693471        7.6672103639806810     
        1595   6.0724790557235515        8.3142464920499339        7.6672927962571027     
        1596   6.0738297051095085        8.3168734599326797        7.6693797127134520     
        1597   6.0754399250940105        8.3200060055401419        7.6718678744915874     
        1598   6.0768268677962061        8.3227048136798807        7.6740112712847317     
        1599   6.0791568135272067        8.3272398937698231        7.6776122146295958     
        1600   6.0792610526775546        8.3274428266075713        7.6777736270621180     
        1601   6.0803537478349412        8.3295702844679091        7.6794627560546633     
        1602   6.0812958499908607        8.3314048311739715        7.6809192311358583     
        1603   6.0818050717230507        8.3323965459926512        7.6817066599543242     
        1604   6.0823557588397961        8.3334691036535666        7.6825582119558202     
        1605   6.0825003330488485        8.3337507019882455        7.6827820084717100     
        1606   6.0829648881866580        8.3346555947953824        7.6835004497346997     
        1607   6.0837740059955143        8.3362318071589243        7.6847515821755845     
        1608   6.0837993212437196        8.3362811260607863        7.6847910301796336     
        1609   6.0843605428990548        8.3373745421995782        7.6856589780695348     
        1610   6.0845241160339834        8.3376932462387874        7.6859121763126215     
        1611   6.0857918426991873        8.3401635460497037        7.6878725009672682     
        1612   6.0879502176389790        8.3443704919191273        7.6912102111331553     
        1613   6.0885298940086940        8.3455005957495363        7.6921069298458082     
        1614   6.0895774502024231        8.3475431104584477        7.6937272586688064     
        1615   6.0897313589779181        8.3478432283887987        7.6939655958968114     
        1616   6.0898073759321587        8.3479914620425166        7.6940834718156967     
        1617   6.0910518460067973        8.3504184383774795        7.6960084930058255     
        1618   6.0919528413784834        8.3521758614943113        7.6974023893570642     
        1619   6.0920439746063844        8.3523536338166533        7.6975436636352672     
        1620   6.0934183418056254        8.3550348994409678        7.6996698998746655     
        1621   6.0941002752350357        8.3563655031608342        7.7007251229980280     
        1622   6.0949904478875458        8.3581026410481076        7.7021025495043940     
        1623   6.0950925698320413        8.3583019435542560        7.7022608519089975     
        1624   6.0959713701588143        8.3600171529700482        7.7036207715993665     
        1625   6.0999437020641238        8.3677731386000023        7.7097677053913838     
        1626   6.1011049334740584        8.3700413544782233        7.7115651563281151     
        1627   6.1022234624040834        8.3722265494719590        7.7132966473210640     
        1628   6.1024615176116530        8.3726916712805082        7.7136654212842100     
        1629   6.1030631593056341        8.3738672600920907        7.7145969776910182     
        1630   6.1072686519394548        8.3820877483674323        7.7211077127476866     
        1631   6.1072984704758051        8.3821460540501569        7.7211541941266706     
        1632   6.1078802510816335        8.3832836933278916        7.7220552887465299     
        1633   6.1086198886414076        8.3847301625125503        7.7232008446992868     
        1634   6.1086235932174064        8.3847374077728247        7.7232068947784409     
        1635   6.1092094316825571        8.3858832198526265        7.7241143497858022     
        1636   6.1101705325613400        8.3877632163969409        7.7256029536871313     
        1637   6.1109747601159254        8.3893365724544164        7.7268487058743123     
        1638   6.1118125593620825        8.3909758173554607        7.7281465162179384     
        1639   6.1150171713577066        8.3972479720491240        7.7331104449542121     
        1640   6.1155319102009376        8.3982557264854307        7.7339081321727168     
        1641   6.1155774649634544        8.3983449174004470        7.7339790158940946     
        1642   6.1164082619598359        8.3999716327259364        7.7352663627377343     
        1643   6.1168316057227790        8.4008006287861043        7.7359225282893060     
        1644   6.1171865359608795        8.4014956991585397        7.7364727202761099     
        1645   6.1188571393804363        8.4047678103888028        7.7390613943272566     
        1646   6.1204561296261311        8.4079004596213487        7.7415393745400198     
        1647   6.1225390412132974        8.4119823573490873        7.7447675820463910     
        1648   6.1242566762158228        8.4153494228684380        7.7474300448717042     
        1649   6.1244474978993910        8.4157235450009882        7.7477261309556358     
        1650   6.1249314118862719        8.4166723497166540        7.7484765224599474     
        1651   6.1263170109525520        8.4193894766321584        7.7506246731183186     
        1652   6.1268830926120046        8.4204997193053401        7.7515025340667538     
        1653   6.1282626176976285        8.4232057625248338        7.7536415373331682     
        1654   6.1283464370290455        8.4233701993885717        7.7537718045212554     
        1655   6.1298987200652260        8.4264158611314350        7.7561788755285068     
        1656   6.1301348915505409        8.4268793071741150        7.7565453869219017     
        1657   6.1331455800753210        8.4327887733230593        7.7612144153840976     
        1658   6.1342695361435604        8.4349956230264258        7.7629578955762515     
        1659   6.1345849176661167        8.4356149339805810        7.7634473650972264     
        1660   6.1345880895831524        8.4356211627922875        7.7634526005879163     
        1661   6.1374956804669534        8.4413322132485966        7.7679630298775084     
        1662   6.1381736936930880        8.4426643328549087        7.7690151681731354     
        1663   6.1397152788403559        8.4456936750730183        7.7714071620396705     
        1664   6.1400398686532993        8.4463316144558149        7.7719110902566850     
        1665   6.1415405046531912        8.4492813440969794        7.7742398301567892     
        1666   6.1469196906360555        8.4598606804133620        7.7825884677059260     
        1667   6.1477754908639470        8.4615446231107256        7.7839172244409074     
        1668   6.1486390910431714        8.4632441436268824        7.7852581629544044     
        1669   6.1490445487397558        8.4640421431343160        7.7858879233716589     
        1670   6.1516359577756967        8.4691436153374831        7.7899116010098179     
        1671   6.1516864803007305        8.4692430951496114        7.7899903648832574     
        1672   6.1521451289940874        8.4701462193629737        7.7907028412465333     
        1673   6.1537514751412896        8.4733097868692351        7.7931975513825069     
        1674   6.1549824738853927        8.4757346803281202        7.7951095826131347     
        1675   6.1560062875198769        8.4777518067914297        7.7966999751231949     
        1676   6.1569089837731870        8.4795305768054945        7.7981023481813434     
        1677   6.1591024013014595        8.4838537782232866        7.8015097906941744     
        1678   6.1594301302397518        8.4844998567076271        7.8020192243389150     
        1679   6.1597903936037728        8.4852101114616278        7.8025792115146171     
        1680   6.1613725404770365        8.4883297722769004        7.8050375490336830     
        1681   6.1616896762612221        8.4889551910152079        7.8055305983830845     
        1682   6.1620515617072753        8.4896688981213071        7.8060931872266384     
        1683   6.1621814580658638        8.4899250884488282        7.8062953317395358     
        1684   6.1636199217721952        8.4927624743150858        7.8085307763934555     
        1685   6.1640697586216193        8.4936499147827025        7.8092301063823601     
        1686   6.1649645305610559        8.4954153128231624        7.8106208913891084     
        1687   6.1650353539401550        8.4955550590285984        7.8107312718056203     
        1688   6.1658602754080478        8.4971828801968901        7.8120135865298881     
        1689   6.1673202750541805        8.5000644236392713        7.8142830319994037     
        1690   6.1710999536185636        8.5075273126756148        7.8201587035719111     
        1691   6.1723693044871855        8.5100346167526428        7.8221324950318074     
        1692   6.1724632735513509        8.5102202505316846        7.8222789148229861     
        1693   6.1736255830048119        8.5125165947572103        7.8240864399107739     
        1694   6.1737095035521383        8.5126824107060060        7.8242172470612470     
        1695   6.1740895492239254        8.5134333584367532        7.8248085089074646     
        1696   6.1745860633666556        8.5144145089411349        7.8255808923908372     
        1697   6.1745965413738073        8.5144352151267420        7.8255975045450636     
        1698   6.1749032384048874        8.5150413117614807        7.8260747407651170     
        1699   6.1749128780770608        8.5150603622196641        7.8260900496418184     
        1700   6.1769596997366705        8.5191060631453386        7.8292734415096081     
        1701   6.1775515550457740        8.5202761549237920        7.8301942502169251     
        1702   6.1788007582648365        8.5227461762870789        7.8321375214497717     
        1703   6.1801862441618320        8.5254862372943183        7.8342929425954839     
        1704   6.1805911522848351        8.5262871332967691        7.8349231264364345     
        1705   6.1806363837907421        8.5263766030317605        7.8349938077677574     
        1706   6.1808088428539474        8.5267177398597820        7.8352624057062119     
        1707   6.1813927982996102        8.5278729162139406        7.8361711524658499     
        1708   6.1818355893464414        8.5287489133651757        7.8368603202681779     
        1709   6.1822736297901013        8.5296155725541709        7.8375421168681267     
        1710   6.1824206248103435        8.5299064143826051        7.8377711267223180     
        1711   6.1840032652494914        8.5330382283658892        7.8402338064610664     
        1712   6.1845887702435531        8.5341970559948290        7.8411451507534498     
        1713   6.1852786785656733        8.5355626558903701        7.8422189868243439     
        1714   6.1859114530344419        8.5368152966024358        7.8432039628697954     
        1715   6.1861357144453857        8.5372592747535876        7.8435532639925096     
        1716   6.1875001032859629        8.5399607428807265        7.8456768671271657     
        1717   6.1881324733363812        8.5412130235215784        7.8466613542503278     
        1718   6.1882760716287004        8.5414974082976762        7.8468851639887571     
        1719   6.1889016157676799        8.5427363232373992        7.8478590761582527     
        1720   6.1892134951386684        8.5433540585577479        7.8483448174768480     
        1721   6.1910147066225640        8.5469222915762018        7.8511488038423085     
        1722   6.1910504366166057        8.5469930836544314        7.8512047426232154     
        1723   6.1922643146375984        8.5493983865810250        7.8530947053253879     
        1724   6.1931678226566289        8.5511889909255068        7.8545016109894252     
        1725   6.1931846589989368        8.5512223602223632        7.8545281429927005     
        1726   6.1934520997270717        8.5517524343928866        7.8549448323626745     
        1727   6.1942315352672326        8.5532974232384831        7.8561586691527214     
        1728   6.1946732012152976        8.5541729735561169        7.8568466537143333     
        1729   6.1985012720349379        8.5617642399797287        7.8628080119501238     
        1730   6.1997862973354021        8.5643135468372975        7.8648096906516027     
        1731   6.2000633856074518        8.5648633185841181        7.8652415832270055     
        1732   6.2007284964478080        8.5661830658652907        7.8662778617170250     
        1733   6.2040675795043096        8.5728107534385867        7.8714797104605285     
        1734   6.2048755858206519        8.5744150792514677        7.8727388880158831     
        1735   6.2056072143389702        8.5758679318339137        7.8738791269313371     
        1736   6.2058009988522196        8.5762527733481093        7.8741813841695869     
        1737   6.2070871349252847        8.5788072434737064        7.8761857310950720     
        1738   6.2075350164088592        8.5796969296620613        7.8768839692118018     
        1739   6.2106620661431338        8.5859103669376893        7.8817576117713219     
        1740   6.2128179532480372        8.5901959067407194        7.8851183241461467     
        1741   6.2132921137125532        8.5911386548814939        7.8858577842847399     
        1742   6.2137093121644460        8.5919682072757961        7.8865084686188656     
        1743   6.2137303054385242        8.5920099515048456        7.8865415170032680     
        1744   6.2148470800450664        8.5942308111065113        7.8882828447940536     
        1745   6.2151372629586250        8.5948079442523948        7.8887355704779534     
        1746   6.2167435748994846        8.5980031556706038        7.8912403321207432     
        1747   6.2169888375696800        8.5984910942392645        7.8916230718982217     
        1748   6.2204359253460391        8.6053509293477841        7.8969987862705242     
        1749   6.2209962911767276        8.6064664343725497        7.8978730559477963     
        1750   6.2212641993721274        8.6069997871095314        7.8982912194742045     
        1751   6.2246133962194934        8.6136693031950049        7.9035156973717253     
        1752   6.2262688123399155        8.6169671766408218        7.9060985907598980     
        1753   6.2266317646109908        8.6176903562596472        7.9066651824402090     
        1754   6.2272029563804816        8.6188285362224306        7.9075566907209254     
        1755   6.2276101641848793        8.6196400183458532        7.9081923677453698     
        1756   6.2277220296033624        8.6198629525393553        7.9083672338878994     
        1757   6.2279138398959955        8.6202452164117922        7.9086668406044520     
        1758   6.2290599526574830        8.6225295788939409        7.9104555326065888     
        1759   6.2317330636818262        8.6278590845974250        7.9146274291659591     
        1760   6.2318724103599763        8.6281369688702316        7.9148452321395784     
        1761   6.2336804537490540        8.6317431178727055        7.9176675615507310     
        1762   6.2337409714688325        8.6318638386766331        7.9177623471316547     
        1763   6.2346922873144388        8.6337616776418713        7.9192476276477972     
        1764   6.2348726069524547        8.6341214409551483        7.9195294314463940     
        1765   6.2364153179801542        8.6371997920895858        7.9219380708710627     
        1766   6.2371434233355103        8.6386529289481224        7.9230751176009715     
        1767   6.2374979193227222        8.6393604854922348        7.9236289020823758     
        1768   6.2419636821297990        8.6482773602199998        7.9306025229519488     
        1769   6.2419874608174020        8.6483248566131188        7.9306399828689091     
        1770   6.2425718082408777        8.6494921095757444        7.9315529155180631     
        1771   6.2435444843312498        8.6514353034182374        7.9330723988564689     
        1772   6.2435862066063903        8.6515186621451203        7.9331378885034010     
        1773   6.2441771561248798        8.6526994052905675        7.9340612268328119     
        1774   6.2444398633793288        8.6532243417604935        7.9344718892580044     
        1775   6.2446356713350237        8.6536156157064870        7.9347780621887889     
        1776   6.2449288440455959        8.6542014720190910        7.9352363243625650     
        1777   6.2470052229727573        8.6583515518775780        7.9384802133217480     
        1778   6.2487471278240543        8.6618341780869361        7.9412019444965605     
        1779   6.2519038809161174        8.6681480130931075        7.9461348897864550     
        1780   6.2548518662644490        8.6740471720253804        7.9507425228524919     
        1781   6.2553022143377870        8.6749486004063971        7.9514467585246980     
        1782   6.2559410089090948        8.6762273396936216        7.9524455778263334     
        1783   6.2577450419354719        8.6798393604346202        7.9552659915423636     
        1784   6.2581798471123076        8.6807100800582280        7.9559460588357584     
        1785   6.2582520099465322        8.6808545956962693        7.9560592000298467     
        1786   6.2584601699343390        8.6812714730168938        7.9563849554000310     
        1787   6.2587227034946018        8.6817972628922000        7.9567957226992743     
        1788   6.2591545735788232        8.6826622401166276        7.9574712437708097     
        1789   6.2595654676672625        8.6834852608339208        7.9581139878483302     
        1790   6.2627723112494884        8.6899104299162335        7.9631286821581693     
        1791   6.2634433313533453        8.6912552906060974        7.9641783761071796     
        1792   6.2639249746036976        8.6922206907950770        7.9649319427520542     
        1793   6.2642005962282443        8.6927731771514161        7.9653633230963674     
        1794   6.2649004963506769        8.6941762438281796        7.9664582819565180     
        1795   6.2685495221437728        8.7014938774572137        7.9721664219696979     
        1796   6.2706180181971076        8.7056438731186336        7.9754028859198822     
        1797   6.2711483066056601        8.7067080055044226        7.9762329112088306     
        1798   6.2714675972771792        8.7073487713785838        7.9767328191989986     
        1799   6.2716787966866150        8.7077726332368464        7.9770636066613445     
        1800   6.2717461567590389        8.7079078230274938        7.9771693314842036     
        1801   6.2731253231439403        8.7106760930563105        7.9793277412638179     
        1802   6.2735087254713715        8.7114457691431113        7.9799280395204537     
        1803   6.2742160558434019        8.7128658517072175        7.9810352791008849     
        1804   6.2743667366388092        8.7131683891403249        7.9812714150698039     
        1805   6.2746251173702490        8.7136871839291246        7.9816761023841085     
        1806   6.2760690947282241        8.7165868984925581        7.9839363477680774     
        1807   6.2766225135659601        8.7176984215789357        7.9848028664345332     
        1808   6.2771528522032325        8.7187636816100369        7.9856332895917159     
        1809   6.2779475893933467        8.7203601934371200        7.9868776072623415     
        1810   6.2793431317761819        8.7231641293122060        7.9890625098149481     
        1811   6.2797428878529402        8.7239674385958068        7.9896886490924199     
        1812   6.2806397060497190        8.7257697813625015        7.9910929900463845     
        1813   6.2833395028581815        8.7311971540632705        7.9953204706304586     
        1814   6.2841458613752508        8.7328186251083579        7.9965834793947561     
        1815   6.2843660745460728        8.7332614787006495        7.9969286511821362     
        1816   6.2849373895610716        8.7344104790821646        7.9978236560749867     
        1817   6.2849520816460540        8.7344400284667341        7.9978469917256181     
        1818   6.2855282847594918        8.7355989692742053        7.9987496853797904     
        1819   6.2862526093810835        8.7370559853596657        7.9998843927860239     
        1820   6.2871026393344929        8.7387660807887322        8.0012160369996455     
        1821   6.2872590434494668        8.7390807610237662        8.0014613325898285     
        1822   6.2883147614306756        8.7412050401318844        8.0031152427008099     
        1823   6.2886537447725717        8.7418872072311125        8.0036465473683069     
        1824   6.2902997858272389        8.7452002151791515        8.0062253655636280     
        1825   6.2911736676610612        8.7469594452540775        8.0075947221529962     
        1826   6.2918206664437459        8.7482620917737481        8.0086086916926060     
        1827   6.2932256897719494        8.7510913880858432        8.0108103893615574     
        1828   6.2934298271098852        8.7515025128508181        8.0111305732693641     
        1829   6.2942193085792644        8.7530926255159756        8.0123679521458744     
        1830   6.2949259910649360        8.7545161424442544        8.0134756450288638     
        1831   6.2953257229994914        8.7553214205135994        8.0141023715430233     
        1832   6.2958612087202175        8.7564002620312511        8.0149418555843059     
        1833   6.2959307097454058        8.7565402923707580        8.0150511005561658     
        1834   6.2983302995163637        8.7613759368821924        8.0188121779874333     
        1835   6.2984178302377947        8.7615523638393356        8.0189496996320724     
        1836   6.2986696053987048        8.7620598558375313        8.0193446575795608     
        1837   6.2989805326526520        8.7626866065146505        8.0198323386113923     
        1838   6.3003307604756218        8.7654086887908029        8.0219491488439072     
        1839   6.3009864003816327        8.7667306838370394        8.0229772587243016     
        1840   6.3010054359452550        8.7667690681543817        8.0230074282364097     
        1841   6.3014488579893593        8.7676632411720341        8.0237028906887087     
        1842   6.3017215641269795        8.7682131925320856        8.0241307389520475     
        1843   6.3017487211301724        8.7682679598806921        8.0241736419787326     
        1844   6.3045548031340113        8.7739282606502922        8.0285734864006333     
        1845   6.3046893908578552        8.7741998093009457        8.0287848485836175     
        1846   6.3054972564950047        8.7758299097651804        8.0300519468803930     
        1847   6.3055667065397500        8.7759700550588491        8.0301611797654910     
        1848   6.3056986577340597        8.7762363275943276        8.0303684213233009     
        1849   6.3078200660804713        8.7805180284897748        8.0336955673608568     
        1850   6.3089553430160690        8.7828099939317941        8.0354764361790867     
        1851   6.3089931586714485        8.7828863456868405        8.0355360768573743     
        1852   6.3112911087110435        8.7875269005736776        8.0391408568161484     
        1853   6.3152733591946513        8.7955728683243919        8.0453888002464158     
        1854   6.3157751105954247        8.7965870031691491        8.0461764230911523     
        1855   6.3162146403711663        8.7974754439066700        8.0468664353964936     
        1856   6.3162893140070127        8.7976263912647017        8.0469839403951884     
        1857   6.3166052409000217        8.7982650348164757        8.0474800172213197     
        1858   6.3195881358472850        8.8042965407836320        8.0521615464637915     
        1859   6.3201634583322805        8.8054601955366998        8.0530648602459127     
        1860   6.3229622848714078        8.8111226844170147        8.0574584948551848     
        1861   6.3261101915982785        8.8174944866905225        8.0624010174074439     
        1862   6.3265410538628748        8.8183668647683362        8.0630778762053605     
        1863   6.3277608832365289        8.8208370153897544        8.0649936505097042     
        1864   6.3278309356395255        8.8209788861063672        8.0651039860144582     
        1865   6.3285724642944778        8.8224807349249801        8.0662687843036149     
        1866   6.3292235005980277        8.8237994545948588        8.0672915224759212     
        1867   6.3302718035843490        8.8259231581844730        8.0689382297511241     
        1868   6.3314633995828959        8.8283375900242422        8.0708101148627751     
        1869   6.3339926914368307        8.8334640297410267        8.0747834945535377     
        1870   6.3348845848400082        8.8352722458382829        8.0761849780358421     
        1871   6.3351029860638510        8.8357150702476375        8.0765284268682063     
        1872   6.3362994897391314        8.8381413471400450        8.0784086004886344     
        1873   6.3364256303762243        8.8383971632782998        8.0786071215096751     
        1874   6.3374370196950451        8.8404484735735167        8.0801965844979744     
        1875   6.3375711577402045        8.8407205590320981        8.0804076863297194     
        1876   6.3378945809936162        8.8413766147482722        8.0809162182431340     
        1877   6.3398506250356830        8.8453451335912501        8.0839903379483982     
        1878   6.3400122245983308        8.8456730511236774        8.0842446294253154     
        1879   6.3400710412614592        8.8457924039225748        8.0843373944233488     
        1880   6.3416339276152751        8.8489642842889111        8.0867940045754754     
        1881   6.3430121301198774        8.8517620164634963        8.0889605635522432     
        1882   6.3446277585436883        8.8550425174829233        8.0915005458522042     
        1883   6.3450085603253381        8.8558158532325013        8.0920995088108985     
        1884   6.3455500308065345        8.8569155588387183        8.0929510724477911     
        1885   6.3463275548216824        8.8584948492700395        8.0941737811156980     
        1886   6.3471283187267513        8.8601215526717194        8.0954330896050539     
        1887   6.3482690611996393        8.8624392676054562        8.0972270300248628     
        1888   6.3484358803161172        8.8627782400348885        8.0974896658256501     
        1889   6.3491274475453094        8.8641835860496592        8.0985774359124552     
        1890   6.3499780671838497        8.8659123619961697        8.0999153698669044     
        1891   6.3502145751358778        8.8663930767336474        8.1002876246621316     
        1892   6.3503623184243940        8.8666933820484495        8.1005202948341672     
        1893   6.3514200088115338        8.8688434707716191        8.1021839902288679     
        1894   6.3518185382866195        8.8696537033429141        8.1028110941331999     
        1895   6.3540007081966206        8.8740911073600248        8.1062436294941111     
        1896   6.3541749590469427        8.8744455113150256        8.1065180515640503     
        1897   6.3545114387088120        8.8751298963715524        8.1070476613119151     
        1898   6.3545262196740131        8.8751599610736651        8.1070712447003057     
        1899   6.3557023293391222        8.8775524173658802        8.1089216694108490     
        1900   6.3568666047057691        8.8799212512925134        8.1107536148747581     
        1901   6.3570596227300875        8.8803140090266819        8.1110576128452383     
        1902   6.3575909903231045        8.8813953123830611        8.1118939373170118     
        1903   6.3600281697292180        8.8863560350097561        8.1157290053223345     
        1904   6.3639852249413131        8.8944145629812521        8.1219567636753158     
        1905   6.3652631920974070        8.8970182485062228        8.1239686369248663     
        1906   6.3680648136831994        8.9027280725946607        8.1283793389919179     
        1907   6.3691515935454301        8.9049436785205565        8.1300907155168520     
        1908   6.3698570053340466        8.9063820038360539        8.1312017239721062     
        1909   6.3699391183034981        8.9065494418500819        8.1313313486271230     
        1910   6.3703181281516095        8.9073223166302622        8.1319284594288224     
        1911   6.3703227974948380        8.9073318386270746        8.1319361458794237     
        1912   6.3707442745916820        8.9081913691622727        8.1326001414199514     
        1913   6.3708097892037401        8.9083249803289704        8.1327036370783308     
        1914   6.3713904716639371        8.9095092924802088        8.1336183518130145     
        1915   6.3716692853581645        8.9100779778173909        8.1340577363509166     
        1916   6.3717411476717443        8.9102245567484992        8.1341712340824426     
        1917   6.3733749807939759        8.9135575811799423        8.1367445479535778     
        1918   6.3744238531739832        8.9156977524519530        8.1383968001737710     
        1919   6.3744617808994049        8.9157751489307699        8.1384568708672962     
        1920   6.3748508968132498        8.9165692184688456        8.1390700716661240     
        1921   6.3763829214233381        8.9196961141898008        8.1414835271604620     
        1922   6.3765019476777001        8.9199390821261755        8.1416713521779496     
        1923   6.3775902091545538        8.9221607660313662        8.1433859842961933     
        1924   6.3793391173116287        8.9257319863870990        8.1461415575763940     
        1925   6.3804019347723999        8.9279027277153684        8.1478164103845625     
        1926   6.3805453446775804        8.9281956627674504        8.1480427029531253     
        1927   6.3844584594260452        8.9361914045069319        8.1542093648999430     
        1928   6.3861894198534905        8.9397299410980704        8.1569378562655981     
        1929   6.3873327310525250        8.9420677181541048        8.1587403224833093     
        1930   6.3883170669531744        8.9440807819642814        8.1602923110493304     
        1931   6.3888010903192525        8.9450707763069612        8.1610556701923276     
        1932   6.3889823088907658        8.9454414508196365        8.1613416882461873     
        1933   6.3892177672517390        8.9459230868244930        8.1617132176865947     
        1934   6.3893516748146109        8.9461970063937155        8.1619246575180160     
        1935   6.3902762000252356        8.9480883669458109        8.1633825487657372     
        1936   6.3905182629972970        8.9485836179785032        8.1637645218576029     
        1937   6.3905523277745955        8.9486533147075740        8.1638185647404047     
        1938   6.3915779177097347        8.9507518595729483        8.1654359181314558     
        1939   6.3930789711340559        8.9538239251365237        8.1678031114944307     
        1940   6.3943584295638196        8.9564430691411037        8.1698210732290075     
        1941   6.3943810753123032        8.9564894315701959        8.1698571217001561     
        1942   6.3965396333641502        8.9609094168374828        8.1732617463400228     
        1943   6.3979928236907471        8.9638859318589326        8.1755541906859452     
        1944   6.3980436267084020        8.9639900025902541        8.1756346621616363     
        1945   6.3980625396032655        8.9640287461557886        8.1756648312045019     
        1946   6.3981673721103540        8.9642435004978402        8.1758305281718489     
        1947   6.3992186038057621        8.9663972023015948        8.1774891165721133     
        1948   6.4002387360316328        8.9684875441674095        8.1790987537745377     
        1949   6.4007032076362478        8.9694394037122223        8.1798318481125651     
        1950   6.4009073022360603        8.9698576855583827        8.1801541744327881     
        1951   6.4013442340566433        8.9707532028987753        8.1808438503885927     
        1952   6.4020822989970503        8.9722660559267009        8.1820086622043409     
        1953   6.4027398583376707        8.9736140463666718        8.1830465032289919     
        1954   6.4077793568529655        8.9839497997367417        8.1909996587870726     
        1955   6.4089482723937738        8.9863484071907518        8.1928450230342360     
        1956   6.4100979206069439        8.9887079272409789        8.1946601096261258     
        1957   6.4103145238416017        8.9891525302059758        8.1950023756088317     
        1958   6.4107000295517436        8.9899438639810469        8.1956112817997973     
        1959   6.4109657860212517        8.9904894157356452        8.1960311576077149     
        1960   6.4130592322387256        8.9947877289958953        8.1993365778781868     
        1961   6.4135133372619082        8.9957203032755935        8.2000539037422673     
        1962   6.4141406398512313        8.9970086797601336        8.2010447261134747     
        1963   6.4143006129020641        8.9973372593825065        8.2012976608948787     
        1964   6.4144725785268450        8.9976904810080800        8.2015695348138760     
        1965   6.4147608943244228        8.9982827111486294        8.2020251340741712     
        1966   6.4153108484835384        8.9994124510593938        8.2028938934595228     
        1967   6.4153383026708584        8.9994688513288370        8.2029375843428856     
        1968   6.4164218379489650        9.0016950057849314        8.2046490031407782     
        1969   6.4169095086608445        9.0026970687048156        8.2054194920363859     
        1970   6.4182093678028176        9.0053684041314970        8.2074727415674698     
        1971   6.4185456996510188        9.0060596913706714        8.2080042874995751     
        1972   6.4188867835176868        9.0067607848244968        8.2085433504960097     
        1973   6.4196080975334695        9.0082435659287974        8.2096830066829565     
        1974   6.4198307740676688        9.0087013501679820        8.2100350737361563     
        1975   6.4206187622197932        9.0103214514558125        8.2112801195105245     
        1976   6.4209857412139337        9.0110760308443769        8.2118601597388956     
        1977   6.4224389706075531        9.0140645973850653        8.2141562394554324     
        1978   6.4226057725483061        9.0144076713275414        8.2144200969761076     
        1979   6.4238311738647305        9.0169283339641346        8.2163564506717517     
        1980   6.4248954395427305        9.0191179515081341        8.2180383483052761     
        1981   6.4249330868439491        9.0191954139958259        8.2180981723003885     
        1982   6.4257417970452053        9.0208595191531131        8.2193763669504474     
        1983   6.4259246859570283        9.0212358853996797        8.2196657003732216     
        1984   6.4263102086827795        9.0220292879585458        8.2202752399352317     
        1985   6.4263265178092048        9.0220628531151839        8.2203013504579499     
        1986   6.4269080223630253        9.0232596831322667        8.2212206087665880     
        1987   6.4280950674248141        9.0257031688043146        8.2230968751195537     
        1988   6.4289165792153380        9.0273944982951058        8.2243955598894321     
        1989   6.4301842390063637        9.0300048069440830        8.2263994858695941     
        1990   6.4305391773006990        9.0307357777799169        8.2269608479632002     
        1991   6.4306364540074918        9.0309361198837674        8.2271149467889604     
        1992   6.4326940037531930        9.0351744113473131        8.2303677634689958     
        1993   6.4340072814318550        9.0378803482972128        8.2324442927442991     
        1994   6.4345840221304851        9.0390688761504538        8.2333564691095855     
        1995   6.4345898786305042        9.0390809456085304        8.2333660677646154     
        1996   6.4351806650511403        9.0402985367703881        8.2343004857745985     
        1997   6.4361876178207371        9.0423741063224821        8.2358929757695218     
        1998   6.4367512869195282        9.0435361130968275        8.2367846091869534     
        1999   6.4384886262002627        9.0471183267632025        8.2395322936542765     
        2000   6.4395822705012176        9.0493738346708810        8.2412622256434691     
        2001   6.4401502562431983        9.0505453965406168        8.2421608790984155     
        2002   6.4413037746017299        9.0529250515288151        8.2439856980742778     
        2003   6.4421367477227207        9.0546437182510839        8.2453036053118129     
        2004   6.4423337273526347        9.0550501792828619        8.2456155307955203     
        2005   6.4428930511737148        9.0562043977687452        8.2465006396087528     
        2006   6.4453940684107174        9.0613667914734144        8.2504576101971541     
        2007   6.4463091393515892        9.0632561383744239        8.2519057576654671     
        2008   6.4466379689604629        9.0639351425963213        8.2524263862187173     
        2009   6.4467288526370288        9.0641228159012481        8.2525705284196160     
        2010   6.4468084243897446        9.0642871325820256        8.2526967728598155     
        2011   6.4471595152398189        9.0650121654418108        8.2532526422032557     
        2012   6.4480140060372229        9.0667769383197605        8.2546050903884041     
        2013   6.4488876324784217        9.0685814895094978        8.2559878940109801     
        2014   6.4491198015320768        9.0690610986459426        8.2563556414220951     
        2015   6.4497236329969718        9.0703085650507926        8.2573115692175190     
        2016   6.4510796347441737        9.0731104075006854        8.2594579703003692     
        2017   6.4522357877217882        9.0754998079726903        8.2612882293090433     
        2018   6.4535548406397734        9.0782264287281702        8.2633764850637608     
        2019   6.4536103657339670        9.0783412179686938        8.2634647197623234     
        2020   6.4545268440576535        9.0802360424458559        8.2649158527738660     
        2021   6.4555296956068577        9.0823097732512537        8.2665038122323669     
        2022   6.4557752550978753        9.0828176020205884        8.2668929148785057     
        2023   6.4575947681692432        9.0865810849872304        8.2697740383324732     
        2024   6.4576588266785642        9.0867136043336121        8.2698758074814958     
        2025   6.4578391038220921        9.0870865554452873        8.2701615954851331     
        2026   6.4580827302228769        9.0875905789869513        8.2705476945440903     
        2027   6.4603565254493445        9.0922956730701756        8.2741486503611252     
        2028   6.4608983841212169        9.0934171858085087        8.2750071159702525     
        2029   6.4612702761094365        9.0941869680007361        8.2755964279184813     
        2030   6.4626788854754258        9.0971030896648681        8.2778277301440770     
        2031   6.4630167703295749        9.0978026845162994        8.2783632446608362     
        2032   6.4640062124902000        9.0998515622242433        8.2799308215673282     
        2033   6.4645015158787853        9.1008773330358821        8.2807157402438687     
        2034   6.4648157396600636        9.1015281325400981        8.2812138356384590     
        2035   6.4650740093127812        9.1020630689267641        8.2816233030210231     
        2036   6.4653076260839741        9.1025469631945253        8.2819937235120502     
        2037   6.4653854088930149        9.1027080801654598        8.2821172843404351     
        2038   6.4656176840757809        9.1031892203526290        8.2824855868862652     
        2039   6.4680298211269820        9.1081868719349597        8.2863074586025878     
        2040   6.4699299698721697        9.1121251541045307        8.2893186040171773     
        2041   6.4707488545533405        9.1138227717624112        8.2906165886700425     
        2042   6.4709308991876160        9.1142001971131315        8.2909054163417562     
        2043   6.4719057146752368        9.1162214342713597        8.2924506022097351     
        2044   6.4720508736165581        9.1165224429291936        8.2926809939857851     
        2045   6.4723988294339243        9.1172440105900243        8.2932327892257707     
        2046   6.4728498361711084        9.1181793403908191        8.2939479214841239     
        2047   6.4737517719613562        9.1200500488436429        8.2953777821182602     
        2048   6.4741284529155037        9.1208314071280210        8.2959751672299245     
        2049   6.4774810890610155        9.1277880129982645        8.3012900981315507     
        2050   6.4774988501983497        9.1278248770649455        8.3013185987209344     
        2051   6.4800904586620094        9.1332050465920620        8.3054279317702910     
        2052   6.4804124284346951        9.1338736163877847        8.3059388043814213     
        2053   6.4804630696029220        9.1339787759593971        8.3060194471514617     
        2054   6.4828785213927622        9.1389956412762512        8.3098501843623414     
        2055   6.4836607698321185        9.1406207939246649        8.3110911336208222     
        2056   6.4840240944952345        9.1413756874143584        8.3116677121600357     
        2057   6.4855992185233093        9.1446489099411821        8.3141663665570409     
        2058   6.4862900021663172        9.1460846791151429        8.3152624437448264     
        2059   6.4895319004862388        9.1528250531640634        8.3204057889279017     
        2060   6.4928080286525329        9.1596402903837646        8.3256045131342749     
        2061   6.4931516681738479        9.1603553693755853        8.3261501880717557     
        2062   6.4944414439983920        9.1630396270151575        8.3281974190275303     
        2063   6.4962257843484590        9.1667541138105175        8.3310298053470131     
        2064   6.4964252626482493        9.1671694392411442        8.3313467744135838     
        2065   6.4968512529004983        9.1680564219443674        8.3320232913922734     
        2066   6.4979121410322396        9.1702656414367585        8.3337076590345998     
        2067   6.5003142202604494        9.1752692335608188        8.3375214143527518     
        2068   6.5005587406908676        9.1757786881730894        8.3379099788802105     
        2069   6.5007615581843794        9.1762012711023608        8.3382323371148050     
        2070   6.5018059005459374        9.1783774499125048        8.3398908516420516     
        2071   6.5020245623183683        9.1788331407196413        8.3402383936422826     
        2072   6.5022239981189616        9.1792487791162518        8.3405554123225354     
        2073   6.5027488939109928        9.1803427653468006        8.3413892316877298     
        2074   6.5033068274399799        9.1815057137124612        8.3422755417211700     
        2075   6.5044834377433736        9.1839585774979131        8.3441443767044330     
        2076   6.5051824762124122        9.1854160816171930        8.3452548803893070     
        2077   6.5064196381258110        9.1879959965891054        8.3472201109555630     
        2078   6.5071848223727793        9.1895919397292207        8.3484358143605046     
        2079   6.5094153465119513        9.1942453021768831        8.3519792852512520     
        2080   6.5097929563275141        9.1950332505363530        8.3525795028789833     
        2081   6.5104371377809631        9.1963775614944971        8.3536032304592194     
        2082   6.5107672221803599        9.1970664546048315        8.3541279823435399     
        2083   6.5110839399705887        9.1977274870124557        8.3546315089974161     
        2084   6.5145762211451128        9.2050186638865412        8.3601808419141772     
        2085   6.5152472784477133        9.2064201830850116        8.3612475909927984     
        2086   6.5159648929539085        9.2079191120071968        8.3623883762661766     
        2087   6.5188237335356698        9.2138923465730329        8.3669325334294218     
        2088   6.5196311920527812        9.2155799598655523        8.3682163948707622     
        2089   6.5222532200498353        9.2210616512655950        8.3723851032813545     
        2090   6.5222949600715214        9.2211489336646579        8.3724518112453641     
        2091   6.5237653186094180        9.2242239836977902        8.3747899660078726     
        2092   6.5247520766583511        9.2262880749484957        8.3763593386774939     
        2093   6.5249663374311062        9.2267363086700360        8.3767003903387920     
        2094   6.5256522136336015        9.2281712703654115        8.3777914089953125     
        2095   6.5261616089560528        9.2292371127090931        8.3786018206346160     
        2096   6.5266518258318680        9.2302629125102502        8.3793817585494121     
        2097   6.5269891614707021        9.2309688506758594        8.3799185837360017     
        2098   6.5319119899229188        9.2412753322509378        8.3877492108697691     
        2099   6.5322769439110600        9.2420397419280516        8.3883301532775167     
        2100   6.5327531125488960        9.2430371651069336        8.3890880442921389     
        2101   6.5337473986047625        9.2451201375718899        8.3906702900332011     
        2102   6.5338183729500727        9.2452688380428434        8.3907835604707852     
        2103   6.5348025926083428        9.2473310884196973        8.3923498961068734     
        2104   6.5355904473509838        9.2489821376267916        8.3936038667550843     
        2105   6.5366273783718656        9.2511554901053650        8.3952542596324715     
        2106   6.5383491204353232        9.2547650050741499        8.3979946170607978     
        2107   6.5384121363251779        9.2548971333692975        8.3980952548676999     
        2108   6.5384561401630457        9.2549893990546277        8.3981656350982536     
        2109   6.5391919254721564        9.2565322684818536        8.3993370233333788     
        2110   6.5400025987082566        9.2582323910514095        8.4006276629491996     
        2111   6.5422300396061326        9.2629049123416003        8.4041736143628025     
        2112   6.5423921927457531        9.2632451305428471        8.4044320944865110     
        2113   6.5426573351057797        9.2638014533621966        8.4048545293135408     
        2114   6.5428302826930764        9.2641643460629552        8.4051302007587498     
        2115   6.5430892161752938        9.2647076810603082        8.4055427629290644     
        2116   6.5444056868105882        9.2674704723405732        8.4076389969064405     
        2117   6.5447491193706400        9.2681913123526023        8.4081861352671350     
        2118   6.5447879205185204        9.2682727557588294        8.4082482606769826     
        2119   6.5448839078948140        9.2684742350391556        8.4084014359317312     
        2120   6.5465080699532532        9.2718838737340832        8.4109878495478387     
        2121   6.5467071013567582        9.2723017686601601        8.4113051230368594     
        2122   6.5474242275129049        9.2738075935587769        8.4124474117040524     
        2123   6.5479939361900978        9.2750039998489235        8.4133549921668216     
        2124   6.5510706378116428        9.2814671506523378        8.4182553981794239     
        2125   6.5515863677326971        9.2825508588149983        8.4190772089829462     
        2126   6.5518421063970322        9.2830882797381662        8.4194849118867889     
        2127   6.5534732499883592        9.2865165832414842        8.4220835890697412     
        2128   6.5547833182524613        9.2892707383505364        8.4241710043263485     
        2129   6.5571222276203942        9.2941893343237520        8.4278978948376047     
        2130   6.5578344780559990        9.2956875417792322        8.4290331692761580     
        2131   6.5580120090834058        9.2960610034289157        8.4293164106844447     
        2132   6.5581701344910108        9.2963936520053760        8.4295687323082458     
        2133   6.5581855037415346        9.2964259847849462        8.4295935724636681     
        2134   6.5582381786617177        9.2965367993189627        8.4296778596310649     
        2135   6.5583703502411979        9.2968148587781396        8.4298888267606582     
        2136   6.5601491630026363        9.3005576851304887        8.4327239201780397     
        2137   6.5608479607154342        9.3020283424399235        8.4338379720593348     
        2138   6.5627369361100794        9.3060046588357164        8.4368491058598121     
        2139   6.5646808930700313        9.3100980331777752        8.4399482497026792     
        2140   6.5665207775208438        9.3139734980078863        8.4428818469689855     
        2141   6.5680298595182620        9.3171530698935676        8.4452883157390470     
        2142   6.5708892708410342        9.3231799475002415        8.4498484152529780     
        2143   6.5716997294065553        9.3248887069982498        8.4511413104098576     
        2144   6.5717907212931967        9.3250805676044646        8.4512867815434038     
        2145   6.5723340308689231        9.3262262222931440        8.4521536612810362     
        2146   6.5725929673104027        9.3267722679291865        8.4525670022117492     
        2147   6.5727228068793950        9.3270460828265449        8.4527744426818483     
        2148   6.5728222214891616        9.3272557394652154        8.4529333574343521     
        2149   6.5738594642175503        9.3294434026111368        8.4545881498946738     
        2150   6.5750778569481989        9.3320136208644353        8.4565320225386973     
        2151   6.5764172966478753        9.3348397995458701        8.4586691567747732     
        2152   6.5773415002607569        9.3367902148210078        8.4601439782827779     
        2153   6.5799127168976872        9.3422180452005268        8.4642468922437200     
        2154   6.5799727567568018        9.3423448173223047        8.4643430491028742     
        2155   6.5800312895633937        9.3424684085916088        8.4644368015065279     
        2156   6.5804577421082850        9.3433688945483784        8.4651176582273298     
        2157   6.5817130829450337        9.3460200157795263        8.4671213088144892     
        2158   6.5826062285780385        9.3479065688980256        8.4685470576710262     
        2159   6.5832661485126680        9.3493006723333014        8.4696006465453753     
        2160   6.5841154584393884        9.3510950974530047        8.4709565682809060     
        2161   6.5842782884122828        9.3514391546447531        8.4712168182875924     
        2162   6.5851290248265730        9.3532369014210843        8.4725751040274826     
        2163   6.5862298786310847        9.3555635714318370        8.4743327325825444     
        2164   6.5863031542097392        9.3557184557723225        8.4744500571154102     
        2165   6.5869553379187611        9.3570970766143624        8.4754915427335664     
        2166   6.5887415374573424        9.3608736194872382        8.4783435707772004     
        2167   6.5887956216857049        9.3609879870004704        8.4784302731777519     
        2168   6.5896825263585193        9.3628636013745901        8.4798466972994877     
        2169   6.5922062304202242        9.3682022379494416        8.4838769452392615     
        2170   6.5929807108034133        9.3698410289339602        8.4851141305469771     
        2171   6.5936163932942478        9.3711862858450932        8.4861297031201897     
        2172   6.5937338612541403        9.3714348921262776        8.4863176625385197     
        2173   6.5953568690543296        9.3748702918335240        8.4889102537484700     
        2174   6.5954808580692355        9.3751327766079520        8.4891086499115946     
        2175   6.5958274272364799        9.3758664928549855        8.4896625750577659     
        2176   6.5974847404719146        9.3793757607133106        8.4923103122640686     
        2177   6.5975599881276130        9.3795351167889773        8.4924308714714503     
        2178   6.5980788947983893        9.3806340891369899        8.4932601841491735     
        2179   6.5982040458509967        9.3808991561681125        8.4934604710878023     
        2180   6.5987782909274957        9.3821154660114630        8.4943782266894363     
        2181   6.5996515057652916        9.3839652512572371        8.4957736747673085     
        2182   6.6006129296713851        9.3860022119139419        8.4973101397359212     
        2183   6.6006777902423517        9.3861396434070947        8.4974141264938030     
        2184   6.6012263985309847        9.3873021366689020        8.4982910620125214     
        2185   6.6013762677939738        9.3876197263351013        8.4985308855903359     
        2186   6.6023954192508683        9.3897796358563816        8.5001597655594292     
        2187   6.6029714231428800        9.3910005383430448        8.5010805756292083     
        2188   6.6032369017652517        9.3915632891171086        8.5015051759861020     
        2189   6.6036691100036027        9.3924795207441889        8.5021962335489025     
        2190   6.6041206467013689        9.3934367982124645        8.5029181998230161     
        2191   6.6043532261641280        9.3939299054117757        8.5032902524975373     
        2192   6.6055336728112533        9.3964329488758072        8.5051772354603958     
        2193   6.6067658040995960        9.3990461202478404        8.5071469730255114     
        2194   6.6070372319309225        9.3996218526605180        8.5075811850910394     
        2195   6.6073842054340899        9.4003578655187940        8.5081361626698904     
        2196   6.6076262053040642        9.4008712301300008        8.5085233509726539     
        2197   6.6079508383580645        9.4015599211400485        8.5090426371941863     
        2198   6.6082804022336994        9.4022591114292240        8.5095698163796865     
        2199   6.6083762321877764        9.4024624279852809        8.5097233611121634     
        2200   6.6086944825921687        9.4031376641442765        8.5102324686511981     
        2201   6.6094606118054813        9.4047633204004057        8.5114575962217724     
        2202   6.6096590971759763        9.4051845227227986        8.5117752683350982     
        2203   6.6111927571074913        9.4084395541621149        8.5142276200774010     
        2204   6.6112558485310773        9.4085734772075149        8.5143288484864872     
        2205   6.6118365694589647        9.4098062306059358        8.5152577179264899     
        2206   6.6122372182636910        9.4106567980848830        8.5158986895899940     
        2207   6.6128264786791942        9.4119078885070220        8.5168412716953039     
        2208   6.6132380196914511        9.4127817275942913        8.5174997010121469     
        2209   6.6136955207636907        9.4137532269537694        8.5182316430380656     
        2210   6.6145522312190339        9.4155726469035113        8.5196020164417821     
        2211   6.6169241238191612        9.4206112835332920        8.5233958007268011     
        2212   6.6169613276621497        9.4206903322326330        8.5234556602642098     
        2213   6.6177965901486813        9.4224651840824709        8.5247920102592527     
        2214   6.6190379814365290        9.4251034859681084        8.5267780907362631     
        2215   6.6207515198993061        9.4287461470241727        8.5295196729919258     
        2216   6.6211433870957181        9.4295793322687196        8.5301469573732778     
        2217   6.6212250320895807        9.4297529322647051        8.5302779336266727     
        2218   6.6234316720370243        9.4344457767488095        8.5338088972667823     
        2219   6.6244356633168087        9.4365815407109341        8.5354157942621622     
        2220   6.6245833295610224        9.4368956979723801        8.5356524464032812     
        2221   6.6249507404056791        9.4376773921573278        8.5362407465659214     
        2222   6.6255694728790635        9.4389939024828742        8.5372312526364613     
        2223   6.6277675601486141        9.4436720124404729        8.5407494980985046     
        2224   6.6293586671664322        9.4470594008647311        8.5432966178000758     
        2225   6.6294486177085936        9.4472509285529203        8.5434409574217174     
        2226   6.6301546643437650        9.4487543841753361        8.5445715164491087     
        2227   6.6311326528136796        9.4508372114705992        8.5461374697780368     
        2228   6.6318916838196547        9.4524539631143618        8.5473529751214610     
        2229   6.6319915747177021        9.4526667483518629        8.5475132522428527     
        2230   6.6325169823978172        9.4537860190482572        8.5483547841674774     
        2231   6.6332677948433654        9.4553856412073625        8.5495572372882886     
        2232   6.6333500179997280        9.4555608318577953        8.5496892404429392     
        2233   6.6353838417663047        9.4598950267162714        8.5529461791113963     
        2234   6.6374529261760031        9.4643059066918518        8.5562600074669160     
        2235   6.6381036791886023        9.4656935056057083        8.5573025814806680     
        2236   6.6381944306319234        9.4658870269052855        8.5574482841885828     
        2237   6.6382565410256795        9.4660194748355888        8.5575481160197189     
        2238   6.6388151054949054        9.4672106542889356        8.5584430877131883     
        2239   6.6401516202342679        9.4700613302490613        8.5605841795819035     
        2240   6.6403739648003510        9.4705356359913786        8.5609406889682891     
        2241   6.6413336552101558        9.4725830554372283        8.5624783432191567     
        2242   6.6438586060787062        9.4779714299201139        8.5665237854440246     
        2243   6.6439559788503546        9.4781792749245497        8.5666801500955270     
        2244   6.6440824392463282        9.4784492134653480        8.5668831197528998     
        2245   6.6443139562939866        9.4789434178664624        8.5672544143076603     
        2246   6.6446784064838171        9.4797214256007152        8.5678387064107842     
        2247   6.6456606481594473        9.4818185009507179        8.5694129145657154     
        2248   6.6464615787667150        9.4835287395689303        8.5706966792741799     
        2249   6.6479898226445444        9.4867926699922798        8.5731460686099776     
        2250   6.6482487035458622        9.4873456565158136        8.5735613088907119     
        2251   6.6489972465266618        9.4889447308867183        8.5747613223149894     
        2252   6.6512943761381891        9.4938532497758015        8.5784435419268323     
        2253   6.6529132676904057        9.4973136641540989        8.5810389958427127     
        2254   6.6529802081808658        9.4974567714719207        8.5811466645901522     
        2255   6.6557927668032661        9.5034710217278544        8.5856562277481583     
        2256   6.6560220602651459        9.5039614602618947        8.5860242325936067     
        2257   6.6560624916054634        9.5040479413360170        8.5860894176138114     
        2258   6.6565288648750904        9.5050455389905224        8.5868375731927120     
        2259   6.6578749267296145        9.5079252847095095        8.5889963744721296     
        2260   6.6581243665181491        9.5084590055395584        8.5893967348788305     
        2261   6.6590497977831085        9.5104393295988476        8.5908811744329565     
        2262   6.6590961402248317        9.5105385057234102        8.5909558518395546     
        2263   6.6617525166136060        9.5162246559598653        8.5952166431894010     
        2264   6.6635444748240813        9.5200619231210037        8.5980914399764483     
        2265   6.6640355513126268        9.5211137111765272        8.5988795790732606     
        2266   6.6644310319994879        9.5219608163999787        8.5995143818822068     
        2267   6.6653526528189868        9.5239351174176203        8.6009933001191232     
        2268   6.6667592544021081        9.5269489480758036        8.6032504412209132     
        2269   6.6681301395059798        9.5298869508120134        8.6054504710674582     
        2270   6.6693559873881707        9.5325147030031534        8.6074179409478244     
        2271   6.6701268942812799        9.5341675175110723        8.6086554474788759     
        2272   6.6715102209293802        9.5371339001689091        8.6108759139201130     
        2273   6.6716480068063619        9.5374294044662040        8.6110974161835703     
        2274   6.6732772226121844        9.5409240533783919        8.6137127830914739     
        2275   6.6767001404878137        9.5482693564587731        8.6192080474173469     
        2276   6.6767372326322940        9.5483489768255687        8.6192679577675069     
        2277   6.6774139096247263        9.5498015909375074        8.6203547482351919     
        2278   6.6774550379317823        9.5498898860065324        8.6204211417023995     
        2279   6.6793550078330428        9.5539694592954572        8.6234722335199034     
        2280   6.6794817301821663        9.5542416020852841        8.6236760803732491     
        2281   6.6813777611111611        9.5583141341070856        8.6267212369095940     
        2282   6.6816513225133702        9.5589018329962645        8.6271609328659178     
        2283   6.6820625140904895        9.5597852582596232        8.6278216757658317     
        2284   6.6830039334710589        9.5618080875138904        8.6293340420619504     
        2285   6.6838089952564967        9.5635381846942984        8.6306274767516928     
        2286   6.6839794293434984        9.5639044823702211        8.6309015926396757     
        2287   6.6847847343602469        9.5656353925862128        8.6321954977783530     
        2288   6.6857279296842274        9.5676629869129499        8.6337109771250393     
        2289   6.6864788954396666        9.5692775790498352        8.6349177294126225     
        2290   6.6867134488260795        9.5697819164985987        8.6352949002074819     
        2291   6.6870178809827152        9.5704365378511440        8.6357843399466692     
        2292   6.6872556308662432        9.5709477959598122        8.6361666590175776     
        2293   6.6880761502350756        9.5727124040622602        8.6374852762594951     
        2294   6.6881458617098071        9.5728623369692087        8.6375976385315614     
        2295   6.6883457941733981        9.5732923544229518        8.6379192242415375     
        2296   6.6885077684153904        9.5736407416662619        8.6381798265141523     
        2297   6.6887117064894985        9.5740794019086248        8.6385078554929340     
        2298   6.6897401686327838        9.5762918053432990        8.6401607193617647     
        2299   6.6907518563366368        9.5784685061178578        8.6417867352927704     
        2300   6.6913453506472491        9.5797456176293370        8.6427408149533331     
        2301   6.6920341183058500        9.5812279068197075        8.6438480396164667     
        2302   6.6920521795532437        9.5812667785937915        8.6438774251274690     
        2303   6.6921103676625631        9.5813920130163162        8.6439712970492035     
        2304   6.6922896303914712        9.5817778362287971        8.6442597455102952     
        2305   6.6938457016287760        9.5851274344267541        8.6467609636465301     
        2306   6.6942694033941539        9.5860396501403926        8.6474423236292726     
        2307   6.6945896952902979        9.5867292720532884        8.6479574889745354     
        2308   6.6954068783738290        9.5884889249875016        8.6492713546357880     
        2309   6.6963867129106136        9.5905991444291363        8.6508467487245522     
        2310   6.6965790323981071        9.5910133748826940        8.6511562642757465     
        2311   6.6967291411225958        9.5913366985369919        8.6513979283060021     
        2312   6.6973972147011640        9.5927757835696124        8.6524722618340650     
        2313   6.6997112763998894        9.5977617426038542        8.6561929817951917     
        2314   6.6999517609830992        9.5982800132752377        8.6565800051123052     
        2315   6.7005875404661852        9.5996502913507200        8.6576026308135798     
        2316   6.7008872161857527        9.6002962262985001        8.6580848521012062     
        2317   6.7019077341336590        9.6024961484344971        8.6597262127430792     
        2318   6.7028801752698604        9.6045927920874021        8.6612903639516166     
        2319   6.7034655733750199        9.6058551164543253        8.6622321545242915     
        2320   6.7035672214685187        9.6060743185125101        8.6623959881966410     
        2321   6.7044686380815488        9.6080183734211975        8.6638460730130031     
        2322   6.7046193192183212        9.6083433718603413        8.6640887784975451     
        2323   6.7046572180114872        9.6084251156624152        8.6641500935598526     
        2324   6.7050392894230120        9.6092492342931930        8.6647649619132405     
        2325   6.7051677821844438        9.6095264022264519        8.6649719886027246     
        2326   6.7061179705585001        9.6115762162337148        8.6665006686055523     
        2327   6.7067596610555311        9.6129607068360468        8.6675332008806283     
        2328   6.7079203974378920        9.6154654636361698        8.6694007343135606     
        2329   6.7080154843228517        9.6156706741769824        8.6695540594382638     
        2330   6.7081288452082113        9.6159153269196747        8.6697367826771146     
        2331   6.7088105760343248        9.6173867230256835        8.6708338612729836     
        2332   6.7089952491252394        9.6177853372333217        8.6711313189820469     
        2333   6.7093224758940071        9.6184916827205580        8.6716581211068213     
        2334   6.7110300207351683        9.6221782042852428        8.6744057479654710     
        2335   6.7117220584703086        9.6236725959635692        8.6755196119338382     
        2336   6.7136418832553844        9.6278192160889073        8.6786092640083705     
        2337   6.7160647831720768        9.6330543899505319        8.6825089747013688     
        2338   6.7172164506522254        9.6355435735239787        8.6843630078021636     
        2339   6.7182666976479375        9.6378139817580539        8.6860539166256725     
        2340   6.7189477799675661        9.6392865557788365        8.6871506536260252     
        2341   6.7197245905906122        9.6409663165920652        8.6884015471691409     
        2342   6.7200771921704243        9.6417288501666043        8.6889695575105943     
        2343   6.7213572462615199        9.6444974767237621        8.6910307659404200     
        2344   6.7215388922975112        9.6448904082779414        8.6913235861724889     
        2345   6.7216006575201188        9.6450240198700943        8.6914233940182282     
        2346   6.7219003668473114        9.6456723765222669        8.6919063103638567     
        2347   6.7224354244109383        9.6468299420685444        8.6927681772395555     
        2348   6.7227362062017839        9.6474807128404585        8.6932528459166729     
        2349   6.7244315795821015        9.6511494524987178        8.6959831989073297     
        2350   6.7259703505986366        9.6544802415363158        8.6984616343012799     
        2351   6.7266794315449401        9.6560154009351251        8.6996039985324369     
        2352   6.7274035415413769        9.6575832928072867        8.7007706203677717     
        2353   6.7282387104506238        9.6593919011923877        8.7021161810080709     
        2354   6.7282786993105930        9.6594785060332917        8.7021809554368534     
        2355   6.7297840542531073        9.6627391261520739        8.7046061627198430     
        2356   6.7304713724271448        9.6642281499180775        8.7057137429627875     
        2357   6.7311663553023013        9.6657339590647187        8.7068337192994303     
        2358   6.7339384150751922        9.6717419454806013        8.7113003418107500     
        2359   6.7342466994512220        9.6724102799342795        8.7117974520278931     
        2360   6.7344071119141686        9.6727580547216849        8.7120562961865051     
        2361   6.7346065081441893        9.6731903599431650        8.7123779605042859     
        2362   6.7348643559088925        9.6737494144214420        8.7127938177886062     
        2363   6.7355598854269836        9.6752575564279866        8.7139149855121918     
        2364   6.7372393127693577        9.6788998702456688        8.7166218482749169     
        2365   6.7382263210366524        9.6810409724640962        8.7182129694563830     
        2366   6.7389440535140039        9.6825981690964475        8.7193701621165953     
        2367   6.7390895316513673        9.6829138229708178        8.7196050115492429     
        2368   6.7398074233826799        9.6844715985385470        8.7207625239418984     
        2369   6.7401784041653281        9.6852766773507781        8.7213608814042249     
        2370   6.7415074610852699        9.6881613375439333        8.7235037013053525     
        2371   6.7415703387440331        9.6882978272588627        8.7236054294142260     
        2372   6.7422540661800401        9.6897821034694669        8.7247080447544985     
        2373   6.7428427086345586        9.6910601047433627        8.7256574097270150     
        2374   6.7432693327934388        9.6919864298679475        8.7263455932183458     
        2375   6.7447353469801996        9.6951700963730012        8.7287096607985557     
        2376   6.7451545649955769        9.6960806393681924        8.7293859844468624     
        2377   6.7452114066670017        9.6962041047837655        8.7294780033936181     
        2378   6.7458214070045557        9.6975291592223307        8.7304619854622505     
        2379   6.7467926097091642        9.6996391142609326        8.7320284797490242     
        2380   6.7468620696668742        9.6997900308942224        8.7321408568345316     
        2381   6.7479516804744986        9.7021576822269626        8.7338984140535363     
        2382   6.7481631225193670        9.7026171835948212        8.7342397808607704     
        2383   6.7500831402167636        9.7067904986142661        8.7373368529612332     
        2384   6.7506491249473868        9.7080209785223754        8.7382501397778771     
        2385   6.7514411539602559        9.7097430936992755        8.7395280861857341     
        2386   6.7520079102924599        9.7109755422852722        8.7404426959419954     
        2387   6.7532110957048097        9.7135923502648573        8.7423840491489546     
        2388   6.7538720020193113        9.7150299885587046        8.7434506561309195     
        2389   6.7539285335843253        9.7151529666790033        8.7435422258494935     
        2390   6.7545016232797703        9.7163997277583984        8.7444671973557799     
        2391   6.7552679393871458        9.7180670487328378        8.7457039669908365     
        2392   6.7559847054420823        9.7196267619349541        8.7468608447197926     
        2393   6.7572183838615736        9.7223117541076789        8.7488518904345316     
        2394   6.7572193167523089        9.7223137846802494        8.7488537612283377     
        2395   6.7586261835514412        9.7253764105992904        8.7511244551488030     
        2396   6.7596400601056992        9.7275839964737916        8.7527610866948553     
        2397   6.7597450104335417        9.7278125345915836        8.7529308345700709     
        2398   6.7598040818209428        9.7279411693166526        8.7530265376444394     
        2399   6.7607010090026876        9.7298944938467269        8.7544745301862417     
        2400   6.7615337299407887        9.7317082635542782        8.7558189681078726     
        2401   6.7629740290195031        9.7348460353772275        8.7581442478618836     
        2402   6.7635372175538393        9.7360731872314972        8.7590537634726235     
        2403   6.7651149921276019        9.7395116989281192        8.7616012871321498     
        2404   6.7679400512699504        9.7456708353320938        8.7661630581550458     
        2405   6.7681360202159340        9.7460981954185115        8.7664798704798610     
        2406   6.7695217853539855        9.7491206254871567        8.7687180490756855     
        2407   6.7695391963014062        9.7491586043712033        8.7687465329324450     
        2408   6.7706956596697809        9.7516814818630717        8.7706145736635204     
        2409   6.7723081081934797        9.7551999618797165        8.7732192519785439     
        2410   6.7730039396061770        9.7567186226194647        8.7743435575468016     
        2411   6.7738601077583853        9.7585874735060454        8.7757269140221350     
        2412   6.7743348885377781        9.7596239493431654        8.7764942381737558     
        2413   6.7771147115803583        9.7656942004373395        8.7809855706485305     
        2414   6.7771912030136958        9.7658612751266158        8.7811095251696454     
        2415   6.7779685204753992        9.7675592399377020        8.7823658404223774     
        2416   6.7781543505952673        9.7679651996331600        8.7826664710726039     
        2417   6.7786569034024859        9.7690631296013475        8.7834788785217288     
        2418   6.7794621996707143        9.7708226660260937        8.7847805217934667     
        2419   6.7800545777495707        9.7721171438295418        8.7857381533117813     
        2420   6.7803937882907466        9.7728584546412378        8.7862866902096766     
        2421   6.7805912543407745        9.7732900172485770        8.7866061711899537     
        2422   6.7807507422121747        9.7736385893169437        8.7868642807106685     
        2423   6.7808514385455894        9.7738586733102171        8.7870273808499082     
        2424   6.7811859303053561        9.7745897732486053        8.7875683192464695     
        2425   6.7815321296390225        9.7753465075111929        8.7881281902335555     
        2426   6.7831413992283016        9.7788647051798332        8.7907295087383499     
        2427   6.7831486276949677        9.7788805103438854        8.7907415597585850     
        2428   6.7839882785603578        9.7807165570929477        8.7920991021308108     
        2429   6.7841620604800399        9.7810965960198040        8.7923803721864555     
        2430   6.7842163914977309        9.7812154134072191        8.7924685615323970     
        2431   6.7847653983649368        9.7824161088373405        8.7933563713343847     
        2432   6.7861821087184753        9.7855150322259430        8.7956469221547753     
        2433   6.7872540029560184        9.7878602127690701        8.7973801962889038     
        2434   6.7907323257923187        9.7954734124891782        8.8030046923791918     
        2435   6.7915992613316893        9.7973716448748043        8.8044070072458265     
        2436   6.7924622205515703        9.7992614570816663        8.8058029679185328     
        2437   6.7927280342663048        9.7998436255839145        8.8062332300033734     
        2438   6.7930378475969384        9.8005221935002123        8.8067346606483969     
        2439   6.7935841054240305        9.8017187231576166        8.8076185177163939     
        2440   6.7936250434358936        9.8018083988804712        8.8076850983498698     
        2441   6.7938058804450749        9.8022045344989692        8.8079779504967899     
        2442   6.7948385585444671        9.8044669258275103        8.8096486245245611     
        2443   6.7960724827997838        9.8071707443176308        8.8116449466198343     
        2444   6.7963235916692035        9.8077210545852633        8.8120515193225781     
        2445   6.7966076990658939        9.8083437110196723        8.8125114795688635     
        2446   6.7972867596441411        9.8098320817841334        8.8136103764658689     
        2447   6.7978350337949287        9.8110339230635208        8.8144977321665809     
        2448   6.7982195305481339        9.8118768259546183        8.8151201503655923     
        2449   6.7986680428864936        9.8128601371547965        8.8158461537903658     
        2450   6.7988824011560585        9.8133301200800105        8.8161933336635467     
        2451   6.7989079653467552        9.8133861710360044        8.8162350632353625     
        2452   6.8031850275482029        9.8227674159554645        8.8231562954583200     
        2453   6.8036766002387257        9.8238460754556964        8.8239522148633878     
        2454   6.8040404588355825        9.8246445514704526        8.8245414605397254     
        2455   6.8040407957959843        9.8246452909428807        8.8245423751795808     
        2456   6.8052918501585697        9.8273910789975254        8.8265675801112291     
        2457   6.8053876305699568        9.8276013207074424        8.8267229769858933     
        2458   6.8054282938665178        9.8276905792864717        8.8267891631394573     
        2459   6.8087385067572637        9.8349588503861280        8.8321479376869920     
        2460   6.8089927414029257        9.8355172510100477        8.8325598956737519     
        2461   6.8106431904267177        9.8391429016951388        8.8352323882206480     
        2462   6.8114627971675743        9.8409437769701427        8.8365598272138453     
        2463   6.8145418872463814        9.8477116056577376        8.8415463278173991     
        2464   6.8164844916121829        9.8519833288523344        8.8446929548734143     
        2465   6.8179264496087582        9.8551550913500598        8.8470289798801094     
        2466   6.8180426340921754        9.8554106883322419        8.8472175528425314     
        2467   6.8186057350349802        9.8566495414155000        8.8481300870919792     
        2468   6.8200969042042603        9.8599307889052952        8.8505461494570543     
        2469   6.8207275610722284        9.8613187788385446        8.8515682514248031     
        2470   6.8211580069562494        9.8622662201485678        8.8522660135769602     
        2471   6.8215652709219894        9.8631627025645212        8.8529262347135909     
        2472   6.8221073188912786        9.8643559755646013        8.8538048595843630     
        2473   6.8232373806517996        9.8668440778098816        8.8556363110603957     
        2474   6.8241985305284674        9.8689606698097574        8.8571941708507058     
        2475   6.8259166541365772        9.8727451213768926        8.8599788981932139     
        2476   6.8259173737545638        9.8727467066946666        8.8599804355642977     
        2477   6.8263209149907951        9.8736357393422907        8.8606348210875421     
        2478   6.8264122210899458        9.8738369025338173        8.8607831732273379     
        2479   6.8267122669381193        9.8744979784393792        8.8612698386193234     
        2480   6.8271414513556117        9.8754436396257805        8.8619658191392698     
        2481   6.8274911519690367        9.8762142197927822        8.8625329885871462     
        2482   6.8278389673349711        9.8769806928597479        8.8630971147990625     
        2483   6.8280762719545898        9.8775036628001924        8.8634821272706130     
        2484   6.8285454197174564        9.8785376311157975        8.8642429454805640     
        2485   6.8286530791456821        9.8787749169074104        8.8644178263604356     
        2486   6.8294776113655340        9.8805923690764743        8.8657547547105597     
        2487   6.8305668717455834        9.8829937461199080        8.8675209105484729     
        2488   6.8316874825056928        9.8854647195580814        8.8693380142787017     
        2489   6.8321342894072439        9.8864500756471365        8.8700627841272794     
        2490   6.8329363014703519        9.8882189707453918        8.8713634914041268     
        2491   6.8335132548846493        9.8894916376870405        8.8722993422983176     
        2492   6.8343386517703797        9.8913125564972688        8.8736380814464990     
        2493   6.8356585580396043        9.8942249702540064        8.8757788037148142     
        2494   6.8358801756720187        9.8947140429119251        8.8761385665927417     
        2495   6.8365148101784339        9.8961146798717348        8.8771681347990228     
        2496   6.8369936086195251        9.8971714908555803        8.8779450085488794     
        2497   6.8372417168757345        9.8977191542069818        8.8783477647207345     
        2498   6.8377652228931041        9.8988747973072240        8.8791971839989596     
        2499   6.8380763346352902        9.8995616292149702        8.8797021453100147     
        2500   6.8383224650510064        9.9001050305692679        8.8801017210363842     
        2501   6.8383923286007162        9.9002592780922960        8.8802154073268706     
        2502   6.8392157667219848        9.9020774409580135        8.8815513801939243     
        2503   6.8394044490710098        9.9024940914625095        8.8818578012687954     
        2504   6.8396163634739118        9.9029620598106849        8.8822019098298579     
        2505   6.8407208539565625        9.9054013781842425        8.8839938979341664     
        2506   6.8412678774392433        9.9066096811611164        8.8848816539244648     
        2507   6.8413384449507531        9.9067655640251715        8.8849965034312266     
        2508   6.8425835075471220        9.9095162135048653        8.8870167439570640     
        2509   6.8436454472604185        9.9118627778896773        8.8887400287246781     
        2510   6.8437440318642269        9.9120806422830530        8.8889003527810058     
        2511   6.8438981812009869        9.9124213080741796        8.8891508314569787     
        2512   6.8442081426453534        9.9131063424391908        8.8896541213946190     
        2513   6.8445517758038541        9.9138658373018966        8.8902120556965247     
        2514   6.8452416218319643        9.9153906680025106        8.8913317737436106     
        2515   6.8455338964948211        9.9160367659190545        8.8918064064820275     
        2516   6.8455484513229754        9.9160689414733572        8.8918303968745800     
        2517   6.8455593967733579        9.9160931380302326        8.8918485304628856     
        2518   6.8470380411345850        9.9193623334124492        8.8942483655637599     
        2519   6.8475009801744715        9.9203860400717421        8.8950000161366010     
        2520   6.8475729500625153        9.9205451961017168        8.8951171868892818     
        2521   6.8480037952631685        9.9214980204508443        8.8958167770251091     
        2522   6.8483216851959954        9.9222010881209020        8.8963330646108023     
        2523   6.8488214776349903        9.9233065440976151        8.8971445889666239     
        2524   6.8497606721413149        9.9253841473140625        8.8986693214803854     
        2525   6.8499576283331445        9.9258198802270758        8.8989893757031862     
        2526   6.8510895415923914        9.9283243451305463        8.9008270426956475     
        2527   6.8516389934426769        9.9295402401312263        8.9017193197839308     
        2528   6.8520405308945609        9.9304288866644725        8.9023715126821994     
        2529   6.8529265797389538        9.9323900337254400        8.9038102758232061     
        2530   6.8529556926478632        9.9324544763601423        8.9038579117241259     
        2531   6.8533242842439499        9.9332703979197898        8.9044566722808742     
        2532   6.8540836400527860        9.9349514906757488        8.9056898596939842     
        2533   6.8566340552260261        9.9405993588895019        8.9098312620168354     
        2534   6.8570629147512356        9.9415493145849769        8.9105280265407476     
        2535   6.8574382030349028        9.9423806652357758        8.9111378164165931     
        2536   6.8583288698140468        9.9443539202247191        8.9125845670759691     
        2537   6.8586512408791016        9.9450682038552216        8.9131084675784980     
        2538   6.8595754736806231        9.9471162701367497        8.9146098429973488     
        2539   6.8599457562402888        9.9479368969853095        8.9152115992701244     
        2540   6.8606632017548739        9.9495270659345341        8.9163772287728040     
        2541   6.8612965803340638        9.9509310744111694        8.9174063627289737     
        2542   6.8613763726947079        9.9511079610930562        8.9175363417806164     
        2543   6.8630867620978071        9.9549002181494881        8.9203150201244750     
        2544   6.8638438524000405        9.9565791980636451        8.9215452839425762     
        2545   6.8638494993237043        9.9565917219500317        8.9215548318397051     
        2546   6.8643400967555248        9.9576798289204174        8.9223522108304625     
        2547   6.8649512237779549        9.9590353936496872        8.9233454316938943     
        2548   6.8660504565711165        9.9614740149351171        8.9251317327804660     
        2549   6.8662203535658737        9.9618509697484576        8.9254081503811928     
        2550   6.8665994889507314        9.9626922081270344        8.9260245423837699     
        2551   6.8666039490975805        9.9627021047882192        8.9260321638057238     
        2552   6.8669394796865388        9.9634466391895078        8.9265777193521441     
        2553   6.8680873000068914        9.9659939605869869        8.9284431966021049     
        2554   6.8687277052463056        9.9674154173573086        8.9294842294018455     
        2555   6.8706966145853245        9.9717866621349085        8.9326843427136264     
        2556   6.8710668942236861        9.9726089037636996        8.9332865152280458     
        2557   6.8716043619226088        9.9738024988360632        8.9341604353688506     
        2558   6.8720459765227755        9.9747833110034616        8.9348785877496955     
        2559   6.8732247395336286        9.9774016835854393        8.9367949603743764     
        2560   6.8744495682711548        9.9801229625957113        8.9387863599131858     
        2561   6.8748595903168743        9.9810340667236286        8.9394532819901951     
        2562   6.8756311178463063        9.9827486470878650        8.9407079272171810     
        2563   6.8768152250269994        9.9853805686345485        8.9426334201625277     
        2564   6.8772993205527273        9.9864567300332094        8.9434208776889097     
        2565   6.8780472047171921        9.9881194850189452        8.9446372714466964     
        2566   6.8783728603505745        9.9888435774042286        8.9451671628299199     
        2567   6.8784212665698847        9.9889512117803427        8.9452462477395311     
        2568   6.8800390505689979        9.9925489928932194        8.9478773077436440     
        2569   6.8810592036070775        9.9948182382252675        8.9495366952742099     
        2570   6.8815543543514339        9.9959198082693277        8.9503423423606190     
        2571   6.8825702919101692        9.9981802853165131        8.9519950315315331     
        2572   6.8843795572733271        10.002206941712037        8.9549382441221130     
        2573   6.8846407895607697        10.002788441029992        8.9553635516546901     
        2574   6.8848112855591754        10.003167977262081        8.9556412674663530     
        2575   6.8851654006836167        10.003956299567742        8.9562176794969108     
        2576   6.8855737481099091        10.004865414202914        8.9568823266653279     
        2577   6.8863660976829628        10.006629631578322        8.9581716903266102     
        2578   6.8869765166629087        10.007988938589394        8.9591651346094583     
        2579   6.8875310301481178        10.009223881004536        8.9600676613270327     
        2580   6.8880212524807254        10.010315743900188        8.9608656175061494     
        2581   6.8893381602736516        10.013249339947832        8.9630086924961194     
        2582   6.8897338562842876        10.014130942611450        8.9636529278598740     
        2583   6.8904128425298072        10.015643855056654        8.9647581577764139     
        2584   6.8912139236305521        10.017429053907264        8.9660621222838035     
        2585   6.8916158062049391        10.018324740060374        8.9667165013915326     
        2586   6.8919767892716548        10.019129327135152        8.9673043368886365     
        2587   6.8920894453641051        10.019380434380695        8.9674880512288642     
        2588   6.8927304962800946        10.020809414779896        8.9685317055218956     
        2589   6.8938111968758946        10.023218797639036        8.9702909622601776     
        2590   6.8940061518027349        10.023653492041463        8.9706086480715665     
        2591   6.8952998080826697        10.026538363052754        8.9727146806886129     
        2592   6.8957688700425335        10.027584542063423        8.9734785816216078     
        2593   6.8958174595681729        10.027692919407739        8.9735580523315850     
        2594   6.8964978976250801        10.029210712914411        8.9746660678654653     
        2595   6.8970348229591645        10.030408515277850        8.9755405022810049     
        2596   6.8978646990544910        10.032260074029239        8.9768918873666248     
        2597   6.8993460161101057        10.035565761982943        8.9793039694219825     
        2598   6.8995728779672465        10.036072101167484        8.9796737160574001     
        2599   6.8997296699573143        10.036422061485650        8.9799293802194260     
        2600   6.9003625103645332        10.037834663269193        8.9809601663946257     
        2601   6.9010232084643350        10.039309618263134        8.9820363549540456     
        2602   6.9017948416782140        10.041032447268897        8.9832932350604171     
        2603   6.9018526413789942        10.041161506485061        8.9833877341425090     
        2604   6.9022113448761582        10.041962474548297        8.9839722356761325     
        2605   6.9023651009070264        10.042305820259818        8.9842229983583035     
        2606   6.9031092514154624        10.043967682746089        8.9854352275924061     
        2607   6.9031168799495575        10.043984720194707        8.9854480285501399     
        2608   6.9033208249548172        10.044440216385919        8.9857805413196221     
        2609   6.9038836803655714        10.045697398731420        8.9866975806780598     
        2610   6.9062541570507614        10.050993435047188        8.9905588524867905     
        2611   6.9073978437987682        10.053549422757635        8.9924222057968652     
        2612   6.9076911916912778        10.054205100494832        8.9929004458273543     
        2613   6.9089448410917509        10.057007587686478        8.9949431107877356     
        2614   6.9103474152249822        10.060143735535958        8.9972285754295687     
        2615   6.9103746608375678        10.060204664363425        8.9972733443987583     
        2616   6.9107362652240960        10.061013341268326        8.9978628853413358     
        2617   6.9114553120233015        10.062621542878894        8.9990348476545261     
        2618   6.9124772916802613        10.064907632420312        9.0007004867440994     
        2619   6.9136468446027513        10.067524345073734        9.0026067195113715     
        2620   6.9144044888147063        10.069219761457143        9.0038417977872367     
        2621   6.9159469308617432        10.072672067953315        9.0063560082245058     
        2622   6.9162391031887189        10.073326117886106        9.0068325891106742     
        2623   6.9165642766274313        10.074054083553904        9.0073629677263281     
        2624   6.9165860230621545        10.074102768802440        9.0073987913116564     
        2625   6.9175750733801138        10.076317224656808        9.0090112910012667     
        2626   6.9190432920073253        10.079605248490125        9.0114050043662512     
        2627   6.9196794931402987        10.081030267114304        9.0124425194050790     
        2628   6.9202310508238831        10.082265825464704        9.0133420820791930     
        2629   6.9211282989961749        10.084276034811609        9.0148052773918703     
        2630   6.9239791866973945        10.090665356090465        9.0194541081373441     
        2631   6.9247049132772114        10.092292353673539        9.0206379374270060     
        2632   6.9253844689061443        10.093816033176900        9.0217465241189796     
        2633   6.9257383749199217        10.094609624314177        9.0223240659250425     
        2634   6.9273179115379220        10.098152157194237        9.0249005652511389     
        2635   6.9279382561363096        10.099543720318351        9.0259127556361864     
        2636   6.9289549290850845        10.101824666153828        9.0275714610193187     
        2637   6.9289917830146708        10.101907357215364        9.0276319562990519     
        2638   6.9310515355320215        10.106529799973540        9.0309923917030641     
        2639   6.9329750290982899        10.110847997980736        9.0341309407734141     
        2640   6.9368048403296054        10.119450279047200        9.0403807626773176     
        2641   6.9371923196988092        10.120320940694814        9.0410135109622427     
        2642   6.9376327252863064        10.121310600581584        9.0417326537212812     
        2643   6.9407520895598287        10.128322541330260        9.0468245487080150     
        2644   6.9417741821513941        10.130620933462543        9.0484934342065078     
        2645   6.9426281871336526        10.132541669055149        9.0498880087710081     
        2646   6.9433707101051603        10.134211911268128        9.0511006456353140     
        2647   6.9435544613353013        10.134625278468164        9.0514010307670620     
        2648   6.9462945139509564        10.140790929566306        9.0558754088007429     
        2649   6.9472437678505488        10.142927644884486        9.0574259243665818     
        2650   6.9501329463368267        10.149433266115354        9.0621449094156201     
        2651   6.9509698964361206        10.151318476117739        9.0635123565560516     
        2652   6.9517731378259571        10.153128025475809        9.0648248116822945     
        2653   6.9524990046868451        10.154763490158514        9.0660109343949440     
        2654   6.9526189700168715        10.155033806973053        9.0662072908872364     
        2655   6.9530004542044139        10.155893440763331        9.0668308730665661     
        2656   6.9544209885388373        10.159094982891357        9.0691519999327337     
        2657   6.9575515283488913        10.166153361422188        9.0742675132330870     
        2658   6.9576747180197991        10.166431196744302        9.0744692010989443     
        2659   6.9581851939397126        10.167582562348434        9.0753037745885106     
        2660   6.9584508956623088        10.168181887872116        9.0757383623120926     
        2661   6.9586820850971858        10.168703389727234        9.0761165565087349     
        2662   6.9589823930451491        10.169380837046473        9.0766077130212484     
        2663   6.9593821074134574        10.170282586515848        9.0772613374925353     
        2664   6.9601545091999748        10.172025297401113        9.0785240811004382     
        2665   6.9603639522963068        10.172497889664900        9.0788667736479827     
        2666   6.9618390234858971        10.175826780674655        9.0812781139331076     
        2667   6.9624475750278014        10.177200397667431        9.0822732198443159     
        2668   6.9629498374773160        10.178334213602978        9.0830946168144617     
        2669   6.9631170623686609        10.178711732785064        9.0833683563612357     
        2670   6.9647493174784145        10.182397235353227        9.0860370820061274     
        2671   6.9650579867254034        10.183094308220136        9.0865420951178546     
        2672   6.9652635184035336        10.183558485369609        9.0868784984017896     
        2673   6.9655788735102959        10.184270723620122        9.0873944586972915     
        2674   6.9664411558987762        10.186218419514619        9.0888046483168683     
        2675   6.9672601548117639        10.188068629133999        9.0901441412257018     
        2676   6.9674215269713873        10.188433219086255        9.0904083850011776     
        2677   6.9680277395728609        10.189802937115523        9.0914000144492153     
        2678   6.9682522498195709        10.190310248942387        9.0917675142003578     
        2679   6.9694545206207241        10.193027295822001        9.0937339251207607     
        2680   6.9703171626275262        10.194977169639126        9.0951450451898896     
        2681   6.9705188481084459        10.195433093512429        9.0954752693441510     
        2682   6.9706171483467960        10.195655313976376        9.0956364165057426     
        2683   6.9706174811452293        10.195656066317197        9.0956373440458282     
        2684   6.9708863646994912        10.196263932755341        9.0960774746513362     
        2685   6.9711367028382254        10.196829900050378        9.0964872817156266     
        2686   6.9711484526415468        10.196856464768214        9.0965068817886117     
        2687   6.9712835325669529        10.197161866284679        9.0967281888568881     
        2688   6.9716532538095342        10.197997805324629        9.0973332623013636     
        2689   6.9731273193325141        10.201331220594920        9.0997446628594307     
        2690   6.9738574409596632        10.202982628812011        9.1009393332689559     
        2691   6.9740081807901522        10.203323603281483        9.1011862943192536     
        2692   6.9749446676018660        10.205442150905720        9.1027186182985371     
        2693   6.9753390967861506        10.206334547517795        9.1033642509253507     
        2694   6.9755672899789918        10.206850864046601        9.1037379444364159     
        2695   6.9756908497412029        10.207130442844557        9.1039404664212302     
        2696   6.9757689865775827        10.207307246370224        9.1040686793300889     
        2697   6.9762155963155470        10.208317857119621        9.1047997134029810     
        2698   6.9776565691668484        10.211579119437912        9.1071576577222064     
        2699   6.9780795619234475        10.212536613640060        9.1078501359519723     
        2700   6.9781868216937202        10.212779420490923        9.1080260195822387     
        2701   6.9783072851459034        10.213052122497766        9.1082235086517596     
        2702   6.9784132120427280        10.213291921947308        9.1083972139040785     
        2703   6.9785264690452857        10.213548320527257        9.1085829142163792     
        2704   6.9799667083401404        10.216809286818963        9.1109399993016194     
        2705   6.9801242669899786        10.217166080169894        9.1111982135778273     
        2706   6.9814046661320415        10.220065936281877        9.1132939471383541     
        2707   6.9821075004303887        10.221658005901373        9.1144445779784160     
        2708   6.9824155161995041        10.222355791237129        9.1149490715289492     
        2709   6.9830464581716596        10.223785261944309        9.1159821076799492     
        2710   6.9836201102563198        10.225085077798928        9.1169214138858354     
        2711   6.9857476717446882        10.229907016860263        9.1204043669393453     
        2712   6.9859824820232914        10.230439308587034        9.1207891367767306     
        2713   6.9860412997680568        10.230572646159443        9.1208858070963839     
        2714   6.9873896945997789        10.233629795667058        9.1230936363928432     
        2715   6.9874846096662386        10.233845020115270        9.1232494126747721     
        2716   6.9875675968679394        10.234033200596723        9.1233856618438143     
        2717   6.9877410356818341        10.234426496887782        9.1236699983084062     
        2718   6.9878791279255177        10.234739648833349        9.1238964680500754     
        2719   6.9881871952136985        10.235438281663884        9.1244012284813127     
        2720   6.9886244947019494        10.236430053426703        9.1251175879186963     
        2721   6.9888027096590104        10.236834257951658        9.1254097632536872     
        2722   6.9906508507696214        10.241026747601945        9.1284362928399450     
        2723   6.9910053425789611        10.241831069480142        9.1290171623866190     
        2724   6.9930083025753014        10.246376645103293        9.1322976600937000     
        2725   6.9930426817850027        10.246454680712223        9.1323543493638457     
        2726   6.9950367816174195        10.250981819713473        9.1356207526736792     
        2727   6.9952051681475034        10.251364177174343        9.1358969469934781     
        2728   6.9952489761443006        10.251463654473698        9.1359690882011773     
        2729   6.9965739156437818        10.254472643735074        9.1381397675803537     
        2730   6.9973259613627921        10.256180891185133        9.1393721083984563     
        2731   6.9997540615587051        10.261697836167341        9.1433504547100117     
        2732   6.9997971931060503        10.261795858409702        9.1434215083978625     
        2733   7.0011859400058993        10.264952383407627        9.1456973581978769     
        2734   7.0014511535342390        10.265555285946851        9.1461323193243285     
        2735   7.0032924180794245        10.269741783374105        9.1491499747808316     
        2736   7.0040889103765940        10.271553208612433        9.1504556757471693     
        2737   7.0046944288921775        10.272930486755602        9.1514484468364667     
        2738   7.0053237306059781        10.274362021642762        9.1524802360956041     
        2739   7.0060667309490494        10.276052409130891        9.1536984256447500     
        2740   7.0063897870881302        10.276787459987561        9.1542283297844644     
        2741   7.0065646540638271        10.277185353510873        9.1545153431420960     
        2742   7.0067749949939300        10.277663981495660        9.1548605065537689     
        2743   7.0074623502234754        10.279228176974033        9.1559875922323837     
        2744   7.0080345276092881        10.280530414689407        9.1569259176068609     
        2745   7.0080720863591548        10.280615900653890        9.1569878732223149     
        2746   7.0090710340528881        10.282889780025496        9.1586258640565124     
        2747   7.0091112437453820        10.282981316992243        9.1586921696641479     
        2748   7.0097195669236561        10.284366240471360        9.1596898509197029     
        2749   7.0102970832219986        10.285681170248555        9.1606370620258541     
        2750   7.0113928600672057        10.288176492415408        9.1624340432115421     
        2751   7.0115529955243066        10.288541197395526        9.1626969923263797     
        2752   7.0118270599798933        10.289165397853415        9.1631467485936060     
        2753   7.0119028949307536        10.289338122623269        9.1632714794270331     
        2754   7.0123773261186848        10.290418760577390        9.1640497887426040     
        2755   7.0127934504109461        10.291366666627001        9.1647325115531242     
        2756   7.0130044280483474        10.291847288427711        9.1650788538331351     
        2757   7.0164271032547934        10.299646964509742        9.1706922881736954     
        2758   7.0206790414485258        10.309343168681215        9.1776673519762060     
        2759   7.0208844514302999        10.309811780183828        9.1780047311481407     
        2760   7.0213470584395683        10.310867211763512        9.1787640786593396     
        2761   7.0216877897207439        10.311644642527419        9.1793234891016962     
        2762   7.0232350765629148        10.315175623617819        9.1818625920593728     
        2763   7.0234537854979804        10.315674808124843        9.1822218469102221     
        2764   7.0249902553261006        10.319182231635883        9.1847434792534184     
        2765   7.0252948639265194        10.319877703150619        9.1852437382975562     
        2766   7.0255571364212788        10.320476545378561        9.1856745302697949     
        2767   7.0263686953806985        10.322329745597058        9.1870067772201001     
        2768   7.0277458540289661        10.325475125251879        9.1892673910741163     
        2769   7.0279290998780422        10.325893711695223        9.1895685413438297     
        2770   7.0281208187567836        10.326331667990328        9.1898836021352590     
        2771   7.0286064292046433        10.327441049171899        9.1906810508735557     
        2772   7.0299248911479690        10.330453583298821        9.1928456290268112     
        2773   7.0308536984511756        10.332576237288324        9.1943707154990246     
        2774   7.0317380113060013        10.334597540708369        9.1958228436866936     
        2775   7.0342349968344502        10.340306748994387        9.1999228626922953     
        2776   7.0352783284329066        10.342693037003912        9.2016364158366546     
        2777   7.0357157067000724        10.343693535713994        9.2023550187858039     
        2778   7.0357216623622971        10.343707159788483        9.2023651874549071     
        2779   7.0359042203558761        10.344124783641728        9.2026653587130181     
        2780   7.0366623000606330        10.345859133444838        9.2039106432804889     
        2781   7.0374024504973383        10.347552696512048        9.2051265418670081     
        2782   7.0376767369682778        10.348180358871815        9.2055773911698271     
        2783   7.0380730760915347        10.349087375612632        9.2062287010606472     
        2784   7.0413914403889128        10.356683990972961        9.2116795820659849     
        2785   7.0414315119142206        10.356775753532043        9.2117457966850811     
        2786   7.0424426208677851        10.359091384873230        9.2134071850190207     
        2787   7.0426547489354903        10.359577252839260        9.2137560610491906     
        2788   7.0433457002380937        10.361159970706291        9.2148915859239562     
        2789   7.0433875266670869        10.361255786259637        9.2149606918723297     
        2790   7.0446575347726510        10.364165457537149        9.2170476586105945     
        2791   7.0447307776312966        10.364333282354471        9.2171683885864102     
        2792   7.0455121684128965        10.366123860175120        9.2184526629819619     
        2793   7.0455134305120986        10.366126752516600        9.2184551263993395     
        2794   7.0482409721697215        10.372378999477679        9.2229375668315665     
        2795   7.0482747505000098        10.372456447952986        9.2229934679532004     
        2796   7.0484946618608264        10.372960682346463        9.2233552626313386     
        2797   7.0497107601548485        10.375749439406635        9.2253542917048446     
        2798   7.0507900122896903        10.378224902005030        9.2271285433476979     
        2799   7.0513740341641240        10.379564667671788        9.2280888831552392     
        2800   7.0514606255024193        10.379763323315455        9.2282316054166227     
        2801   7.0516028617717232        10.380089644995479        9.2284657941754222     
        2802   7.0521155343966635        10.381265900871398        9.2293088990547734     
        2803   7.0532382612620568        10.383842227848472        9.2311548856437735     
        2804   7.0542010329979892        10.386051927974499        9.2327380328275179     
        2805   7.0542323896571002        10.386123902602714        9.2327899738608661     
        2806   7.0546465947571910        10.387074688769960        9.2334713308913212     
        2807   7.0553811598283964        10.388761022386090        9.2346794134568331     
        2808   7.0557664670396383        10.389645659230814        9.2353133063689175     
        2809   7.0560551509478042        10.390308497149478        9.2357883462032273     
        2810   7.0568117457724027        10.392045857198074        9.2370327580484979     
        2811   7.0581265125098920        10.395065515554117        9.2391950766607192     
        2812   7.0583804427760635        10.395648807742141        9.2396130363759337     
        2813   7.0587169499213189        10.396421825630265        9.2401667977049566     
        2814   7.0590561791617228        10.397201145053350        9.2407250471901410     
        2815   7.0610762243665430        10.401842849448009        9.2440476243901255     
        2816   7.0629832486921575        10.406226434217249        9.2471847107247438     
        2817   7.0632976157932701        10.406949202315619        9.2477022122868906     
        2818   7.0638241197403904        10.408159792371526        9.2485686858854397     
        2819   7.0651733952768012        10.411262715735784        9.2507887227980259     
        2820   7.0660983836506617        10.413390352774815        9.2523108878965363     
        2821   7.0665461904241811        10.414420517757938        9.2530480342771231     
        2822   7.0673915280110160        10.416365420939190        9.2544392751582176     
        2823   7.0676545678767226        10.416970669383939        9.2548724659537829     
        2824   7.0676697903538006        10.417005696836986        9.2548979043945447     
        2825   7.0700061516585082        10.422382909992054        9.2587428023502394     
        2826   7.0711468156235151        10.425009026587500        9.2606203718447286     
        2827   7.0714596124769491        10.425729265847371        9.2611355532531068     
        2828   7.0716770326402001        10.426229917255247        9.2614937731555482     
        2829   7.0718638029252991        10.426660007482758        9.2618015536766283     
        2830   7.0723252282844742        10.427722630411948        9.2625613799895969     
        2831   7.0730829025765356        10.429467685132469        9.2638088334546769     
        2832   7.0738475436582107        10.431229032594759        9.2650678134273630     
        2833   7.0756097183361746        10.435289139735580        9.2679689476426237     
        2834   7.0773484396238091        10.439296502473594        9.2708317874742203     
        2835   7.0790765627963506        10.443280712333189        9.2736774873691754     
        2836   7.0794698266789737        10.444187564600062        9.2743254209386645     
        2837   7.0800146189737188        10.445443944604699        9.2752228846741414     
        2838   7.0801950947159851        10.445860178988038        9.2755204607149455     
        2839   7.0803055253313323        10.446114873896576        9.2757026974255776     
        2840   7.0815121655883555        10.448898182463358        9.2776901243613974     
        2841   7.0819319688579689        10.449866671120565        9.2783818629946406     
        2842   7.0832258224990916        10.452852071333483        9.2805131305703359     
        2843   7.0834664749726057        10.453407424493220        9.2809098780321602     
        2844   7.0836892720387574        10.453921594766669        9.2812772229672351     
        2845   7.0837257081719542        10.454005683956982        9.2813376275385284     
        2846   7.0839350095724383        10.454488731498556        9.2816827502509032     
        2847   7.0842300406819980        10.455169666682611        9.2821690817138904     
        2848   7.0842839765510695        10.455294155297521        9.2822583120912423     
        2849   7.0855605805937563        10.458241029001233        9.2843614785045556     
        2850   7.0858079414809580        10.458812109660210        9.2847693343469313     
        2851   7.0873588784232862        10.462393343622525        9.2873246361736346     
        2852   7.0890338722273558        10.466262187275611        9.2900845784819506     
        2853   7.0902604712666584        10.469096103675261        9.2921059741833165     
        2854   7.0903636519820221        10.469334520182644        9.2922763801114368     
        2855   7.0914895424965145        10.471936376364225        9.2941319918000769     
        2856   7.0920340294330195        10.473194842845031        9.2950296259724059     
        2857   7.0949052414980462        10.479833139161512        9.2997618911574325     
        2858   7.0966185307222789        10.483795976179874        9.3025862571340330     
        2859   7.0981184590291386        10.487266341202522        9.3050591933025064     
        2860   7.0996363192397896        10.490779176138441        9.3075619245574099     
        2861   7.1001049939030256        10.491864045175719        9.3083350214829412     
        2862   7.1004295496794159        10.492615368859884        9.3088705232623798     
        2863   7.1017068897545208        10.495572759542648        9.3109770219216212     
        2864   7.1017732007566474        10.495726306705841        9.3110867558892085     
        2865   7.1024009592862711        10.497180013261447        9.3121222771276972     
        2866   7.1030774707106437        10.498746806659774        9.3132382336287076     
        2867   7.1038862428953138        10.500620172367368        9.3145723488576824     
        2868   7.1045857762873599        10.502240733824658        9.3157263761305078     
        2869   7.1049767680894140        10.503146609495420        9.3163715952776567     
        2870   7.1050825863886695        10.503391787619240        9.3165465084667591     
        2871   7.1078726490341850        10.509858022548402        9.3211487663504524     
        2872   7.1081549944811773        10.510512571330159        9.3216148997938202     
        2873   7.1082738116125492        10.510788030001825        9.3218112901743897     
        2874   7.1083502253273503        10.510965186285748        9.3219377345754619     
        2875   7.1091734430912235        10.512873879882411        9.3232961187407799     
        2876   7.1093048903141707        10.513178677347797        9.3235133570871955     
        2877   7.1095768587727246        10.513809336534221        9.3239624133692569     
        2878   7.1095990840682601        10.513860875486074        9.3239994734883016     
        2879   7.1109052494187805        10.516890157557350        9.3261547335930164     
        2880   7.1109389126144826        10.516968239548406        9.3262106675013339     
        2881   7.1113611485237440        10.517947659785140        9.3269076914618712     
        2882   7.1116211184136073        10.518550725235814        9.3273370089126946     
        2883   7.1119799762137079        10.519383233833532        9.3279294921455769     
        2884   7.1122259092120652        10.519953801971084        9.3283356657728564     
        2885   7.1127002879392691        10.521054441099393        9.3291187820718928     
        2886   7.1135025277474782        10.522915994116149        9.3304429190963223     
        2887   7.1145761647281773        10.525407743085314        9.3322149805756407     
        2888   7.1151069997794600        10.526639914441425        9.3330913793288648     
        2889   7.1160664518414531        10.528867297415516        9.3346751709058200     
        2890   7.1173830901517681        10.531924540037258        9.3368485856099372     
        2891   7.1175166941596890        10.532234811194289        9.3370694954063271     
        2892   7.1186699547145604        10.534913370566258        9.3389734290013084     
        2893   7.1204125005597820        10.538961691263987        9.3418502789386881     
        2894   7.1223366086767648        10.543433345081723        9.3450271999995191     
        2895   7.1241332799941945        10.547610278754538        9.3479940784580844     
        2896   7.1249035691009848        10.549401488236139        9.3492664000766350     
        2897   7.1253995659454361        10.550555001763865        9.3500858341795965     
        2898   7.1256572540727783        10.551154335380762        9.3505117600643590     
        2899   7.1257420169751233        10.551351484065442        9.3506521300159431     
        2900   7.1260528599862258        10.552074495485533        9.3511658442499961     
        2901   7.1261048051217051        10.552195322374136        9.3512520225628410     
        2902   7.1265224721806160        10.553166878533760        9.3519421610501308     
        2903   7.1266754227412976        10.553522683345888        9.3521951470905886     
        2904   7.1267091461617822        10.553601134602706        9.3522512364011785     
        2905   7.1276200612053540        10.555720395085192        9.3537560121504040     
        2906   7.1276797772511085        10.555859338106139        9.3538550330664432     
        2907   7.1286807118724420        10.558188471063199        9.3555085810880936     
        2908   7.1298731663846375        10.560963829399958        9.3574785794067541     
        2909   7.1300782913626533        10.561441306226870        9.3578178001628789     
        2910   7.1312378740450928        10.564140851791270        9.3597336682527494     
        2911   7.1326256481083075        10.567372400758154        9.3620266590146297     
        2912   7.1330863671468938        10.568445408641486        9.3627882048009301     
        2913   7.1352164580267008        10.573407556775603        9.3663079845721793     
        2914   7.1366614738897418        10.576774911797390        9.3686961343034358     
        2915   7.1369258281214591        10.577391040952941        9.3691333754455908     
        2916   7.1371230020988694        10.577850613182123        9.3694596063562710     
        2917   7.1373715629176626        10.578429981709208        9.3698707606330078     
        2918   7.1378480109323510        10.579540605847642        9.3706585254744237     
        2919   7.1393539804080204        10.583051745010051        9.3731478079964479     
        2920   7.1413487508723765        10.587704033257070        9.3764452811963661     
        2921   7.1419294087915492        10.589058593707305        9.3774055020048568     
        2922   7.1419583583059989        10.589126131058910        9.3774537541591005     
        2923   7.1420782656645905        10.589405871085114        9.3776523626848292     
        2924   7.1426850539575764        10.590821584740475        9.3786558232477812     
        2925   7.1436525631832728        10.593079237550775        9.3802556586377701     
        2926   7.1441048708144512        10.594134823286387        9.3810038218906602     
        2927   7.1447366993388552        10.595609520235451        9.3820488084172258     
        2928   7.1451323760901522        10.596533124116823        9.3827033913085760     
        2929   7.1455392560513866        10.597482950136060        9.3833765136560014     
        2930   7.1462365062832180        10.599110788227001        9.3845297658751701     
        2931   7.1467188406369493        10.600236996147332        9.3853276992158019     
        2932   7.1472848545721215        10.601558717878534        9.3862640264857919     
        2933   7.1477983556530917        10.602757935668174        9.3871135500171459     
        2934   7.1499693576244150        10.607829312083188        9.3907042161048775     
        2935   7.1502217095529792        10.608418929904072        9.3911219700721329     
        2936   7.1506698558536375        10.609466087922593        9.3918635571536822     
        2937   7.1515182570629552        10.611448739128978        9.3932671818219138     
        2938   7.1521654773213248        10.612961456740685        9.3943381101064727     
        2939   7.1523025898501222        10.613281946935954        9.3945653043450204     
        2940   7.1533474146018836        10.615724415913220        9.3962939929913336     
        2941   7.1538128477634588        10.616812604737166        9.3970643212085374     
        2942   7.1539019561630681        10.617020952146801        9.3972121276934839     
        2943   7.1540325611808973        10.617326330499891        9.3974285814271195     
        2944   7.1543801923222663        10.618139191871824        9.3980040615564295     
        2945   7.1546275643841470        10.618717650935528        9.3984136921537331     
        2946   7.1546547791296558        10.618781291996795        9.3984591133581912     
        2947   7.1556039537492779        10.621001117926154        9.4000298084070035     
        2948   7.1559673784970830        10.621851160407527        9.4006314749009068     
        2949   7.1563285204929397        10.622695920848523        9.4012293782037428     
        2950   7.1563543694747773        10.622756387336040        9.4012725446563135     
        2951   7.1580023869738234        10.626612068798554        9.4039997395548109     
        2952   7.1582296510959118        10.627143866466115        9.4043761900893639     
        2953   7.1583270249951187        10.627371728152047        9.4045377144795328     
        2954   7.1585320517265014        10.627851518521609        9.4048773757238013     
        2955   7.1585552825193961        10.627905882890500        9.4049162158270985     
        2956   7.1599388567367876        10.631144129916981        9.4072061600278172     
        2957   7.1600061233755605        10.631301588461513        9.4073178776742754     
        2958   7.1621197442973976        10.636250187920270        9.4108163016642106     
        2959   7.1622864693620274        10.636640623016858        9.4110926494603842     
        2960   7.1628233782101907        10.637898033690048        9.4119817111606618     
        2961   7.1633366381286105        10.639100178148379        9.4128316582499263     
        2962   7.1635199860711349        10.639529639110783        9.4131355419570593     
        2963   7.1659634606824731        10.645254466415327        9.4171807967609329     
        2964   7.1670613642309551        10.647827603366911        9.4189988336949337     
        2965   7.1673799802920595        10.648574437316075        9.4195267426406648     
        2966   7.1674563518646863        10.648753458409216        9.4196535870417737     
        2967   7.1678253320758154        10.649618413744310        9.4202648961647224     
        2968   7.1687073863704542        10.651686348701242        9.4217257428358092     
        2969   7.1694755467582914        10.653487543472400        9.4229980769357606     
        2970   7.1694997275985113        10.653544247307435        9.4230385173080879     
        2971   7.1698931114334137        10.654466764705633        9.4236903142050092     
        2972   7.1702158620675975        10.655223692294705        9.4242251629085256     
        2973   7.1710570904966859        10.657196790024368        9.4256186184050481     
        2974   7.1711826581756037        10.657491335201279        9.4258269623239261     
        2975   7.1727645932363178        10.661202688415417        9.4284472290636590     
        2976   7.1727767330296599        10.661231173656548        9.4284677355517292     
        2977   7.1763102858278067        10.669525187577324        9.4343210408172542     
        2978   7.1768361949629478        10.670760080869444        9.4351926567918678     
        2979   7.1771503851156622        10.671497892599866        9.4357135551602251     
        2980   7.1781682531151025        10.673888447885806        9.4374002585262193     
        2981   7.1816080425437594        10.681970490003312        9.4431001498966527     
        2982   7.1817436008126379        10.682289101327694        9.4433251867840138     
        2983   7.1828910530848207        10.684986357615216        9.4452271233591159     
        2984   7.1835852737989390        10.686618508714611        9.4463780395181605     
        2985   7.1837595844661104        10.687028356160049        9.4466673295790056     
        2986   7.1844741887922083        10.688708707971658        9.4478520917723170     
        2987   7.1849300803731078        10.689780829372349        9.4486080999094550     
        2988   7.1851463117569718        10.690289373425292        9.4489668965535767     
        2989   7.1858265588365757        10.691889348314088        9.4500948123508888     
        2990   7.1863614867291696        10.693147669121727        9.4509818941630979     
        2991   7.1871460160322362        10.694993361105647        9.4522827609989424     
        2992   7.1876410104465451        10.696158030465529        9.4531037166941854     
        2993   7.1879419270657419        10.696866108396787        9.4536029613833161     
        2994   7.1886320129760461        10.698490080471583        9.4547473844964092     
        2995   7.1888298325865723        10.698955646237714        9.4550757399494412     
        2996   7.1903846686814168        10.702615535751269        9.4576539534859183     
        2997   7.1904205314101866        10.702699964769570        9.4577138164966161     
        2998   7.1907509590339691        10.703477893364965        9.4582620782743145     
        2999   7.1910679358512306        10.704224200111435        9.4587880487877687     
        3000   7.1917361523950678        10.705797629974745        9.4598964317576257     
        3001   7.1918769741433159        10.706129244076772        9.4601303387196669     
        3002   7.1925554282400785        10.707727025050092        9.4612557537502955     
        3003   7.1925565576374897        10.707729684987189        9.4612580288741572     
        3004   7.1929039020895802        10.708547771443921        9.4618344162694275     
        3005   7.1929674343692795        10.708697412266522        9.4619401725745167     
        3006   7.1950091306232604        10.713507277769088        9.4653264891610522     
        3007   7.1970042339226801        10.718209167324110        9.4686359518902687     
        3008   7.1971938564980409        10.718656145712085        9.4689508822204065     
        3009   7.1976450991186436        10.719719879221875        9.4696997775562846     
        3010   7.1976974618583949        10.719843322007424        9.4697870376647604     
        3011   7.1985159189668675        10.721772956001995        9.4711451031203762     
        3012   7.1992989896274331        10.723619440079263        9.4724445339757199     
        3013   7.2006093466666119        10.726709877991590        9.4746188163132050     
        3014   7.2016668660016974        10.729204563000595        9.4763737706128577     
        3015   7.2029689593563999        10.732276881469851        9.4785346609422145     
        3016   7.2044784006987452        10.735839387501169        9.4810398104584426     
        3017   7.2045830216729021        10.736086346187156        9.4812138291284871     
        3018   7.2048090167951964        10.736619826220306        9.4815892683602261     
        3019   7.2049528995485570        10.736959485130372        9.4818284459848616     
        3020   7.2060408902973645        10.739528165084723        9.4836344452601242     
        3021   7.2076283340142737        10.743276970299044        9.4862695402630894     
        3022   7.2093856410344870        10.747428225386013        9.4891868616681361     
        3023   7.2096077041724147        10.747952899309869        9.4895558861424387     
        3024   7.2107442080371191        10.750638489192022        9.4914429448935547     
        3025   7.2111867511794356        10.751684386905922        9.4921780292281657     
        3026   7.2114324690433511        10.752265149434912        9.4925863662015022     
        3027   7.2118822611639137        10.753328318319232        9.4933335169643716     
        3028   7.2140523989263334        10.758459121035482        9.4969370860562190     
        3029   7.2142422174278336        10.758908004372753        9.4972526764632743     
        3030   7.2143234748245568        10.759100167025142        9.4973880065437566     
        3031   7.2156018964211306        10.762123848523853        9.4995112874808942     
        3032   7.2181011637612436        10.768037148435468        9.5036623246905467     
        3033   7.2182739418326722        10.768446047056663        9.5039496924643938     
        3034   7.2190446630654019        10.770270207943760        9.5052302081752504     
        3035   7.2191246229538812        10.770459474104628        9.5053634237879390     
        3036   7.2215809982293946        10.776275145011731        9.5094441157091456     
        3037   7.2217203035248172        10.776605042868896        9.5096759393568160     
        3038   7.2218967286660884        10.777022859123836        9.5099694306721343     
        3039   7.2220780971174072        10.777452396858912        9.5102711374322251     
        3040   7.2221268473862645        10.777567855398773        9.5103525302378014     
        3041   7.2223623668805725        10.778125667076306        9.5107442027552960     
        3042   7.2227488863080325        10.779041165631245        9.5113867433038468     
        3043   7.2241107294539066        10.782267321690432        9.5136497395042827     
        3044   7.2245312581593470        10.783263706924206        9.5143488573527062     
        3045   7.2258312962154925        10.786344471617840        9.5165094044619689     
        3046   7.2264641439232520        10.787844437050001        9.5175614119190985     
        3047   7.2272599073491461        10.789730798185669        9.5188841949148699     
        3048   7.2275890716141404        10.790511166940844        9.5194316154587515     
        3049   7.2278148402035916        10.791046437757952        9.5198072164138967     
        3050   7.2286152311576881        10.792944255424366        9.5211378011700472     
        3051   7.2311202357816438        10.798885768055404        9.5253017310306038     
        3052   7.2317479772867355        10.800375123743628        9.5263455963220931     
        3053   7.2319948677241035        10.800960935256686        9.5267564053699960     
        3054   7.2320401328844506        10.801068341552554        9.5268320555955750     
        3055   7.2326134327138121        10.802428761487255        9.5277854784424232     
        3056   7.2326572011981076        10.802532628614335        9.5278586435823183     
        3057   7.2326995933957461        10.802633230494036        9.5279295210204697     
        3058   7.2336292229917145        10.804839559022909        9.5294753642020087     
        3059   7.2359090269234905        10.810251961516459        9.5332661453920426     
        3060   7.2369381797753034        10.812696005133175        9.5349777846254096     
        3061   7.2370832131476837        10.813040470416039        9.5352193551396116     
        3062   7.2380271669489940        10.815282664417387        9.5367894392297305     
        3063   7.2387253129860012        10.816941244658976        9.5379508347823272     
        3064   7.2387393243159854        10.816974533522046        9.5379745419272854     
        3065   7.2392271146347253        10.818133506978217        9.5387861548647326     
        3066   7.2407399036868911        10.821728526639006        9.5413025206269264     
        3067   7.2411352547651706        10.822668216631888        9.5419604848768831     
        3068   7.2412613877597121        10.822968030635085        9.5421706823547918     
        3069   7.2415495904072955        10.823653105891855        9.5426504486471675     
        3070   7.2425088823961472        10.825933671924624        9.5442464816150281     
        3071   7.2430680665263694        10.827263236349637        9.5451770440630010     
        3072   7.2433016598954749        10.827818689974769        9.5455660232693713     
        3073   7.2433453371318608        10.827922551309562        9.5456390858343010     
        3074   7.2450980329380226        10.832091048493455        9.5485552139809418     
        3075   7.2454666800960235        10.832967991775192        9.5491689293250754     
        3076   7.2461134865226882        10.834506773099598        9.5502454447615879     
        3077   7.2465737851284953        10.835601959385118        9.5510116886953274     
        3078   7.2469582378485136        10.836516759461549        9.5516517583482727     
        3079   7.2471574431992174        10.836990792247695        9.5519836145561303     
        3080   7.2472657582268969        10.837248548262476        9.5521642440350600     
        3081   7.2474863607571756        10.837773529981154        9.5525317093644997     
        3082   7.2483225169075745        10.839763583562233        9.5539234335509615     
        3083   7.2493391148870359        10.842183515951643        9.5556155001357244     
        3084   7.2493424354019087        10.842191420946591        9.5556214330493052     
        3085   7.2495358868258819        10.842651970362075        9.5559437633253363     
        3086   7.2495474543913172        10.842679509779476        9.5559634203504071     
        3087   7.2502858593382902        10.844437588835413        9.5571926456094314     
        3088   7.2517040077739985        10.847814772660243        9.5595532251785915     
        3089   7.2517608976499597        10.847950269454406        9.5596483167129573     
        3090   7.2525122075088291        10.849739830683641        9.5608991900845002     
        3091   7.2532410396333331        10.851476096564181        9.5621127076952899     
        3092   7.2540927225777407        10.853505330365811        9.5635307748213965     
        3093   7.2543456559943458        10.854108037136175        9.5639522144804037     
        3094   7.2544911066722211        10.854454639962999        9.5641947418105904     
        3095   7.2555396181673437        10.856953482997458        9.5659405838700327     
        3096   7.2561896492540345        10.858502906834794        9.5670231413293667     
        3097   7.2566332191800509        10.859560317010562        9.5677620143738356     
        3098   7.2571862534672125        10.860878800583114        9.5686831546439901     
        3099   7.2576548469970357        10.861996078633277        9.5694637364680997     
        3100   7.2595131779643465        10.866427922369969        9.5725583524979445     
        3101   7.2595334474336095        10.866476270711745        9.5725925122398738     
        3102   7.2598874042858679        10.867320586747207        9.5731823163033258     
        3103   7.2616311179219801        10.871480811685073        9.5760864810036548     
        3104   7.2646924923452545        10.878788117882147        9.5811856681450944     
        3105   7.2647366606902493        10.878893576181104        9.5812596470818630     
        3106   7.2647847343624861        10.879008360023754        9.5813401312775159     
        3107   7.2648035657414542        10.879053323342589        9.5813719071045345     
        3108   7.2652001381611448        10.880000249197106        9.5820328902070795     
        3109   7.2652775332631991        10.880185059681354        9.5821622185250401     
        3110   7.2654887616245336        10.880689462297534        9.5825144806224731     
        3111   7.2667305496528849        10.883655200768207        9.5845834896534878     
        3112   7.2671044177165847        10.884548240508860        9.5852067280487692     
        3113   7.2675272396115149        10.885558290676684        9.5859115364322971     
        3114   7.2684388392725436        10.887736226169588        9.5874306863311833     
        3115   7.2686814036319376        10.888315809318625        9.5878352262152777     
        3116   7.2709794330130322        10.893808053190408        9.5916646309640381     
        3117   7.2716858604000159        10.895496885445283        9.5928422049604851     
        3118   7.2718699401124267        10.895936996115784        9.5931493663760303     
        3119   7.2721014144963458        10.896490443281557        9.5935355117127994     
        3120   7.2722978259764188        10.896960075487556        9.5938632315040646     
        3121   7.2740985350791121        10.901266506854888        9.5968646238595969     
        3122   7.2742313308935911        10.901584149415006        9.5970863582610715     
        3123   7.2744600204395429        10.902131185069967        9.5974679188267036     
        3124   7.2752758020561039        10.904082766338572        9.5988280150207128     
        3125   7.2761730712774630        10.906229641021859        9.6003240084239874     
        3126   7.2763474039966116        10.906646805547819        9.6006150084901432     
        3127   7.2766966822035988        10.907482642798220        9.6011976298767419     
        3128   7.2774191026767552        10.909211602350455        9.6024022820389110     
        3129   7.2784720242930998        10.911731974360917        9.6041579613981352     
        3130   7.2786901765681780        10.912254227680629        9.6045220556039457     
        3131   7.2788515722976959        10.912640620713335        9.6047915334509515     
        3132   7.2790967458852247        10.913227606842606        9.6052006852241600     
        3133   7.2798852817742645        10.915115679126485        9.6065157473042238     
        3134   7.2801062920690089        10.915644917894470        9.6068846385933373     
        3135   7.2801456160746492        10.915739086843923        9.6069506123818886     
        3136   7.2805619517116220        10.916736126698199        9.6076451769913600     
        3137   7.2815013727759714        10.918986142833562        9.6092119455546818     
        3138   7.2827268251491297        10.921921844101773        9.6112557700829004     
        3139   7.2828067411912158        10.922113315414903        9.6113894438847343     
        3140   7.2837393534348323        10.924347983400825        9.6129450758639710     
        3141   7.2853791461243098        10.928278122602682        9.6156802181492385     
        3142   7.2859081153497494        10.929546182291917        9.6165628658741316     
        3143   7.2863396900626274        10.930580860455510        9.6172830963752194     
        3144   7.2865873642348440        10.931174685217780        9.6176966093652059     
        3145   7.2870638918093347        10.932317289334613        9.6184918510187334     
        3146   7.2874238250882657        10.933180396244982        9.6190926331211788     
        3147   7.2875089687320020        10.933384576322181        9.6192350659549941     
        3148   7.2875764696855239        10.933546450433992        9.6193480707789814     
        3149   7.2879362393443463        10.934409249816063        9.6199485990849087     
        3150   7.2880303621826990        10.934634984979738        9.6201060145714035     
        3151   7.2881891029239867        10.935015702742856        9.6203712202547198     
        3152   7.2886565629369322        10.936136908434678        9.6211514149043342     
        3153   7.2887447453618455        10.936348425794138        9.6212989278865084     
        3154   7.2890740556558695        10.937138352292132        9.6218486874965858     
        3155   7.2900666923940705        10.939519721923377        9.6235050629373138     
        3156   7.2901080393451654        10.939618924522120        9.6235744529764684     
        3157   7.2903908764967840        10.940297549008450        9.6240467263194684     
        3158   7.2918082655481973        10.943698912297929        9.6264119183327477     
        3159   7.2920842502807410        10.944361311194040        9.6268728082108108     
        3160   7.2924503576530419        10.945240070200988        9.6274840793559253     
        3161   7.2928831512586250        10.946278974309573        9.6282066362062881     
        3162   7.2932581139977684        10.947179127502347        9.6288327139890466     
        3163   7.2933421050937035        10.947380769365413        9.6289732755150954     
        3164   7.2935714111493564        10.947931293095500        9.6293563182560558     
        3165   7.2936931856241998        10.948223662166452        9.6295599306287993     
        3166   7.2944507017116855        10.950042540704780        9.6308244194063786     
        3167   7.2946067224245823        10.950417196282038        9.6310851919341243     
        3168   7.2956451869628580        10.952911167558163        9.6328186165429255     
        3169   7.2957677554493969        10.953205560260137        9.6330235803260376     
        3170   7.2958079559610329        10.953302117888031        9.6330910819554436     
        3171   7.2959126870220610        10.953553674975801        9.6332662788493248     
        3172   7.2969113620044261        10.955952680620646        9.6349334346912396     
        3173   7.2969410143941360        10.956023918291525        9.6349833362429376     
        3174   7.2970912803972467        10.956384927480357        9.6352345444099701     
        3175   7.2971772977672025        10.956591586108603        9.6353785214938323     
        3176   7.2973101638060793        10.956910806411850        9.6356006919537247     
        3177   7.2976122045905374        10.957636511653483        9.6361052289669669     
        3178   7.2981085314084009        10.958829114211728        9.6369340624063380     
        3179   7.2984618792960880        10.959678228135433        9.6375242644629449     
        3180   7.2985531660142655        10.959897604390697        9.6376770493389348     
        3181   7.2990753575282135        10.961152586245531        9.6385491052968728     
        3182   7.3013009228599559        10.966502696393466        9.6422647564563437     
        3183   7.3014127190569607        10.966771507383299        9.6424518083770412     
        3184   7.3017371912690789        10.967551724947365        9.6429939232734743     
        3185   7.3022338967032123        10.968746184445116        9.6438236009030138     
        3186   7.3033966912966548        10.971542877817468        9.6457654356978981     
        3187   7.3035601607624123        10.971936096286568        9.6460387904999809     
        3188   7.3038030291671427        10.972520328184554        9.6464447217725624     
        3189   7.3040749331424504        10.973174438975981        9.6468991412234271     
        3190   7.3043620438575028        10.973865169296023        9.6473789602166118     
        3191   7.3057570647422159        10.977221850820651        9.6497088482364983     
        3192   7.3066995165429960        10.979490076655535        9.6512831276935795     
        3193   7.3070105785665254        10.980238808918665        9.6518030247412572     
        3194   7.3075258262011049        10.981479118544886        9.6526639411347102     
        3195   7.3077321481792135        10.981975813530513        9.6530089351402193     
        3196   7.3077420834439373        10.981999731966061        9.6530259406934942     
        3197   7.3081732588325554        10.983037799811022        9.6537464806587163     
        3198   7.3099233576958227        10.987252101274162        9.6566700180625755     
        3199   7.3109062879776996        10.989619656243180        9.6583123214055941     
        3200   7.3111852889247384        10.990291759250223        9.6587787966120775     
        3201   7.3113511735802801        10.990691386407988        9.6590563183655345     
        3202   7.3131439510221181        10.995011121747927        9.6620517337064609     
        3203   7.3135357160022165        10.995955286575008        9.6627066709297136     
        3204   7.3138922702312685        10.996814654476916        9.6633027951566230     
        3205   7.3171211752190413        11.004599660690685        9.6686984847411086     
        3206   7.3178163838236934        11.006276468205629        9.6698606844825914     
        3207   7.3184383954954235        11.007776919151688        9.6709006048081125     
        3208   7.3185291684107643        11.007995901657623        9.6710527213592439     
        3209   7.3194114701614845        11.010124584997053        9.6725277159632750     
        3210   7.3195515107867370        11.010462487034708        9.6727621851613304     
        3211   7.3195926154242299        11.010561669565321        9.6728312988919161     
        3212   7.3210272898080069        11.014023928731666        9.6752296668091180     
        3213   7.3215059375911853        11.015179249281815        9.6760301529043087     
        3214   7.3217607278467387        11.015794284542746        9.6764564648893963     
        3215   7.3220536484062659        11.016501399500392        9.6769465224680378     
        3216   7.3229084880327013        11.018565224888135        9.6783759307900663     
        3217   7.3242913223368813        11.021904500840884        9.6806881227936454     
        3218   7.3257245910832882        11.025366507879335        9.6830848384006973     
        3219   7.3261154281012084        11.026310726480665        9.6837387350599915     
        3220   7.3266822210889408        11.027680161790672        9.6846868596558675     
        3221   7.3270020489597556        11.028452967949741        9.6852220590528031     
        3222   7.3274467448113958        11.029527574389190        9.6859660682723945     
        3223   7.3277287462529852        11.030209078054348        9.6864380397951084     
        3224   7.3285402864050226        11.032170507954650        9.6877955417130206     
        3225   7.3288153468373638        11.032835377629031        9.6882559377428361     
        3226   7.3300058321682204        11.035713398885127        9.6902472832627584     
        3227   7.3301657688327602        11.036100099353723        9.6905151819888662     
        3228   7.3305505953917578        11.037030595509295        9.6911592062813678     
        3229   7.3306978802618810        11.037386743118409        9.6914059539096424     
        3230   7.3309358668215543        11.037962236736911        9.6918044044277156     
        3231   7.3316537844925183        11.039698449253253        9.6930055824754557     
        3232   7.3318940592479462        11.040279583728168        9.6934078839236530     
        3233   7.3321509383606376        11.040900907796770        9.6938379646881057     
        3234   7.3335465154255708        11.044276987176360        9.6961727963614042     
        3235   7.3337807278442000        11.044843666332746        9.6965650038383817     
        3236   7.3346882006376735        11.047039547951664        9.6980835014330591     
        3237   7.3356022911860235        11.049251833110789        9.6996131559119565     
        3238   7.3357000148016445        11.049488367317270        9.6997770638844099     
        3239   7.3367107983725557        11.051935171512705        9.7014685932419038     
        3240   7.3375795539571165        11.054038551301257        9.7029225840349067     
        3241   7.3377152303769053        11.054367075003999        9.7031500158455604     
        3242   7.3386375505849974        11.056600588416627        9.7046937279225727     
        3243   7.3387820200499583        11.056950475398295        9.7049358884344503     
        3244   7.3389250761679738        11.057296949081062        9.7051756860923586     
        3245   7.3397025103047557        11.059180017733157        9.7064770553383344     
        3246   7.3397531937773275        11.059302790984034        9.7065622861810059     
        3247   7.3407206689992064        11.061646588511861        9.7081817617052923     
        3248   7.3415386367847892        11.063628533458729        9.7095511136788151     
        3249   7.3417234418350663        11.064076361652646        9.7098608251741698     
        3250   7.3420000206159051        11.064746610194110        9.7103241389808037     
        3251   7.3421424400955004        11.065091757154823        9.7105629190580292     
        3252   7.3425119439235882        11.065987276874289        9.7111817755098269     
        3253   7.3425126593840604        11.065989010907629        9.7111833884627057     
        3254   7.3432079874555374        11.067674363869756        9.7123476175546433     
        3255   7.3432361668853083        11.067742670643133        9.7123951997957345     
        3256   7.3432373902223311        11.067745636013392        9.7123976629506448     
        3257   7.3439240634000775        11.069410243564976        9.7135474571281240     
        3258   7.3451487399748432        11.072379609263555        9.7155979022731618     
        3259   7.3460411147237856        11.074543716251096        9.7170921935101351     
        3260   7.3465591002591069        11.075800060067328        9.7179597782367946     
        3261   7.3467556823110574        11.076276891467440        9.7182893029042656     
        3262   7.3490450317808698        11.081831300332651        9.7221227394119207     
        3263   7.3500036780862441        11.084157896805554        9.7237283625944801     
        3264   7.3501247916812504        11.084451865499224        9.7239315843880352     
        3265   7.3501847169105483        11.084597319451063        9.7240323463583049     
        3266   7.3508962054728020        11.086324414632905        9.7252241907829191     
        3267   7.3515833444029939        11.087992629113788        9.7263753101834620     
        3268   7.3522390399647399        11.089584713978146        9.7274738192435546     
        3269   7.3523153664342971        11.089770054346440        9.7276020623392352     
        3270   7.3542199813604041        11.094395841074654        9.7307924032185955     
        3271   7.3562882458421992        11.099421027180117        9.7342572564544891     
        3272   7.3563004444609623        11.099450671708770        9.7342781076955323     
        3273   7.3570935383826326        11.101378163382320        9.7356071111690081     
        3274   7.3579600828342713        11.103484505005465        9.7370592331347527     
        3275   7.3581584184988253        11.103966656754931        9.7373919288238948     
        3276   7.3590789564738071        11.106204717628165        9.7389346093171429     
        3277   7.3595813494775708        11.107426331257901        9.7397767694144033     
        3278   7.3596009189628253        11.107473918631637        9.7398099749602576     
        3279   7.3603365522347017        11.109262899115770        9.7410429702816383     
        3280   7.3611088094739401        11.111141220638459        9.7423373906736916     
        3281   7.3618054277955265        11.112835811684089        9.7435051226712783     
        3282   7.3620200236191602        11.113357882946547        9.7438651456006280     
        3283   7.3634047809283487        11.116727261356045        9.7461861639319149     
        3284   7.3637796469515706        11.117639538055517        9.7468148226217988     
        3285   7.3640695065691730        11.118344988191334        9.7473010283229176     
        3286   7.3642882326538199        11.118877342395553        9.7476680240318121     
        3287   7.3643448356102468        11.119015111192516        9.7477633070875864     
        3288   7.3645326882795867        11.119472346182597        9.7480785649725714     
        3289   7.3665531746204964        11.124391284726689        9.7514655422594334     
        3290   7.3665614969378144        11.124411549677513        9.7514799098612439     
        3291   7.3666552053440855        11.124639733132231        9.7516374035181759     
        3292   7.3673805816441229        11.126406192334025        9.7528537433653906     
        3293   7.3676585223680169        11.127083108490503        9.7533200775389783     
        3294   7.3680975345455737        11.128152383943647        9.7540564347158476     
        3295   7.3689385549849487        11.130201062136422        9.7554667555547976     
        3296   7.3689862248363500        11.130317193252324        9.7555470902300474     
        3297   7.3701465546541183        11.133144268587490        9.7574928336924689     
        3298   7.3703038873516729        11.133527649679479        9.7577570350528209     
        3299   7.3703504086130387        11.133641012805196        9.7578354508577956     
        3300   7.3703558566106731        11.133654288566667        9.7578450029583923     
        3301   7.3706701059177622        11.134420079804531        9.7583722995611542     
        3302   7.3708489248853848        11.134855863041917        9.7586725346878236     
        3303   7.3712186398703583        11.135756909562723        9.7592928465161020     
        3304   7.3713398412173099        11.136052308134680        9.7594964835291922     
        3305   7.3730959698698548        11.140333224769122        9.7624415834573259     
        3306   7.3733315364167140        11.140907577121613        9.7628370246512990     
        3307   7.3733806945225675        11.141027436491070        9.7629198771119103     
        3308   7.3736668617478864        11.141725204323713        9.7634001801311552     
        3309   7.3747519935952264        11.144371459084777        9.7652203747569839     
        3310   7.3752966072992603        11.145699791449058        9.7661341614189023     
        3311   7.3756224980492480        11.146494718191670        9.7666811438947594     
        3312   7.3766332322933597        11.148960466234048        9.7683767741750867     
        3313   7.3766525058039845        11.149007489868923        9.7684095193885749     
        3314   7.3767043579783822        11.149134000014831        9.7684969077411044     
        3315   7.3777282898926622        11.151632475329912        9.7702147889103141     
        3316   7.3784642895301644        11.153428681527602        9.7714497823915689     
        3317   7.3788322653830649        11.154326822929386        9.7720674693468990     
        3318   7.3789634502606276        11.154647029570707        9.7722879500722097     
        3319   7.3791219321164299        11.155033875821209        9.7725542237488998     
        3320   7.3793392606400934        11.155564383298620        9.7729192175799593     
        3321   7.3796239492143449        11.156259353375841        9.7733972173474779     
        3322   7.3798201951167455        11.156738443326788        9.7737268544975340     
        3323   7.3801036489025575        11.157430464002305        9.7742027970029088     
        3324   7.3802519611471258        11.157792567006453        9.7744520286145207     
        3325   7.3834657986786310        11.165641699772854        9.7798446319763830     
        3326   7.3843732773529398        11.167858921174465        9.7813678148425485     
        3327   7.3848029688050048        11.168908913454638        9.7820892929520920     
        3328   7.3858190719159289        11.171392209813218        9.7837948960615169     
        3329   7.3877660501221092        11.176151889011820        9.7870629558771522     
        3330   7.3887487813125974        11.178555010710449        9.7887128559596288     
        3331   7.3900728514121417        11.181793556249382        9.7909358401036588     
        3332   7.3902244324753505        11.182164362187995        9.7911907131273619     
        3333   7.3912991770629404        11.184793777072702        9.7929953338215459     
        3334   7.3914614854422904        11.185190920490690        9.7932682352198608     
        3335   7.3914733954196592        11.185220062854093        9.7932886494827667     
        3336   7.3914998512644576        11.185284797547911        9.7933334833812413     
        3337   7.3917358610981143        11.185862303839095        9.7937301198539668     
        3338   7.3922755396768158        11.187182975246726        9.7946365814581089     
        3339   7.3924261198904526        11.187551491671206        9.7948898089895184     
        3340   7.3927146406005360        11.188257621569965        9.7953746300591629     
        3341   7.3929595398304384        11.188857022906753        9.7957862212609559     
        3342   7.3930186004673146        11.189001580642623        9.7958858014424006     
        3343   7.3933418788203165        11.189792871401403        9.7964289980856858     
        3344   7.3950507839348329        11.193976603253589        9.7992988093013818     
        3345   7.3972508279104732        11.199364801098948        9.8029937287406899     
        3346   7.3973157421675007        11.199523819957312        9.8031031661816872     
        3347   7.3974525101020516        11.199858863622925        9.8033332762523653     
        3348   7.3976382865369636        11.200313978963029        9.8036456949202293     
        3349   7.3978929639525477        11.200937914940578        9.8040738337282303     
        3350   7.3982226299189167        11.201745612143618        9.8046279222111909     
        3351   7.3985307751852369        11.202500629807753        9.8051458772884832     
        3352   7.3987777088345554        11.203105699658625        9.8055610336625083     
        3353   7.3996771795886573        11.205309950871140        9.8070722083303661     
        3354   7.4004367564027298        11.207171679487702        9.8083484820778342     
        3355   7.4009748455904205        11.208490708037870        9.8092527616633678     
        3356   7.4016619257043761        11.210175163316388        9.8104073534780536     
        3357   7.4019571269801716        11.210898952638855        9.8109036743474558     
        3358   7.4019878298094417        11.210974233784713        9.8109556724131846     
        3359   7.4024346929881624        11.212069961725339        9.8117067844273098     
        3360   7.4039679035611314        11.215830190999830        9.8142830230366886     
        3361   7.4044474579379616        11.217006539866615        9.8150891528952240     
        3362   7.4044945478809856        11.217122057660553        9.8151686919070311     
        3363   7.4065528370164300        11.222172353736905        9.8186275667691145     
        3364   7.4068990941653698        11.223022143909883        9.8192098319598760     
        3365   7.4069155672790048        11.223062573944661        9.8192379345668019     
        3366   7.4075722539191418        11.224674389355044        9.8203418750078502     
        3367   7.4077505299813069        11.225111997863896        9.8206418853212174     
        3368   7.4088164558069538        11.227728811352499        9.8224336406878319     
        3369   7.4092337779289661        11.228753472930711        9.8231354218919780     
        3370   7.4094526853907281        11.229290995554598        9.8235037507415708     
        3371   7.4100671357609142        11.230799888897902        9.8245368765098302     
        3372   7.4105537311928931        11.231994940703505        9.8253551448294889     
        3373   7.4121096847886250        11.235817044709691        9.8279709052519042     
        3374   7.4128701745183987        11.237685566088295        9.8292496944357293     
        3375   7.4134067372838803        11.239004067545064        9.8301521031905441     
        3376   7.4145399734352919        11.241789238068037        9.8320576459564268     
        3377   7.4153775082838163        11.243848058194656        9.8334661611521970     
        3378   7.4157478256233293        11.244758476849043        9.8340891969630402     
        3379   7.4160686696350320        11.245547319814944        9.8346290649006622     
        3380   7.4167808922242076        11.247298603450044        9.8358270091796438     
        3381   7.4171281179279696        11.248152485470477        9.8364112713503946     
        3382   7.4180020862045080        11.250301967627488        9.8378812763574377     
        3383   7.4189665856076701        11.252674535770396        9.8395036020769400     
        3384   7.4202938431836145        11.255940187672175        9.8417361003481343     
        3385   7.4203394622789407        11.256052446376899        9.8418132445358619     
        3386   7.4214604526388461        11.258811277465226        9.8436990068934538     
        3387   7.4216199714126292        11.259203913163956        9.8439677269593329     
        3388   7.4222914329358032        11.260856767744471        9.8450975220026766     
        3389   7.4225550915408443        11.261505843598227        9.8455414210252368     
        3390   7.4228744679449861        11.262292130905214        9.8460790476464712     
        3391   7.4229296241858256        11.262427927573750        9.8461722463588490     
        3392   7.4240114175127907        11.265091640303440        9.8479923740237911     
        3393   7.4244929494065826        11.266277504672138        9.8488028297229082     
        3394   7.4256744271763759        11.269187596346374        9.8507908364369587     
        3395   7.4260414660038458        11.270091785694447        9.8514087532139936     
        3396   7.4261277932024932        11.270304459708308        9.8515544121472214     
        3397   7.4262565151012891        11.270621583204365        9.8517713969597605     
        3398   7.4268990683718652        11.272204718867126        9.8528528781719427     
        3399   7.4271673048376412        11.272865664589148        9.8533046059903437     
        3400   7.4273105115888862        11.273218546244664        9.8535459757990989     
        3401   7.4283375998006917        11.275749728603513        9.8552745475635728     
        3402   7.4303138787723970        11.280621563270833        9.8586005082171173     
        3403   7.4308283082038988        11.281890023250686        9.8594666421714177     
        3404   7.4309893644458676        11.282287175894783        9.8597381056115783     
        3405   7.4314409096432792        11.283400719858282        9.8604984447171571     
        3406   7.4327340529594501        11.286590256171381        9.8626752457524436     
        3407   7.4330385283935181        11.287341362821152        9.8631881307594735     
        3408   7.4334600762606193        11.288381348501016        9.8638980758815027     
        3409   7.4346856093480405        11.291405308911351        9.8659613407946427     
        3410   7.4351734121974768        11.292609149101844        9.8667828871801309     
        3411   7.4352512412348082        11.292801232758160        9.8669143234610761     
        3412   7.4364520279993540        11.295765173198204        9.8689361568305944     
        3413   7.4372428624606499        11.297717599153144        9.8702679565837972     
        3414   7.4374360650345288        11.298194627402852        9.8705936483762269     
        3415   7.4381078135223850        11.299853354693296        9.8717250305589896     
        3416   7.4381255866536335        11.299897244313057        9.8717553780763421     
        3417   7.4404025664929243        11.305521376448535        9.8755896866478974     
        3418   7.4427001110304616        11.311198869330626        9.8794591670107206     
        3419   7.4430325998353002        11.312020700473992        9.8800195466639433     
        3420   7.4437844815469179        11.313879367755883        9.8812862820027636     
        3421   7.4439499922450789        11.314288550773034        9.8815654656688867     
        3422   7.4443036272736842        11.315162868135745        9.8821615047862732     
        3423   7.4454126382747212        11.317905152620797        9.8840298804641495     
        3424   7.4460110072018262        11.319385007169837        9.8850382146239877     
        3425   7.4462367451538594        11.319943335913720        9.8854188883528114     
        3426   7.4465066272185583        11.320610881187919        9.8858739285340729     
        3427   7.4466738512836406        11.321024522836597        9.8861560454632436     
        3428   7.4491151792888592        11.327064895458635        9.8902692656488025     
        3429   7.4496812122715479        11.328465800208608        9.8912233492968777     
        3430   7.4499847918554538        11.329217209949395        9.8917352622920642     
        3431   7.4505603215438283        11.330641865231488        9.8927053984592543     
        3432   7.4512047223508588        11.332237195478436        9.8937916165988948     
        3433   7.4514952112778019        11.332956419715439        9.8942815196369285     
        3434   7.4515828140845963        11.333173324441770        9.8944295584793682     
        3435   7.4517452066752288        11.333575418779445        9.8947036227415683     
        3436   7.4528698400151212        11.336360437163178        9.8965991827268081     
        3437   7.4529796979374989        11.336632520284907        9.8967847381284688     
        3438   7.4531277675345198        11.336999250938215        9.8970346889852063     
        3439   7.4532770083394713        11.337368893262685        9.8972866158722237     
        3440   7.4533275433256279        11.337494061707606        9.8973722036122265     
        3441   7.4539863957080241        11.339126066204727        9.8984829623911619     
        3442   7.4555876896259354        11.343093425689874        9.9011821623359193     
        3443   7.4555922618942914        11.343104755726944        9.9011902942214984     
        3444   7.4564052192394792        11.345119419478683        9.9025609569532573     
        3445   7.4564260036172403        11.345170931398266        9.9025964154691462     
        3446   7.4566613226169203        11.345754159883427        9.9029934838866307     
        3447   7.4568449226910820        11.346209224033021        9.9033033812987501     
        3448   7.4584388477882584        11.350160562428373        9.9059906351670524     
        3449   7.4586627650899198        11.350715753221975        9.9063685322894823     
        3450   7.4598367399855929        11.353626963866512        9.9083480859106015     
        3451   7.4602382166197136        11.354622697017607        9.9090253679946745     
        3452   7.4604225645324966        11.355079939061705        9.9093365947879573     
        3453   7.4609158948801504        11.356303639078163        9.9101687670354703     
        3454   7.4610016478269792        11.356516360457347        9.9103137735878679     
        3455   7.4611602970654722        11.356909920148397        9.9105816862245302     
        3456   7.4615187459771644        11.357799166659225        9.9111864757986741     
        3457   7.4624830106066931        11.360191645739846        9.9128127685387089     
        3458   7.4629537548433209        11.361359796185733        9.9136069614523539     
        3459   7.4634343990930043        11.362552626129636        9.9144178715291194     
        3460   7.4656173744174144        11.367971617562159        9.9180996307122857     
        3461   7.4666434511524367        11.370519549840653        9.9198305867987298     
        3462   7.4679528656423670        11.373771814963602        9.9220395651472568     
        3463   7.4684052995726118        11.374895746843752        9.9228031405319346     
        3464   7.4690291224547183        11.376445607208321        9.9238558433680364     
        3465   7.4714378192828406        11.382431712080795        9.9279196846949329     
        3466   7.4715773812522821        11.382778640030867        9.9281555678740272     
        3467   7.4718154121715985        11.383370367704439        9.9285575835705817     
        3468   7.4733575863911161        11.387204780221321        9.9311599991888695     
        3469   7.4742485442690416        11.389420565491543        9.9326637817602919     
        3470   7.4749123047907213        11.391071573160183        9.9337842571853709     
        3471   7.4760140801683059        11.393812560507792        9.9356439523910804     
        3472   7.4761320878209450        11.394106174573773        9.9358435275099684     
        3473   7.4763765053598688        11.394714330184330        9.9362564344702786     
        3474   7.4775212621560687        11.397563088679359        9.9381888386523212     
        3475   7.4784087286844434        11.399772020169127        9.9396871144729086     
        3476   7.4786474287946714        11.400366218708099        9.9400904293192820     
        3477   7.4793470938748587        11.402108064646155        9.9412718128016362     
        3478   7.4812900509681137        11.406946412160906        9.9445520001645082     
        3479   7.4826744715987532        11.410395036362155        9.9468896037590167     
        3480   7.4833107993403036        11.411980462879786        9.9479643456142401     
        3481   7.4839219466179356        11.413503340971479        9.9489966149205475     
        3482   7.4844344803139338        11.414780633360351        9.9498624182495927     
        3483   7.4844904482251291        11.414920119678943        9.9499573457086949     
        3484   7.4854792611964882        11.417384750674387        9.9516273943982174     
        3485   7.4855064886713256        11.417452622434388        9.9516737979173211     
        3486   7.4857474065028722        11.418053190593747        9.9520810343917336     
        3487   7.4858173356542066        11.418227517762455        9.9521995445059250     
        3488   7.4858876373412029        11.418402776080203        9.9523186842018010     
        3489   7.4865661632369900        11.420094430899548        9.9534648978957865     
        3490   7.4868720962522328        11.420857237265887        9.9539819523627298     
        3491   7.4880518762971233        11.423799309744231        9.9559747551063555     
        3492   7.4882213293716262        11.424221939651094        9.9562613623187968     
        3493   7.4885698719504479        11.425091278438510        9.9568504320713469     
        3494   7.4905812700981445        11.430109311681049        9.9602480868797034     
        3495   7.4926146984201116        11.435184354268294        9.9636833781895202     
        3496   7.4929723289606605        11.436077143815014        9.9642879602342678     
        3497   7.4935158667997666        11.437434154801979        9.9652066251041500     
        3498   7.4935356951767993        11.437483661639282        9.9652405520716112     
        3499   7.4935372183937687        11.437487464765246        9.9652435543359399     
        3500   7.4948258489239503        11.440705296431643        9.9674210814680482     
        3501   7.4953022921870751        11.441895229864990        9.9682264892235377     
        3502   7.4955684721570233        11.442560072816944        9.9686766552023531     
        3503   7.4955926765838177        11.442620530444307        9.9687179804205908     
        3504   7.4957363207617114        11.442979329762059        9.9689611137494776     
        3505   7.5001446824134508        11.453995696597492        9.9764110462798481     
        3506   7.5030095365557621        11.461160091716181        9.9812537549242233     
        3507   7.5033098229745319        11.461911282442566        9.9817617890180639     
        3508   7.5039783035293937        11.463583702657125        9.9828922523710251     
        3509   7.5052431804633004        11.466748813604596        9.9850310217740574     
        3510   7.5053018662947490        11.466895683052813        9.9851306672285975     
        3511   7.5055603013520722        11.467542473228898        9.9855680170543746     
        3512   7.5057956689513805        11.468131561174033        9.9859663742606362     
        3513   7.5064259271939351        11.469709134776322        9.9870323866945565     
        3514   7.5065327990558322        11.469976661102141        9.9872135099647412     
        3515   7.5076119880171275        11.472678455055235        9.9890386410405920     
        3516   7.5081808414770874        11.474102838162823        9.9900009418154649     
        3517   7.5098177980231018        11.478202608455680        9.9927694789666841     
        3518   7.5100323580627286        11.478740075417095        9.9931327528246410     
        3519   7.5102418018822874        11.479264748679418        9.9934873792640868     
        3520   7.5105549501952202        11.480049250945584        9.9940173916690735     
        3521   7.5115575306465905        11.482561256665937        9.9957134085251642     
        3522   7.5118510941178185        11.483296887329734        9.9962103399703626     
        3523   7.5121565615301176        11.484062393636195        9.9967274139821054     
        3524   7.5142749866692151        11.489372491796786        10.000311048499116     
        3525   7.5149828402449073        11.491147318436431        10.001508880229848     
        3526   7.5153625051981345        11.492099369820787        10.002151571583420     
        3527   7.5162586011886940        11.494346716085245        10.003667943390520     
        3528   7.5164346612098605        11.494788309837412        10.003966227951620     
        3529   7.5164591724113299        11.494849790071079        10.004008126599805     
        3530   7.5166779651826285        11.495398590548666        10.004378710351721     
        3531   7.5167547142390294        11.495591106816670        10.004508986311111     
        3532   7.5178223126524557        11.498269363385385        10.006315656149910     
        3533   7.5195075956096762        11.502498357472616        10.009167610088680     
        3534   7.5206852461605731        11.505454364797677        10.011160818364617     
        3535   7.5208278693637709        11.505812409147305        10.011402601299723     
        3536   7.5209697601182022        11.506168624918915        10.011643146878873     
        3537   7.5223226951519875        11.509565669048074        10.013933183566868     
        3538   7.5223980054199595        11.509754790475926        10.014061070123843     
        3539   7.5232644141101366        11.511930748082573        10.015527853324764     
        3540   7.5236815556302963        11.512978520718590        10.016234303152745     
        3541   7.5243818093883572        11.514737609831680        10.017419965414712     
        3542   7.5244674991184644        11.514952885757726        10.017565436767923     
        3543   7.5247753867577032        11.515726413905883        10.018087009718185     
        3544   7.5247974743305726        11.515781907935976        10.018124828042859     
        3545   7.5248896655533200        11.516013536883049        10.018281307977611     
        3546   7.5251677350535182        11.516712207976102        10.018752421566136     
        3547   7.5259641702709192        11.518713529092716        10.020101005412394     
        3548   7.5267531351448902        11.520696394346384        10.021437009152082     
        3549   7.5274288110649783        11.522394786310258        10.022581287201101     
        3550   7.5281748337260206        11.524270271283276        10.023844709940137     
        3551   7.5284792756404979        11.525035712583461        10.024360568362612     
        3552   7.5299546417263317        11.528745807236691        10.026858961973042     
        3553   7.5301892152540351        11.529335789416583        10.027256574574539     
        3554   7.5310738234393968        11.531560941770396        10.028754878759218     
        3555   7.5312956222529994        11.532118918857876        10.029130886995352     
        3556   7.5322238444528606        11.534454308556468        10.030703150228588     
        3557   7.5323136150749725        11.534680192904345        10.030855602999589     
        3558   7.5324003720477526        11.534898498068708        10.031002953171514     
        3559   7.5324111587673590        11.534925640782898        10.031021652336937     
        3560   7.5326415107149316        11.535505291414513        10.031412176072417     
        3561   7.5338653287877957        11.538585320810501        10.033485185391617     
        3562   7.5343484341768372        11.539801379436588        10.034303816048917     
        3563   7.5388630717759559        11.551171214101309        10.041951514459074     
        3564   7.5393278173562468        11.552342234324666        10.042739292402375     
        3565   7.5393969262082150        11.552516377385500        10.042856807593219     
        3566   7.5396680897647750        11.553199688857282        10.043316642542854     
        3567   7.5399264274511548        11.553850714861484        10.043754755218705     
        3568   7.5401174991659392        11.554332248516731        10.044078909378849     
        3569   7.5401593781005580        11.554437793128910        10.044150295931308     
        3570   7.5405722301573608        11.555478323606328        10.044850213683665     
        3571   7.5417501247162413        11.558447502900433        10.046846420864592     
        3572   7.5422159716167450        11.559621981753404        10.047636205037348     
        3573   7.5433940858996191        11.562592699707778        10.049632986396245     
        3574   7.5434225042727050        11.562664367836332        10.049681577362103     
        3575   7.5449290885001794        11.566464402214864        10.052235175606556     
        3576   7.5454815194177822        11.567858079786946        10.053171857161574     
        3577   7.5471405584112183        11.572044452219407        10.055984185307645     
        3578   7.5472704454354984        11.572372264679409        10.056204775873715     
        3579   7.5479383890396150        11.574058174990927        10.057337392996304     
        3580   7.5484962587923903        11.575466429782312        10.058283467511183     
        3581   7.5491795531781287        11.577191515607019        10.059442192577803     
        3582   7.5500775005260623        11.579458889188622        10.060964862117766     
        3583   7.5504554451277661        11.580413346097581        10.061606027805981     
        3584   7.5505610162735293        11.580679967265693        10.061785439914447     
        3585   7.5506802503341719        11.580981101124479        10.061988016593750     
        3586   7.5508153620888425        11.581322343964766        10.062217513209225     
        3587   7.5513118146495861        11.582576281434703        10.063059627458033     
        3588   7.5518335835400592        11.583894298355613        10.063944690459431     
        3589   7.5522472568055266        11.584939358559019        10.064646503821288     
        3590   7.5524029342836325        11.585332668234308        10.064910892394591     
        3591   7.5526866020301426        11.586049369355431        10.065392297583847     
        3592   7.5532818716019650        11.587553482089053        10.066402064436760     
        3593   7.5538682815267473        11.589035385470105        10.067396845131887     
        3594   7.5540694485659436        11.589543790661228        10.067738396796402     
        3595   7.5547390994693036        11.591236334185364        10.068874383061962     
        3596   7.5552986620534597        11.592650805121027        10.069823724387595     
        3597   7.5557782925091859        11.593863349797319        10.070637542746796     
        3598   7.5560443686727563        11.594536062637687        10.071089214318691     
        3599   7.5586308585540030        11.601077299044507        10.075476446370805     
        3600   7.5595006530099944        11.603277779726659        10.076952246422900     
        3601   7.5598384554179283        11.604132485702856        10.077525690746805     
        3602   7.5601690359221818        11.604968975439007        10.078086896208633     
        3603   7.5602837096145414        11.605259154952016        10.078281857183404     
        3604   7.5614861216710372        11.608302240607939        10.080322079000338     
        3605   7.5623513515998519        11.610492438215239        10.081790394177469     
        3606   7.5625323145926320        11.610950566961494        10.082097846587130     
        3607   7.5627209560814643        11.611428152583608        10.082418329793699     
        3608   7.5633421929488680        11.613001073436578        10.083472778001402     
        3609   7.5634075592682368        11.613166587111129        10.083584118460125     
        3610   7.5645808866820534        11.616137935383792        10.085575381350855     
        3611   7.5650272075489280        11.617268389108801        10.086333143365634     
        3612   7.5651624358234120        11.617610919170101        10.086563041054822     
        3613   7.5651711007630142        11.617632867579749        10.086578179648976     
        3614   7.5660117729810317        11.619762484991050        10.088005154449805     
        3615   7.5669144534749302        11.622049587748640        10.089537433393454     
        3616   7.5670296814435165        11.622341568572123        10.089733416261632     
        3617   7.5671000444982965        11.622519867724693        10.089853261948717     
        3618   7.5682182469389732        11.625353720960293        10.091751419928661     
        3619   7.5715978565196451        11.633922550995541        10.097488246823056     
        3620   7.5718216214729814        11.634490103163330        10.097868533011015     
        3621   7.5720991602946350        11.635194081910990        10.098340109825676     
        3622   7.5729923837688249        11.637460017332785        10.099856907253573     
        3623   7.5743609129838037        11.640932508577960        10.102180758562183     
        3624   7.5747453946041494        11.641908261690649        10.102833982134504     
        3625   7.5750323026122750        11.642636438145772        10.103321551648810     
        3626   7.5753985114912767        11.643565942928339        10.103943776436831     
        3627   7.5754446852983106        11.643683145360916        10.104022612586041     
        3628   7.5764092213482934        11.646131667170897        10.105660812668971     
        3629   7.5768738874539361        11.647311415951984        10.106450277877348     
        3630   7.5778637596514686        11.649824990835340        10.108131647225486     
        3631   7.5785255110469762        11.651505653023049        10.109255881478573     
        3632   7.5793883504592259        11.653697361601434        10.110721675540949     
        3633   7.5794794267154240        11.653928727899038        10.110876791294578     
        3634   7.5794878391521916        11.653950098716273        10.110891515285461     
        3635   7.5800845936872197        11.655466177441355        10.111905469975190     
        3636   7.5801690505105821        11.655680758227795        10.112049349809274     
        3637   7.5803334379552583        11.656098430570408        10.112328987466034     
        3638   7.5804819409059840        11.656475755906147        10.112581648832679     
        3639   7.5811901663923411        11.658275415032445        10.113785001617183     
        3640   7.5819153412975417        11.660118412540692        10.115017197142000     
        3641   7.5829383393528182        11.662718775541132        10.116755358769252     
        3642   7.5832674018330231        11.663555335825810        10.117314783892740     
        3643   7.5838212087520462        11.664963379889727        10.118256014527537     
        3644   7.5838505982316793        11.665038106541550        10.118306378655783     
        3645   7.5840324669227082        11.665500541757647        10.118615777369969     
        3646   7.5844197793798109        11.666485413249019        10.119274198942966     
        3647   7.5847688696383724        11.667373158507790        10.119867700311781     
        3648   7.5848302058021337        11.667529144418532        10.119972341909554     
        3649   7.5857092096231362        11.669764780304803        10.121466167472226     
        3650   7.5878743598587839        11.675273274197941        10.125145442328273     
        3651   7.5888722846192813        11.677812974369953        10.126841632577404     
        3652   7.5889490012531704        11.678008238153769        10.126972437425094     
        3653   7.5895035302892850        11.679419749474492        10.127915224002914     
        3654   7.5895536454564283        11.679547321659541        10.128000827330359     
        3655   7.5902412982775322        11.681297928684877        10.129169888460604     
        3656   7.5906966232834421        11.682457217084481        10.129944150030015     
        3657   7.5911447336767477        11.683598241573954        10.130706171544992     
        3658   7.5913904559447269        11.684223968949309        10.131124234270183     
        3659   7.5916247044560956        11.684820507772439        10.131522802305904     
        3660   7.5927459371453683        11.687676240742892        10.133428973518880     
        3661   7.5928629836362598        11.687974390892769        10.133628360227162     
        3662   7.5928914764965230        11.688046971253538        10.133677228874655     
        3663   7.5944719878503761        11.692073695638728        10.136364272384379     
        3664   7.5949042052889357        11.693175097120404        10.137099453367489     
        3665   7.5956916019193983        11.695181836238866        10.138438467147347     
        3666   7.5958346796751801        11.695546515176046        10.138682144720550     
        3667   7.5961635485361301        11.696384781872309        10.139241684638586     
        3668   7.5964824883767017        11.697197793798976        10.139784355292056     
        3669   7.5965210566963739        11.697296112174318        10.139850364611481     
        3670   7.5968583755235386        11.698156038418238        10.140424294494744     
        3671   7.5980610672557951        11.701222539732557        10.142469582261588     
        3672   7.5981774026615039        11.701519199849510        10.142667825320268     
        3673   7.5982171691222167        11.701620607590842        10.142735878824107     
        3674   7.6015601483423136        11.710148422065471        10.148420989533259     
        3675   7.6016306270165641        11.710328273153186        10.148541288445847     
        3676   7.6017351275243472        11.710594947659818        10.148719447858001     
        3677   7.6030535249094422        11.713959850418249        10.150962140902143     
        3678   7.6040994580901762        11.716629996154705        10.152741571678133     
        3679   7.6046136915312834        11.717942983486157        10.153616694543695     
        3680   7.6075333643390497        11.725400371765295        10.158583865843495     
        3681   7.6076597811816802        11.725723364441912        10.158799376224090     
        3682   7.6087642537405333        11.728545626284340        10.160678909368974     
        3683   7.6111505783252733        11.734645584792153        10.164739755651793     
        3684   7.6121666135136339        11.737243692904570        10.166469191723118     
        3685   7.6126012916775530        11.738355375330261        10.167209360179518     
        3686   7.6135362450700796        11.740746838700908        10.168800956387370     
        3687   7.6148415320613259        11.744086322472823        10.171022959937533     
        3688   7.6152185421353815        11.745051041969489        10.171665094095486     
        3689   7.6156992313000824        11.746281170699064        10.172483717975203     
        3690   7.6163019490241153        11.747823753051184        10.173510081535293     
        3691   7.6166702505401158        11.748766469481563        10.174137449329420     
        3692   7.6173936583992399        11.750618334547234        10.175369325121400     
        3693   7.6179446362630197        11.752028976978526        10.176307715184398     
        3694   7.6180588128785374        11.752321317852843        10.176502526422519     
        3695   7.6187967784810615        11.754210989733387        10.177759291133883     
        3696   7.6191935737413115        11.755227161763894        10.178435265557566     
        3697   7.6210850552191909        11.760072283267965        10.181656132336075     
        3698   7.6219318412311168        11.762241975414341        10.183098427311096     
        3699   7.6231305034615326        11.765313912511566        10.185140003276414     
        3700   7.6235363505952698        11.766354190521449        10.185831572526686     
        3701   7.6241855373436955        11.768018383029183        10.186937567494263     
        3702   7.6242920748054148        11.768291513351205        10.187119444012369     
        3703   7.6243100607930829        11.768337624655681        10.187150515473748     
        3704   7.6269418646223501        11.775086706130143        10.191633359622065     
        3705   7.6274573944655772        11.776409174183621        10.192511919168146     
        3706   7.6274723652041398        11.776447580110080        10.192537860807116     
        3707   7.6288404845502322        11.779957851135070        10.194868800182354     
        3708   7.6293538803925838        11.781275357981556        10.195743826749608     
        3709   7.6293910503930116        11.781370751231357        10.195807589298054     
        3710   7.6295114867011744        11.781679844494235        10.196013201915184     
        3711   7.6296765923597372        11.782103591647290        10.196294914253455     
        3712   7.6317403965434449        11.787401600967440        10.199811455890801     
        3713   7.6320028778428508        11.788075579935100        10.200259118283528     
        3714   7.6323637268601363        11.789002199165079        10.200874393349919     
        3715   7.6324531157153075        11.789231750193023        10.201027142427785     
        3716   7.6326864148927154        11.789830883508824        10.201425100826397     
        3717   7.6329926266991883        11.790617306612061        10.201947303205612     
        3718   7.6332175849520656        11.791195083228166        10.202331062198171     
        3719   7.6335241949559487        11.791982614973195        10.202853960153407     
        3720   7.6340170377816365        11.793248592103472        10.203694215137025     
        3721   7.6353947756367919        11.796788300571297        10.206042482365904     
        3722   7.6355425242675263        11.797167958484181        10.206294716800452     
        3723   7.6365803836244934        11.799835188226753        10.208063938661153     
        3724   7.6376645321094783        11.802621985863608        10.209912169394743     
        3725   7.6379753324846416        11.803421011095164        10.210442352513384     
        3726   7.6404074528033359        11.809675423890599        10.214588550151570     
        3727   7.6423168699785791        11.814587853042868        10.217844189113640     
        3728   7.6425084583451923        11.815080866206232        10.218171274669958     
        3729   7.6428671347331019        11.816003898225881        10.218783242510687     
        3730   7.6444826347107107        11.820162134900025        10.221538198637043     
        3731   7.6450218829629151        11.821550447769237        10.222458149017379     
        3732   7.6455445921588403        11.822896327466266        10.223349926620651     
        3733   7.6458038484891837        11.823563918428032        10.223792469401277     
        3734   7.6459684087869721        11.823987683445633        10.224073534280530     
        3735   7.6461085113642273        11.824348477848257        10.224312894037828     
        3736   7.6462381854619537        11.824682425943433        10.224534471948642     
        3737   7.6464572527705750        11.825246607533570        10.224908497407325     
        3738   7.6465545491422864        11.825497190840935        10.225074864529772     
        3739   7.6466832469438115        11.825828655118871        10.225294783590359     
        3740   7.6470594438759463        11.826797609750637        10.225936787993048     
        3741   7.6474397908571934        11.827777329852786        10.226585884913549     
        3742   7.6476870684628917        11.828414323230900        10.227008049865733     
        3743   7.6478642364325120        11.828870732371094        10.227310649600957     
        3744   7.6479747254191386        11.829155375686225        10.227499531204133     
        3745   7.6480023247302089        11.829226478439795        10.227547044912042     
        3746   7.6483622864098599        11.830153867126375        10.228161411398000     
        3747   7.6508312498742912        11.836516645932299        10.232373097406759     
        3748   7.6509516097421244        11.836826908792609        10.232578851427482     
        3749   7.6520536549921365        11.839668111778613        10.234459242418135     
        3750   7.6524120698501825        11.840592286856005        10.235071122858026     
        3751   7.6529594251708444        11.842003778027760        10.236005351848965     
        3752   7.6537051129817382        11.843926975127923        10.237277985589079     
        3753   7.6540182427044146        11.844734653558962        10.237812665414600     
        3754   7.6554413079160133        11.848405927568422        10.240241155607718     
        3755   7.6555690946847745        11.848735649163668        10.240459640547064     
        3756   7.6561628361379306        11.850267763646581        10.241473201745864     
        3757   7.6563731090742584        11.850810405476640        10.241832448851754     
        3758   7.6587344597694447        11.856905854329842        10.245862547528704     
        3759   7.6587710244737055        11.857000263634461        10.245925393881238     
        3760   7.6595239159951021        11.858944372372695        10.247210775834942     
        3761   7.6598645720098206        11.859824110192946        10.247792627016489     
        3762   7.6601301409624512        11.860509980023147        10.248246333457649     
        3763   7.6601526408746130        11.860568090995967        10.248285179816184     
        3764   7.6601999752759289        11.860690343382249        10.248366413231002     
        3765   7.6616189462412443        11.864355729764684        10.250788835179430     
        3766   7.6617458503801750        11.864683592011680        10.251005896627158     
        3767   7.6626332909910788        11.866976572986603        10.252521192191450     
        3768   7.6626562053099159        11.867035784882447        10.252560752077043     
        3769   7.6627167609305316        11.867192265381028        10.252664567309635     
        3770   7.6637795180665655        11.869938832533235        10.254479244014346     
        3771   7.6639861213082980        11.870472843669500        10.254832394469103     
        3772   7.6641143540986931        11.870804300756948        10.255051755814863     
        3773   7.6654772749426678        11.874327732116894        10.257379062621579     
        3774   7.6659439478137301        11.875534405987057        10.258176284479424     
        3775   7.6676609631984505        11.879975087663354        10.261108483707003     
        3776   7.6678556170262464        11.880478616441003        10.261441313767447     
        3777   7.6686584938826901        11.882555705493093        10.262812769931530     
        3778   7.6697908731543532        11.885485823234243        10.264747006813961     
        3779   7.6698594151464254        11.885663202914291        10.264864506931600     
        3780   7.6700906884251943        11.886261733131743        10.265259921140109     
        3781   7.6705188617518090        11.887369912043029        10.265991616668673     
        3782   7.6723417830814595        11.892089014718069        10.269105529987749     
        3783   7.6733151195089313        11.894609477235221        10.270768532678092     
        3784   7.6734380989545876        11.894927969665998        10.270979046401242     
        3785   7.6748309156815138        11.898535655917307        10.273358754432985     
        3786   7.6751789174300971        11.899437215738464        10.273953701418675     
        3787   7.6755716508710350        11.900454738992394        10.274625080114143     
        3788   7.6759754939573099        11.901501132331852        10.275315455037918     
        3789   7.6763993055623931        11.902599360086024        10.276039962760072     
        3790   7.6764317059215559        11.902683323469606        10.276095763592108     
        3791   7.6766804565077598        11.903327962916023        10.276521197443179     
        3792   7.6780120050465568        11.906779248669665        10.278796692545926     
        3793   7.6785853414100629        11.908265592142952        10.279776783112650     
        3794   7.6794248615316327        11.910442321509693        10.281211756999712     
        3795   7.6795145074534084        11.910674780162369        10.281365389471217     
        3796   7.6800944151830457        11.912178629189425        10.282356799862077     
        3797   7.6802388788326281        11.912553288523755        10.282604115266240     
        3798   7.6823727038287011        11.918088566501851        10.286251243485586     
        3799   7.6833089527098011        11.920518029638979        10.287851878470709     
        3800   7.6849399904419897        11.924751521763056        10.290640230254271     
        3801   7.6858214492702377        11.927040017353187        10.292147455318494     
        3802   7.6858585694152177        11.927136400065145        10.292211357260237     
        3803   7.6862452862024293        11.928140557068451        10.292872890244210     
        3804   7.6864563510178021        11.928688646469860        10.293234155457560     
        3805   7.6866181278478001        11.929108761967493        10.293511165235495     
        3806   7.6874634831768773        11.931304280532354        10.294956821505375     
        3807   7.6877273645852497        11.931989700354304        10.295408412032261     
        3808   7.6883553901596882        11.933621119081469        10.296482589716566     
        3809   7.6893593754530274        11.936229608740275        10.298199628972009     
        3810   7.6903009046575264        11.938676323724557        10.299809978068863     
        3811   7.6908219800324407        11.940030627741944        10.300701441365925     
        3812   7.6909045581258244        11.940245266291061        10.300843095853581     
        3813   7.6911028608705303        11.940760713604975        10.301182641094831     
        3814   7.6931566373169762        11.946100334624919        10.304695294419021     
        3815   7.6936081426109162        11.947274510819987        10.305467929433421     
        3816   7.6949499276071789        11.950764582774760        10.307763293183788     
        3817   7.6953416730242541        11.951783722448379        10.308433796201230     
        3818   7.6974977323970828        11.957394275406736        10.312122334050491     
        3819   7.6995692980277655        11.962787329786945        10.315666797875712     
        3820   7.7012240498186646        11.967096935278091        10.318498503088671     
        3821   7.7020008252347480        11.969120467610042        10.319828101820280     
        3822   7.7033422937056386        11.972615820409308        10.322124103237782     
        3823   7.7039229238248916        11.974129023141074        10.323118198088901     
        3824   7.7041086862479062        11.974613184495700        10.323436553511792     
        3825   7.7044497591429453        11.975502187678888        10.324020711280832     
        3826   7.7059053697732400        11.979296933492627        10.326512417681782     
        3827   7.7075534339689700        11.983594792644848        10.329333773656819     
        3828   7.7090805662788711        11.987578602372965        10.331948390626232     
        3829   7.7091803730199873        11.987839011096524        10.332119698414919     
        3830   7.7095188498329819        11.988722181369624        10.332699593407755     
        3831   7.7095394670644293        11.988775978875621        10.332735337535132     
        3832   7.7099904621868056        11.989952839465850        10.333507874930531     
        3833   7.7102012490416456        11.990502920534636        10.333869191041432     
        3834   7.7105662092643596        11.991455398220532        10.334494463244960     
        3835   7.7106477874584005        11.991668311921394        10.334634578333075     
        3836   7.7108500877004076        11.992196317845808        10.334981379255426     
        3837   7.7128719981078895        11.997474752700288        10.338443715844106     
        3838   7.7129843607079192        11.997768153865447        10.338636563059877     
        3839   7.7143088054164251        12.001227062333639        10.340904956073677     
        3840   7.7144086846571618        12.001487944919225        10.341076443150412     
        3841   7.7149246276903778        12.002835664550373        10.341960434542935     
        3842   7.7153569818434109        12.003965149557416        10.342701303138577     
        3843   7.7154183440351947        12.004125460846113        10.342806838478653     
        3844   7.7177176545245647        12.010133987909921        10.346745269638335     
        3845   7.7177918055627206        12.010327806480742        10.346872725191103     
        3846   7.7178493636274705        12.010478255830490        10.346971760641273     
        3847   7.7186017113547090        12.012444962195321        10.348260871199974     
        3848   7.7195049708704495        12.014806574733269        10.349808549873140     
        3849   7.7203709446686650        12.017071121097084        10.351292440671772     
        3850   7.7209607932196072        12.018613826927588        10.352303365000678     
        3851   7.7209685176305269        12.018634030823574        10.352317047670637     
        3852   7.7213386299429452        12.019602131349904        10.352951558903763     
        3853   7.7216029679388418        12.020293604539914        10.353404870644715     
        3854   7.7224238924882229        12.022441278329268        10.354811769327410     
        3855   7.7227055609888966        12.023178254537390        10.355294803950139     
        3856   7.7227279124740420        12.023236738311288        10.355333549111828     
        3857   7.7248820230721886        12.028874360263135        10.359024933137691     
        3858   7.7251427600456140        12.029556919531984        10.359472172692874     
        3859   7.7258024910160641        12.031284134855872        10.360603145882548     
        3860   7.7268697373513593        12.034078755315806        10.362432539030300     
        3861   7.7284531305244517        12.038226075095174        10.365146674373191     
        3862   7.7286099003697721        12.038636771089937        10.365415817713446     
        3863   7.7288709821648265        12.039320767062209        10.365863750457832     
        3864   7.7292368527044735        12.040279357141218        10.366491298408368     
        3865   7.7310126934353001        12.044933149437991        10.369535716963105     
        3866   7.7314352633728660        12.046040797188210        10.370260543242464     
        3867   7.7315700256190141        12.046394059000125        10.370492009268242     
        3868   7.7318702407029996        12.047181069939048        10.371007108705742     
        3869   7.7322533301473433        12.048185407174095        10.371664290664770     
        3870   7.7325037000759496        12.048841840157454        10.372093959544676     
        3871   7.7330842621250397        12.050364120782778        10.373089713945136     
        3872   7.7331382818792669        12.050505774373180        10.373182776892213     
        3873   7.7331916987134584        12.050645848531785        10.373274806492562     
        3874   7.7344900930907983        12.054051091385414        10.375501340461794     
        3875   7.7354090900438672        12.056461865783906        10.377077508512295     
        3876   7.7356178694747921        12.057009614797613        10.377435946195265     
        3877   7.7359040503141534        12.057760471405174        10.377927108770995     
        3878   7.7367309186295508        12.059930190642248        10.379345431248643     
        3879   7.7372094071080841        12.061185926166496        10.380166402636435     
        3880   7.7373545734391191        12.061566922704291        10.380415792273238     
        3881   7.7385347282915191        12.064664731132202        10.382440113810679     
        3882   7.7397406461438782        12.067830958529056        10.384508767683778     
        3883   7.7414306019308201        12.072269413583001        10.387407824598258     
        3884   7.7415296083822707        12.072529490376946        10.387578100919219     
        3885   7.7417350974205288        12.073069300050285        10.387931029028520     
        3886   7.7423049417566983        12.074566375275676        10.388908961068799     
        3887   7.7424286181576338        12.074891317297066        10.389121565083679     
        3888   7.7425244962073876        12.075143228946642        10.389286485402250     
        3889   7.7428093660308024        12.075891730809483        10.389775606835064     
        3890   7.7431268227888470        12.076725908383111        10.390320638414098     
        3891   7.7434374876819199        12.077542292947054        10.390854029177513     
        3892   7.7441653476002594        12.079455217419898        10.392103148819141     
        3893   7.7442319447153345        12.079630259194401        10.392217852975600     
        3894   7.7450891893696578        12.081883633105784        10.393689013728396     
        3895   7.7450941745931567        12.081896738572242        10.393698018622382     
        3896   7.7452399340138296        12.082279926102283        10.393948546532476     
        3897   7.7454519145848160        12.082837223646775        10.394312692503826     
        3898   7.7454786694765074        12.082907564101628        10.394359048015799     
        3899   7.7455803529916274        12.083174900684275        10.394533959838443     
        3900   7.7457533832534757        12.083629828459548        10.394831284815313     
        3901   7.7459767400161121        12.084217098166445        10.395214961087197     
        3902   7.7462786118884654        12.085010850714063        10.395733357974477     
        3903   7.7474254026834890        12.088026722407328        10.397701534663801     
        3904   7.7481655437360013        12.089973558404347        10.398972033387706     
        3905   7.7483983940924119        12.090586100926988        10.399372057514965     
        3906   7.7490966991001242        12.092423261208310        10.400570837390971     
        3907   7.7492001537824589        12.092695461562727        10.400748827623056     
        3908   7.7516158193733995        12.099053022243941        10.404895108042021     
        3909   7.7518230215011528        12.099598488430999        10.405251194716472     
        3910   7.7523449709777861        12.100972642527495        10.406147522226759     
        3911   7.7527510794418379        12.102041922563481        10.406845039833465     
        3912   7.7532780246633655        12.103429501082024        10.407749993558179     
        3913   7.7536579701248121        12.104430088056812        10.408402640412271     
        3914   7.7549592829568237        12.107857704525713        10.410636972273435     
        3915   7.7549743607197668        12.107897424380733        10.410663309146967     
        3916   7.7558899212631118        12.110309552681830        10.412235553117968     
        3917   7.7577503984694891        12.115212585101355        10.415430256270175     
        3918   7.7584971609291999        12.117181116119596        10.416712926650449     
        3919   7.7589464551880925        12.118365644385516        10.417484861957144     
        3920   7.7601334960413286        12.121495722505319        10.419523682169173     
        3921   7.7613886963744783        12.124806381452952        10.421679705549620     
        3922   7.7614019542552537        12.124841354512535        10.421702927757016     
        3923   7.7619072722798590        12.126174409527895        10.422571217036735     
        3924   7.7622673518215963        12.127124404685155        10.423190089364477     
        3925   7.7627801195060497        12.128477360450956        10.424071219561666     
        3926   7.7629266221696680        12.128863939835480        10.424323295982846     
        3927   7.7635435232070558        12.130491899595802        10.425383320952426     
        3928   7.7645670960097188        12.133193506234120        10.427141921718269     
        3929   7.7654497829843674        12.135523729354826        10.428658617263425     
        3930   7.7664590784916285        12.138188721324461        10.430392895738221     
        3931   7.7665932932153874        12.138543151083971        10.430623919285742     
        3932   7.7668079057571013        12.139109913599185        10.430993063499931     
        3933   7.7674870335533228        12.140903567025216        10.432160246418535     
        3934   7.7690027063677789        12.144907559016941        10.434764772735596     
        3935   7.7699878807330922        12.147510807491054        10.436457980807658     
        3936   7.7700302424528793        12.147622757278020        10.436531224385464     
        3937   7.7719829619066010        12.152784319278309        10.439887204981813     
        3938   7.7732213442135611        12.156058801109083        10.442015885835334     
        3939   7.7733678403447835        12.156446217166391        10.442268112452945     
        3940   7.7736478572582550        12.157186768759152        10.442749817684968     
        3941   7.7738056717660404        12.157604154969532        10.443021503563790     
        3942   7.7747012369086397        12.159973000568042        10.444561190088171     
        3943   7.7765325346929881        12.164818336180236        10.447709407545320     
        3944   7.7778959671725030        12.168426991408431        10.450053654010743     
        3945   7.7779896038984981        12.168674861982362        10.450215081163320     
        3946   7.7799991396938237        12.173995592113597        10.453670378968818     
        3947   7.7800249023988570        12.174063819787587        10.453715128729952     
        3948   7.7802223787300360        12.174586811040149        10.454055113391584     
        3949   7.7802281560093629        12.174602111768047        10.454065501738794     
        3950   7.7809716916803824        12.176571471308350        10.455344386832001     
        3951   7.7810473726181080        12.176771940390280        10.455474970581880     
        3952   7.7813135335039849        12.177476991922477        10.455933077173023     
        3953   7.7816446707819669        12.178354219323502        10.456502918078206     
        3954   7.7818745211603479        12.178963160237569        10.456898604461040     
        3955   7.7836550494164323        12.183681305852849        10.459960891974392     
        3956   7.7839479850646907        12.184457714115293        10.460465117355612     
        3957   7.7844358820512838        12.185750962701096        10.461304643409663     
        3958   7.7849579001768063        12.187134802972704        10.462202877685586     
        3959   7.7850794789570461        12.187457123380133        10.462412431364937     
        3960   7.7856177890178291        12.188884349912142        10.463338721782110     
        3961   7.7857728198005365        12.189295414711220        10.463605819186673     
        3962   7.7858991828782438        12.189630476964799        10.463823612093845     
        3963   7.7863609215926903        12.190854892102696        10.464618246086625     
        3964   7.7870461646531925        12.192672205745799        10.465797342901036     
        3965   7.7878995558349970        12.194935829718954        10.467265729103643     
        3966   7.7882358884975362        12.195828066253844        10.467844736615296     
        3967   7.7883048765102645        12.196011088243065        10.467963865568452     
        3968   7.7883871712533823        12.196229415874129        10.468105885395433     
        3969   7.7889018236818828        12.197594873250777        10.468991665662037     
        3970   7.7892954444663616        12.198639314482897        10.469669261585624     
        3971   7.7897990974154370        12.199975844536134        10.470536167958075     
        3972   7.7905211810096713        12.201892267361265        10.471778894097659     
        3973   7.7919100659455864        12.205579219193101        10.474168936862798     
        3974   7.7930233464040288        12.208535333236684        10.476084946433799     
        3975   7.7930290011317620        12.208550350123680        10.476095132860900     
        3976   7.7933077395372230        12.209290599661898        10.476575217811243     
        3977   7.7936203117700602        12.210120754320991        10.477113530776547     
        3978   7.7941028859806343        12.211402522280201        10.477944393688757     
        3979   7.7962472319662739        12.217099721353033        10.481635104372723     
        3980   7.7970042550304859        12.219111636088373        10.482938454670419     
        3981   7.7971501544826696        12.219499425376922        10.483190022243653     
        3982   7.7975717712820245        12.220620117345529        10.483916145767394     
        3983   7.7976786546700083        12.220904238105964        10.484100568115460     
        3984   7.7982704841463439        12.222477574596576        10.485119691802028     
        3985   7.7988953574946649        12.224138970819114        10.486195731130922     
        3986   7.7993122195790878        12.225247435169543        10.486913747527504     
        3987   7.7994776710836735        12.225687409110510        10.487199007071668     
        3988   7.8003244605220079        12.227939461197794        10.488657143641321     
        3989   7.8004108535154666        12.228169247763931        10.488806323466425     
        3990   7.8006000688964274        12.228672534267419        10.489132511514692     
        3991   7.8010358795143393        12.229831806773948        10.489883223327174     
        3992   7.8014173956241954        12.230846742126433        10.490540482716506     
        3993   7.8020503971197908        12.232530877983940        10.491630722659936     
        3994   7.8039140569342438        12.237490566928553        10.494839922740402     
        3995   7.8043318986387096        12.238602823721171        10.495559846105271     
        3996   7.8049383482058987        12.240217313652842        10.496604558953310     
        3997   7.8068889618324180        12.245411651375699        10.499964071833277     
        3998   7.8072167399480197        12.246284711771258        10.500529019196454     
        3999   7.8081889773791566        12.248874694271224        10.502203901625768     
        4000   7.8085510059642331        12.249839253952899        10.502827884332353     
        4001   7.8095145604500802        12.252406833326331        10.504487947376129     
        4002   7.8118120853930124        12.258531166738418        10.508446005545414     
        4003   7.8121115452055765        12.259329634534847        10.508962338813996     
        4004   7.8122521906097671        12.259704663479550        10.509205088038437     
        4005   7.8126500273439916        12.260765550333456        10.509890914335577     
        4006   7.8128608183596757        12.261327690318895        10.510254516788274     
        4007   7.8131542405785668        12.262110234268718        10.510760481529184     
        4008   7.8142829409183836        12.265120884410697        10.512705544168762     
        4009   7.8146557303595490        12.266115407374503        10.513348299796254     
        4010   7.8147008125993178        12.266235682567705        10.513426433566478     
        4011   7.8148722294630861        12.266693017271253        10.513722240217406     
        4012   7.8162948592449952        12.270489193788812        10.516173984118142     
        4013   7.8164659236097469        12.270945743350600        10.516469212209776     
        4014   7.8171307459953709        12.272720230147952        10.517615288679979     
        4015   7.8174177904703477        12.273486462468609        10.518110394945234     
        4016   7.8177926123988986        12.274487077353964        10.518756776243704     
        4017   7.8183089950814457        12.275865730352301        10.519647130399109     
        4018   7.8184423572361332        12.276221809088263        10.519877420076631     
        4019   7.8184536472287647        12.276251953985231        10.519897335602808     
        4020   7.8192254167822366        12.278312793203634        10.521227868544964     
        4021   7.8198241987502302        12.279911941585629        10.522260316392716     
        4022   7.8202417363400620        12.281027167322312        10.522980415438143     
        4023   7.8206845620117855        12.282210045216079        10.523744119408880     
        4024   7.8207444042691074        12.282369904704435        10.523847722786046     
        4025   7.8224352112192914        12.286887483422211        10.526762621450240     
        4026   7.8229934051118128        12.288379251054909        10.527725303910133     
        4027   7.8238012667756118        12.290538568655831        10.529118425613641     
        4028   7.8254486264418972        12.294942920186172        10.531958959905703     
        4029   7.8272367918239043        12.299725484529265        10.535042568422226     
        4030   7.8277602096349659        12.301125745695826        10.535945566877169     
        4031   7.8277765239088861        12.301169392593581        10.535974157932602     
        4032   7.8280089773014367        12.301791310529872        10.536375450805606     
        4033   7.8282087715861080        12.302325875312766        10.536720432190146     
        4034   7.8286913917189800        12.303617256448737        10.537553130852158     
        4035   7.8294649048545777        12.305687279061358        10.538887501859536     
        4036   7.8295009897567445        12.305783855362247        10.538950190996347     
        4037   7.8297507917656226        12.306452436705342        10.539381444804265     
        4038   7.8306217721227807        12.308783847495009        10.540883998083695     
        4039   7.8336334171291613        12.316848670010394        10.546078957950259     
        4040   7.8340465665905636        12.317955440474352        10.546792094642528     
        4041   7.8355038959094765        12.321860207522827        10.549306569033826     
        4042   7.8362938981511432        12.323977448863785        10.550669942180560     
        4043   7.8377501424387894        12.327881188735370        10.553182888894900     
        4044   7.8395239393721576        12.332637836371658        10.556244016528263     
        4045   7.8399099078473204        12.333673096608390        10.556910505391434     
        4046   7.8400440368061517        12.334032882796677        10.557142423056801     
        4047   7.8408206494480357        12.336116264431151        10.558483066958479     
        4048   7.8422973304482619        12.340078644103466        10.561031978213434     
        4049   7.8435203906155362        12.343361433970678        10.563143365287418     
        4050   7.8442272795142873        12.345259172692879        10.564363944537503     
        4051   7.8445279895726765        12.346066556817824        10.564883459048948     
        4052   7.8446928504494409        12.346509218134726        10.565168489371517     
        4053   7.8456816998271268        12.349164666921292        10.566875880258303     
        4054   7.8462534839440883        12.350700389188555        10.567863389411327     
        4055   7.8468301789483004        12.352249492463816        10.568859410909459     
        4056   7.8478197750348642        12.354908167441367        10.570568313389492     
        4057   7.8498521700201564        12.360370227392831        10.574077829397014     
        4058   7.8500752484111143        12.360969895784200        10.574463476024485     
        4059   7.8502110148771598        12.361334870623146        10.574698365493214     
        4060   7.8503240653147746        12.361638787123528        10.574894032717966     
        4061   7.8513501167852882        12.364397486528253        10.576666251143900     
        4062   7.8521897230860720        12.366655352040784        10.578116603768192     
        4063   7.8550466391800011        12.374341214361662        10.583051143188838     
        4064   7.8552753165571705        12.374956621503550        10.583446582946129     
        4065   7.8554414184293737        12.375403647019951        10.583733944109797     
        4066   7.8562614866745690        12.377610909039950        10.585150909430668     
        4067   7.8570879383351357        12.379835746791780        10.586578972456737     
        4068   7.8571941397347720        12.380121673514186        10.586762890780038     
        4069   7.8576002414255468        12.381215084075951        10.587464878245354     
        4070   7.8577470631955961        12.381610418638601        10.587718973886536     
        4071   7.8577607587286558        12.381647296079715        10.587743095307347     
        4072   7.8579929124138506        12.382272424033662        10.588144606035149     
        4073   7.8580503444838579        12.382427078103648        10.588244283934673     
        4074   7.8591075262965520        12.385274217380983        10.590071118971400     
        4075   7.8593794306350331        12.386006598855332        10.590541338661266     
        4076   7.8597416656633792        12.386982355081049        10.591167630823380     
        4077   7.8600573719814220        12.387832838565977        10.591713547122746     
        4078   7.8605609063811253        12.389189433208367        10.592584000437173     
        4079   7.8607281139234155        12.389639947122268        10.592873364866717     
        4080   7.8610748499319341        12.390574223453642        10.593472928594435     
        4081   7.8623815008606694        12.394095607433727        10.595731176260157     
        4082   7.8625050410439163        12.394428595755464        10.595945115625812     
        4083   7.8627806513948482        12.395171503653835        10.596421836933464     
        4084   7.8636048763399344        12.397393466078734        10.597846619494584     
        4085   7.8639308137236714        12.398272243717072        10.598410345288046     
        4086   7.8640208203661768        12.398514926443543        10.598566353602321     
        4087   7.8640946631013069        12.398714030337150        10.598694428842604     
        4088   7.8641396699186537        12.398835384826835        10.598772671217239     
        4089   7.8643086043787171        12.399290903111893        10.599065083398704     
        4090   7.8648657437468028        12.400793302597519        10.600028404908434     
        4091   7.8651137115819001        12.401462038509585        10.600457421049283     
        4092   7.8653194850001427        12.402017008916607        10.600813519174663     
        4093   7.8655488503186195        12.402635635661055        10.601210396092865     
        4094   7.8659838312664228        12.403808917382500        10.601962655284607     
        4095   7.8668402575382057        12.406119292867787        10.603443374570778     
        4096   7.8668842985232690        12.406238113486868        10.603519960806773     
        4097   7.8669073938627410        12.406300424137109        10.603560343463998     
        4098   7.8683148770569913        12.410098365093724        10.605993693005813     
        4099   7.8692911088526190        12.412733298785499        10.607681731240495     
        4100   7.8704041257771369        12.415738105095318        10.609606347154388     
        4101   7.8719104845268584        12.419805965047223        10.612211169049404     
        4102   7.8723358800402554        12.420954967911491        10.612947146454163     
        4103   7.8743349863331336        12.426356013900108        10.616404342715855     
        4104   7.8745201031883312        12.426856267787521        10.616724920701882     
        4105   7.8749679261276153        12.428066533024765        10.617499799131130     
        4106   7.8752539169978606        12.428839499831648        10.617994834530920     
        4107   7.8753344920835735        12.429057284178946        10.618134640700569     
        4108   7.8753741064391889        12.429164358203289        10.618203611891664     
        4109   7.8754256732577890        12.429303740029312        10.618293253344442     
        4110   7.8758142140379865        12.430353990984310        10.618965651841551     
        4111   7.8767112947395495        12.432779195484937        10.620517569557050     
        4112   7.8775724212613305        12.435107642695034        10.622007386173584     
        4113   7.8778545878756807        12.435870702827634        10.622495885749730     
        4114   7.8780485247033099        12.436395191110892        10.622831787994278     
        4115   7.8786849238735099        12.438116441773245        10.623933011944368     
        4116   7.8806026434363439        12.443304676801748        10.627250753306759     
        4117   7.8810702335765024        12.444570030681575        10.628060115355000     
        4118   7.8812194208691713        12.444973775985911        10.628318668135082     
        4119   7.8819561911071361        12.446967887220664        10.629593750852946     
        4120   7.8824641670748257        12.448342938837676        10.630473051093043     
        4121   7.8836823898224413        12.451641189984118        10.632581240922578     
        4122   7.8847155481231557        12.454439074518781        10.634369361441289     
        4123   7.8849306167136453        12.455021578142578        10.634741969911852     
        4124   7.8856182179020351        12.456884097243332        10.635932256994609     
        4125   7.8861354281487150        12.458285257896254        10.636827733194030     
        4126   7.8879781659142951        12.463278647253610        10.640017209501197     
        4127   7.8880626866440995        12.463507726560078        10.640163953476884     
        4128   7.8893793744967180        12.467076931058294        10.642443287452112     
        4129   7.8898626399254512        12.468387195928729        10.643280214371620     
        4130   7.8909849331934918        12.471430570142212        10.645223299624982     
        4131   7.8916013983988051        12.473102582500605        10.646290884497203     
        4132   7.8916404139533727        12.473208410255552        10.646358888490701     
        4133   7.8920214160277746        12.474241906566684        10.647018901424923     
        4134   7.8924868415160603        12.475504523592097        10.647825079330241     
        4135   7.8926086472955843        12.475834982184262        10.648036410466601     
        4136   7.8933463442265852        12.477836537699917        10.649313982054517     
        4137   7.8945187404374586        12.481018200211018        10.651344225939246     
        4138   7.8945753248310853        12.481171780086495        10.651442660427586     
        4139   7.8951532848251285        12.482740572004129        10.652443809373752     
        4140   7.8967076058555890        12.486960536991596        10.655135609689998     
        4141   7.8972911928892584        12.488545337491059        10.656146632724537     
        4142   7.8982757041870286        12.491219351340561        10.657851989698402     
        4143   7.8991952118065116        12.493717326567991        10.659444871243801     
        4144   7.9002962547968876        12.496709125742392        10.661352255349529     
        4145   7.9004630834000977        12.497162501740902        10.661641666593722     
        4146   7.9006198508745538        12.497588550446780        10.661913654791833     
        4147   7.9011284156634138        12.498970782594224        10.662794974949234     
        4148   7.9012235491660165        12.499229363642852        10.662960219326758     
        4149   7.9029486289049817        12.503919207032538        10.665948810345435     
        4150   7.9031227801224579        12.504392756530676        10.666250953232742     
        4151   7.9045640577537597        12.508312546800800        10.668748218823859     
        4152   7.9048910418566516        12.509202004645797        10.669315167350815     
        4153   7.9050454936247085        12.509622164318060        10.669583217176262     
        4154   7.9051450362675810        12.509892960571706        10.669756139958642     
        4155   7.9068623423412534        12.514565651600034        10.672731974759889     
        4156   7.9070900817409040        12.515185448604818        10.673127041539535     
        4157   7.9071589704385081        12.515372936528633        10.673246871801100     
        4158   7.9071687331487652        12.515399507011352        10.673264254700891     
        4159   7.9079615933878191        12.517557567600930        10.674638544977443     
        4160   7.9085510390895388        12.519162202246381        10.675660413079592     
        4161   7.9090994539948793        12.520655324688695        10.676611215287339     
        4162   7.9091696836789138        12.520846545936587        10.676733384137103     
        4163   7.9098088304177105        12.522586947906554        10.677841458151720     
        4164   7.9105352177705637        12.524565201040989        10.679100767751104     
        4165   7.9110373361879409        12.525932860156573        10.679971447829155     
        4166   7.9146042588874632        12.535652675385849        10.686154451497861     
        4167   7.9149607968996918        12.536624652180899        10.686772979172241     
        4168   7.9170529135894743        12.542329603571748        10.690400408639411     
        4169   7.9187561405776012        12.546976022857482        10.693353986955449     
        4170   7.9187900823341142        12.547068633843653        10.693413307519139     
        4171   7.9189990465809572        12.547638813469908        10.693776106470095     
        4172   7.9202518298166709        12.551057701975106        10.695948918161706     
        4173   7.9205962344138641        12.551997757851611        10.696546617778621     
        4174   7.9207753036170860        12.552486557012603        10.696857614586731     
        4175   7.9210731403974526        12.553299594357354        10.697374576804110     
        4176   7.9228777797769547        12.558227045371806        10.700504761896680     
        4177   7.9237569842874240        12.560628360233851        10.702030125348683     
        4178   7.9243386721081102        12.562217340453476        10.703039519831469     
        4179   7.9247645430492177        12.563380808184951        10.703778675728993     
        4180   7.9249188536089825        12.563802407132000        10.704046805923264     
        4181   7.9251126528844793        12.564331915152053        10.704383435383457     
        4182   7.9256121713624061        12.565696827807660        10.705250378158679     
        4183   7.9260565663357490        12.566911243157680        10.706021724836484     
        4184   7.9264585482480072        12.568009856333820        10.706719516897349     
        4185   7.9272687707411906        12.570224481056288        10.708125540992368     
        4186   7.9289015820392201        12.574688724472598        10.710958783396515     
        4187   7.9304655272598321        12.578966177669553        10.713672813270472     
        4188   7.9317438764436226        12.582463601716039        10.715891504500254     
        4189   7.9329285941418028        12.585705734127330        10.717947878055648     
        4190   7.9335161510372121        12.587313971163770        10.718968021426063     
        4191   7.9335354067528163        12.587366680633712        10.719001908847654     
        4192   7.9339735399694806        12.588566060949088        10.719762759983775     
        4193   7.9347913703491111        12.590805162072916        10.721182630957552     
        4194   7.9349374851134629        12.591205245368295        10.721436700351775     
        4195   7.9358193024083032        12.593620060163987        10.722967717761689     
        4196   7.9365376088142572        12.595587452985255        10.724214994174512     
        4197   7.9365914537790907        12.595734943190582        10.724308928054343     
        4198   7.9369203031133670        12.596635753318409        10.724880221033450     
        4199   7.9379614411352897        12.599488149190924        10.726687993991098     
        4200   7.9382415693455606        12.600255724904706        10.727174755759362     
        4201   7.9385045308829003        12.600976305330489        10.727631724403066     
        4202   7.9394063206624512        12.603447750557368        10.729197748059393     
        4203   7.9402227666209004        12.605685724036380        10.730615684477177     
        4204   7.9416119261683082        12.609494493282359        10.733028094764089     
        4205   7.9417524280858833        12.609879783200631        10.733272524045427     
        4206   7.9420016787702714        12.610563317513071        10.733705783213201     
        4207   7.9422970413337755        12.611373355443876        10.734219117703029     
        4208   7.9438692912566635        12.615686166974692        10.736949779560964     
        4209   7.9447108042347701        12.617995118149482        10.738411633479631     
        4210   7.9451077699248298        12.619084464388264        10.739101506259930     
        4211   7.9452638720590363        12.619512863116512        10.739373080824295     
        4212   7.9454663772927825        12.620068630020521        10.739725247904966     
        4213   7.9460314983219051        12.621619711087675        10.740707202767874     
        4214   7.9466017747405697        12.623185137226386        10.741698145549394     
        4215   7.9466271195492517        12.623254714048400        10.741742636687961     
        4216   7.9475831115567894        12.625879395701542        10.743403580698834     
        4217   7.9481743288326925        12.627502862040973        10.744430991716841     
        4218   7.9497690779341150        12.631883050845413        10.747201714183527     
        4219   7.9501505568581186        12.632931060571755        10.747864895128901     
        4220   7.9516302012812092        12.636996813272908        10.750435967947501     
        4221   7.9526923171607882        12.639916100607605        10.752281806571331     
        4222   7.9536240026725977        12.642477453936500        10.753901127741903     
        4223   7.9538241211450194        12.643027680284819        10.754249326902686     
        4224   7.9538753828736795        12.643168628460362        10.754338871894292     
        4225   7.9543397626326602        12.644445549737798        10.755146272767673     
        4226   7.9549764222059389        12.646196406885513        10.756253072658000     
        4227   7.9551453979418723        12.646661142842364        10.756547181878515     
        4228   7.9561491545607241        12.649422142715926        10.758291994060611     
        4229   7.9567483302856603        12.651070566130741        10.759333771343440     
        4230   7.9574365202778843        12.652964149577244        10.760530293036572     
        4231   7.9577186184220423        12.653740437278108        10.761021055910108     
        4232   7.9586073363841123        12.656186358184337        10.762566188637384     
        4233   7.9597514203203428        12.659335799642138        10.764555290042994     
        4234   7.9600135427906480        12.660057483769922        10.765011398840509     
        4235   7.9605248313986170        12.661465300140380        10.765900643851877     
        4236   7.9610831397280535        12.663002764887660        10.766871654801660     
        4237   7.9616772390247492        12.664638998200427        10.767904919386320     
        4238   7.9620235161215636        12.665592793007267        10.768507382832508     
        4239   7.9620251679391885        12.665597342991900        10.768510726722196     
        4240   7.9622449880685897        12.666202859365242        10.768893355570929     
        4241   7.9630701210065453        12.668476031706160        10.770328364396436     
        4242   7.9639872832921066        12.671003222424671        10.771923455419630     
        4243   7.9647526801708066        12.673112623013434        10.773254748464050     
        4244   7.9653264151482066        12.674694045171554        10.774252833294755     
        4245   7.9665917537462549        12.678182485671257        10.776453603702548     
        4246   7.9675092605605915        12.680712589919256        10.778049635051262     
        4247   7.9677909375501432        12.681489441289768        10.778539966312630     
        4248   7.9682898603755792        12.682865564562741        10.779408125810400     
        4249   7.9695133615923579        12.686240853154692        10.781536525412788     
        4250   7.9700512405661090        12.687724995278147        10.782472533375499     
        4251   7.9714608695154219        12.691615349061180        10.784924924428116     
        4252   7.9714828169160716        12.691675930002232        10.784963574666888     
        4253   7.9722390023812055        12.693763391932087        10.786279450065381     
        4254   7.9728673176077010        12.695498131248131        10.787372938181507     
        4255   7.9730071498682289        12.695884232187787        10.787616668810001     
        4256   7.9744607152754652        12.699898482954421        10.790145940443493     
        4257   7.9750619699902705        12.701559319922179        10.791192494547987     
        4258   7.9751301787809421        12.701747745989083        10.791311642092415     
        4259   7.9752861967605524        12.702178754696096        10.791583567615765     
        4260   7.9753658816842581        12.702398894647777        10.791722684040382     
        4261   7.9756565310236525        12.703201884060778        10.792228860865054     
        4262   7.9756653833924958        12.703226341689868        10.792244736842202     
        4263   7.9758145195576846        12.703638387410402        10.792504697293522     
        4264   7.9761663895634305        12.704610616769454        10.793117410359402     
        4265   7.9766144865867190        12.705848834280992        10.793897573490012     
        4266   7.9768996077692478        12.706636767779033        10.794394169470442     
        4267   7.9772627846508026        12.707640480434479        10.795026597978621     
        4268   7.9787064766634508        12.711631212027763        10.797539341140149     
        4269   7.9795168050540326        12.713871724003539        10.798950020485838     
        4270   7.9809104497329448        12.717726011905844        10.801376000914326     
        4271   7.9820461268102676        12.720867739197743        10.803353164919047     
        4272   7.9835843526028372        12.725124333261029        10.806031197779857     
        4273   7.9843128366741176        12.727140707684958        10.807299816807943     
        4274   7.9848645123816793        12.728667909878398        10.808260685271422     
        4275   7.9852358072515504        12.729695869403271        10.808907552809197     
        4276   7.9854765157375729        12.730362335256320        10.809327088253104     
        4277   7.9858794153853072        12.731477950261732        10.810029003831970     
        4278   7.9867202901662102        12.733806623862806        10.811493481592008     
        4279   7.9883135882413168        12.738220208377019        10.814268169171127     
        4280   7.9883340338890232        12.738276854859507        10.814304245118299     
        4281   7.9885366667499671        12.738838281073837        10.814657559058398     
        4282   7.9899974413663273        12.742886333210830        10.817201770098864     
        4283   7.9901415430837233        12.743285734353080        10.817453190341206     
        4284   7.9906268531843727        12.744630943410847        10.818298822702252     
        4285   7.9911608124462479        12.746111168153710        10.819229205357699     
        4286   7.9915177802537620        12.747100840633586        10.819851368392401     
        4287   7.9923093774348501        12.749295777347866        10.821230521356560     
        4288   7.9973536338798592        12.763291526836028        10.830017833396054     
        4289   7.9998745606670205        12.770291945172186        10.834410641566537     
        4290   8.0002551663119643        12.771349198272787        10.835074323323495     
        4291   8.0003960831095089        12.771740662132730        10.835320350810077     
        4292   8.0020822676433241        12.776425798085322        10.838259215077821     
        4293   8.0024111446234034        12.777339801548996        10.838832835572939     
        4294   8.0025978658854751        12.777858760530977        10.839158721860349     
        4295   8.0029273019528571        12.778774422814140        10.839733334711427     
        4296   8.0033315735079835        12.779898180807947        10.840438385554483     
        4297   8.0049877436902293        12.784502909872215        10.843325457385861     
        4298   8.0060772570950025        12.787533061294011        10.845225041897210     
        4299   8.0063638628733216        12.788330290471670        10.845725115733417     
        4300   8.0069566305895261        12.789979308034344        10.846758903920017     
        4301   8.0070259940107888        12.790172284009142        10.846880297053998     
        4302   8.0077838460015656        12.792280898153329        10.848201919602980     
        4303   8.0082947237472535        12.793702542726491        10.849093031918370     
        4304   8.0089562340989016        12.795543600300778        10.850246789736291     
        4305   8.0096697388059521        12.797529668017019        10.851491246731351     
        4306   8.0101808555531271        12.798952575098683        10.852382877758627     
        4307   8.0114009682941969        12.802349923818634        10.854510785774375     
        4308   8.0127043752664484        12.805980221909500        10.856784102409234     
        4309   8.0141351855845340        12.809966582910159        10.859279787767397     
        4310   8.0143748208737158        12.810634351808755        10.859698189132589     
        4311   8.0152941235372079        12.813196416197171        10.861301987397711     
        4312   8.0163604664880275        12.816168934717847        10.863162345046065     
        4313   8.0164409855391430        12.816393416888809        10.863303266008250     
        4314   8.0167380323604309        12.817221600060183        10.863821866661622     
        4315   8.0182516632344001        12.821442540071528        10.866462636167119     
        4316   8.0191914183502409        12.824063876511156        10.868102491239826     
        4317   8.0210839040730519        12.829344411748929        10.871404642528761     
        4318   8.0218231235456887        12.831407635405871        10.872694882282397     
        4319   8.0226469238780407        12.833707332648940        10.874132763617434     
        4320   8.0229053802091013        12.834428919087204        10.874584222489540     
        4321   8.0240672136055409        12.837673166266693        10.876612072731175     
        4322   8.0244048096876757        12.838616011079459        10.877201674922334     
        4323   8.0249109041572435        12.840029574650814        10.878085338839570     
        4324   8.0251441526696947        12.840681110790520        10.878492868286342     
        4325   8.0266699264501877        12.844943912624304        10.881156176750194     
        4326   8.0267088260208403        12.845052611673967        10.881224547149765     
        4327   8.0268303002274681        12.845392059315548        10.881437037367265     
        4328   8.0271653194511909        12.846328285132683        10.882022240903899     
        4329   8.0293078527455624        12.852317346524890        10.885762466164943     
        4330   8.0295683839206120        12.853045809667664        10.886217729581960     
        4331   8.0301761316443496        12.854745279278264        10.887279124222394     
        4332   8.0302338181499930        12.854906602401034        10.887380305528319     
        4333   8.0308947736593090        12.856755145281321        10.888534630891554     
        4334   8.0312446348377868        12.857733738427360        10.889145889827729     
        4335   8.0317161319640267        12.859052679453105        10.889969518710897     
        4336   8.0318500444029404        12.859427304376725        10.890203789147348     
        4337   8.0325790104797665        12.861466810452017        10.891476969663538     
        4338   8.0332572130379738        12.863364588882147        10.892661572698687     
        4339   8.0334566139855674        12.863922616845631        10.893010209850823     
        4340   8.0351665340089689        12.868708888894908        10.895996416901797     
        4341   8.0354617026239872        12.869535286907768        10.896512327634662     
        4342   8.0362065976893735        12.871621049013728        10.897813604044364     
        4343   8.0362679867985420        12.871792958652296        10.897921288679656     
        4344   8.0372020751385556        12.874409004059386        10.899553039080837     
        4345   8.0378351358208331        12.876182290606392        10.900659134026332     
        4346   8.0378381342935512        12.876190690322945        10.900664850289987     
        4347   8.0378650291144620        12.876266031888566        10.900712301432707     
        4348   8.0379247032172589        12.876433201023437        10.900817001733964     
        4349   8.0388690034723211        12.879078831387456        10.902466752198995     
        4350   8.0389254395483221        12.879236965139725        10.902565803364949     
        4351   8.0400939000639102        12.882511438316158        10.904607199378843     
        4352   8.0407143053583177        12.884250399885481        10.905691381861546     
        4353   8.0411176249084662        12.885381011943402        10.906396388265717     
        4354   8.0412791359908642        12.885833799176629        10.906679003654057     
        4355   8.0415456131956145        12.886580888884389        10.907144985160622     
        4356   8.0418907058969360        12.887548449650872        10.907748309117720     
        4357   8.0421102199044796        12.888163955543453        10.908132265622809     
        4358   8.0425562739672536        12.889414761373802        10.908911988573971     
        4359   8.0430170727846537        12.890707045266952        10.909717492319066     
        4360   8.0447819662015920        12.895657823914448        10.912801480629190     
        4361   8.0451569340227369        12.896709914921550        10.913457122858324     
        4362   8.0452368331973538        12.896934108812131        10.913597208676658     
        4363   8.0453867201976745        12.897354696591709        10.913859584165445     
        4364   8.0456985762490643        12.898229820131739        10.914404973411832     
        4365   8.0458074094153513        12.898535239773162        10.914595621273852     
        4366   8.0458668577036185        12.898702073271542        10.914699977905096     
        4367   8.0459607714468326        12.898965633897442        10.914864558202295     
        4368   8.0461451842574601        12.899483188333685        10.915187274678020     
        4369   8.0461980162328075        12.899631465188097        10.915280072261355     
        4370   8.0465852195707281        12.900718233739880        10.915957151453453     
        4371   8.0467024490291763        12.901047281791952        10.916162481573751     
        4372   8.0468077121189872        12.901342749163131        10.916346902599882     
        4373   8.0468776440824570        12.901539047978760        10.916469585331155     
        4374   8.0476897626445094        12.903818888185825        10.917889237975634     
        4375   8.0485898996257834        12.906346306258904        10.919462783883970     
        4376   8.0488132991510408        12.906973649946549        10.919853687208155     
        4377   8.0491100926262238        12.907807144973487        10.920372865224858     
        4378   8.0491791231899406        12.908001013777479        10.920493989843090     
        4379   8.0493827032154037        12.908572775366164        10.920850268283962     
        4380   8.0497391169916792        12.909573838842309        10.921473665678446     
        4381   8.0503300703317660        12.911233832974563        10.922507005740675     
        4382   8.0518487832119199        12.915500924907724        10.925162039688631     
        4383   8.0525679665219716        12.917522105706903        10.926419663782339     
        4384   8.0526472717546191        12.917745003819574        10.926558774738341     
        4385   8.0530206200180050        12.918794403156001        10.927211898741165     
        4386   8.0532216349509724        12.919359448130878        10.927563776210567     
        4387   8.0541165338384584        12.921875283297174        10.929128692291430     
        4388   8.0543707228565822        12.922589978915454        10.929573554304428     
        4389   8.0569816358721429        12.929933370987696        10.934138908942851     
        4390   8.0576468631655640        12.931805063318242        10.935302577013301     
        4391   8.0579110790525430        12.932548542409631        10.935765067476469     
        4392   8.0590748242479400        12.935823740282201        10.937800566993806     
        4393   8.0590830866353276        12.935846996682645        10.937815497261242     
        4394   8.0593837027361062        12.936693179660208        10.938341683723914     
        4395   8.0605929800774341        12.940097667623085        10.940456995957776     
        4396   8.0630483170521057        12.947013051002124        10.944751941366986     
        4397   8.0638200011872314        12.949187266750856        10.946102255500653     
        4398   8.0642446876110707        12.950383979734021        10.946845627132474     
        4399   8.0650605324448357        12.952683249473166        10.948273292638936     
        4400   8.0682559303701353        12.961692812970831        10.953864264977758     
        4401   8.0692132570342885        12.964393301829933        10.955539843135840     
        4402   8.0693078065857904        12.964660044967101        10.955705770262652     
        4403   8.0693599979228861        12.964807289573836        10.955797578565120     
        4404   8.0718311797651943        12.971781087787944        10.960122533116428     
        4405   8.0718787196412141        12.971915285836852        10.960206215092695     
        4406   8.0719427940207353        12.972096160626721        10.960318834395880     
        4407   8.0728486131049610        12.974653466423000        10.961904637914250     
        4408   8.0729759131311170        12.975012901418822        10.962127922036592     
        4409   8.0730467932625469        12.975213037826991        10.962252460456275     
        4410   8.0732826165092177        12.975878928981146        10.962665688946176     
        4411   8.0748311990160087        12.980252523566451        10.965376698533190     
        4412   8.0748867842399878        12.980409538963269        10.965474478600120     
        4413   8.0755532030666242        12.982292171545446        10.966641494958386     
        4414   8.0755597971923674        12.982310801361477        10.966653520948787     
        4415   8.0762867102285885        12.984364656464713        10.967926483659758     
        4416   8.0763839768716004        12.984639503923216        10.968097238756068     
        4417   8.0801832033120515        12.995379752072466        10.974749313265162     
        4418   8.0815178976626942        12.999155066534801        10.977086909234776     
        4419   8.0817768506524530        12.999887672669868        10.977540853562646     
        4420   8.0820725760465262        13.000724364449955        10.978059199915814     
        4421   8.0829118835027636        13.003099310539735        10.979529496301192     
        4422   8.0832705009903272        13.004114210011013        10.980158021234109     
        4423   8.0838526135545585        13.005761783470962        10.981177978617451     
        4424   8.0859842732686928        13.011796948509740        10.984912017099484     
        4425   8.0861798741891366        13.012350880741076        10.985255115933898     
        4426   8.0870181504162915        13.014725116046460        10.986723971408908     
        4427   8.0882115934658430        13.018106062443071        10.988815085381722     
        4428   8.0898389660929730        13.022717777205983        10.991666584487698     
        4429   8.0941158189502076        13.034845814531609        10.999161079009214     
        4430   8.0944526078240120        13.035801359772297        10.999751776150129     
        4431   8.0945441834693863        13.036061192958849        10.999912746652223     
        4432   8.0951611124970331        13.037811784238828        11.000994418139326     
        4433   8.0965457506998586        13.041741711796398        11.003421669809898     
        4434   8.0996130864567579        13.050451931853043        11.008798801130920     
        4435   8.1006139843047507        13.053295464916827        11.010553947759023     
        4436   8.1019652201850150        13.057135328516269        11.012923435990063     
        4437   8.1029585179489008        13.059958776823105        11.014665506377378     
        4438   8.1033687855381107        13.061125148334664        11.015385359544299     
        4439   8.1047358352684054        13.065012392284975        11.017782973268188     
        4440   8.1090158206056433        13.077190472540629        11.025289713486560     
        4441   8.1093446790625201        13.078126682810485        11.025867033263586     
        4442   8.1097591541982013        13.079306730697985        11.026594545164498     
        4443   8.1102604725230432        13.080734177808836        11.027474411980767     
        4444   8.1107289036829844        13.082068129779941        11.028296614368797     
        4445   8.1119681577004954        13.085597841535412        11.030471096615051     
        4446   8.1133297294783553        13.089477094970475        11.032860345967054     
        4447   8.1136269325797592        13.090324016266148        11.033382276554226     
        4448   8.1137284574479480        13.090613338552956        11.033560891167179     
        4449   8.1151999462250632        13.094807491781285        11.036143263968652     
        4450   8.1155556824041284        13.095821650326418        11.036767962863804     
        4451   8.1160566319426053        13.097249933199661        11.037647491141316     
        4452   8.1164843674023572        13.098469600843268        11.038398568099401     
        4453   8.1166864495602145        13.099045870054493        11.038753675533025     
        4454   8.1172034958994690        13.100520430364700        11.039661512232152     
        4455   8.1176593180109560        13.101820530076060        11.040461931864838     
        4456   8.1177349820549036        13.102036352793608        11.040595205659505     
        4457   8.1188002947658457        13.105075426680832        11.042465328695458     
        4458   8.1189145306558110        13.105401357311267        11.042666308348975     
        4459   8.1213598497259678        13.112380226109588        11.046958843011042     
        4460   8.1239188105236142        13.119687599654334        11.051451521682202     
        4461   8.1256705089005248        13.124692217127574        11.054527472010401     
        4462   8.1270451131930947        13.128620877119094        11.056941584996279     
        4463   8.1274136300942548        13.129674319311096        11.057589174487523     
        4464   8.1274316140227416        13.129725730430287        11.057621241997479     
        4465   8.1277298491104855        13.130578333580736        11.058145430497520     
        4466   8.1284716472859220        13.132699260046746        11.059448556171313     
        4467   8.1289452057556808        13.134053432041966        11.060280669054135     
        4468   8.1293597097975834        13.135238854379903        11.061009094942206     
        4469   8.1294159450381809        13.135399687794196        11.061108342978580     
        4470   8.1311496550788185        13.140359133428642        11.064153720795664     
        4471   8.1311643765820456        13.140401254141919        11.064180065738016     
        4472   8.1319154065667512        13.142550266427332        11.065499677266212     
        4473   8.1334641973487329        13.146983174394469        11.068220679724872     
        4474   8.1344432633488104        13.149786242384776        11.069941068831218     
        4475   8.1373754371799034        13.158184824284634        11.075093041249358     
        4476   8.1376127690527262        13.158864857356784        11.075510534273898     
        4477   8.1378581937865206        13.159568118021577        11.075942253173372     
        4478   8.1379469059444105        13.159822331032659        11.076098617797685     
        4479   8.1381486840429318        13.160400564357611        11.076453652977952     
        4480   8.1386129010004744        13.161730967461759        11.077269838257168     
        4481   8.1393918836606591        13.163963778333951        11.078639163717542     
        4482   8.1397069363735568        13.164866932415704        11.079193285075926     
        4483   8.1407385444068208        13.167824675247495        11.081006660108697     
        4484   8.1409386736491403        13.168398550633299        11.081358857599445     
        4485   8.1412474392808338        13.169283995146493        11.081901981593349     
        4486   8.1431634197082232        13.174779838133237        11.085269902575961     
        4487   8.1432960271700985        13.175160301894024        11.085503470821694     
        4488   8.1433387927691658        13.175283003044493        11.085579128141712     
        4489   8.1434116745171394        13.175492114882321        11.085707720109061     
        4490   8.1440637279995904        13.177363138169332        11.086854332418229     
        4491   8.1442405242674116        13.177870491345956        11.087165586910535     
        4492   8.1443272239893716        13.178119301518139        11.087318474825553     
        4493   8.1451322252497302        13.180429724230459        11.088734010252081     
        4494   8.1460136404478654        13.182959951372567        11.090283946411825     
        4495   8.1478846479917166        13.188332641574149        11.093573767645976     
        4496   8.1481360381463031        13.189054696783238        11.094016243330197     
        4497   8.1489163307077668        13.191296157274463        11.095388660043989     
        4498   8.1497533691538866        13.193701072341430        11.096860920459500     
        4499   8.1498119319901043        13.193869347938550        11.096964384884478     
        4500   8.1503117754217431        13.195305700003933        11.097843791723063     
        4501   8.1503766820656462        13.195492228101214        11.097958414733617     
        4502   8.1517776702777383        13.199519053312509        11.100422531038136     
        4503   8.1519432129018750        13.199994954025321        11.100714140527680     
        4504   8.1525083262562958        13.201619674231519        11.101708446946477     
        4505   8.1549725924305889        13.208706992976307        11.106043025339618     
        4506   8.1551273999251706        13.209152359113913        11.106315809010342     
        4507   8.1567449924949695        13.213806965358408        11.109161656853820     
        4508   8.1573864128301423        13.215653125884613        11.110290487676048     
        4509   8.1575948286795725        13.216253055045723        11.110657618014306     
        4510   8.1576976309127289        13.216548983919457        11.110838957528037     
        4511   8.1579543116949669        13.217287901711090        11.111291003376676     
        4512   8.1581891121347550        13.217963869893904        11.111704563308029     
        4513   8.1582244824639503        13.218065700883022        11.111767279535391     
        4514   8.1583744572950643        13.218497486838169        11.112031615029936     
        4515   8.1594315949247012        13.221541468569084        11.113891951906000     
        4516   8.1595458145757522        13.221870403452813        11.114093399342524     
        4517   8.1596513638086172        13.222174376572015        11.114279593424671     
        4518   8.1614170621224282        13.227260539105059        11.117386822835554     
        4519   8.1619260261923117        13.228727014195195        11.118282895614405     
        4520   8.1626532676504269        13.230822709187587        11.119563100599686     
        4521   8.1643663424746844        13.235760673697614        11.122578280605955     
        4522   8.1648802926406905        13.237242523438193        11.123483288330673     
        4523   8.1653325547687050        13.238546656115915        11.124279752705201     
        4524   8.1665055759106178        13.241929787157300        11.126344840404583     
        4525   8.1668839416907435        13.243021233938011        11.127011312584093     
        4526   8.1686804515740832        13.248204808249479        11.130174137845620     
        4527   8.1691137169518129        13.249455255792101        11.130937343039163     
        4528   8.1691268968183639        13.249493296175725        11.130961037061175     
        4529   8.1705023932610263        13.253463958755582        11.133383064194755     
        4530   8.1713069393372724        13.255787036623486        11.134800037432337     
        4531   8.1718305817982682        13.257299254360623        11.135722489753769     
        4532   8.1724512601943893        13.259091937416088        11.136815827814017     
        4533   8.1726064743498767        13.259540277058891        11.137089616504570     
        4534   8.1733960831136603        13.261821329075262        11.138480467197192     
        4535   8.1737175286128902        13.262750052368796        11.139046986073778     
        4536   8.1745310749958691        13.265100866422916        11.140480083731445     
        4537   8.1746486387055945        13.265440613697960        11.140687604621748     
        4538   8.1761596867974387        13.269808212718296        11.143349165359067     
        4539   8.1775652638010001        13.273872323993064        11.145825201468893     
        4540   8.1776023181552731        13.273979481514790        11.145890958432700     
        4541   8.1788033444610519        13.277453228129421        11.148006904996210     
        4542   8.1790660609751331        13.278213215785742        11.148470159862734     
        4543   8.1836122429749238        13.291371757250019        11.156479683068847     
        4544   8.1839437126026837        13.292331710225589        11.157064214016453     
        4545   8.1849845763684090        13.295346584164477        11.158898747582628     
        4546   8.1862652616494582        13.299057101945447        11.161156013440239     
        4547   8.1865303384033687        13.299825244006479        11.161623636584190     
        4548   8.1875964552722209        13.302915124890264        11.163502961673176     
        4549   8.1877436134031036        13.303341686997708        11.163762803689282     
        4550   8.1885230032255674        13.305601119649603        11.165136914785768     
        4551   8.1891166812719582        13.307322452325350        11.166183765927132     
        4552   8.1892770441691844        13.307787455264853        11.166466905888223     
        4553   8.1894088261864759        13.308169595416937        11.166699672986040     
        4554   8.1910934033022489        13.313055544431938        11.169669489334391     
        4555   8.1915494269178168        13.314378524284203        11.170473846099961     
        4556   8.1917631201085186        13.314998522348516        11.170851038888097     
        4557   8.1922128564259715        13.316303463866555        11.171644344557381     
        4558   8.1936278973997254        13.320410193513290        11.174139464267681     
        4559   8.1963708677964888        13.328374682419993        11.178976243322220     
        4560   8.1970520766684523        13.330353427396037        11.180177939453989     
        4561   8.1977182503959227        13.332288801946611        11.181353171309626     
        4562   8.1992953874363241        13.336871911010389        11.184134992529044     
        4563   8.1998655450852187        13.338529184274540        11.185141041951310     
        4564   8.2000129522490965        13.338957687399652        11.185401516228945     
        4565   8.2002302266676566        13.339589316915070        11.185785218278268     
        4566   8.2013250337579411        13.342772471202510        11.187716701317280     
        4567   8.2014347332994237        13.343091467571805        11.187910688324594     
        4568   8.2016075125981232        13.343593910692666        11.188215940163376     
        4569   8.2033862651048839        13.348767706994451        11.191354070838804     
        4570   8.2038394205250000        13.350086126938399        11.192153964769373     
        4571   8.2044655833035769        13.351908127001352        11.193259091997787     
        4572   8.2050522164570978        13.353615345280001        11.194294521755827     
        4573   8.2052106325866383        13.354076407475530        11.194574500277584     
        4574   8.2063658060390168        13.357438996086092        11.196613071463526     
        4575   8.2076379736534797        13.361143189335108        11.198858219980563     
        4576   8.2085739206491652        13.363869104012464        11.200510240158129     
        4577   8.2092489107853694        13.365835359472694        11.201701847057498     
        4578   8.2100777670354113        13.368250252179969        11.203165037753807     
        4579   8.2107457004228852        13.370196631758807        11.204344298754949     
        4580   8.2123900913653980        13.374989732280055        11.207247008493857     
        4581   8.2148579407032738        13.382186514916418        11.211603593526524     
        4582   8.2149456305556328        13.382442313745925        11.211758886459522     
        4583   8.2157451321422403        13.384774769993344        11.213170758051389     
        4584   8.2165352920688690        13.387080400704081        11.214566205495400     
        4585   8.2168830391832159        13.388095236939447        11.215180637088872     
        4586   8.2173437816744777        13.389439956389495        11.215994577758652     
        4587   8.2183833782680242        13.392474646471991        11.217830572170806     
        4588   8.2186332774888786        13.393204238017828        11.218272304861094     
        4589   8.2194472399859109        13.395580931895342        11.219710024763971     
        4590   8.2199218523950535        13.396966964053423        11.220548582892464     
        4591   8.2206479075844108        13.399087593404820        11.221831180079613     
        4592   8.2213427885989177        13.401117507610111        11.223058781114657     
        4593   8.2230994393526462        13.406250576516168        11.226161611067864     
        4594   8.2253480835540103        13.412824365785834        11.230133804982318     
        4595   8.2257835483678274        13.414097823209424        11.230903509990691     
        4596   8.2258947886935321        13.414423151166513        11.231100506357210     
        4597   8.2273778823630721        13.418761342744206        11.233720917699506     
        4598   8.2298697991979282        13.426053830883117        11.238123961573679     
        4599   8.2310403161969870        13.429480767979962        11.240192675926879     
        4600   8.2313265762228927        13.430318997996608        11.240698996370922     
        4601   8.2318659788926318        13.431898636083467        11.241652644351076     
        4602   8.2337482568999523        13.437412442257324        11.244979458564218     
        4603   8.2340329848901117        13.438246715223272        11.245483154159976     
        4604   8.2344126486671403        13.439359243329502        11.246154642369197     
        4605   8.2345270056254467        13.439694362730680        11.246357249891480     
        4606   8.2353554748275339        13.442122433525251        11.247821987153570     
        4607   8.2373809013123420        13.448060523763766        11.251402537623571     
        4608   8.2375570067416923        13.448576958189316        11.251714332950142     
        4609   8.2384480233146249        13.451190217995387        11.253289907100074     
        4610   8.2390582829610590        13.452980361945727        11.254369228058186     
        4611   8.2401556495896102        13.456200037274083        11.256309760573879     
        4612   8.2410569030988654        13.458844936795343        11.257903680793651     
        4613   8.2414404525912133        13.459970705380437        11.258582323745779     
        4614   8.2417428035504603        13.460858216980686        11.259117412766132     
        4615   8.2432287513093261        13.465220937901767        11.261745373047228     
        4616   8.2432779001886907        13.465365264311696        11.261832781695075     
        4617   8.2437865353839896        13.466858976938898        11.262732709252271     
        4618   8.2445433314793721        13.469081795882687        11.264071514950460     
        4619   8.2446952409221979        13.469528023395805        11.264340656010637     
        4620   8.2448721867910724        13.470047814427971        11.264654075419960     
        4621   8.2457338007399663        13.472579175395783        11.266178343867603     
        4622   8.2458812585539416        13.473012447422816        11.266439631292508     
        4623   8.2470431318652349        13.476426879483531        11.268495053522559     
        4624   8.2488295862453977        13.481678606879450        11.271655408210718     
        4625   8.2489928692736960        13.482158728061291        11.271944737699956     
        4626   8.2500145931267603        13.485163447243027        11.273752618590679     
        4627   8.2504677661389820        13.486496384628836        11.274554795693673     
        4628   8.2528132160138057        13.493397430278476        11.278704818660044     
        4629   8.2553629098227699        13.500903749923641        11.283216850283418     
        4630   8.2572434514084279        13.506442969661441        11.286545300501880     
        4631   8.2573015182861980        13.506614047332105        11.286648566748427     
        4632   8.2578489838412423        13.508227115224834        11.287617978357963     
        4633   8.2581580922276103        13.509137972812248        11.288165556824234     
        4634   8.2596327362473509        13.513484257903173        11.290776107056642     
        4635   8.2610211575654073        13.517577796640163        11.293234258957684     
        4636   8.2611048015028157        13.517824450262768        11.293382825084928     
        4637   8.2616743035752762        13.519503957189526        11.294391468838727     
        4638   8.2621843035207565        13.521008179158679        11.295294810240874     
        4639   8.2646263555508437        13.528213411725133        11.299618799453940     
        4640   8.2653935429306458        13.530477842512569        11.300977685322293     
        4641   8.2661566829270594        13.532730734085215        11.302329467139144     
        4642   8.2662026952791017        13.532866581696405        11.302411444046760     
        4643   8.2667034433150111        13.534345093753897        11.303298648676035     
        4644   8.2686498343425114        13.540093682681068        11.306745989335399     
        4645   8.2707564359940537        13.546318427865446        11.310477499693102     
        4646   8.2724476148566328        13.551317894629651        11.313473595661312     
        4647   8.2750645281042985        13.559057962586659        11.318110050230997     
        4648   8.2753389415885348        13.559869875532252        11.318596727895946     
        4649   8.2773950715864597        13.565955069107556        11.322240307583199     
        4650   8.2784839612257617        13.569178878909218        11.324170301100791     
        4651   8.2791595671695291        13.571179522680497        11.325368027704071     
        4652   8.2825005874596176        13.581077856888788        11.331289780967372     
        4653   8.2828578123301835        13.582136659597987        11.331923459868330     
        4654   8.2836287018025043        13.584421856159041        11.333290399462092     
        4655   8.2842506482478662        13.586265835998146        11.334393377042938     
        4656   8.2852575213735697        13.589251643666659        11.336178770543386     
        4657   8.2861224392077322        13.591817063021027        11.337712605374021     
        4658   8.2864520314478334        13.592794800007953        11.338297432920081     
        4659   8.2864927844601119        13.592915699330426        11.338370187044985     
        4660   8.2872533053115660        13.595172101843890        11.339719042324036     
        4661   8.2874327946123962        13.595704691178526        11.340037777260546     
        4662   8.2891518471564485        13.600806696776004        11.343086304111173     
        4663   8.2900857009340161        13.603579170603741        11.344742740364955     
        4664   8.2904273079337223        13.604593504924873        11.345349013404812     
        4665   8.2912227983433144        13.606955875184422        11.346760202737920     
        4666   8.2916453443697939        13.608210892972522        11.347510057494224     
        4667   8.2928977656946934        13.611931490960719        11.349731739888847     
        4668   8.2945560747688702        13.616859573942746        11.352673524465574     
        4669   8.2979407417515656        13.626923997774579        11.358678194680158     
        4670   8.2981196487245228        13.627456209372351        11.358996101963799     
        4671   8.2983215795812733        13.628056939531332        11.359354860522840     
        4672   8.2989691132642402        13.629983501643595        11.360504210787996     
        4673   8.2993992545054347        13.631263435236868        11.361267891081605     
        4674   8.3007043250579606        13.635147621541250        11.363584030196121     
        4675   8.3021259056898540        13.639379942137696        11.366107104098953     
        4676   8.3039580173705598        13.644836607453357        11.369358975710517     
        4677   8.3057714711236788        13.650240049745918        11.372578088459084     
        4678   8.3058509459079684        13.650476909555781        11.372719657706481     
        4679   8.3068872611894200        13.653565865362912        11.374559633038254     
        4680   8.3076187438919007        13.655746663156062        11.375858596564134     
        4681   8.3079773028664619        13.656815787928959        11.376495602551499     
        4682   8.3080591947196538        13.657059979860206        11.376641481467592     
        4683   8.3081446467618782        13.657314792944955        11.376793681153353     
        4684   8.3084511082169907        13.658228686134152        11.377338221998260     
        4685   8.3094262992107879        13.661137230313187        11.379069968641426     
        4686   8.3116206513030733        13.667684444601774        11.382966443281509     
        4687   8.3121762617247033        13.669342744884219        11.383953490904430     
        4688   8.3124394921070444        13.670128471135733        11.384421400220512     
        4689   8.3130869422976517        13.672061279682133        11.385571578299201     
        4690   8.3142586793458388        13.675559981977949        11.387652841955992     
        4691   8.3146068118780398        13.676599663387258        11.388271586294243     
        4692   8.3162388425459319        13.681474799358890        11.391170538926149     
        4693   8.3166696910497819        13.682762129869189        11.391936269139228     
        4694   8.3184115236125056        13.687967896222620        11.395030620831220     
        4695   8.3187474901151255        13.688972239389054        11.395627908869551     
        4696   8.3198959228420701        13.692405990453043        11.397668481400112     
        4697   8.3217511072186667        13.697954883671525        11.400964818599201     
        4698   8.3220952895158256        13.698984610679823        11.401576823524787     
        4699   8.3246960514442634        13.706768331890396        11.406198431261943     
        4700   8.3254148333289812        13.708920401949467        11.407476215958036     
        4701   8.3254652664220821        13.709071415144443        11.407566345156416     
        4702   8.3259278108903914        13.710456509844805        11.408388826987560     
        4703   8.3286143326524531        13.718504365879898        11.413163926019257     
        4704   8.3338150607366845        13.734098622204131        11.422409558845073     
        4705   8.3347272205157541        13.736835717478206        11.424031874218249     
        4706   8.3360288745613769        13.740742596700521        11.426346858705630     
        4707   8.3369259506540008        13.743435857146206        11.427942566904756     
        4708   8.3370787982265639        13.743894803978172        11.428214880790057     
        4709   8.3372732358353794        13.744478655231985        11.428561156914855     
        4710   8.3380130867864821        13.746700506182654        11.429877376228395     
        4711   8.3394831779233645        13.751116518277946        11.432492388457339     
        4712   8.3396167799437659        13.751517923215367        11.432730514995571     
        4713   8.3407361153056101        13.754881453255592        11.434721891637848     
        4714   8.3413430385336866        13.756705596611765        11.435801939847709     
        4715   8.3426574793586799        13.760657138395240        11.438140590230498     
        4716   8.3432162047754730        13.762337186819291        11.439135021927749     
        4717   8.3434999680223516        13.763190529614256        11.439640333302586     
        4718   8.3442008559270775        13.765298514000081        11.440887727816525     
        4719   8.3455751820230599        13.769432957467233        11.443333326683439     
        4720   8.3456266994067274        13.769587965991386        11.443425495533221     
        4721   8.3464844684120685        13.772169154146386        11.444952184943306     
        4722   8.3471733928327456        13.774242643234007        11.446178515662824     
        4723   8.3476801575309878        13.775768096996849        11.447080757234369     
        4724   8.3501281465455577        13.783139611246121        11.451437580033160     
        4725   8.3513583663691193        13.786845756265793        11.453627566210523     
        4726   8.3518293333233764        13.788264876394475        11.454466319538477     
        4727   8.3522576444283683        13.789555605591335        11.455229173115052     
        4728   8.3527634332258245        13.791079987931697        11.456129953177163     
        4729   8.3538462768480404        13.794344164407654        11.458057943885352     
        4730   8.3548397766637237        13.797339768548628        11.459827011279325     
        4731   8.3573568751346237        13.804932547748042        11.464308751636510     
        4732   8.3574849604767731        13.805319038065555        11.464537312616281     
        4733   8.3595278172723013        13.811484859314522        11.468175278554815     
        4734   8.3620935557371148        13.819233171353435        11.472744904843763     
        4735   8.3623111578917655        13.819890532356911        11.473132958217915     
        4736   8.3624671938312733        13.820361927381450        11.473411367302463     
        4737   8.3635270341701649        13.823564246566393        11.475299509539168     
        4738   8.3646091162028018        13.826834615885716        11.477227389264636     
        4739   8.3649180259805025        13.827768388866980        11.477778143306777     
        4740   8.3662319161286653        13.831740797637851        11.480119123561208     
        4741   8.3685123806744475        13.838638540981609        11.484182327412524     
        4742   8.3702899747421178        13.844017888175189        11.487350043039198     
        4743   8.3712302574420594        13.846864303883153        11.489026027214818     
        4744   8.3716714459019066        13.848200089241463        11.489812717244517     
        4745   8.3733113514853397        13.853166479651087        11.492735649934732     
        4746   8.3746701508230590        13.857283046066749        11.495157850398842     
        4747   8.3753716295213092        13.859408749765578        11.496408633858477     
        4748   8.3754471642113941        13.859637665474819        11.496543777568084     
        4749   8.3798404066466521        13.872959059911727        11.504375757998643     
        4750   8.3800950362930777        13.873731595227339        11.504830241086237     
        4751   8.3803309873781195        13.874447503219235        11.505251429032862     
        4752   8.3812722060824338        13.877303698082477        11.506930091759321     
        4753   8.3813185149981422        13.877444242615457        11.507013173793256     
        4754   8.3834616040508578        13.883950107166010        11.510835080275077     
        4755   8.3850188109360477        13.888679509850352        11.513612594235058     
        4756   8.3865870443443526        13.893444210374737        11.516410034058287     
        4757   8.3868934375040247        13.894375324514728        11.516957026922652     
        4758   8.3905426968736503        13.905470584771832        11.523467090020128     
        4759   8.3909282634618751        13.906643442375213        11.524155460736941     
        4760   8.3911900838526297        13.907439938327450        11.524623075384495     
        4761   8.3933094943699533        13.913889364286762        11.528404994210065     
        4762   8.3945172875621541        13.917566202054461        11.530560640717761     
        4763   8.3948343848561215        13.918531708269628        11.531126995084803     
        4764   8.3970588355119595        13.925306871740030        11.535097203536660     
        4765   8.3981334266644811        13.928581144409900        11.537015593657303     
        4766   8.3993211760470174        13.932201207691918        11.539136086570602     
        4767   8.4003760767041395        13.935417249364862        11.541019588348343     
        4768   8.4012594668996670        13.938111049339170        11.542597037314811     
        4769   8.4046755235530277        13.948533399816874        11.548696318037441     
        4770   8.4060060044683862        13.952595034709240        11.551072509539599     
        4771   8.4069370693246661        13.955438134573908        11.552735625580071     
        4772   8.4072463549719298        13.956382712400542        11.553288452325193     
        4773   8.4076369486237734        13.957575711989591        11.553986490661709     
        4774   8.4095639006887541        13.963462915062150        11.557428399424039     
        4775   8.4123770761038088        13.972062679959581        11.562453750373558     
        4776   8.4124234481869085        13.972204487144548        11.562537102314513     
        4777   8.4127592461688625        13.973231415191194        11.563137471886526     
        4778   8.4133467598282792        13.975028336076848        11.564187523440490     
        4779   8.4142573853975158        13.977814011010114        11.565814855744835     
        4780   8.4170951780521186        13.986499024839246        11.570885606295773     
        4781   8.4171749101034585        13.986743130536254        11.571028591066833     
        4782   8.4175964980584830        13.988033933148905        11.571782428444157     
        4783   8.4177070074954390        13.988372308959768        11.571980413595425     
        4784   8.4183721483557914        13.990409139190804        11.573169493817142     
        4785   8.4188429206620921        13.991850964159550        11.574011278681882     
        4786   8.4279908579868454        14.019901234731437        11.590363829178917     
        4787   8.4312499186455163        14.029909701363659        11.596192114531435     
        4788   8.4318683466066240        14.031809777934182        11.597298617552100     
        4789   8.4318996714367298        14.031906028965135        11.597355157335452     
        4790   8.4319252330525920        14.031984572059333        11.597401390174204     
        4791   8.4326166585546218        14.034109300201395        11.598638493434242     
        4792   8.4357090601357321        14.043616572258241        11.604170267123370     
        4793   8.4374528789919587        14.048980955026185        11.607290336088097     
        4794   8.4383546969568268        14.051756055244240        11.608904261533690     
        4795   8.4389387583317959        14.053553674503396        11.609949747741057     
        4796   8.4391043474544940        14.054063370372221        11.610246535175884     
        4797   8.4398350349987030        14.056312730236177        11.611554420606458     
        4798   8.4410830078273591        14.060155445419591        11.613787979690988     
        4799   8.4416897382279270        14.062024095743498        11.614874202185517     
        4800   8.4418860768201327        14.062628852772704        11.615226064385160     
        4801   8.4433466968553113        14.067128735339523        11.617840457927317     
        4802   8.4454470913630821        14.073602477968317        11.621600169969470     
        4803   8.4457921471322113        14.074666314241886        11.622218299952673     
        4804   8.4494371509453536        14.085909704163425        11.628743741042262     
        4805   8.4500908794147058        14.087927266975624        11.629914650573300     
        4806   8.4503618901228048        14.088763766497909        11.630400382420513     
        4807   8.4515490406067553        14.092428675672524        11.632526445073834     
        4808   8.4517561244933059        14.093068084348397        11.632897755409134     
        4809   8.4529906451970227        14.096880567480619        11.635108820042197     
        4810   8.4542500735962758        14.100771169890896        11.637364652922136     
        4811   8.4547046276044480        14.102175666994274        11.638179204315106     
        4812   8.4547991994774758        14.102467898356210        11.638349089942951     
        4813   8.4553426323352561        14.104147262882481        11.639322843309118     
        4814   8.4558953104606012        14.105855429399403        11.640313186511760     
        4815   8.4586172284009251        14.114271489435847        11.645189022829170     
        4816   8.4609207240000295        14.121398233983767        11.649316029317626     
        4817   8.4648413308052142        14.133537481539479        11.656341238374724     
        4818   8.4652171018024536        14.134701588419169        11.657015128098932     
        4819   8.4664387735886280        14.138486973993146        11.659204947018575     
        4820   8.4664922584337265        14.138652724536508        11.659301319623212     
        4821   8.4672850659919696        14.141109907890728        11.660722682391581     
        4822   8.4678807169109103        14.142956352826957        11.661790752465249     
        4823   8.4689138408107159        14.146159557384841        11.663642968716760     
        4824   8.4698193451409516        14.148967752152496        11.665266543249425     
        4825   8.4721628501738042        14.156238476310710        11.669468040921251     
        4826   8.4738650417922585        14.161522178380055        11.672520286865526     
        4827   8.4777921191899637        14.173720582458488        11.679562537909911     
        4828   8.4778097974788800        14.173775522206311        11.679594763515658     
        4829   8.4778910487585257        14.174028034184882        11.679740997119678     
        4830   8.4792433329505101        14.178231399643106        11.682166727080924     
        4831   8.4795082267081892        14.179054946345007        11.682642337290138     
        4832   8.4797232553416553        14.179723503781091        11.683028519853567     
        4833   8.4798193710493095        14.180022354016407        11.683201430395249     
        4834   8.4826262828839578        14.188752969373693        11.688236711271278     
        4835   8.4839089099049811        14.192744481760176        11.690538163605423     
        4836   8.4841522946056376        14.193502034498797        11.690975319166585     
        4837   8.4842035261503099        14.193661502289919        11.691067752600501     
        4838   8.4854251936885561        14.197464774415661        11.693260051295907     
        4839   8.4858142660366891        14.198676270038503        11.693958637089365     
        4840   8.4881525328977574        14.205959652620265        11.698154753771005     
        4841   8.4882541926080162        14.206276405046456        11.698337700450702     
        4842   8.4889010503166435        14.208292079345972        11.699499002751578     
        4843   8.4931488735596332        14.221536809604290        11.707123310581350     
        4844   8.4940505878294577        14.224350165017785        11.708742435936861     
        4845   8.4964363282835471        14.231796748806779        11.713025848548623     
        4846   8.4978201645730458        14.236118134560602        11.715510919653186     
        4847   8.4997782029551665        14.242235167978082        11.719027267029892     
        4848   8.5019676362656078        14.249078640369344        11.722959590488360     
        4849   8.5037134707151445        14.254538249929720        11.726095664756619     
        4850   8.5075155194603962        14.266436353050576        11.732925867054073     
        4851   8.5107652919293280        14.276615151680412        11.738765236330901     
        4852   8.5129574984203771        14.283486171781790        11.742705124178974     
        4853   8.5162778920567064        14.293900460223666        11.748673329148881     
        4854   8.5165527777126346        14.294763017649986        11.749167955206778     
        4855   8.5208136588126244        14.308140756525381        11.756828338610836     
        4856   8.5219735981675928        14.311785058070141        11.758914445060372     
        4857   8.5243427485764300        14.319231766000383        11.763175170626310     
        4858   8.5243429207147194        14.319232307226251        11.763176007407855     
        4859   8.5245810278583143        14.319980970459739        11.763604731441758     
        4860   8.5245869713728055        14.319999658800175        11.763615947205148     
        4861   8.5250523091597650        14.321462918712541        11.764453326351843     
        4862   8.5300894163696874        14.337313131105050        11.773513948936836     
        4863   8.5333194252245512        14.347487552382100        11.779325630513183     
        4864   8.5337265456185296        14.348770556081801        11.780058694052956     
        4865   8.5344746639375781        14.351128527788630        11.781405364685776     
        4866   8.5353600347191048        14.353919676235620        11.782999081134184     
        4867   8.5361600004209635        14.356442119596826        11.784439187121331     
        4868   8.5361628018911855        14.356450954057465        11.784444757038701     
        4869   8.5363077531645004        14.356908067674516        11.784706139805150     
        4870   8.5372825031674360        14.359982441799882        11.786460887215435     
        4871   8.5391423237205757        14.365850438433577        11.789808744099021     
        4872   8.5409177353560501        14.371454684150326        11.793005027348704     
        4873   8.5413320036063638        14.372762720578152        11.793751290958772     
        4874   8.5434487574014923        14.379448428451658        11.797562529341215     
        4875   8.5440580907726922        14.381373653950439        11.798660106806528     
        4876   8.5450408043515598        14.384479221582513        11.800430004828678     
        4877   8.5481141150564053        14.394196468726568        11.805964677388248     
        4878   8.5483294968315189        14.394877749893480        11.806353085287727     
        4879   8.5484343411856507        14.395209399950874        11.806542429589355     
        4880   8.5524729881435864        14.407991396829496        11.813817074787915     
        4881   8.5544368581483425        14.414211615754850        11.817355416783654     
        4882   8.5563260467281825        14.420198216555368        11.820759615057591     
        4883   8.5577049174067064        14.424569494896112        11.823244638183754     
        4884   8.5581367560546298        14.425938818701882        11.824023311267391     
        4885   8.5594757475028551        14.430185601154264        11.826436736505913     
        4886   8.5629105331098270        14.441086064734099        11.832627713653372     
        4887   8.5644345498566583        14.445925654135074        11.835375355990175     
        4888   8.5691442294020916        14.460893324142560        11.843866881061315     
        4889   8.5703288984517094        14.464661102753718        11.846003605730592     
        4890   8.5712698538306498        14.467654572124584        11.847700973968186     
        4891   8.5713560028979590        14.467928674711343        11.847856864356016     
        4892   8.5759083147904711        14.482421433555047        11.856068021914682     
        4893   8.5773213285297842        14.486923329307427        11.858617542341547     
        4894   8.5813777584217252        14.499856228134972        11.865936811676805     
        4895   8.5832700264964128        14.505893825319108        11.869352038359571     
        4896   8.5847262414619845        14.510542108698518        11.871980647349757     
        4897   8.5955562220592636        14.545166079894697        11.891533530069752     
        4898   8.5984010632948156        14.554277102359713        11.896672206354408     
        4899   8.5991152202044301        14.556565338075334        11.897962735125001     
        4900   8.6007659609061982        14.561856092881071        11.900945241498592     
        4901   8.6031995862086248        14.569660141452641        11.905342520155218     
        4902   8.6081520432699641        14.585556537234595        11.914292449172132     
        4903   8.6148017952454570        14.606932754916791        11.926313643857375     
        4904   8.6186326482171634        14.619263987636389        11.933241316418956     
        4905   8.6198510672297584        14.623188539610023        11.935445389154642     
        4906   8.6201923572688433        14.624288062587491        11.936063184785356     
        4907   8.6202727262855188        14.624546998894733        11.936209079315384     
        4908   8.6272502004297245        14.647047793206436        11.948831916115799     
        4909   8.6287017699489788        14.651733874240561        11.951459011584850     
        4910   8.6296834642292612        14.654904059874710        11.953236015043389     
        4911   8.6358305723334272        14.674773218344956        11.964362666055335     
        4912   8.6379149366837709        14.681517638617361        11.968136775749818     
        4913   8.6401776498417817        14.688843267469311        11.972234301066019     
        4914   8.6452067541440982        14.705140595250130        11.981342772935593     
        4915   8.6457311391069069        14.706841142379176        11.982293153830243     
        4916   8.6480694393247699        14.714426918597837        11.986529519239413     
        4917   8.6523390491047039        14.728290024181813        11.994265967179333     
        4918   8.6533397893411479        14.731541578707436        11.996079986280941     
        4919   8.6538430738465610        14.733177144950183        11.996992588084987     
        4920   8.6548649517484915        14.736498686571350        11.998845078444512     
        4921   8.6553892810252364        14.738203324367733        11.999795904880505     
        4922   8.6566947721707397        14.742448594156631        12.002162625287708     
        4923   8.6586635958554670        14.748853654154667        12.005731971690546     
        4924   8.6616941432801546        14.758719176942982        12.011226677329374     
        4925   8.6672061565815159        14.776682748618288        12.021222639006835     
        4926   8.6686614569618108        14.781429862351541        12.023862751675230     
        4927   8.6698504781641113        14.785309725968224        12.026020066415660     
        4928   8.6716450518172259        14.791167833129217        12.029276085100486     
        4929   8.6731237308939431        14.795996815358009        12.031959310883822     
        4930   8.6750659102719379        14.802342304955253        12.035483797161961     
        4931   8.6754536294897342        14.803609447215718        12.036187876847491     
        4932   8.6868652093548313        14.840962367349990        12.056902594630143     
        4933   8.6902678252281440        14.852121606850570        12.063082246434922     
        4934   8.6918382497017355        14.857275342355402        12.065935082857676     
        4935   8.6924736607762902        14.859361204578686        12.067089771647828     
        4936   8.6932930477040617        14.862051517765009        12.068578693859026     
        4937   8.6956674052697807        14.869850575655930        12.072892556221406     
        4938   8.6986227297762948        14.879564739608586        12.078262667363427     
        4939   8.7104509868085049        14.918520018441978        12.099763551992700     
        4940   8.7122075955766753        14.924315615514045        12.102958390350912     
        4941   8.7175076331506318        14.941818385645181        12.112598768405180     
        4942   8.7200275793577351        14.950148824996994        12.117183715297591     
        4943   8.7214121866718255        14.954728424865570        12.119703494366727     
        4944   8.7256388412560568        14.968718506166370        12.127395533033321     
        4945   8.7336395494399035        14.995243523222166        12.141960718438400     
        4946   8.7343511039257553        14.997605291570878        12.143256928591144     
        4947   8.7364713831433907        15.004645500013547        12.147118594080210     
        4948   8.7432345515407484        15.027128563210809        12.159438398081020     
        4949   8.7476818572686028        15.041934983868853        12.167542501521053     
        4950   8.7551726329862607        15.066913750153041        12.181197022119429     
        4951   8.7593393308350915        15.080829670000634        12.188795133415697     
        4952   8.7621272413578026        15.090149379983792        12.193880210516182     
        4953   8.7756935434748566        15.135599629701346        12.218634653158938     
        4954   8.7758001138884829        15.135957320233910        12.218829739584594     
        4955   8.7811721330586590        15.154001119068148        12.228637961862441     
        4956   8.7840325008953055        15.163619298472877        12.233861947877239     
        4957   8.7857543381933034        15.169412662675645        12.237007244404163     
        4958   8.7978740117559511        15.210267154201150        12.259152093172796     
        4959   8.8014275751148059        15.222271303150016        12.265648504576349     
        4960   8.8036642098157252        15.229832704133827        12.269738292595120     
        4961   8.8148470723918368        15.267707416683841        12.290192560119545     
        4962   8.8201435264375441        15.285685854954533        12.299885175143617     
        4963   8.8269644324943783        15.308877095929423        12.312371880446859     
        4964   8.8292553728036367        15.316676009430795        12.316567295735132     
        4965   8.8357422076976597        15.338785191762915        12.328448742903175     
        4966   8.8365099119412172        15.341404360085566        12.329855683542155     
        4967   8.8422175501546434        15.360894274687615        12.340314245644388     
        4968   8.8462928032905150        15.374828690020617        12.347783977420724     
        4969   8.8524756255890047        15.395999171264680        12.359119922264876     
        4970   8.8623404854225232        15.429851663792778        12.377214970708915     
        4971   8.8624715885143122        15.430302178219334        12.377456077715513     
        4972   8.8629265987137664        15.431865872655736        12.378291496913155     
        4973   8.8644769314981726        15.437195237243280        12.381136793525732     
        4974   8.8656299149062576        15.441160162622996        12.383253155417693     
        4975   8.8658373995790871        15.441873802743190        12.383634480879293     
        4976   8.8824855863595555        15.499268165060936        12.414201988471698     
        4977   8.8838280086573569        15.503907646800814        12.416668619493185     
        4978   8.8872311566311240        15.515676826117639        12.422921736609743     
        4979   8.8879863418634226        15.518290002339077        12.424309961965024     
        4980   8.8964975204583681        15.547779168155742        12.439954184179522     
        4981   8.9004265883513742        15.561415939880277        12.447179078856587     
        4982   8.9020168710689997        15.566939629227551        12.450104154325439     
        4983   8.9111643523248922        15.598759986652958        12.466932150236060     
        4984   8.9149265844789447        15.611870803422670        12.473856241077167     
        4985   8.9187850643033126        15.625331327872354        12.480959049812521     
        4986   8.9285613075544656        15.659501334215367        12.498961825230198     
        4987   8.9503966611933379        15.736159429870852        12.539208012394953     
        4988   8.9506997123112626        15.737226676015375        12.539767513630606     
        4989   8.9571119831863566        15.759829968487088        12.551596848682456     
        4990   8.9651559430221663        15.788242893559866        12.566442491715611     
        4991   8.9822914854333895        15.848985351635177        12.598090038192650     
        4992   8.9936193430585440        15.889303272298243        12.619029127944417     
        4993   9.0043214044802973        15.927513707095279        12.638824315427870     
        4994   9.0097941465891882        15.947098710801816        12.648952132684437     
        4995   9.0241770018670415        15.998716623928514        12.675583545204459     
        4996   9.0341636917112869        16.034683154813596        12.694088408854741     
        4997   9.0406873354129331        16.058233714073499        12.706182479109790     
        4998   9.0573424064403447        16.118561061758065        12.737079156412692     
        4999   9.0881913121032838        16.231075701318915        12.794386069107714     
        5000   9.2477839340336185        16.829899755217564        13.092512984923390     
