  -1.0586915886960924      -0.44215685687959194       -1.8180309957824647                2
   3.4147507767193019       0.20267128711566329        3.4840744640678167                0
  0.80471093999221921      -0.82307331496849656        1.7759015527553856                2
   5.4479576647281647E-002 -0.86012333631515503       -3.2559096696786582                3
 -0.20556136267259717       -1.3981118658557534        2.2143645328469574                2
   1.7118157143704593        1.1739201215095818        2.1967343077994883                3
  0.30485668685287237        3.3909763861447573       -1.3744849595241249                0
  -3.5245079430751503       -1.5168419573456049       -2.7781084040179849                0
  -1.1319519556127489       0.16895708627998829        3.4380481275729835                0
   1.4772332459688187       -1.0395149979740381       -1.4112594677135348                2
   4.3342074262909591      -0.69369805045425892       -1.0045849438756704                0
   1.7705284291878343       -3.0162562639452517       -2.8505750908516347                0
 -0.85385353770107031        2.8792751673609018       -1.8318652221933007                3
 -0.18293700180947781        3.3231678884476423       -2.6325220451690257                0
  0.13625717954710126       -2.0415030024014413        1.9515716307796538                2
   1.5011222148314118        2.8506408981047571       -3.0194452614523470                0
  -9.9149832967668772E-002  -1.0447440017014742        3.5560557572171092                3
 -0.41302310535684228      -0.97442175494506955        3.9466551248915493                0
  -2.6550005888566375        2.6114704995416105        2.4380669742822647                0
   4.2894637957215309       0.59196740156039596       -2.5804014876484871E-003           0
  -1.8328517139889300        3.0690266331657767      -0.39145942311733961                3
 -0.50185929983854294        2.7703265612944961       0.23633919423446059                3
   1.3411622494459152E-002  0.28497646097093821       0.32793971942737699                2
  -1.1966194235719740       0.97666068468242884       0.78863690607249737                2
  -3.5572370793670416      -0.44605461414903402        1.3166906032711267                3
 -0.40739441523328424       -2.1178042516112328E-003  -1.2404818274080753                2
   3.0247436300851405       -2.8173172799870372       0.85081154480576515                0
   1.5241880761459470       -1.6770653403364122        3.4544560220092535                0
   1.5280404011718929        8.5968477651476860E-003  -2.0957077667117119                2
   2.8833939461037517        2.3749486217275262        2.0488911890424788                0
   1.5736243128776550        4.2498293425887823       -1.2218096246942878                0
  -2.9151270561851561       -1.7392323981039226       -2.2101502842269838                0
   2.8796018147841096       -2.8277164045721292        2.2783500468358397                0
   4.0424362639896572        1.2999294628389180        1.6743890289217234                0
  -1.5477257128804922       -2.3145837429910898       -3.2114399364218116                0
  -1.6440087370574474        1.7239845800213516       -3.4508407581597567                0
  -1.1775256856344640        1.9241050467826426      -0.64574728254228830                2
   3.3362788567319512        1.0690473066642880        3.4158300585113466                0
 -0.33486191416159272       0.54608761798590422       0.83395559806376696                2
   3.9308277913369238      -0.45387028250843287        1.0340538853779435                0
   1.1438729800283909      -0.42061009444296360       -2.3093992751091719                2
  0.15636457130312920       -1.0384999029338360        1.0174526530317962                2
  -1.7863211501389742      -0.53297918289899826      -0.11530833085998893                2
   2.8039291943423450       -2.1790237305685878       -6.2263035215437412E-002           3
  -1.4258209872059524       -9.6568458247929811E-002 -0.74482065392658114                2
   4.1814408171921968       0.30115560628473759        1.2766202748753130                0
  -1.0918806772679090      -0.84094051737338305       0.24347285972908139                2
 -0.81608202774077654       -8.7072702590376139E-002  -2.7469012420624495E-002           2
   1.4785112487152219        3.8890403625555336       0.17009682254865766                0
  0.95456963172182441        4.1019931971095502      -0.65591841004788876                0
 -0.43654878623783588       -2.2022364544682205       -4.2636086489073932                0
  -1.1769767152145505       0.48019202891737223       -2.6312567270360887                3
  -1.7926614405587316       -3.7123081041499972       -2.0313623221591115                0
  -1.8023276864551008        2.3960538208484650       0.82197484094649553                3
  -1.9844824634492397        3.6029979563318193        1.6295098164118826                0
  -1.9449012400582433        2.2742091002874076       0.19428597297519445                2
   1.2735324772074819       -3.3298437017947435      -0.94163808273151517                3
   3.1371144484728575       0.54668552707880735        1.4622711995616555                3
  -3.2788517372682691       -2.2752453573048115       -1.6936600278131664                0
  -1.7519525461830199        3.2480477355420589        3.2028948469087481                0
   2.9896030272357166        2.4280847096815705        2.2297808900475502                0
 -0.64161475514993072       -2.5301712285727262        2.8692196495831013                0
 -0.42207855032756925       -7.1926093660295010E-002   4.0906340721994638                0
 -0.29125952394679189        3.4487145487219095       -1.8570071738213301                0
  0.72160153649747372       0.54658588720485568       0.37682272493839264                2
  -1.3597746216692030       -2.9963646363466978        1.6604171739891171                3
  -1.0104626347310841        2.2603990044444799        2.4074016138911247                0
  -1.5929342596791685        2.5989346997812390        1.2052339734509587                3
   2.1936078113503754       -6.8794707767665386E-002  -3.0399096268229187                0
   2.2859411174431443        1.2044048309326172      -0.90130486525595188                3
   2.4893687199801207       -3.5057364031672478       -2.3197459219954908                0
 -0.52241805242374539        2.7133004390634596      -0.29682466993108392                2
   1.6223278921097517       0.61294547282159328        4.1132217249833047                0
  -3.8674363587051630       0.99966595182195306        2.4844864732585847                0
   2.7446642145514488       -3.8338574976660311       0.40378581266850233                0
  0.90125326998531818        1.5856046648696065        3.3231305074878037                0
   3.7072806409560144       -7.9382583498954773E-002   2.7999753016047180                0
 -0.88382064597681165       -1.5877959295175970        1.5455409116111696                2
 -0.78315642196685076       -3.9228350040502846        2.3739521764218807                0
  -1.8236685381270945       -6.7680135834962130E-002  -3.6424814164638519                0
  -1.0953290667384863       0.37567379651591182       -1.9432179350405931                2
  0.98528599599376321       -2.8166572051122785        2.4387161061167717                3
 -0.86837555281817913        3.7676443252712488        1.6255639609880745                0
   1.7807095707394183       -3.3837432367727160       -1.8325357232242823E-002           3
  -2.1030277153477073       -2.4586700275540352       -1.2987265991978347                3
  -1.6982052032835782       0.43451202102005482       -1.7748776148073375                2
   3.7428858759813011       -1.7265072953887284       0.43051055865362287                0
  -2.4206376867368817        8.4772875998169184E-002  -3.1088085100054741                0
  0.46288297744467854        1.2509373202919960       0.74082500068470836                2
 -0.33393357880413532       -2.6774951885454357        3.0548665043897927                0
 -0.21838614484295249       -2.0813965471461415       -2.3612101236358285                3
  -3.1455808063037694        2.7974581089802086       -2.4613218591548502                0
  -2.6140300696715713        2.4891763459891081        1.5129321767017245                0
  -2.8673997474834323       -1.2091988464817405       -3.5201585828326643                0
  -4.9347546044737101        1.6988574061542749E-002 -0.20053346641361713                0
  0.55597614264115691       -4.0554213896393776       -1.5996730350889266                0
 -0.11940337251871824       -2.1042796247638762       0.30715666478499770                2
   1.1018651374615729       -3.4385619987733662       0.12645466951653361                3
   3.0660968413576484        1.1784852761775255       -2.2476965654641390                0
  0.31540737487375736        4.1897032130509615      -0.44597932370379567                0
   1.1848161951638758        3.5935777425765991        1.4059636229649186                0
  -2.2358237532898784        1.4413831802085042      -0.61483616242185235                2
  -2.9081206372939050      -0.24894607020542026       0.87237721076235175                3
  -2.5054561672732234       0.44835278531536460        2.8020054521039128                3
   2.0715094311162829       -1.2726637045852840        1.9857945316471159                3
 -0.99601880880072713        3.6325642140582204       0.54965110262855887                0
   1.5250095399096608        3.3613399835303426        3.3621488139033318                0
  -2.5217927736230195       -2.3963575391098857       -2.6076051569543779                0
  -1.7324709775857627        2.1170679759234190       -1.2277356698177755                2
   1.2567809689790010       -2.3198265582323074       -4.0701273223385215                0
 -0.67320184782147408        3.6736250366084278      -0.89478314155712724                0
   1.2509378441609442        3.2873401185497642       -1.3950371672399342                0
  0.49565176013857126        2.5034063775092363       -1.9471044978126884                3
   4.1217017592862248       -2.1087424829602242E-002 -0.96634094836190343                0
  -1.3553210557438433      -0.94225317472591996        1.8156311591155827                2
   2.4355377117171884       -2.2443196363747120       -3.6273080832324922                0
  0.86256514303386211        2.6627184217795730      -0.76912018936127424                3
  -1.3069994561374187       0.18639719812199473       -4.6925813821144402                0
  -1.2857420323416591       -2.7077349880710244       -1.9360246439464390                3
 -0.98160259425640106       -1.0021615447476506       -2.3177809128537774                2
   1.3156094122678041       -4.1816635522991419       -1.2229130533523858                0
  0.32460450427606702       0.50160314887762070      -0.51212754566222429                2
  -1.2884168000891805       0.60895378701388836        2.8171435813419521                3
 -0.31277818605303764        1.4200187241658568       -3.6273800791241229                0
  0.76209865044802427       -1.6336652892641723        3.9905256312340498                0
   1.8379414500668645        1.6256462293677032       -2.9927097749896348                0
   1.9733759155496955       -2.9190132510848343       -3.2731424155645072                0
  -1.0319223906844854       -2.2539398446679115        3.0746326898224652                0
  -4.4530476909130812       -1.3068464887328446        1.6040370310656726                0
   4.3169374740682542       0.66731856670230627       0.90349481208249927                0
 -0.11512366356328130        2.1820891671814024        4.4777328195050359                0
   2.2283245087601244        1.9121456542052329       -1.2899150419980288                3
  -1.6028878069482744      -0.33962771762162447        3.7400746601633728                0
   1.8234902829863131        2.5456457375548780       -3.8235218706540763                0
  -4.2168175987899303       -1.7371561354957521      -0.94549669185653329                0
  -3.4745331993326545        3.9214757271111012E-003 -0.58899752562865615                3
  -4.0231414046138525       -2.0894131809473038       0.29969083610922098                0
 -0.75010837288573384       -4.2512403847649693       -2.2239452996291220                0
   2.8112703864462674      -0.63378927996382117       -2.4626665818504989                0
   3.8271262380294502        1.2869117036461830        1.0769316647201777                0
 -0.41318663163110614      -0.28448521625250578       -4.6144761843606830                0
  -1.9486908800899982       0.50181388156488538       0.47463182825595140                2
   2.9172496893443167       0.36729079438373446        3.8104414171539247                0
  -1.6727000754326582       -1.5741932624951005        2.4193886783905327                3
  -3.2131569483317435       -1.9279140001162887       -1.9589633843861520                0
  -3.4881607745774090       -9.8857909906655550E-002  0.49776367377489805                3
 -0.47310541151091456        2.6674414263106883        3.9280847646296024                0
  -1.8098778277635574       -1.4785026782192290       -2.3574542789719999                3
   3.7102228100411594       -1.3949175109155476       -1.9876752630807459                0
  -1.0063062654808164       -3.3373229671269655        2.8072502464056015E-002           2
  0.56636319262906909        1.9717433699406683       -3.6155066895298660                0
  -2.5897370162419975       -1.0602866089902818        3.7456447794102132                0
  -3.2729224232025445        9.7129209898412228E-002  -2.6750436006113887                0
  -1.1179661611095071       0.53682434372603893       -4.2692942335270345                0
  -2.1874835202470422       -2.5139880785718560       0.67418335005640984                3
  0.36041708663105965        1.0039241355843842        4.6770010143518448                0
  0.55640028091147542        1.3204660173505545        1.3157168938778341                2
   4.3343514250591397        1.0964183323085308       0.55651558330282569                0
  -2.2140979813411832       0.42357319267466664       -2.8497400949709117                3
   7.3372051119804382E-002 -0.30927328858524561        1.4066692930646241                2
   4.3646106147207320       0.89655257295817137       0.45237544691190124                0
   2.5805698242038488       0.33613681793212891      -0.20148181123659015                2
   1.3155491347424686        2.1890538441948593        1.2365243816748261                3
  -2.8258481994271278        1.9929492776282132       -3.4937241044826806                0
 -0.20618759794160724        1.4045149204321206      -0.10524037294089794                2
 -0.72033605305477977       -3.8772529480047524       -1.2201592326164246                0
 -0.48153894720599055       -1.9587687449529767        4.2121706437319517                0
 -0.64531136071309447        2.5531153287738562        1.4307514624670148                3
   3.7465083436109126        1.7588302679359913      -0.78612254001200199                0
  -2.9264606884680688       -1.9118204386904836       -3.4887863160111010                0
  0.57309260824695230       -3.8114574644714594       0.26790226809680462                3
  -2.2326191491447389      -0.17392113804817200        3.4111151378601789                0
   4.4923370680771768        2.0103305787779391      -0.19202594179660082                0
   2.4482675921171904      -0.94772686017677188        7.0347879081964493E-002           2
   1.4769054786302149       -3.2583430968225002      -0.31376366503536701                3
  -3.3311057137325406        2.6290509058162570      -0.57169929146766663                0
   2.1758226770907640      -0.46773090260103345       -3.6918147187680006                0
   3.8064711680635810        2.4732846301048994      -0.24694984778761864                0
   3.4756877413019538       -3.2731060427613556      -0.18820701865479350                0
  -1.6565105319023132        2.7915015630424023       -7.6389659661799669E-002           3
  0.95948273781687021       -4.6166040236130357        1.0162013326771557                0
   2.6641116826795042        3.7788369809277356       0.25603618239983916                0
  -1.3760336674749851        4.0321147651411593        2.2429411835037172                0
   3.6804464156739414       -2.4847212410531938       -1.2704798602499068                0
   1.0313822911120951        1.2528777541592717        3.4093217551708221                0
  0.90514308540150523        1.0137232230044901      -0.90802458813413978                2
 -0.97000597510486841       0.76783005613833666        3.9392688428051770                0
  0.36379695404320955       0.26770927011966705       -4.0904233534820378                0
  -1.3733737845905125        2.8368692798539996      -0.13919170945882797                3
  0.80139072844758630        6.4865027088671923E-002  -1.1632998543791473                2
   1.2641230225563049        3.4905008506029844E-002  0.43109894730150700                2
  -1.3458610442467034       0.18395866500213742       -2.4598257220350206                3
   4.7462051082402468        1.2504800409078598      -0.47181230736896396                0
   1.3231542916037142       0.23749111918732524        4.3340987432748079                0
   2.7221704786643386        1.6425917274318635      -0.29284831136465073                3
   3.3581118774600327      -0.13715111417695880       -1.6646098089404404                0
   1.2309279432520270        1.3791596889495850        2.5186458230018616                3
 -0.28875078074634075       -2.7732062782160938       0.16669777687638998                2
  -1.4224172011017799       0.70981369353830814       -1.2273687706328928                2
   4.1738274367526174        1.3409600220620632      -0.76386779779568315                0
   1.8172170384787023        2.4307625903747976        2.7047740109264851                0
   1.9266120460815728        1.6221906454302371        4.1822662833146751                0
   1.9230756303295493        1.2882568850181997        2.3233217629604042                3
   1.9012873736210167       -4.0406235610134900       -1.5387142286635935                0
   3.8245398667640984       -1.2363823107443750       0.21087429253384471                0
  -1.7454788112081587       -1.7076940461993217       -3.6241824552416801                0
  -1.7009277944453061       -1.1901852604933083       -2.3113906430080533                3
   1.4173787948675454       -1.5115146921016276       -2.2883533383719623                2
   3.1069716531783342       0.53749864920973778        1.0917872074060142                3
  -2.2611409658566117      -0.86766633903607726       -2.0160677796229720                2
  -2.1006090613082051        1.9310148665681481       -1.5309088025242090                3
   2.3170542763546109       -2.6661110087297857       -1.4153738971799612                3
 -0.96460613654926419       -4.2066486389376223      -0.29142166720703244                0
   4.1056143050082028       -2.5265335850417614       -3.6717567127197981E-002           0
  -1.6528647090308368      -0.25241106748580933       -1.1013897042721510                2
  0.67086726892739534        1.1001838464289904      -0.22611143300309777                2
 -0.81052600871771574        4.2228121333755553       -2.0341758290305734                0
  -3.0175577476620674       -1.2609084811992943        2.4003245914354920                0
  -3.8091311044991016       -9.8760575056076050E-002  -1.5162769402377307                3
 -0.58174468576908112      -0.98378805210813880        3.0151520087383687                3
  -1.5072487038560212       -4.2772124987095594       0.33919420093297958                0
   1.5217493963427842       0.69849212188273668       0.14210208319127560                2
  -3.5911527206189930       -2.3092453600838780      -0.23161529097706079                0
   3.1614927644841373       0.39426714647561312       -2.2042317595332861                0
   3.8224880257621408      -0.94968973891809583        2.9283686913549900                0
   1.3123912760056555        4.0874902531504631       -2.2423728671856225                0
  -1.5771916252560914       -2.7331525692716241       0.87676791707053781                3
  -2.3035274911671877        2.4655437655746937       0.98729425808414817                3
   1.4686821820214391       0.75088350567966700        1.7536395532079041                2
  -4.3560511036776006        2.1919783181510866      -0.93363085528835654                0
  -2.5850987737067044       0.86059568682685494      -0.66433701431378722                2
   1.7250045947730541      -0.25993102230131626       -2.4157646624371409                2
   3.2115132873877883        1.4603212452493608       -2.2296709194779396                0
   2.4279863783158362        1.5335869137197733       -3.0813047196716070                0
  0.52189308218657970       0.56057387031614780        1.0558925662189722                2
  -9.5254150219261646E-002   4.5316261472180486      -0.90275409864261746                0
 -0.84590660640969872        4.6633439231663942       -7.5089952442795038E-002           0
   1.7007311061024666        3.9251466980203986      -0.92904673190787435                0
   3.4123046207241714      -0.46402196399867535        3.3614752953872085                0
 -0.95733978319913149        3.5754851554520428        6.3500155229121447E-002           0
  0.52394095575436950        3.7608456751331687      -0.99395307479426265                0
   1.7722314316779375        2.8206179128028452       -2.0144026423804462                0
  -2.2516160598024726       -3.1363397836685181        2.7498253132216632                0
   2.1738223242573440      -0.25159096578136086       0.59745223028585315                3
  -7.7907769009470940E-002  -3.8244416238740087        2.4321885290555656                0
  -3.6420553294010460        3.1193933403119445      -0.94392009777948260                0
   1.5349704655818641       -3.8748277979902923       0.73228862369433045                0
   4.0354578988626599        2.5614606100134552      -0.15654865652322769                0
   1.4232053817249835       0.83784144837409258       -2.0399431558325887                3
   5.4765304084867239E-002   2.5429896870627999        1.5228733979165554                3
  -2.5235809455625713        3.7958181463181973        1.9508466869592667                0
   2.9747104854322970        1.9476574379950762E-002 -0.35051519516855478                3
  -4.3628724128939211      -0.44229613849893212      -0.16253427136689425                0
   2.9056341014802456       -3.5883998847566545       0.50484783714637160                0
   2.6378381741233170       -2.8436568239703774       -1.5730067063122988                0
  -1.5929547930136323       -2.4664837354794145       -3.9574651164002717                0
   2.4003564566373825        1.9571506441570818        3.6228356650099158                0
   2.3798048403114080      -0.29767129803076386        3.5856115841306746                0
  -2.4804627289995551       -1.1078362539410591       -2.7911297185346484                3
  -4.3692554207518697      -0.29261144343763590        1.7582658608444035                0
   1.6456974321044981        2.3435940546914935       -2.0624538348056376                0
   1.2877241405658424        2.4661605339497328       -1.8471114919520915                0
 -0.48832243075594306       -3.0952614406123757        1.3608712214045227                3
  -1.6516151954419911       -4.3661614600569010      -0.81307756481692195                0
   1.4959957031533122      -0.60325761092826724       -2.9065760737285018                3
  0.90972832171246409        3.9388163271360099       0.60528020141646266                0
   3.5538603505119681       -2.0057438965886831       -2.3793678008951247                0
  -1.7400291655212641        3.6576394806616008        2.4173106322996318                0
  -2.2392060072161257      -0.87941122008487582       -2.1913466113619506                2
  -1.1840920243412256       -1.2994523462839425      -0.43782554101198912                2
  -1.3823258015327156        3.6004467611201108      -0.76116537675261497                0
   5.1890762988477945E-002 -0.49754885025322437       0.81897972384467721                2
   2.6429223362356424       -3.2663856376893818        1.6643344028852880                0
   1.2570675229653716       -2.6706526521593332        2.1218076976947486                3
 -0.37704169983044267        1.9842853909358382        2.9247477743774652                0
   3.4244318399578333       0.42256571818143129       -3.4538856241852045                0
 -0.84274382563307881       0.46307569602504373       -7.3619708418846130E-002           2
  -2.8112057643011212       -1.0984940244816244        2.8924195747822523                0
 -0.64647196559235454       -3.1024335394613445       -1.8977119610644877                3
  -2.8565568546764553       0.22232105024158955        3.3775305678136647                0
   3.7073353910818696       -1.8389561027288437        5.4964420851320028E-002           0
  -8.2615769933909178E-002   2.4634887487627566        3.9023875491693616                0
   3.6878122412599623       0.52338207839056849       -1.9937065267004073                0
   4.4110557157546282        1.7907431116327643      -0.10016117943450809                0
  -3.9064646279439330       -2.2976545197889209       -1.4522073417901993                0
  -1.2572815525345504        2.3635773174464703        3.9684053976088762                0
   2.5039579439908266        2.3097285884432495        1.9415334775112569                0
  -2.0520210196264088       -3.1867363979108632        2.0103272260166705                0
  0.11358231538906693      -0.57377301855012774      -0.69063128670677543                2
  -8.5722182411700487E-002   3.7956486595794559        9.9110584706068039E-002           0
   2.5714484066702425       0.73687554104253650        1.0930727864615619                3
  -1.1602912005037069        1.4306470518931746        3.7406335631385446                0
  -2.3261833586730063      -0.48349810997024179       0.55270175216719508                3
  -2.6389873144216835       -1.3081720238551497        2.7818366931751370                0
  -3.8093654648400843      -0.11255931342020631      -0.30179490335285664                3
  0.48145597567781806       -2.7473623049445450       -4.0384873724542558                0
 -0.64828246831893921       0.72096252348273993      -0.70939249591901898                2
   2.7453380404040217        2.8094595670700073        1.2180765136145055                0
  -1.6271150624379516       -2.9698539897799492       -2.8755689505487680                0
 -0.48506414750590920        4.3278721394017339       -1.8666336149908602                0
   3.2251280895434320      -0.11007803725078702      -0.43936441186815500                3
  -3.1465489207766950      -0.16213957220315933       -3.5535807302221656                0
  -1.7985294456593692       -2.4194373050704598        1.0306540713645518                3
  0.68853108212351799       0.42097134282812476       -2.2720596287399530                2
  0.13247205642983317       -3.4691652050241828      -0.15953517984598875                2
  -2.1728667267598212        1.0231303260661662      -0.68540229927748442                2
   3.5460039740428329        1.8999322806484997       0.49900437006726861                0
  -3.4447324299253523        2.1268843370489776       -1.8334398674778640                0
  -1.9269733410328627       -2.8855112986639142        1.9204158452339470                0
   1.8988070730119944       -2.1741647273302078        1.9592857500538230                3
  0.64766523195430636        1.8486022972501814       -3.9598269131965935                0
  -2.6513027260079980        3.8345770770683885       -1.0398243018426001                0
  -6.8931360729038715E-002  0.31341207213699818       -1.3003364484757185                2
  0.93493401072919369        2.6986969728022814       -2.5857023196294904                0
  -1.7738112201914191        1.6772810183465481       -4.0674808318726718                0
  -1.6692375997081399      -0.14415072044357657        3.9956283406354487                0
 -0.26159111643210053       0.46245510224252939        3.1006911932490766                3
 -0.66218756372109056        3.9454080071300268       -2.2236704803071916                0
  0.15181554481387138       -1.2456577853299677       -2.4055924452841282                2
  -1.5274557657539845       0.18509734654799104      -0.77112573897466063                2
  -2.4244726588949561       0.44620324624702334        2.0469824085012078                3
  -2.5356192630715668       -3.0344587890431285       0.93401722842827439                0
   9.7307034302502871E-002  -3.2136832829564810       -2.2291244636289775                3
   3.2916211383417249        1.2583277188241482        1.8095986475236714                0
   2.7040192531421781        3.1641517649404705       0.92696016654372215                0
 -0.94884609337896109        3.6817235476337373        1.3441229169256985                0
   3.7849540985189378       -1.6568171652033925       -2.3801413690671325                0
  -1.0964010050520301        3.9155121101066470      -0.82332357298582792                0
  0.32542981673032045        3.1799958576448262        2.5880762748420238                0
   4.0844560926780105        7.9773112665861845E-002  0.36296833306550980                0
  -4.3598377727903426      -0.20739979576319456        1.8561957171186805                0
 -0.99101506872102618       0.19537590444087982        4.8382697976194322                0
 -0.78322256915271282        2.4532700679264963      -0.95107352128252387                2
  -3.5971615463495255        2.9577784659340978        1.2316754041239619                0
  0.13379651820287108        1.4628581749275327        3.6745295091532171                0
   1.6030264436267316       0.97163642290979624        4.0339174214750528                0
 -0.58370891958475113        4.9134765448980033      -0.44382486259564757                0
  -1.4222735469229519       -1.6760162124410272       -1.3814829499460757                2
  -4.6532203652895987      -0.36975221708416939       -1.5797340497374535                0
  -3.0245608580298722        2.6381872384808958        1.2909120600670576                0
  -1.9558377377688885        2.4582498450763524        3.7786774337291718                0
  -2.0942634181119502        1.2890562065877020        3.8071924354881048E-002           2
   4.1581794829107821       0.49814576515927911        1.6363366064615548                0
  0.61920535517856479       -3.4944393299520016       0.57693395065143704                3
  -2.3739713989198208       -1.1755990074016154        1.4902315638028085                3
  -3.0867570033296943      -0.63818104332312942        1.9346036133356392                0
 -0.46464879065752029        2.1394493873231113       -1.8575906404294074                3
  0.29408238595351577       -2.7678189030848444        3.5336264036595821                0
   1.5188423474319279      -0.10475490242242813       0.57685279985889792                2
  -3.1414234032854438       -3.3822949789464474        1.1971635068766773                0
   2.3441090132109821       -3.7233913107775152       -8.8480056729167700E-002           0
  -1.1165005550719798       -4.6569604915566742       -1.0296248109079897                0
  0.55540802422910929        4.0420901216566563        1.7669552820734680                0
 -0.47835840843617916        8.3691142499446869E-002   1.9840739900246263                2
  -2.4916246952489018        3.2158047030679882      -0.32208306947723031                0
   2.9983457690104842      -0.32242564950138330       -2.7468227106146514                0
   4.3392579304054379        1.1270421650260687      -0.99554962478578091                0
   1.4504752913489938        2.1126547828316689       0.57873585261404514                2
  -5.7576864492148161E-002   1.4529256266541779        3.1472580134868622                0
   2.6851691189222038       -1.7486004182137549       0.31807778635993600                3
   1.2813739827834070       0.61973416013643146        4.7425774647854269                0
  -1.5276791970245540        3.8609701138921082      -0.45074947644025087                0
  -3.0954913236200809E-002  -3.2380732218734920      -0.34613179741427302                3
   2.2626761347055435E-002   2.7006942289881408        1.8985119462013245                3
 -0.17562347697094083        3.7337014614604414      -0.76909649884328246                0
  -9.2197270132601261E-002  0.31684478744864464        3.2764499913901091                3
  0.36777607398107648      -0.59512364678084850       -1.1796938278712332                2
 -0.77989997109398246        4.7974173258990049       0.58046366088092327                0
  0.62487964285537601       -4.3735573510639369        1.1531108221970499                0
   8.4428256377577782E-003 -0.52038216497749090        4.1197467967867851                0
  -1.0789586184546351       -1.9987921370193362       0.26227623689919710                2
  -2.5216378225013614       -1.7532013915479183       -1.0106282751075923                3
  -2.2894824435934424        2.6124293543398380        3.2875016867183149                0
  -1.2270888825878501        1.3165099127218127       -8.2784018013626337E-002           2
   3.2615108112804592       -2.3423340986482799       -2.6468924432992935                0
 -0.17621556995436549        2.6301978295668960       -1.0065658134408295                3
   4.6738709090277553      -0.82700892817229033       0.51980468677356839                0
 -0.35652098245918751       -3.7599898525513709      -0.20491334376856685                3
  0.49435337539762259       -3.2138411304913461        3.5671531874686480                0
   2.3587471782229841        2.2387576033361256       0.73750593466684222                3
  -1.8219382711686194       -1.3951649214141071        1.5301380585879087                3
  -1.6052906983532012      -0.56489792419597507       0.86565955542027950                2
 -0.67869355669245124       -4.1325651691295207        2.0018610241822898                0
   3.0976669094525278        1.6865049931220710       -1.3539703446440399                0
   2.8797181486152112        1.1457601143047214       -2.2317405045032501                0
  0.98170721437782049        3.8090557209216058        1.8909828341566026                0
 -0.18780622398480773       -1.1624202597886324        3.7374729407019913                0
   3.5620485618710518        1.9186878274194896        1.7993045062758029                0
 -0.44547920813784003       0.13083018129691482       -3.4677752386778593                3
  -2.6563312346115708        3.8245130167342722      -0.62254240503534675                0
  -2.3976320936344564       -3.8742389273829758       -1.1019345349632204                0
  -2.6766421971842647        2.1541295992210507        2.4597878567874432                0
  -2.1260195854119956       0.24992755847051740       -2.9000436444766819                3
  -3.4124695998616517        2.0540323271416128       -2.7799367881380022                0
  -3.1885047908872366      -0.48634796403348446        1.8533841008320451                3
  -1.5935736265964806      -0.91350466944277287       0.85053111193701625                2
   1.1600612360052764      -0.98924417514353991       -1.1069144937209785                2
   3.9476135605946183      -0.63954325160011649        9.5431630033999681E-002           0
  -1.4163416856899858        2.4555141222663224      -0.48144768690690398                2
   1.9052774226292968       -3.9795684930868447      -0.43544572545215487                0
   2.9284146265126765        3.5118448245339096       0.47033598180860281                0
  -2.8702945052646101        1.9482837268151343      -0.12468637665733695                3
 -0.64833719516173005        1.7441224260255694       -2.2324209287762642                3
  -3.8633085764013231       0.84510758519172668        2.7638700883835554                0
   3.4504660172387958       -2.7640355541370809      -0.68254880141466856                0
 -0.38548314245417714       -2.7796138334088027      -0.74459175113588572                2
  -2.2473325324244797       -3.1966309412382543       -1.6102333436720073                0
  -4.6413408988155425       -1.0624507116153836      -0.28212183155119419                0
  -1.1453795456327498       -4.1666182293556631        1.5570854092948139                0
   1.8444597045890987       0.69888936122879386        3.9298600051552057                0
  -2.1146824350580573        1.2108657695353031      -0.94812416471540928                2
  -2.6335215871222317        2.2296119527891278       -1.5485745971091092                3
   4.0227919397875667       0.80177041003480554       -2.5732583715580404                0
  0.34211514052003622       0.73370316997170448        2.4672837392427027                2
   3.9005589042790234        2.4881170922890306      -0.21910724462941289                0
  -1.7717956122942269        4.0641568903811276      -0.34754018066450953                0
  -1.0477682226337492        3.5716989077627659E-002  0.25085295084863901                2
  -2.5983947445638478       -1.3769320445135236       -1.4863218716345727                3
  0.48213532892987132       0.71961596840992570       -4.4965273328125477                0
 -0.61392067233100533       0.54173774784430861       -4.0538884280249476                0
  -1.4195025293156505        2.5444255326874554       0.96646281890571117                3
  -2.6690323068760335       -2.1556874783709645        2.9330179747194052                0
 -0.97716175951063633      -0.40484829340130091       -4.8658539191819727                0
   2.3425238160416484       -2.6267807162366807       -9.5766922459006310E-002           2
 -0.77017873525619507        2.2669815830886364       -3.5699859424494207                0
   1.6979365912266076        3.7941171438433230       -2.1556972363032401                0
  -1.3129687611944973       -2.5711576687172055        1.4750216691754758                3
  -2.1540278475731611       -2.9680832312442362        1.8421223782934248                0
  -3.1543184374459088        1.2561063515022397       -1.0848073032684624                3
  -1.1385373957455158       -1.4665347547270358        3.2944718212820590                0
  0.72696050629019737       -3.7037413101643324       -2.5675181997939944                0
  0.75850299792364240        2.1533082681708038        3.3275437192060053                0
  -2.3539809812791646       -1.8813333706930280      -0.66276423167437315                3
  0.11593444738537073        2.7410292671993375       -1.0284338868223131                3
   2.0542589481920004E-002  -2.4025562335737050        3.2565715955570340                0
   4.1028349450789392       0.16575893387198448       0.35419834544882178                0
  -3.0384169821627438       -1.7136447108350694       -3.1709118979051709                0
  -1.1933821206912398       0.85730331949889660       -2.4036418367177248                2
   2.9909840971231461       -2.9369516228325665        1.3223007624037564                0
 -0.39457445964217186       -1.9836274418048561       -3.8596981461159885                0
  -3.8283380190841854        2.0670773950405419      -0.92965856892988086                0
   3.2421300397254527      -0.59123641112819314       0.10406694142147899                3
  -1.9653797266073525       0.36635279189795256        1.1771203042007983                2
   2.1782570332288742       -1.8311633495613933        3.6347833112813532                0
 -0.84008721867576241        3.4200098016299307        1.0191096318885684                0
  -2.7421553293243051       -3.5777354822494090        1.7739950283430517                0
   2.1075955405831337       -2.4075528047978878       -2.0606408384628594                3
   1.4951163972727954        2.3380475351586938       -3.2524746353738010                0
 -0.11519011342898011        2.3728630272671580       0.24796534795314074                3
  -2.7127007930539548       -1.7055751103907824        2.2134698112495244                0
  0.23539077956229448      -0.83157509099692106       -3.0885925493203104                3
   2.8644170868210495       -1.2273641023784876      -0.66220912616699934                2
  -1.3244001846760511        2.1960056060925126      -0.34057267475873232                2
  -4.3656527996063232E-002   3.5802365583367646       -3.0505170510150492                0
 -0.15744119416922331        3.9715744624845684        1.3925826456397772                0
   2.8370938100852072        3.5936944838613272       -1.9925291393883526                0
   1.0481488192453980       -1.4367677085101604      -0.19040445564314723                2
  0.89281308697536588       -2.0866555464453995       -2.3713752673938870                3
   1.5072242449969053        1.1988522065803409        2.8414283925667405                0
  -2.1628439426422119      -0.91352606657892466       -3.4269337798468769                0
   4.5040247635915875       -1.0701305093243718       0.23568193893879652                0
   2.4121154844760895        1.8943681498058140       -1.4806317747570574                0
   2.1212621312588453        2.3267745063640177      -0.90520612429827452                3
   1.7673848080448806        1.1145126633346081        3.9430391369387507                0
  0.67401651991531253        3.2798485923558474       -1.3917745021171868                0
 -0.18570168875157833        1.3510224316269159       -4.7033700626343489                0
   2.0126154739409685      -0.13695323374122381        4.5100473030470312                0
   3.1630013207904994       0.90917133493348956        2.3806545231491327                0
  -1.9402613956481218       -2.5536983204074204        2.9726398922502995                0
  -3.1743105291388929       -3.3328665420413017       -1.0683244955725968                0
 -0.67971182055771351       -2.7425790624693036       0.89448440819978714                2
   1.3489248952828348       -1.9894361845217645        1.5344823827035725                2
   3.5032428498379886       -1.7458824370987713      -0.12235767208039761                0
   2.6800374197773635       -3.9566402067430317      -0.49934386042878032                0
  -1.1147561715915799       0.43799974955618382       -3.6792133096605539                0
   2.5951794721186161       0.97131666028872132       -3.7072037719190121                0
  -1.0712382709607482       -1.2736063823103905       -1.1856938316486776                2
   1.0548209142871201       0.73549656663089991       0.33549731830134988                2
   3.6978393443860114        2.9643443762324750       -1.2766979844309390                0
  -3.1547864223830402        1.0914116841740906        1.7162927309982479                3
   1.7158083640970290       0.68400877993553877       -1.5822613635100424                3
 -0.74859998887404799       -2.5235209986567497      -0.71841352852061391                2
  0.92167052207514644        2.0810219971463084       -2.5952877197414637                0
  -2.8114957991056144       -1.9716598931699991        1.1595937306992710                3
   2.6670987135730684      -0.72356977267190814       -2.8366648452356458                0
 -0.31305203912779689       -3.4774227882735431       -1.6425029817037284                3
   2.3782899440266192      -0.28398266062140465        2.0190301281400025                3
  -2.9581073555164039        3.1194698694162071      -0.84146060049533844                0
  -1.3028177176602185        2.4376784288324416        2.0387778175063431                3
 -0.84389738505706191        3.0062100058421493        3.5254743858240545                0
  -3.5793092031963170        1.2545364815741777        5.2015425171703100E-002           3
  -2.8837562445551157        1.7678674194030464       -1.8782754964195192                3
 -0.69667104398831725        1.4268295816145837       -4.1925805853679776                0
  0.25155653245747089        2.0982905337586999        3.6684932932257652                0
  0.38774149259552360       0.34527928335592151       -3.1086674635298550                3
 -0.95578354084864259       -4.0265308576636016       0.28416333487257361                3
  -4.3676776741631329        1.9005164480768144       0.12080322485417128                0
  -4.1322141676209867       -1.1327459267340600        1.0838462412357330                0
   1.3097532745450735        3.8723097858019173       -1.1940983147360384                0
  0.50979795632883906        3.5977955535054207       -2.9410332674160600                0
 -0.98837567493319511      -0.14402242843061686       -1.6561702778562903                2
  0.46262061689049006       -3.3827424701303244       -1.9572075898759067                0
 -0.84538623457774520       -3.6951743275858462        2.7326988615095615                0
 -0.79242135165259242      -0.21260140463709831       -2.7973129670135677                3
   1.6498553240671754        4.4912088965065777       -1.2903603469021618                0
 -0.60379584785550833       -1.6295964410528541       -2.8818350471556187                3
   1.1213180935010314        1.7364597041159868       -1.7207571002654731                2
  -1.3082286040298641       0.35321568138897419       -4.1284853569231927                0
  -1.1402646289207041        9.2617331538349390E-002   4.1827063425444067                0
   1.6426167334429920        2.8767421259544790       -2.5181054370477796                0
  -2.5504752690903842       -2.6374386111274362        2.5116104702465236                0
   3.2259769691154361        2.6942923408932984       -1.3953966880217195                0
  0.15317285433411598        2.8686157683841884        3.5434247972443700                0
  0.59409274021163583        3.2155172387138009       -2.0480658509768546                0
   3.5019488167017698        2.3559474758803844        2.3904315358959138                0
   9.8353573121130466E-002   1.7954162252135575       -3.4547984041273594                0
   1.6059726802632213       0.24428548756986856        2.6535261399112642                2
  -3.6301169288344681      -0.24565470404922962        3.1413996964693069                0
  0.12175425421446562       0.74521043337881565        4.2269182158634067                0
  -1.6391531703993678       0.29179695760831237        2.6588159194216132                3
  -1.2130399094894528       -2.5005081761628389       -3.9386109495535493                0
 -0.54852053523063660       0.44313930207863450       -3.8942042505368590                0
   1.2787787080742419       -3.4919327008537948        1.8165451381355524                0
 -0.54939277935773134       -1.3654635543935001       -2.9342205100692809                3
   2.1338542713783681        1.7690784367732704       0.28758379397913814                2
   2.2071574442088604      -0.75797632336616516       -4.3404362583532929                0
  -1.5687548764981329       -1.6374694416299462       -1.5442458237521350                3
   4.7447143099270761      -0.88413701858371496        1.1862246715463698                0
  0.60438800835981965       -1.6884469916112721       -3.1422580499202013                3
 -0.77925614314153790        3.8534421217627823        1.0312967165373266                0
  0.45799365267157555        3.8380832737311721       0.14144539833068848                0
   1.0730529529973865       -1.9776572054252028       0.11485981754958630                2
   1.0827048681676388       -7.5346387457102537E-002  -2.3004092881456017                3
  -3.8278119219467044       0.22987849544733763      -0.20391574362292886                3
  0.18400282599031925       -1.0016250819899142        1.7823810409754515                2
   3.1620970414951444        2.7137658232823014        1.3796120509505272                0
   3.0292637785896659       -1.7225860059261322      -0.39581667864695191                3
  -3.1585747515782714      -0.54814107017591596      -0.80966857494786382                2
  0.81799180479720235       -2.1697113430127501        2.7616974199190736                3
   3.1303692213259637        2.4602158111520112      -0.85968285566195846                0
  -1.7218100326135755        2.7671130374073982E-003   2.1362682664766908                3
  -2.1288333949632943      -0.69694247329607606       0.61646777205169201                2
 -0.11389224557206035      -0.19753577420488000        4.3816229910589755                0
   4.6511564915999770       0.33707278547808528      -0.40842560352757573                0
  -1.2715157167986035      -0.26477455627173185        4.3104305746965110                0
   1.8909809365868568       0.75390204321593046      -0.21234975662082434                2
   3.0774906440638006       -2.2308530029840767        1.9937503943219781                0
  -3.3945495192892849      -0.89510390767827630       -2.2838065237738192                0
  0.34154564840719104        1.3129777321591973       -4.1801668750122190                0
  -1.7713249265216291       0.38745086872950196       -1.5930514363572001                2
  -1.7458736407570541       -2.1453800145536661E-002  -4.4968598266132176                0
 -0.70972991408780217      -0.35280505893751979       -4.5833192416466773                0
  -1.8537527578882873        4.2585732787847519        1.0406827926635742                0
  0.19731364911422133       0.97964210202917457       0.44910953380167484                2
  0.32386440550908446       -3.4874959150329232       -3.5506197041831911                0
   3.8812162471003830        1.3767361338250339       0.26175781851634383                0
  -7.7781747095286846E-002   3.1013087066821754       -3.7946367077529430                0
  0.18782956060022116       -2.8667994355782866       -4.0622842404991388                0
   1.7304141074419022       -1.5177255868911743       -1.7676942260004580                2
   4.3533239653334022        2.0840828632935882       0.69726497400552034                0
   1.8372393166646361        1.4230329706333578      -0.90108872856944799                3
  -1.7495328700169921        2.4180336832068861        2.6871792739257216                0
   2.9533724137581885        1.4441592898219824       -1.3730516820214689                0
  -2.7858305629342794      -0.36820067791268229      -0.79909347696229815                3
  -1.9392898329533637       0.92202017083764076        1.5599974337965250                2
   2.7108315937221050       -4.0350152575410903      -0.88280761148780584                0
  -1.8572625797241926        8.6326415184885263E-002   1.9769036769866943                3
   2.3170746862888336E-003   1.2201940477825701       -4.0167464897967875                0
   4.0125066414475441      -0.58553902897983789       0.54908118443563581                0
  -2.9340219683945179      -0.81053627887740731        3.6778187891468406                0
 -0.56434584548696876        4.6490348805673420       -1.1990907904691994                0
  -1.9036415382288396       0.53390578599646688        4.2936310730874538                0
  0.29013089835643768        3.2513508247211576      -0.96621033269912004                0
 -0.70675057359039783        4.2062054923735559        1.9395720260217786                0
   4.3542254832573235        1.9811950530856848      -0.39929141523316503                0
 -0.67134408280253410       0.96410973696038127       -2.7311485214158893                3
   1.5631573856808245        3.6297241691499949       -1.7496165400370955                0
  -4.1480996645987034        1.4124069479294121        2.3495902586728334                0
  -3.7333995779044926      -0.93121871817857027       0.12309654382988811                3
  -2.1645867591723800      -0.25850006379187107       -1.1735428567044437                2
   1.2709473515860736        1.6186431213282049       -2.6137938885949552                3
  -1.6666378919035196        2.3826052900403738      -0.28180957771837711                3
 -0.92510022921487689      -0.43128686491400003       0.15280065359547734                2
  -2.3030805611051619        2.5842353957705200        2.9104760731570423                0
 -0.75632348423823714       -1.4947860711254179        1.2587205739691854                2
   1.4248739602044225      -0.93525988748297095       0.24566812207922339                2
  -1.3952202815562487        3.1052142521366477        3.4478765842504799                0
   1.9804195850156248       -4.0861162473447621       0.42172319954261184                0
   3.8122051907703280        1.7974282382056117      -0.67145238863304257                0
  -3.7053817557170987        3.2232857588678598        9.8669300787150860E-002           0
   1.2440014490857720       0.76077547622844577       -3.2455418072640896                0
   3.2557842927053571       -1.0521459602750838       -3.4168098983354867                0
  -3.8163938838988543      -0.65351615892723203      -0.82628682022914290                0
 -0.63199724769219756       -2.3371774400584400       -3.8592415256425738                0
   3.9507696125656366       -2.0310014416463673      -0.73132827877998352                0
  -2.8481710515916348       0.26609703432768583        2.6966161699965596                0
  0.24806012865155935       -1.0357211600057781       -1.8178542423993349                2
   4.2074723169207573E-002  -2.9326714482158422        4.0358166256919503                0
  -2.2540395101532340        3.6499487073160708       -2.2935697343200445                0
   8.8861479889601469E-002  -3.3775089844129980       -2.4246358079835773                0
  0.64500018022954464        2.5943824439309537       -3.4982915245927870                0
  -2.0312744099646807      -0.28939473442733288       0.69188487250357866                2
  -3.9015843835659325      -0.61147748958319426       0.83377627655863762                0
   1.0652654175646603       -3.5136540117673576        3.2679869187995791                0
   2.5194284063763916        2.9961729282513261       -1.7518821312114596                0
   1.9952804269269109        1.4336640969850123        2.4742650263942778                0
  -2.5803122273646295        1.9955833116546273      -0.77765531139448285                3
  -2.6889322535134852       -2.0233770506456494        3.2637713500298560                0
  -1.9340304750949144        3.3277062280103564       -2.5287227192893624                0
  0.32786722062155604        2.3756089946255088        2.3664922011084855                0
   3.5531276487745345       0.50358295207843184        2.9128605732694268                0
  -1.8510665488429368      -0.39118816144764423       -2.1113352081738412                2
  -2.6872726832516491       0.49918629694730043        3.1764965923503041                0
   2.1854327735491097        4.4386262213811278       0.51150978775694966                0
   2.7927772584371269      -0.10777899529784918       -2.7761302399449050                0
   2.8879134869202971      -0.25829002959653735        2.2880671569146216                0
  -2.7772306278347969        2.5774044753052294        1.5689532971009612                0
  -2.9943521204404533       -3.1676538358442485        1.8553063715808094                0
  0.78948891721665859        3.9778722263872623        1.2587162363342941                0
  -2.8032539389096200       -2.4178874888457358        1.1076739267446101                0
  0.57322745211422443        3.6262841685675085      -0.45155256753787398                0
   1.7349999956786633       -3.8567149313166738        2.2087391768582165                0
   2.7176358108408749       -1.1301743914373219        2.9228734504431486                0
 -0.25401175720617175        8.2313339225947857E-003   4.5622493652626872                0
  -2.5948369479738176      -0.99145701620727777        3.3711224840953946                0
   1.3914716430008411        2.0201374334283173       -2.3224604525603354                0
 -0.41828559013083577      -0.26008609915152192       -1.7974066687747836                2
 -0.81429098499938846       -2.6208722987212241       -4.0163082792423666                0
  -4.0207901806570590       0.68440621718764305       0.99269299767911434                0
   2.3178478050976992       -1.6169890994206071      -0.51700707059353590                2
   1.8187896464951336        1.1825411021709442       0.49059449462220073                2
  0.73617900488898158      -0.15094786416739225      -0.58691299054771662                2
   1.5944242873229086        3.7210258468985558        2.7988262730650604                0
  0.55900856619700789       -1.6831831261515617       -1.5629169624298811                2
   4.0047112456522882       0.74463574914261699       -1.9767950731329620                0
  -1.6021556919440627       -1.5182953514158726        4.1503691067919135                0
   1.2868265854194760       -3.9794746483676136       -2.7160045388154685                0
   1.7176311160437763       0.78530560946092010       -1.6144699510186911                3
   1.2380698579363525       -2.1171442582271993        1.2710247142240405                2
  -2.8526967018842697        4.5119633432477713E-002   1.5004046401008964                3
  0.10862079448997974       -2.0419974648393691        2.9539312771521509                3
  0.51424429053440690       -2.1032319054938853      -0.56173997232690454                2
  -4.0516755776479840      -0.67340203095227480       0.27123814215883613                0
  -1.9736914057284594       -2.4825894064269960        3.2793658901937306                0
  -2.8076214250177145       -2.7361885551363230       -2.6268779556266963                0
  -2.9059306578710675       -2.7433732408098876        1.2325113569386303                0
   1.5038447082042694       -3.8036012509837747       0.67293231375515461                0
  0.32272855052724481       -3.4398044086992741        3.0453468207269907E-002           2
 -0.48099403269588947       -1.6025110846385360        3.4220651234500110                0
   3.2817716617137194        2.6969798421487212       0.37859763251617551                0
  -1.3704152149148285      -0.11577741708606482       -1.0205558990128338                2
   1.1052644881419837       0.10630611563101411       0.74511672370135784                2
  0.47929420601576567        1.3466631923802197      -0.76548367505893111                2
  -2.8267580037936568       0.21677434677258134      -0.12179595883935690                2
  -2.0311779691837728        1.3212419324554503        3.0674165696837008                0
   2.3206976335495710       -1.0890152072533965        3.5665595205500722                0
   3.0540907219983637       0.54012761684134603        3.6455106874927878                0
   1.2727499078027904       -1.0330257960595191        3.2533974084071815                3
 -0.24955889908596873       -2.8840158600360155        1.3848046283237636                2
   2.3873119358904660        3.1125834677368402       -1.0322310612536967                0
  -1.4349384768866003       0.55249370867386460        2.8007791284471750                3
   2.5612579938024282        3.6667250050231814        1.1700942763127387                0
  -1.4771303092129529        3.8867407897487283        2.3797834804281592                0
   1.0156950564123690       -2.6554031507112086       0.67921668291091919                2
  -2.2328211506828666       -2.2185120964422822       -1.2140783225186169                3
  -1.6318065789528191       -1.0402040230110288       0.56668254313990474                2
  0.87142282398417592       -3.5333545878529549        2.7772270096465945                0
   2.9513853369280696        3.4780364786274731       0.40982115315273404                0
 -0.20400406792759895       -3.1224298593588173        1.9614433334209025                3
  -1.4076836942695081       0.74637735029682517        1.9757122593000531                2
  0.15294975368306041        1.2249573669396341        4.7139884787611663                0
  0.80166307510808110       0.89920976664870977       -2.5124720553867519                2
  0.60114089166745543        2.8894150746054947        2.1660372335463762                0
   3.6059123161248863        1.5507867932319641        1.1334355035796762                0
   3.5521908337250352        2.8787386277690530       -1.7856448353268206                0
  -1.7755522020161152       0.47120623057708144        3.9862270676530898                0
  0.91689101886004210        1.7361349612474442       -1.8470640503801405                2
  -2.5273539894260466       0.97699731355533004       -1.1032982310280204                2
 -0.83099811337888241        1.1063209478743374      -0.19813980441540480                2
  -2.6223969575949013        3.2330919010564685       -1.1109614837914705                0
   2.0272333757020533       -4.2410020739771426       0.67201890284195542                0
  -1.0451472061686218       -3.3412725385278463       -1.1583895259536803                3
   1.8786586169153452       -1.1731090745888650       -2.3375634243711829                3
  -1.3939690147526562        2.5337651697918773       -1.0229778056964278                2
  0.79937669448554516       -3.6621564067900181E-002 -0.12916245963424444                2
  0.29386388836428523        4.2033579666167498E-002   1.3093002652749419                2
   2.9268360557034612       -2.6799258892424405      -0.59552374295890331                0
  -3.4789702598936856        2.4635168397799134        2.1536062913946807                0
  -1.1368829873390496       -1.5875128097832203       -3.8025912083685398                0
  -2.3770312499254942        2.3673513880930841        1.7181279812939465                0
  -1.1812771763652563        2.9150682361796498        1.2820534687489271                0
 -0.84576816530898213       -3.6012109438888729        3.1120743695646524                0
   2.3061166121624410        1.1512205726467073        2.5512245367281139                0
  -3.0802459735423326       -1.4415614958852530       -1.3359146052971482                3
   2.1410146681591868       -1.6473627160303295        1.5395074198022485                2
   1.4209788898006082        1.0906651755794883        3.4222633298486471                0
   2.8413857566192746      -0.36928942659869790      -0.58724970323964953                3
   1.6236775834113359       -1.4319922821596265      -0.68142203381285071                2
  0.61144070699810982        1.7025920748710632       -2.3156361421570182                3
   3.6117484839633107        1.7252840474247932        1.1907081119716167                0
 -0.86865691933780909       -2.1052978071384132       -3.0647192895412445                0
 -0.66451765131205320       -1.7080626334063709       0.16512806294485927                2
  0.18893545260652900      -0.86068870732560754       -4.2093949764966965                0
   2.8647327120415866      -0.19054614240303636       -1.5154083655215800                3
  -3.0758801894262433       0.51251386990770698        2.2184239723719656                0
   2.7106339554302394      -0.92221874510869384        6.6542252898216248E-003           3
  -2.4812769447453320       -3.7005392392165959       0.86473199771717191                0
  0.31086589442566037        2.8471769299358130       -3.7385070556774735                0
   1.1547360452823341        2.4904633103869855       -1.5308633423410356                3
  0.46497408300638199      -0.68762497045099735        2.9689436475746334                2
  -3.3608915563672781       -1.1066391877830029        1.8015315639786422                0
  -1.4140587486326694      -0.26880966033786535       0.84891889709979296                2
  -1.0190137848258018      -0.30090814456343651       -4.1491701407358050                0
  -2.1776761161163449        1.4025462511926889        1.4575582370162010                3
  0.75909391511231661       -3.9980872999876738      -0.82741364603862166                0
  0.45556226745247841      -0.83803956396877766        4.3866406171582639                0
   1.8529683095403016        4.1500188922509551        1.5471832361072302                0
  0.38612710079178214       -3.2941517769359052       -3.4885172569192946                0
   3.9415522688068449       0.80889922333881259       0.79010254936292768                0
  0.20088898250833154       -2.8790864511393011        2.0691865938715637                3
  -2.9000940476544201       -1.0603594942949712       -2.2723774611949921                3
  -1.5213623968884349        2.7631605952046812      -0.76694662449881434                2
  0.42617986444383860       -1.3091282802633941        1.7391580995172262                2
  -2.5364227383397520        4.1228696657344699        1.1945469770580530                0
  0.90016359463334084        3.1157782115042210       -2.8625589399598539                0
   4.4697008491493762       -9.5568990800529718E-002  0.44820747338235378                0
  0.93599636107683182        1.0121448291465640       -2.9002870852127671                3
   3.6032638256438076        2.4442602298222482        2.1297375927679241                0
  0.97550673643127084       -4.3813102040439844      -0.51303029060363770                0
  0.32244062284007668        2.3809352330863476       -4.1266978229396045                0
  -1.5716255013830960      -0.49934966024011374        4.1425552102737129                0
 -0.27271061204373837        1.9504111865535378        4.0385822742246091                0
   1.3093709573149681        1.9899027002975345        4.3940423126332462                0
   2.7173651428893209        2.4133746908046305        3.1163820321671665                0
   2.3728154017589986        3.9852233650162816       -1.7509172670543194                0
 -0.83046657498925924      -0.48974136123433709      -0.86771293776109815                2
  -3.9672792074270546       0.48305406002327800        2.1037605917081237                0
   4.1415598220191896        1.7516671377234161       -1.5044887177646160                0
  -1.1915686889551580       -2.9362849192693830        2.8055788413621485                0
  -5.4342648945748806E-002   4.8319201590493321        1.9397237338125706E-003           0
  0.61438224278390408       -1.6996430675499141       0.45645326841622591                2
   1.0323780588805676       -4.2441350407898426       -1.3212870643474162                0
 -0.83995049353688955       0.71060786955058575        3.8423517998307943                0
  0.71417257888242602       -3.9301993302069604      -0.43922150274738669                3
   4.5408073882572353       0.46746679814532399        1.2156653543934226                0
  -3.0762895010411739       -1.2707584304735065      -0.50950915319845080                2
  -2.3645087936893106       -1.4157877070829272       0.97628007875755429                2
   3.9264685777015984      -0.54452841402962804       -2.1598709677346051                0
  -1.9498463277705014       -2.5342134758830070E-002   1.1917075631208718                2
   2.7216381975449622        1.2088814773596823      -0.16418650746345520                3
   4.2759396648034453       0.40439576143398881        2.1907732123509049                0
  -1.3175760023295879        3.7769416999071836        2.7069623139686882                0
  -1.5019611408933997       -4.5979109243489802      -0.22950490238144994                0
 -0.72378508979454637       -1.5915231779217720E-003 -0.41048930259421468                2
  -2.3123669205233455       0.95212189946323633       -1.1636254820041358                3
   1.8537477147765458       0.16566596925258636       -2.9436333058401942                0
  -3.9357035211287439       -2.0511800632812083       -1.8264948530122638                0
  -2.1021809545345604       -1.4894698420539498        2.5085278041660786                0
   2.2472675261087716       0.76432569418102503        4.0601675305515528                0
  -3.0324389855377376       -2.6311729103326797        2.4686189694330096                0
  0.10068606352433562       -2.5562975625507534       0.47744260402396321                2
  0.73870153166353703       -3.2623708597384393       -3.3087294897995889                0
 -0.88877337751910090       -2.2026378312148154       -4.3315618950873613                0
   3.3227232610806823        1.9642244046553969      -0.28914291411638260                0
   4.5563508453778923       -7.7140990179032087E-002  -1.5745885344222188                0
  -3.0714583862572908       -2.8891045087948442        2.2822873829863966                0
 -0.65261097392067313        3.3504551043733954       0.17402780009433627                3
   1.9612645846791565        1.5920750470831990        1.0954099101945758                3
  -3.8174801529385149        1.3842097041197121        1.5048081311397254                0
   1.6001131082884967       -2.8415612643584609        3.0552692012861371                0
  -2.5555538060143590        3.6285733431577682      -0.87483895942568779                0
  -1.2778650969266891       -2.2674390370957553       0.73103423928841949                2
  -1.5023931744508445        2.6522349915467203        2.2036503721028566                0
   2.5702480529434979       0.28281580423936248       -3.4109618561342359                0
  0.84172294475138187       0.26161335175856948       -1.9025198020972311                2
   1.8409256869927049        1.6147980396635830       -1.3068724004551768                3
   1.4343785564415157       -2.8968054987490177       -1.7676306585781276                3
  -1.6704837209545076       -3.4132497664541006        2.5289912219159305                0
   2.0150617696344852       -3.4486823459155858        1.6307199141010642                0
  -1.0448966943658888        2.4829510599374771        1.5469150058925152                3
   1.5367963933385909        2.0485936780460179        3.3480071765370667                0
  -1.3236906472593546       -4.1028755577281117        1.2369986367411911                0
   1.6473955591209233       -3.0059739248827100       -2.8921749000437558                0
   2.8503143927082419       0.97183827077969909       -3.8848998164758086                0
   2.8383431350812316        3.0469562229700387       -1.8234095373190939                0
   1.7635945882648230      -0.35773348063230515       0.13438463676720858                2
   1.7121767532080412        3.7274082982912660        2.6705231331288815                0
  -2.7057666797190905        2.1207129862159491       -3.0377054354175925                0
  -8.0369440838694572E-002 -0.89909223839640617       -3.6104102875106037                3
  -3.8882085331715643      -0.21069885697215796        3.0937940627336502                0
  -2.8347656154073775        1.2245163624174893      -0.79944030614569783                3
 -0.31348888995125890        4.5570215699262917      -0.73996228631585836                0
  0.66889048321172595       -3.1825833860784769        2.7072262018918991                0
  -1.0274184797890484       -3.9664786634966731       -1.4295171457342803                0
   2.0359940757043660        1.4240727503784001       0.64546925015747547                3
  -1.2685230188071728       0.42212503962218761        2.3252925090491772                2
  -2.3554141400381923        2.2480024048127234        1.7920008581131697                0
  -1.4236656134016812       -4.6421415545046329       0.96913985209539533                0
  -1.6618821956217289       -1.7835741839371622       0.39407319854944944                2
 -0.38597224280238152        4.6444368688389659        1.7716756951995194                0
  -1.4032200700603426        4.2913495702669024       -2.0300474693067372                0
   4.5963752758689225      -0.83553021773695946        1.4798170188441873                0
   2.3285784409381449       0.10041374713182449        2.2404062235727906                3
  -2.4854427785612643       -1.2545802397653461        1.2785334140062332                3
   3.4432569635100663      -0.57661104248836637       -2.3006426100619137                0
  -4.6896645799279213E-002 -0.37774561205878854       -4.4817009754478931                0
  0.49217412713915110       -2.7008344558998942       -2.4166820570826530                3
   2.1442644787020981        1.1417742865160108        2.7647983306087554                0
   1.5174698806367815        1.5751189668662846       -2.9517731466330588                0
   2.5068583106622100        2.5469993008300662        2.1616767114028335                0
   2.0912831625901163        2.5967140286229551       0.40520613081753254                0
 -0.89187036734074354        1.2283457443118095      -0.57316415244713426                2
  -7.6756640337407589E-002   2.3150184052065015       -1.9973291992209852                3
  -2.3682036204263568        2.2079311078414321       -1.5799204958602786                3
  -1.0689500998705626       -3.6972159869037569       -1.4071282371878624                0
   1.4820991200394928       -2.3980735987424850        2.0378977200016379                3
  -2.6541154598817229       -2.7704525692388415        1.2425638269633055E-002           0
  -2.8640137705951929      -0.87243810296058655       -1.3621419388800859                2
   2.7963340748101473       0.30352334259077907        3.7298416928388178                0
   2.4453197512775660        2.2339602885767817        2.5671761413104832                0
   6.1332164332270622E-002 -0.92142147477716208       -1.3743672147393227                2
   1.7919596214778721        3.2666740333661437        2.3400416062213480                0
  -3.6262506200000644      -0.17823141301050782       -2.1962802065536380                0
   1.2455540779046714       -2.2044596122577786       -2.8187685529701412                3
 -0.67583108088001609       -3.6466762050986290        1.2457657745108008                3
  -2.0203948556445539       -2.5734958727844059        1.0327983973547816                3
  0.96073620021343231        1.2422594428062439       -1.9837454706430435                3
   1.6601653420366347        2.1908680908381939        1.7868231795728207                3
  0.33970643067732453       -3.0809253733605146        3.5938910301774740                0
   3.1929002143442631E-002   3.0501554557122290      -0.96374434651806951                3
  -2.5550693715922534      -0.36968078697100282        3.4967732732184231                0
  0.93511851038783789      -0.53147630998864770      -0.27288905112072825                2
   1.7001400724984705       -1.5636306582018733        3.3834787528030574                0
  0.78509826678782701        3.5470912605524063       0.81212511751800776                0
  -1.1881859973073006E-002  0.86609155405312777      -0.60974209802225232                2
  -2.7866069413721561       0.96208947477862239        3.9710239367559552                0
  0.17998935654759407       0.93260584166273475       -2.2614424186758697                2
  -4.0445453021675348       -1.1245785141363740       -1.0227102600038052                0
  -1.6502107423730195      -0.88257499272003770        3.4515288146212697                0
   4.4737695762887597        1.8012960697524250       -1.1103825969621539                0
  -2.9984956234693527       -1.2483701319433749        2.2773803793825209                0
   1.4163850410841405        2.8734691115096211       -1.9411901035346091                0
  -3.9774007978849113        1.4023721544072032       -1.4661207143217325                0
   1.5375770488753915      -0.55297543760389090      -0.85851682350039482                2
   2.2920592711307108      -0.50773728173226118       0.89691148838028312                2
  0.86827531922608614       -1.0361143364571035        3.4301479137502611                0
  0.13427102239802480       -3.4498960059136152       -3.6101971636526287                0
   2.9325408395379782E-002   4.4075201964005828        2.3469462897628546                0
 -0.25142522295936942       0.88794962735846639       0.87025437504053116                2
  -1.2217530608177185        2.1173130674287677        3.9568344480358064                0
   1.9868802302516997        2.8539430210366845        2.8531044651754200                0
 -0.79388551181182265      -0.31090645585209131       0.14986918075010180                2
  -1.8218978727236390      -0.64810385927557945       -3.3316460461355746                0
   4.2353459657169878       -1.4661651011556387      -0.60565907973796129                0
  0.66627449123188853       -3.2478793640621006        1.7461201269179583                3
   2.1712525608018041       -4.4740893901325762      -0.16216589603573084                0
   1.8280396331101656      -0.28398996219038963       -1.5956000378355384                2
   3.4945454099215567        1.7233719304203987       0.30075008049607277                0
  -1.5295450575649738E-002  -3.5394498007372022       -2.0045560901053250                0
 -0.70417959475889802       0.87814900558441877        1.1666939826682210                2
  0.29168762033805251       -2.8663712507113814       0.17917521763592958                2
   3.7626806623302400       -1.0999757936224341       -2.3223611060529947E-002           0
 -0.34227621974423528        4.6718532685190439E-002   4.5218153344467282                0
   1.3384584197774529        4.5806264760904014       -1.4111299486830831                0
   2.2091130609624088      -0.94428829848766327       -4.1141329146921635                0
   2.6985650067217648       -2.1044979733414948       0.72952010435983539                3
   1.3832358922809362       -4.1823980584740639       -1.5110318036749959                0
   3.4487031376920640       0.60696495464071631       -1.5326821897178888                0
   2.9588141618296504      -0.97091069212183356        3.5853146971203387                0
  -4.4495365628972650       0.65440329490229487       -1.3254884444177151                0
   2.6787387323565781       -2.1634424850344658       -3.1381182163022459                0
 -0.66064872546121478        2.3608978441916406       -2.0119793876074255                3
   4.2648132238537073       -1.8466175231151283      -0.77494035009294748                0
  -5.5145225487649441E-002  -1.6245617694221437       -1.2412331369705498                2
   1.5436599659733474      -0.69610675331205130        4.3115255516022444                0
   2.2185694170184433       0.43295432813465595        4.3550895201042295                0
  -1.5966848982498050       -1.7134738527238369      -0.95419116551056504                2
  -1.3524034246802330       0.86485760984942317      -0.19367628265172243                2
  -2.4155888962559402       0.57050791103392839       -3.5824339161626995                0
  -1.8552330555394292       -3.5193068534135818       -2.3403607681393623                0
   1.8711854494176805       -1.2848163931630552        2.3044173116795719                3
   2.9394245659932494        1.3498261151835322       -3.6243067448958755                0
   2.3391016246750951        3.3930072863586247        1.9255434139631689                0
  0.19394661765545607        3.3308782079257071       -3.3306881552562118                0
 -0.93575906241312623        3.2383720180951059       -2.1395511506125331                0
 -0.24795774137601256        3.7544253980740905       -2.1958363335579634                0
  -2.1289992751553655       -2.1017646789550781       -1.9025570573285222                3
   4.1769929905422032       -2.5086571183055639       0.10455899871885777                0
 -0.88240912649780512      -0.49941432429477572        4.2471367469988763                0
  0.39634351152926683        1.1067831353284419        1.1837710277177393                2
   3.8438990246504545      -0.87203958071768284       0.52647731034085155                0
 -0.72792247170582414       -1.9786313548684120        3.0459634750150144                3
  -3.9203349058516324       -1.4182349154725671        2.7324535744264722                0
   2.3686160263605416       -2.1713262912817299       0.27085769223049283                3
   1.4429833088070154       -1.9510157220065594       -2.6669668289832771                3
   4.5171913527883589        1.2466804031282663       -1.5911208768375218                0
  -3.9083239133469760       -2.2512411931529641        1.4670320390723646                0
   3.3766974089667201       0.65303723094984889        3.5343101434409618                0
   3.7392401159740984       -1.7195857386104763       -2.2043012268841267                0
   2.5973688461817801       -1.7039070813916624       -2.9017699882388115                0
  -1.7873668367974460      -0.62230289680883288       -3.2555894902907312                3
   2.1069105924107134       -1.5825625346042216       -2.4558010138571262                3
  -4.1296961996704340       0.95442542573437095       0.98148967139422894                0
 -0.66163846990093589        2.5830565695650876        2.0823253318667412                0
  -1.8845244846306741      -0.34431963926181197       -1.9054550165310502                2
  0.77749520307406783       -1.8763590045273304       -2.2942107124254107                2
   4.1211200878024101       -2.0671772956848145      -0.23201581090688705                0
  -1.5951579855754972      -0.39531688205897808       -4.3711556913331151                0
  0.93855806393548846        1.1640267539769411        3.9454586827196181                0
   4.3296002526767552       0.89716310612857342        2.3310700617730618                0
   1.9325924362055957       -1.4437645976431668        2.3543716082349420                3
   3.9677888690494001       -1.8979304120875895       -2.1492718812078238                0
  -2.2292666719295084        2.0020695519633591       -6.3779554329812527E-003           2
   2.3243653727695346        8.6075146682560444E-002 -0.74073659488931298                2
  0.26562109589576721        2.8961767302826047       -3.9339327742345631                0
  0.59079258469864726        3.6271501379087567       -2.0475706807337701                0
  -2.6624591555446386E-002  0.38465707330033183       -2.6140404306352139                3
  -2.0414392673410475       -1.1608587624505162       -2.2502168756909668                2
  -2.4381488142535090        3.0324992444366217       -2.5436956901103258                0
  0.54734201403334737        2.3391909059137106       -1.5984515007585287                2
  -3.4724467154592276      -0.38477820577099919       -1.4985581301152706                3
  -3.1991835217922926        3.5141445347107947      -0.33692883793264627                0
   1.3843325315974653       -1.7582300119102001        2.9141848091967404                0
   3.7696728762239218        1.2503824965097010       -2.9503341810777783                0
   3.2445716555230319        2.0644262130372226       0.34868446644395590                0
   6.9588378537446260E-002  -1.5199377899989486       -3.7549056485295296                0
  -2.7581585827283561        3.1995433871634305        1.3130855513736606                0
   1.5270007401704788       -2.3125114687718451      -0.10053250240162015                2
   1.0798297286964953        2.2260074457153678        1.0525063425302505                3
   1.5727007552050054       -3.1092957546934485       0.91527468990534544                3
  0.94360063318163157        2.2169518517330289        1.4806279703043401                3
 -0.27640166226774454       -2.0817339047789574      -0.99472993519157171                2
   2.6434338279068470        1.7336988681927323       -2.7901021507568657                0
   3.4765597945079207       -1.1545621417462826        1.9131915690377355                0
   1.0166769963689148        1.1572658759541810      -0.46209012856706977                2
  0.32625962747260928       -1.0653574485331774       -1.8650884600356221                2
   3.0649925023317337        1.0846321540884674        3.7830243189819157                0
   3.3776684338226914        1.7986297351308167        2.6719437097199261                0
   1.9013647758401930        3.7178550800308585      -0.39022431010380387                0
   3.1554282386787236      -0.51609639311209321       -3.6141623114235699                0
   1.9592937594279647       -3.9019250078126788      -0.97748502390459180                0
  0.17646475927904248       -1.2322454527020454       -2.5807725824415684                2
  -2.8018606244586408        2.5728758121840656        1.8270466919057071                0
   1.7925778147764504       -1.2796562467701733       -2.0512255444191396                2
 -0.84670047508552670      -0.51551139913499355       -4.4847693340852857                0
   2.6407243986614048       -1.7123036086559296E-002   4.0418779989704490                0
 -0.36432147724553943       -2.2933214972727001        3.8245825585909188                0
  -1.4857851574197412        4.1939893597736955       -1.4330259943380952                0
  -3.7566332006826997       -2.9616555362008512       -3.2763332128524780E-002           0
  -1.4059603819623590        4.4029203359968960       0.84237449569627643                0
   1.0186648182570934      -0.71845432743430138       -4.6708322921767831                0
  -2.3480278649367392       0.38628024281933904       -3.1141590443439782                0
  -1.0507251904346049       0.33218412194401026        1.8898545019328594                2
  -4.6727097104303539        1.0061700921505690       0.98087042570114136                0
  -1.6115203383378685        1.2978750932961702      -0.54976766463369131                2
 -0.59269278077408671       -2.2483188658952713        1.3148528453893960                3
  0.56643575197085738       -2.3709720815531909        1.3225297117605805                2
   1.6604943736456335       0.14141943305730820        1.7108215810731053                2
   3.5480843065306544       -1.3274613092653453       -1.9592748186551034                0
  0.18274346133694053       -2.8704145574010909       -2.6110132760368288                0
   4.4472538400441408       -5.9649972245097160E-002  -7.0294092874974012E-002           0
  -3.1142552802339196        2.0552193513140082        2.1883796690963209                0
  -3.7988360715098679      -0.83752294769510627      -0.22524581523612142                3
  -5.3856708109378815E-003   2.3061943706125021       -2.3277027695439756                3
  -1.9918387127108872        1.6938526742160320        3.3348335232585669                0
  0.33948584226891398        1.0220635961741209       0.25506576290354133                2
 -0.40505866985768080       -1.3424809766001999       -2.8064205311238766                2
  0.73205890599638224        1.9789483747445047        1.4040813618339598                2
  0.13716580346226692        1.7752342717722058       -2.0928015909157693                3
  -2.2888040798716247       -1.3173070154152811        2.3506027599796653                0
  -3.9880155702121556      -0.35884887445718050       -2.6363161648623645                0
  -2.8360141674056649       -1.1055425298400223       -3.2264288840815425                0
  -1.1036541522480547       -3.6797724012285471       -1.3153699762187898                0
   3.0382066196762025        2.5528861628845334        1.2457393878139555                0
  -1.2283881707116961       0.98207449074834585       -2.0603614021092653                2
   2.6129998057149351       -3.3862649649381638       -1.2166861072182655                0
   1.4491931302472949        2.0352407987229526      -0.81562832230702043                3
  0.39950582897290587        1.2088645412586629        2.6093558291904628                3
  -2.8843051544390619      -0.95098436810076237        1.1996174207888544                3
  0.46274140244349837        3.2629179721698165        3.7394192116335034                0
  -3.5872768959961832       -1.8257767008617520      -0.20754610188305378                0
   1.4300668775103986        1.1615143506787717       -1.1139670712873340                2
   2.2986874869093299       0.49680234398692846       0.16567228129133582                2
  0.67320455331355333        2.9912646696902812        2.3103751940652728                0
 -0.20583536475896835       -3.7696508667431772      -0.76134052360430360                3
 -0.10129814967513084       0.57211660547181964        4.6599787776358426                0
  -1.6277346620336175       -1.1805659229867160      -0.16796295065432787                2
  -1.8991688080132008       -2.5519576226361096       -1.4434260968118906                3
  -1.4844494243152440        4.1171860694885254       0.26640232652425766                0
 -0.39862085832282901       -3.2871928089298308       0.14660389162600040                2
 -0.16788766719400883       -1.2105549219995737       -3.1336709158495069                3
   1.6069047572091222       -3.1922389776445925       0.65089353360235691                3
  -3.4704243252053857      -0.33764082472771406        2.0704561308957636                0
   1.9070922513492405       0.52785480162128806      -0.78110875329002738                2
   3.7590678012929857       0.66126851132139564        4.9962317571043968E-002           3
  0.80387685215100646        3.5010389215312898        4.0917408186942339E-002           0
  -4.5241768425330520      -0.59067965252324939        1.4009815081954002                0
  -4.5410721539519727       0.30188611010089517       0.39542846614494920                0
   2.9738156823441386        2.6099164760671556        1.8820424773730338                0
   2.0538615807890892       0.24611861910670996       -1.9919282686896622                3
   1.1878554825671017        1.2552591040730476        4.6305131609551609                0
   2.4759501474909484       0.60913407010957599        2.9639044380746782                0
  0.93970589572563767       0.73653324740007520        4.3832090357318521                0
   1.1924025230109692        2.4940776615403593      -0.59822515584528446                3
  0.13106825994327664       -1.6127270949073136        1.6536467894911766                2
  -1.5573958144523203        2.2937664273194969       -3.7625765055418015                0
   1.8823386891745031        4.1496672970242798      -0.61615630518645048                0
 -0.20767288049682975        1.4194692182354629        2.8139514848589897                3
   1.6252492368221283        2.4640142661519349        3.5010616527870297                0
 -0.72488452075049281        3.7858563754707575        1.3802188821136951                0
  0.33706960966810584       -1.3008011202327907      -0.78993146540597081                2
   1.8677892396226525       -6.1136479489505291E-002 -0.91021370375528932                2
  -1.5517301205545664        2.5020707212388515        1.5442970674484968                3
  -2.6195935509167612      -0.12686269823461771        1.1460352665744722                3
 -0.22475966718047857      -0.46897950815036893        4.7970955073833466                0
   3.6153994174674153        1.7179030459374189       -1.8134329491294920                0
  0.69643603637814522        1.9107963936403394       -2.1721418201923370                3
   1.4953762781806290       -3.8724748976528645       0.68197303684428334                0
  -1.2177268019877374       -4.2758761742152274       -1.9003388495184481                0
  -1.7811402678489685       0.39576748618856072       -2.6925729168578982                3
   1.9947179919108748        2.6150983641855419      -0.52656702930107713                3
   2.7087791636586189       -2.2919925791211426      -0.88050952414050698                3
  -3.5484029632061720      -0.40626485599204898        2.6503989752382040                0
   3.7709640641696751        2.1119342790916562       0.20416692364960909                0
   3.0763262929394841       -1.8312162882648408       -1.0250665107741952                0
  -2.4996788310818374        2.0078076748177409        2.0435525663197041                0
  -2.7522949501872063        2.8316602716222405       -2.5657103327102959                0
   1.0906596784479916      -0.42366714915260673        2.7003389224410057                2
  -1.9873554655350745        2.6528933318331838        3.3493609214201570                0
   1.7074865265749395        4.1028388845734298       -1.4896537992171943                0
 -0.24433504557237029        3.0746706691570580       0.57000669417902827                3
  -2.0007027173414826       -1.5782240848056972       -7.7734456863254309E-002           2
 -0.61242468189448118        2.5771295069716871        3.9757405966520309                0
  0.71311739739030600        2.3335401108488441        2.4151718197390437                0
   3.3181931939907372      -0.56084066862240434        1.1519886204041541                3
  -1.4997719996608794        3.9029920450411737       0.83702342351898551                0
   1.9513477920554578        3.3434640569612384       0.42915478348731995                0
  0.17663935665041208       -2.1100007323548198       -4.3910060892812908                0
   2.5785558740608394      -0.61322632944211364       0.21898398175835609                2
  -2.8032752871513367       -1.3767471536993980        1.1459510726854205                3
   2.5899598631076515       -1.2770062079653144        2.0915773417800665                3
   3.1984004867263138        2.7969261421822011      -0.28299447847530246                0
   3.6657785950228572      -0.17434378154575825        1.4330870704725385                0
 -0.48075834522023797        3.3119027107022703        3.2609923137351871                0
  -1.9295823760330677       -1.2765156361274421       -4.1799931135028601                0
   1.1318269418552518       -2.9772655060514808       -3.0621073301881552                0
 -0.28743434930220246        3.1122720707207918       0.46133335679769516                3
   2.2586285090073943       -2.1814415953122079        8.0018879380077124E-002           2
  -2.0326677174307406      -0.99520576884970069        4.1473091114312410E-002           2
  0.72893326636403799       -2.2815355076454580       -1.0484557668678463                2
  -4.4810402090661228      -0.55856017861515284        1.6385358152911067                0
   4.3651897297240794        1.2358990730717778      -0.53729843813925982                0
  -3.7079162010923028      -0.37553192116320133       0.98738220985978842                0
  -4.3461861694231629       -6.3910444732755423E-002   2.2700677043758333                0
  -4.5125408726744354       -1.2031079828739166       -1.5532551589421928                0
  -2.0888121332973242        2.6134814624674618       -3.6612102412618697                0
  -6.3554644584655762E-002  -3.0362913035787642      -0.27604287257418036                2
 -0.77028229366987944       0.96725944196805358       -2.4892593896947801                3
  -2.2677292372100055        1.7420347966253757       0.34222098998725414                2
  -1.8025238113477826      -0.55018718587234616       -2.8049527853727341                3
  -2.2904390422627330       -2.4722115905024111       -3.1133577320724726                0
 -0.63596134306862950       -3.9023400424048305        2.7708537690341473                0
  -3.8728593732230365       0.94948731362819672       -1.6389891435392201                0
   2.8718767059035599        1.0239769821055233        3.6139288009144366                0
  -3.7755816080607474       -2.0405217050574720       -1.1227489239536226                0
   1.7139109387062490        2.1041227155365050       -2.0270668459124863                0
   1.1265794630162418        2.6104441494680941        1.2537996377795935                3
   2.7433051425032318        2.1064016828313470       -2.0993624790571630                0
  -4.3046711944043636E-002   1.5842448361217976      -0.60611171647906303                2
   2.6394224097020924       -1.8511748849414289       -3.5164652368985116                0
  0.81025626044720411      -0.27171803405508399       -2.8755669901147485                3
   1.0337895900011063       -1.3096546917222440        2.9135988443158567                3
  -1.4573742239736021       -1.5343154314905405       -1.7947307135909796                2
  -2.7121390774846077       -1.7427825811319053       0.26825731853023171                2
  -4.7373929666355252        1.2441090052016079       0.28597079683095217                0
  0.67244371632114053       -2.5265577575191855       -2.1896932134404778                3
   1.8089333036914468      -0.10149122681468725       -4.0240858215838671E-002           2
   3.6561763030476868       0.50615621963515878       -1.0808957275003195                0
   1.9581583328545094        1.5367393847554922        2.0547999860718846                3
 -0.44046740513294935       0.31948835123330355        3.6537326732650399                0
  0.16903022071346641        1.1995469615794718       -1.1254155449569225                2
  -1.7115694633685052        2.8186622238717973       -2.3292473284527659                0
  -2.3729320080019534       -1.5453483443707228        4.0679054660722613                0
  0.40468223160132766        2.6291616633534431        1.0995487263426185                2
   2.2013509226962924        1.8231285549700260       -3.7729542516171932                0
   3.1997452559880912       -1.8260469567030668      -0.55410902481526136                3
  -2.8813513228669763      -0.94940155511721969       -2.5065313093364239E-002           2
   9.7436776850372553E-002  -2.0961124077439308        3.0664241872727871                0
  -1.3106830324977636      -0.29542045667767525        2.2385393502190709                3
   4.1283754748292267      -0.82758390344679356       0.48678987426683307                0
  -1.6497071227058768      -0.12675697682425380      -0.73920674622058868                2
   2.3670673323795199      -0.33079487038776278        3.3558031357824802                0
 -0.95110220136120915       -2.9069159389473498        3.4976753545925021                0
 -0.52851611282676458        2.0070925983600318       0.29776748036965728                2
   2.3303206381388009        3.6235674889758229       -1.0680437856353819                0
  0.16375310719013214       -1.3482182193547487        3.8903779233805835                0
  -2.8558363625779748       -1.7951537808403373        1.5403686231002212                0
   1.5953167877160013       -4.4643155019730330        1.4267773693427444                0
  0.64429899677634239       -2.2517052968032658        3.5617872560396791                0
 -0.47187855932861567       -1.5834969398565590        2.4962817900814116                2
  0.15342823928222060        1.6381069645285606       0.96952925669029355                2
  0.78266766387969255        3.8204106525518000        1.6832427703775465                0
   1.6439484967850149        2.6214999565854669       0.91048061614856124                3
   2.6160293584689498      -0.15401492128148675       -3.7878791079856455                0
   4.3168539670296013      -0.16392953693866730        1.8401332874782383                0
  -1.6236286237835884       -4.2457628156989813        1.9993168045766652                0
   1.2780828401446342        1.4211557735688984        7.8994708601385355E-002           2
  0.83756033796817064       -1.8833868904039264       0.11010778835043311                2
  -1.3812517584301531      -0.57887658243998885       -1.1092373984865844                2
   1.1117681395262480      -0.92064705211669207        4.6484781615436077                0
  -1.1817998555488884        1.9487205357290804       0.48183495644479990                2
   3.1526600662618876       -2.3103726515546441       -2.2270063846372068                0
  -1.7740195314399898       -1.7590523022226989      -0.95775291789323092                3
  -3.8045547157526016       0.98222292959690094       -2.6110473088920116                0
  -1.5970078948885202       -1.7631987645290792       0.87773170322179794                3
  -2.1772320545278490        1.3694213423877954      -0.35479728365316987                2
  0.57294807396829128       -2.4501357669942081        1.6851778654381633                2
   3.1642518984153867       -2.7182653313502669      -0.85413808934390545                0
  0.50239410717040300       0.71528675500303507       -2.0613969978876412                2
  0.61301580863073468        2.3730633570812643       0.84229113301262259                3
  -2.2363954293541610        2.3922944418154657       -2.5714303110726178                0
   2.0011673215776682       0.32565251458436251       -1.3741998630575836                2
  -1.8937875516712666       -3.7197557650506496       -1.8511224747635424                0
   1.1481740931048989      -0.67778945202007890       -2.6207488519139588                3
  -2.0409052819013596       -2.5087469210848212       0.92803289648145437                3
  -1.3831481221131980       -1.0467467247508466       -4.0566991153173149                0
   2.6981830480508506      -0.94621473457664251       -3.5925536090508103                0
  -1.5538505930453539       0.47881612554192543        2.1460765181109309                3
  -1.9728526216931641      -0.13771115569397807       0.40994446258991957                2
 -0.79568151850253344       -2.9799915896728635        1.3044279837049544                2
   3.3665934368036687       0.76881888788193464        2.5498267705552280                0
   2.7157598687335849        2.3455844772979617      -0.15845098067075014                0
   2.3474800470285118       0.76816517161205411        2.4604927818290889                0
  -2.0836036116816103        1.6727452352643013        2.2369061782956123                3
  -2.3163142846897244        1.2535560247488320        4.1060138889588416                0
 -0.91423245379701257        3.1711958604864776       0.37760377395898104                3
 -0.23664020467549562        2.2788032563403249        2.7022900385782123                0
   3.6705835931934416       0.25839745532721281       -1.5441982843913138                0
  0.31479988945648074        4.0543289110064507       -2.3537749168463051                0
   2.8444894682615995       -2.6374713913537562       -2.2800628794357181                0
  -1.0595348826609552       -2.4161096755415201       0.47382689313963056                2
   1.5105571830645204        3.0617168871685863       -2.1961746667511761                0
  -1.7253208346664906        4.1328049963340163       -1.2606814899481833                0
  0.93017539242282510      -0.88406559778377414        3.9794901781715453                0
   2.4114787043072283       -2.5331443478353322        3.3618449443019927                0
   3.2218585279770195       0.22654669126495719       -1.6495171864517033                3
  -1.7685813573189080       -3.9980157092213631       0.77252080198377371                0
  0.28754049213603139       -1.0458732116967440       -1.0608129273168743                2
   4.1684203641489148        1.3503907714039087      -0.54083394818007946                0
 -0.55580112384632230       0.96172831254079938        2.9983999091200531                3
  0.10684892535209656       -3.7631056574173272       -1.3946924800984561                0
  -1.2508047511801124       -1.2693858868442476       -2.2363439528271556                3
   2.0090849348343909        1.6872396413236856       -2.6947926799766719                0
  -1.7177143692970276       -3.3639417914673686        2.2148372372612357                0
   1.4192717452533543       -3.4568584547378123      -0.32709155930206180                3
  -1.9459097273647785       -1.4604678633622825       0.47237640712410212                2
   2.6549785933457315       -1.2985994038172066        1.7348199267871678                3
 -0.65971106989309192       -2.6085643377155066        1.7286603571847081                3
 -0.24588328786194324      -0.11722333729267120       -2.7373171388171613                2
  0.63079751795157790       -3.5471180453896523E-002   3.0266954470425844                3
   1.3213632837869227        2.2897789231501520        3.5664178454317153                0
 -0.68631639005616307      -0.94956763554364443       -3.1546805682592094                3
   1.2076444923877716       0.28484488604590297      -0.61487517552450299                2
   3.9104211539961398       -1.8832496367394924       -1.5379195963032544                0
  -2.4875165708363056      -0.52283194614574313        1.3013412361033261                2
   1.7861847067251801        1.0139141534455121        3.4385313466191292                0
  0.54742098087444901      -0.26225820416584611       0.42123971041291952                2
  0.62755118589848280        2.5133677176199853        3.4835982113145292                0
   1.7282059183344245       0.46491142129525542        2.8038858156651258                3
   1.3785212626680732        3.4296881034970284        2.1071328036487103                0
 -0.95342758111655712        2.2679864568635821        2.9499205620959401                0
   1.3995835138484836       -1.0646469681523740       -3.3484877552837133                0
  -2.1398008218966424       -3.0411816877312958       -3.2971258694306016                0
   3.0517480336129665        3.2838217564858496       -1.2936668121255934                0
 -0.20860905060544610        4.5042585977353156       -2.0869039278477430                0
  -2.2323101409710944       -3.0606072605587542      -0.11770835844799876                0
  0.22279979428276420       -1.3858937518671155       -4.5320008276030421                0
  -1.4346669847145677       0.92034990899264812        3.4451766684651375                0
  -1.7571382853202522       -1.4563212171196938E-002  -4.1562444041483104                0
   2.2463161125779152       -1.6795307677239180        3.4460175852291286                0
  0.76297777704894543       -1.9458035286515951       -3.3376308809965849                0
   1.0961527097970247       -2.9952205321751535        1.4912465563975275                3
 -0.72149210376664996       -2.6184064662083983      -0.42123003862798214                3
  0.52253544097766280       0.28084623627364635       -3.7711972952820361                0
  0.90663605602458119       -2.7706196205690503       0.50731819123029709                2
  -1.2410171679221094       -1.3804364181123674       -2.8123298543505371                3
  0.23252834333106875       -2.2489153617061675      -0.92011646367609501                2
 -0.83611089736223221       -4.6291896910406649       -1.1248452914878726                0
  -2.5943741388618946        4.1120858793146908      -0.75119971297681332                0
  -3.9114261418581009        2.7707871492020786       0.53378608776256442                0
  -3.1011276436038315       -3.4206919092684984       -1.0857083788141608                0
   2.1782640949822962        3.4999452508054674        2.2349290666170418                0
  -1.3999252580106258       -3.9128496474586427       0.21188073093071580                0
   2.8868193458765745        2.2912757168523967        6.4018948469310999E-002           0
   3.6261890875175595       -1.0999631951563060        2.1820399141870439                0
   1.5241718245670199      -0.29552941210567951       -4.6291858237236738                0
   3.5334716876968741       -1.3996324408799410        2.1658007684163749                0
   3.2662825100123882       -2.4327090894803405       0.11699170805513859                0
   1.2204446643590927       -1.2998539465479553        1.3493796274997294                2
   2.3295879014767706       -1.5151483961381018        1.8994438624940813                2
  -2.9540250194258988        1.0960509255528450       0.99947692360728979                3
  0.34007342066615820       -1.5683453506790102        3.8393971230834723                0
   1.6631749365478754        2.4086792650632560        3.1321321707218885                0
  -1.6383401770144701        2.5761770550161600      -0.93355024466291070                3
  0.33858340699225664       0.52375839557498693        2.2490941919386387E-002           2
  -1.7511315271258354       -3.8831993518397212        1.2626680429093540                0
   1.3546871719881892        3.1695310818031430        2.6863718079403043                0
  -1.6627209633588791       -2.6565185911022127       -3.1956757628358901                0
   2.2522583999671042       -3.7179993442259729      -0.60292767360806465                0
  -6.5979843493551016E-002  0.46261686831712723       -2.8912118962034583                3
  -2.3370635625906289      -0.42252997169271111       0.86818266892805696                2
  0.30000117141753435       -3.0692395358346403       0.65114884870126843                3
   1.8986627110280097       0.24136720923706889       -2.3878607223741710                3
  -3.7606146652251482E-002   2.1044732816517353       0.26623669313266873                2
 -0.50629438832402229       -1.7338253976777196        3.5380262695252895                0
 -0.45112509513273835      -0.48285642405971885       0.63183302758261561                2
  -2.2759783780202270        1.3665488571859896        3.3650400349870324                0
   3.5904697864316404        2.1139029320329428        1.2372529227286577                0
   4.0270050498656929        1.1132917948998511       -2.1151648648083210                0
   2.6694833580404520        2.5510834576562047       -2.6817857054993510                0
 -0.81189062679186463        2.8391766408458352       -2.1790452115237713                0
 -0.49206826835870743        2.0759251131676137        3.1140551227144897                0
  -4.3373981094919145      -0.87424129247665405        2.0589020382612944                0
   2.1403455385006964      -0.46043994138017297        1.1832658899948001                2
   1.9600334484130144       -1.0593681852333248      -0.84931336110457778                2
   7.3813961353152990E-002  -3.5478346422314644       0.72220794390887022                3
   1.7816893849521875        4.2132368520833552       0.50127073191106319                0
  0.29815458692610264       0.37305219098925591        4.5365210203453898                0
   2.0074196136556566       -3.2100758887827396        2.9697023681364954                0
  -1.3020264799706638        1.1593040265142918       -4.6855541458353400                0
  -3.3070999966003001        1.6525809862650931        2.5017799832858145                0
 -0.58095109416171908       -1.3337843120098114E-003  -1.4988345047459006                2
  -1.5506002004258335        1.6070110397413373        1.5631950763054192                3
   3.3422799315303564E-002   2.0244373707100749        3.4362591849640012                0
  -1.2034420832060277        1.3740074797533453      -0.46404247405007482                2
 -0.96005689585581422       -1.3034584093838930       -4.6335860807448626                0
   2.5527214980684221      -0.35763234132900834       -1.0325865400955081                3
 -0.83658734103664756       0.47368940897285938       -4.4906688830815256                0
   2.3152431799098849        1.3215303001925349       -1.9399605318903923                3
  -3.3838942414149642      -0.47021374572068453       -2.0410295668989420                3
  -1.2890755524858832       -4.5732146408408880      -0.92377541586756706                0
   1.6995209874585271       0.72657721117138863        2.0578156644478440                3
   1.0206306981854141      -0.85291113238781691        3.3644289872609079                3
   1.8621671060100198        2.2552062571048737        2.8904327377676964                0
  -1.5612145257182419       -3.6237526405602694        1.6525957547128201                0
 -0.94827089924365282        4.0431412728503346       -1.4477090281434357                0
   2.6553351618349552       -2.8227158077061176        2.8179171588271856                0
   4.0797129645943642        2.4929218855686486      -0.19027703907340765                0
  0.86318748071789742       -4.0228405757807195       -2.6584511832334101                0
   1.5479115163907409       -2.6348391594365239        2.1447470225393772                3
 -0.23386995075270534      -0.69373826030641794       -2.0913356635719538                2
   2.8954869532026350        1.8132591573521495      -0.48237655311822891                0
  -3.7766757747158408        1.2776792189106345      -0.89377563679590821                0
  -3.2805765024386346        1.6449606441892684        2.8796081361360848                0
   5.2879515569657087E-002  -2.7845824882388115       -3.8427174114622176                0
 -0.21645048167556524       -4.1457217629067600       0.24023503297939897                3
   2.2602676297537982        3.1545198196545243       -2.9833725653588772                0
   1.7560114455409348      -0.51599769154563546       -1.9131746934726834                2
  0.11727304663509130        3.8936594361439347        1.2887839088216424                0
 -0.54481026949360967       -2.4142421968281269        1.3037216663360596                2
   1.9554046122357249       -3.2926205452531576      -0.36728341830894351                3
  -1.3545272778719664       0.63980041770264506        2.9438338917680085                3
   1.0488892067223787        2.6588707091286778        3.5574347013607621                0
   3.1730971462093294        3.0425296025350690       -1.4399787597358227                0
 -0.29936513397842646        3.8167558144778013        1.1735994205810130                0
 -0.60171917546540499       -1.2228526244871318      -0.47893142560496926                2
   1.9457263313233852       -2.2466873377561569       -3.8273824937641621                0
  -2.8790834010578692        1.1809883802197874      -0.85739626316353679                3
  -3.5717013198882341        1.8389387684874237       -1.9826815742999315                0
   1.6839096858166158       0.33567528007552028        4.0400447323918343E-003           2
  -4.2891333275474608        1.7770341644063592       0.77400022652000189                0
 -0.70550150936469436        3.4198799566365778        1.2272973265498877                0
   2.3208454041741788      -0.66357380943372846       -1.3549513649195433                2
   1.5551113663241267       -1.2302164873108268       -3.2743900758214295                0
   1.8653494608588517      -0.79793039709329605       -2.6153128128498793                3
   4.1642300435341895      -0.48141097184270620       0.44406971195712686                0
 -0.12519177515059710       0.61842462513595819       -3.3825088664889336                3
  -2.1693692542612553        3.8390464195981622        2.2416066471487284                0
  -2.7835780661553144       -1.2675796612165868       0.83362815203145146                3
  -2.9130248026922345        3.1683437130413949       -1.7898489418439567                0
  -3.9691178617067635       -2.2245160792954266      -0.69302469259127975                0
  0.80719179240986705       -1.0547143826261163        4.3604375096037984                0
   2.7264231187291443      -0.69198908284306526      -0.92783129308372736                2
   2.4998666485771537      -0.78995510237291455        2.1512636123225093                3
   2.7632869919762015       -2.8405393636785448       -9.7759533673524857E-004           3
  -1.1575467395596206       0.26749263983219862        3.6530139506794512                0
  0.86950777797028422       -3.1265502423048019        1.9111562869511545                3
 -0.52995287580415606       -1.0148254362866282       -1.8857959285378456                2
 -0.55179024580866098       0.31958592357113957      -0.83465681876987219                2
   2.9135334747843444      -0.31030960381031036        1.5152073884382844                3
  -4.0490653552114964       -1.2637776089832187       -1.7075285152532160                0
   1.8277596193365753       -3.4250485058873892       -1.4461946627125144                0
   2.3177430802024901       -2.8892261325381696       -2.9321703757159412                0
  -2.8169153421185911       -2.8412395459599793       -2.4190521030686796                0
  0.46842936659231782      -0.77585422666743398      -0.42018681298941374                2
 -0.49670508597046137        4.6419699769467115       0.80924340756610036                0
   2.2357698809355497      -0.29147018911316991        2.7182766050100327                3
  -2.7541542402468622        2.7374269254505634       -1.2519696867093444                0
   1.2621773127466440       0.41977469110861421       -2.2911224234849215                2
  -2.2422786778770387        8.2455973606556654E-002  -2.2277758410200477                3
   1.8344804644584656        1.7247804324142635        3.6818761541508138                0
   1.1956679099239409       -4.1656920476816595        2.2324142768047750                0
 -0.77640824951231480       -1.4320804690942168      -0.12616478605195880                2
   1.2204518006183207       -3.3635161747224629       -1.3232695218175650                3
  0.73015779955312610       -2.1960813784971833       -2.5575351994484663                3
   2.3278826894238591       -2.5866674538701773        3.2518676831386983                0
   8.0966383684426546E-002  -1.1660179356113076      -0.87303090142086148                2
  -3.1636833818629384       -1.4554457971826196       0.46440844191238284                3
  -2.3469231580384076       -1.5558585617691278      -0.18608570797368884                2
  -2.9744812613353133       -3.7562794983386993       0.64204757567495108                0
   2.6602704171091318      -0.16457916004583240      -0.22268949076533318                2
   2.2413763310760260        2.7325638360343874       0.43300108285620809                0
  -2.0567177771590650        1.6275971708819270        3.1358100753277540                0
  -2.1172465337440372        3.1458297604694963        3.0308355763554573                0
 -0.61126938322558999       -3.1440065288916230        1.8393430789001286                3
  -1.4179364894516766        2.8854356193915009      -0.68226769799366593                3
  -1.6170123056508601        1.7481888248585165       -4.1537602758035064                0
   2.3014887399040163       0.48362872563302517       0.75988674303516746                2
  -1.9575332012027502       0.79051612643525004       0.61136081116273999                2
  -1.3805291359312832       -4.2309441766701639       0.86803527316078544                0
   3.5299885459244251        2.4107557465322316      -0.46374525642022491                0
  -3.5978743364103138       -1.2905230326578021        2.3662922647781670                0
  -1.2826178735122085       -2.2616699128411710       -1.0919182584621012                3
  -1.3764284085482359       0.66118300193920732       -4.5490270247682929                0
  -1.0611386154778302        2.9293165449053049        3.2345168665051460                0
  -2.2422096529044211       -2.2689386294223368       -1.9102508272044361                0
  -2.0590308448299766        1.5849591372534633       -1.1125904042273760                2
  -2.2497162572108209       0.54993453202769160        1.5260638669133186                2
   3.5712842037901282        1.0245809238404036      -0.94625408062711358                0
  -3.0651426524855196      -0.47722396906465292        2.8919728961773217                0
   1.2009652727283537        2.6140632294118404        1.9275181577540934                0
   6.4909809734672308E-002   1.9053076673299074       -3.6824278463609517                0
   3.6126692034304142      -0.50409217365086079      -0.61888314550742507                3
   1.7875771014951169       -1.0752636403776705        2.7963319071568549                0
  0.21141261095181108        1.1538544949144125       -3.6858052061870694                0
   3.5183514561504126        1.0243235575035214       0.61965386616066098                0
  -2.3293232661671937      -0.92201983323320746        3.4401207929477096                0
  0.73596286587417126       -3.7855989322997630      -0.84526668535545468                3
  0.29015351785346866      -0.48905933508649468        2.6448947726748884                2
   1.1078140232712030E-002  -1.2667310680262744       -1.7595574236474931                2
  -2.0182325667701662      -0.36167027661576867      -0.61819209950044751                2
  0.81623428501188755       -4.4715321646071970      -0.32897571800276637                0
  0.42604671092703938       0.10255394736304879       -4.5347735821269453                0
   8.4364018402993679E-003  -3.3500399650074542       -1.4619787386618555                3
   2.0047536981292069        6.0685239732265472E-002  0.51153191132470965                2
  -2.7788702188991010      -0.79601549776270986        3.8125454145483673                0
 -0.31554657034575939       -1.1837570997886360        2.7628799783997238                3
  -4.7544561023823917        7.4178390204906464E-002  0.69772381568327546                0
  -2.1589195588603616        1.2251509982161224       -2.8082674928009510                3
   2.3040487430989742E-002   3.3138992730528116       -3.1034197891131043                0
  -3.5179317393340170      -0.31702438369393349        1.8487854069098830                0
   1.0428364574909210        3.2437363220378757        1.3798536150716245                0
 -0.88518300093710423        2.6312987855635583       -3.8196191401220858                0
   3.1706660590134561       -1.1933981976471841       -2.9148692195303738                0
   2.1798499044962227        3.1483434792608023        1.9645161298103631                0
  -1.5167426574043930       -1.3817953364923596      -0.27426263317465782                2
  0.96672274870797992       0.49262193264439702       -1.0937145422212780                2
 -0.30469663208350539       -2.1874864818528295        3.6413159407675266                0
 -0.35468518501147628        3.7554098223336041        1.2590140663087368                0
  0.21439138567075133       -1.7381117795594037        1.9965804228559136                2
   2.2590648639015853        3.6530705308541656      -0.42207026854157448                0
  -2.0146108418703079        3.6227905610576272        1.7300439858809114                0
   1.1835761577822268       -2.3397763259708881        1.8414486269466579                3
  -1.1461548809893429        2.6641734666191041        1.6442384221591055                0
   3.0394077766686678        1.8235893873497844       -1.8824070366099477                0
  0.23035608464851975       -4.3418384925462306       -1.4139126194640994                0
  -1.6756098903715611       -4.0582605288363993       -5.2798364777117968E-002           0
   3.2830203440971673       -2.8626944427378476       0.56765632471069694                0
  0.58418352156877518        1.3469254923984408       -1.0018337331712246                2
  -1.7651172168552876        2.4107968830503523       -3.0009235325269401                0
   1.2650494207628071       0.88291391497477889        3.4850387996993959                0
   2.3528828099370003       -3.7050208658911288       -2.2006818139925599                0
   4.0924688708037138       0.53721594624221325       -1.2434166390448809                0
  0.84866709774360061        1.4154300070367754       -2.3802375560626388                3
  0.79952612286433578      -0.84843854419887066       0.67684966139495373                2
 -0.56348389014601707      -0.20304266596212983        1.0377808264456689                2
   2.3529459675773978      -0.80925771500915289       -1.7180170211941004                2
 -0.85814948193728924      -0.90665206778794527        2.5009408057667315                3
 -0.30276993755251169        4.1545225284062326       0.23630718234926462                0
  0.49623233499005437      -0.29266082216054201       -2.8327832091599703                3
  -1.5991040272638202       -9.5626718830317259E-002   1.4159919973462820                3
  0.94023616518825293       -1.7449953872710466       -4.0342925605364144                0
  -2.2811818821355700       0.33491948619484901      -0.81998628564178944                2
 -0.83241859916597605        4.1455818479880691       -1.1416340223513544                0
   1.4787519024685025        4.4499951065517962        1.6272523417137563                0
  -1.1497153923846781       -2.5310293026268482       -2.7412239648401737                0
   3.1034645391628146      -0.60398630797863007       -1.0040055075660348                3
  -1.8978929473087192        2.2529417159967124       -2.0200922060757875                3
   1.3062460580840707        3.6429056734777987       -1.8830464384518564                0
  -1.4999668300151825        1.3021127996034920        3.7676676618866622                0
   1.4154376927763224       -3.1973065435886383       -2.8521819505840540                0
  -2.8875910816714168        3.4084610175341368       -1.0967165930196643                0
  -1.5991998370736837E-002   3.3737885020673275        3.3952929871156812                0
 -0.62172366771847010        4.4762373692356050      -0.49264625879004598                0
  0.54235805757343769       -2.2937560058198869        2.6519684656523168                3
   2.7216118341311812        1.4950219658203423       -3.1379758985713124                0
 -0.31056216917932034        3.4286051266826689       0.51590038929134607                0
  0.46207525068894029        3.6095271748490632        1.3979803957045078                0
  0.78751575900241733        1.1022122856229544        2.3980364925228059                3
  -2.9592680395580828        2.0059502893127501      -0.89668970787897706                3
 -0.70708790561184287        2.6078106113709509        1.5198763599619269                0
  -3.2310788659378886        1.2363803200423717        3.2885157130658627                0
  -3.3510765875689685        1.6492187348194420      -0.43007176602259278                3
   2.5177086214534938        1.4557798206806183        2.5489291036501527                0
  -2.0942216971889138       0.29466780833899975        4.4325663079507649                0
   2.8027348988689482       0.80401275306940079       -1.9945308077149093                3
  -4.3572732806205750       -2.1335247345268726       0.59842258458957076                0
   3.4749758522957563      -0.13762019108980894        3.2695396360941231                0
  -2.5024201325140893       -2.7260235068388283      -0.12404353823512793                3
  -1.8260597647167742        4.1352893831208348        2.0748978224582970                0
   1.9642794271931052       -9.0492193121463060E-002   3.8205214659683406                0
  -5.5952447000890970E-002   1.4512973395176232       -1.9061256572604179                2
   2.6374417729675770       -2.1181226964108646        2.7226196089759469                0
  -4.1341371997259557       0.63750849338248372       0.28708778554573655                0
   1.0341646103188396      -0.31835974659770727        3.3678507106378675                3
 -0.15498165972530842       -2.3738465644419193       -1.0840856819413602                2
  -1.2275310489349067        3.7423201883211732       -3.0355362780392170                0
  -1.0465479339472950       -1.9159999047406018        4.4425236247479916                0
  -1.4903958048671484       -1.9206058373674750        3.7894506193697453                0
   1.3072664663195610       -1.6963094589300454        3.8905567303299904                0
   1.1998588102869689        1.4264066563919187        1.4407609775662422                3
  -9.0133163612335920E-002   2.2930794674903154        1.1944964295253158                3
  0.68104774923995137       0.30953988665714860        4.8773975344374776                0
  0.61755192466080189       -1.7526991362683475      -0.71157529018819332                2
   2.7797917462885380       -2.9129459895193577       -1.2802004069089890                0
   2.0181455696001649        1.8489305814728141       -1.0490569961257279                3
  -1.2523950706236064        1.2599895591847599        3.9523068093694746                0
   2.8373732184991241      -0.59473436325788498      -0.16392589313909411                3
   2.3365564458072186        1.6543617448769510        2.2554103331640363                0
  -3.1324366875924170        2.3781467718072236       -2.7710993355140090                0
 -0.45339237200096250        3.0516034085303545       -1.3620680477470160                3
  -4.0851245285011828       -2.4177559791132808        1.4212595555000007                0
  -2.1892494941130280       -2.1506045432761312        2.4274089187383652                0
  -1.8914265860803425       -2.1369998925365508       -1.1893949168734252                2
   4.3579426012001932        1.3712907978333533        1.8722160533070564                0
   2.2525723325088620        2.6660736300982535        3.4587084432132542                0
   1.4704230451025069       -2.5774027919396758        4.0143849793821573                0
   1.1040803533978760       -2.4417115421965718        2.8273629350587726                0
 -0.19720737123861909       -3.0376375792548060        2.2210770240053535                3
  -3.7170952162705362       0.46730278991162777      -0.68850729148834944                3
  0.35872512497007847       -2.9058729950338602       -1.0493480251170695                3
   2.5179450027644634       -1.7794408276677132        3.6715410999022424                0
  -2.2084084479138255        1.2630401551723480      -0.14746296452358365                2
  -2.3289244389161468        1.7944688536226749       0.63719512196257710                3
   3.2613703468814492        3.4446208644658327       -1.3591709057800472                0
   1.6890474269166589       -3.6695143859833479       -1.8540869979187846                0
  -1.0602721967734396       -1.3652432453818619        3.9382367813959718                0
   3.5474708885885775      -0.94138359650969505      -0.66910029621794820                3
  0.15489979879930615       -2.3947277851402760      -0.48785457853227854                2
   1.4239066117443144        3.6706243711523712       -1.1434263479895890                0
  -1.2299487367272377       -1.4603630104102194       -2.0554252527654171                1
  0.13987540267407894       0.58954397449269891      -0.63599252840504050                2
  -2.8843800607137382       0.68100705044344068       -3.5070693911984563                0
  -3.4367928747087717E-002   4.2786680161952972        1.8325854465365410                0
  -1.4485976821742952       -2.4601179524324834        3.4503556182608008                0
  0.92455190606415272        4.6061188937164843       -1.5957909985445440                0
   1.8291776883415878       -3.0380965676158667       -2.2641608677804470                0
   1.5321385883726180      -0.18110115313902497       -2.7416211576201022                3
 -0.12415130389854312       -1.1162009113468230       -2.2447374765761197                2
   2.4705562368035316       0.53692380897700787       -3.3646214450709522                0
 -0.77115027699619532        2.5744383176788688       -1.2477913242764771                3
 -0.16401722561568022       -1.8758625909686089       -2.8241876629181206                3
  -2.0857168897055089        2.1226477134041488       0.90871698455885053                3
  -2.7313954196870327        1.6123435972258449       -2.0243025757372379                3
  -2.9013377754017711        2.9028241685591638       0.81137482309713960                0
 -0.58213693788275123        2.2394426865503192       -4.0397837106138468                0
  -2.8703726199455559      -0.70561345899477601      -0.76934842858463526                3
   2.4807365378364921       0.64373001223430037        3.4867462492547929                0
   1.4514794549904764        3.9427895494736731       0.95658441307023168                0
   1.9905325886793435        1.7248961539007723      -0.38134666858240962                3
  -2.8499742480926216      -0.96346989274024963       -2.8024023724719882                3
  -1.6926232120022178       0.23625643923878670       -4.5446171541698277                0
 -0.72135804919525981       -1.1978918244130909        1.4077545539475977                2
  -1.0464285081252456        2.2992460755631328      -0.48585116630420089                2
  0.54584282217547297        3.9561192132532597        2.2333213058300316                0
   3.9556561573408544       -1.9870043848641217        1.5091248904354870                0
   2.5788246304728091       -3.0973227228969336       -2.2331583383493125                0
   1.9900589762255549       0.58615418616682291        2.2243685973808169                3
  0.85072219138965011      -0.95634151715785265        3.7290638219565153                0
  -1.1517082480713725        1.4073565416038036        1.6046376479789615                2
  -2.4259327864274383      -0.44558085268363357        1.3887533592060208                3
   2.8994370531290770        2.3904820042662323       -1.4068280602805316                0
   2.0591975213028491      -0.94341664807870984        1.3029365777038038                2
  -2.6591540034860373       0.27490580454468727       -1.2947045452892780                2
   1.7979013756848872      -0.99057620856910944       -1.2779791280627251                2
   2.5527251162566245      -0.76325409812852740        1.9112151698209345                3
  0.16908489400520921        2.0195357874035835      -0.29192740796133876                2
 -0.33234669594094157        3.3698733942583203      -0.21081072511151433                3
  -4.2298060934990644      -0.99397988989949226        1.2909543397836387                0
   3.5090998956002295       -6.2371043022722006E-002   2.6740755699574947                0
  0.99778238218277693        1.6175376949831843        2.7098928345367312                0
  -3.6262827157042921        7.7225342392921448E-002   1.7575522675178945                0
   1.3201108132489026       -1.2904754024930298       0.36430580774322152                2
  0.98945601377636194       -3.6747748591005802       -1.0007623140700161                3
 -0.78311341814696789       -4.3907899921759963       -1.9812646810896695                0
 -0.23321127984672785       0.87272430071607232       -3.9075737702660263                0
  0.98532669246196747      -0.57478273520246148        4.0694033866748214                0
  0.53345317952334881        3.1369900889694691        3.2073475979268551                0
  0.29036193620413542       -1.8427402782253921       -2.9448949359357357                3
  -4.7359930747188628      -0.34944110317155719       -1.2545972084626555                0
   3.9456025999970734       -2.4225802929140627       0.24500286672264338                0
   2.4074630322866142        1.4741299324668944       -2.7932211756706238                0
   1.8109498685225844        1.0579913225956261       -1.8278748565353453                3
   2.8360419743694365       -2.4584382679313421       -4.0807262994349003E-002           3
   1.5885491995140910        3.0335405631922185        1.7977971467189491                0
   3.6075456743128598        1.7630939162336290      -0.70538992993533611                0
   1.7255324823781848      -0.28156788088381290       -3.5547188716009259                0
  0.74048215290531516       -1.1120004206895828        4.7278674249537289                0
  -1.2315228558145463       0.33090338343754411       -4.5562281855382025                0
  0.88208329165354371       -1.6783471335656941       -1.1885059834457934                2
   1.1382116703316569       0.65738820005208254        4.6927351877093315                0
   2.7176274266093969        1.7912272596731782        2.9529819893650711                0
   3.9010869641788304        2.5268862163648009        7.1304615121334791E-002           0
  0.77691009966656566        2.1802451950497925       0.27390432311221957                2
  -2.8660703124478459       -3.3388658287003636      -0.27809598017483950                0
  0.31407977687194943        3.3858594298362732        1.1331694200634956                3
 -0.57745352853089571        4.2872244748286903       0.25506982579827309                0
   3.8943777396343648       0.11168025201186538       -2.6658996287733316                0
   1.3484216597862542       -1.6520890127867460        3.0968549009412527                0
   1.3819526531733572        3.5171470185741782      -0.80342763103544712                0
   6.9585039746016264E-002 -0.42491071391850710        2.3401172179728746                2
  -1.2307326914742589        2.0083677838556468       -1.1134940828196704                2
  -2.9084555804729462        2.3991505452431738       -3.0633688974194229                0
   2.5020318687893450       -2.7399387024343014        2.4843886494636536E-002           3
   2.7205088105984032      -0.20652864826843143       -3.6281270440667868                0
  -2.1862807241268456       0.23481485899537802       0.12235699919983745                2
 -0.96191304037347436        3.4593322058208287        1.5749038802459836                0
  -1.6591751971282065       -1.2910410854965448      -0.22783025633543730                2
   1.8858657893724740        3.6876135692000389      -0.97023170208558440                0
   1.3864925294183195       0.25384168606251478        2.7593852207064629                2
   2.7158800372853875      -0.89280578773468733       -3.7303520808927715                0
   3.0531482654623687       -1.4754244335927069       -2.7495454601012170                0
  -8.9702077675610781E-002  -2.5206135702319443       -3.8186703692190349                0
  -1.2431337218731642        3.8324911496601999       -1.1667923256754875                0
  -2.2809242084622383       -2.8132518241181970       -2.4554848391562700                0
   1.9443448958918452       -2.8753144037909806        2.1211371826939285                0
  0.67123804474249482       -1.1606452614068985        2.9152252199128270                3
  -1.7279798840172589        3.7507027806714177       -1.9574786047451198                0
   1.6136048152111471       -2.3880239692516625        2.9991850373335183                0
   1.6337536717765033        2.2279262077063322        3.9019255922175944                0
  -2.5690623582340777      -0.41855638381093740       -2.7516741165891290                3
  -1.1773707275278866        2.5349266268312931       0.26907674968242645                2
  -1.9483035244047642       0.15755919739603996       0.72024365887045860                2
  -2.0675093075260520       0.14248474966734648        1.0005008964799345                3
  -1.4624563581310213        4.4745937804691494       -1.3762343651615083                0
  -2.7139941649511456       -2.6803410216234624        3.0134186916984618                0
  0.14977961545810103        2.6831624051555991       -2.2053729952313006                0
   1.5760384430177510       0.22548769833520055        3.2091183844022453                3
  -3.5185398114845157        2.9064810229465365       0.90307340258732438                0
  -3.2848539133556187        2.7518413565121591       -1.8979382910765707                0
 -0.58037985581904650      -0.91993149602785707        3.3991803182289004                3
   4.7201014496386051       0.10450762696564198       0.92808781191706657                0
 -0.91375815914943814        2.0127910445444286       -3.1169085158035159                0
  0.19366273423656821      -0.79503460321575403        3.2452856190502644                2
  -3.0166791728697717       -2.0291897072456777       0.62289433320984244                3
   1.6339071467518806      -0.86160924285650253       -1.8956212210468948                2
  -2.5307053001597524      -0.32834602519869804        1.9311503926292062                3
   1.9178666733205318        2.6122386287897825       -1.7512713326141238                0
  -1.6610084101557732       -3.8542781304568052       -1.2543235113844275                0
   4.7918020281940699E-002   1.4798330329358578       -1.8656865018419921                3
  -2.7963176020421088        1.8666201573796570       0.38018676685169339                3
  -1.3494512042962015        3.1447857501916587       -1.6963401203975081                0
  -1.1070718104019761       -1.9859049865044653       -4.3291261536069214                0
  0.19419521326199174        3.9203290618024766        3.0599178071133792                0
   1.1874974868260324      -0.40235846070572734       0.51271906588226557                2
  -1.1086226813495159       -4.3655525171197951       0.54862991673871875                0
  -1.9573545712046325        2.3320320970378816        3.4702619467861950                0
  -4.0661752712912858        1.9239377975463867        1.5279185050167143                0
   1.1966226156800985E-002   4.2531255981884897       -1.9959865766577423                0
   2.9893274442292750        2.6601510238833725        2.4071436305530369                0
   1.6346819745376706      -0.66019044257700443       -2.6827002363279462                3
   1.3865583692677319      -0.23355883779004216       -3.3727128151804209                0
   1.5840583643876016        2.5493731116876006       -3.8777105044573545                0
  0.18049352103844285        1.1932203103788197      -0.25258258683606982                2
  -4.3548823450691998      -0.96235670149326324      -0.97719449084252119                0
  -1.3471392379142344       -4.0514204767532647       0.20787008572369814                0
  -3.9181557949632406E-002  -1.7405872046947479        4.4135236367583275                0
  -1.9089448871091008       0.81385105848312378      -0.93682376435026526                2
  -4.8377300566062331       0.19275133498013020       0.84312764927744865                0
  -4.0587367420084774        1.1960843973793089       -2.3512624832801521                0
   2.6926973345689476       -2.6994216861203313       0.18290802603587508                3
  -1.0953937727026641      -0.63371365424245596       -3.5335900192148983                0
   2.7035312470979989        2.2215285198763013        3.8487135898321867E-002           0
  -1.4198763296008110        3.0912011186592281      -0.53862711880356073                3
 -0.55866089183837175       0.88407392380759120       -4.1017655516043305                0
  -2.6460945839062333      -0.36826657364144921      -0.24234969634562731                2
   4.5011653658002615       -1.0936535242944956       0.92653092229738832                0
  -3.4920862782746553       -3.2123493682593107       -1.0397029947489500                0
   1.7271681269630790       0.82375731319189072        4.5409810519777238                0
   3.6095121665857732        2.6985643431544304       -1.8107286421582103                0
  0.29604783281683922        1.3352064089849591       -4.2504600039683282                0
  -6.6883163526654243E-004  -4.1760129691101611       0.15359451528638601                3
  0.14189687557518482      -0.21754231071099639       -4.9103828752413392                0
   2.6230878964997828       -2.1927314205095172       -2.8963748086243868                0
  -2.7364536095410585       -3.8269689772278070       -1.2515541655011475                0
  -3.0169635335914791        1.8854673882015049       -2.3527486319653690                0
   1.1157516436651349        3.4382838988676667       -1.1773733957670629                0
 -0.84815412526950240       -2.8860883321613073E-002  -4.3207592400722206                0
  -3.2807594700716436       0.90661704540252686      -0.65434676827862859                3
   4.4356808229349554       -1.9828714616596699      -0.45470981393009424                0
  -2.7948588086292148       -2.7613261225633323       0.88019784539937973                0
  0.95496367663145065        1.0074216802604496        1.0831215768121183                2
   1.5925065591000021       -1.7701411526650190       0.85559536702930927                2
   2.4259570683352649        1.1900018434971571E-002  -3.0938799004070461                0
  -3.7913030991330743       -1.4919692743569613        2.7877732925117016                0
  -3.6080356896854937      -0.25688015157356858        1.1611515446566045                3
  -3.3258501160889864        1.7713268077932298       -2.0650439825840294                0
  -1.5087936818599701      -0.73884860612452030        1.5793953300453722                2
 -0.10317749343812466        1.3920785998925567        4.2439372348599136                0
  -4.2598134675063193        1.0858007473871112        1.7995626293122768                0
  -2.3212471720762551       0.30291814822703600        3.1643713871017098                0
   1.4828481688164175       -3.1740146689116955        2.3162821610458195                0
   3.8027619267813861      -0.72822816437110305       -2.2276975261047482                0
   2.2361210035160184       -1.6592886159196496       0.28886284213513136                2
   3.7876929226331413      -0.20377052482217550       -1.9196951622143388                0
   1.1246041557751596      -0.84725465392693877       -2.8776232735253870                3
   2.3983761272393167      -0.54199896985664964       -3.0019076610915363                0
   3.6841597175225616       0.27837127447128296      -0.88435083162039518                0
  -2.5250067072920501        1.7808889271691442        2.3625827627256513                0
  -8.6399074643850327E-002  -2.0593564165756106       -3.2117951987311244                0
  -1.5878951037302613      -0.31860701274126768        1.7561664711683989                2
  0.19842560868710279       0.69389040814712644       -3.7845566170290112                0
   4.4873160845600069        1.6180820669978857        1.0149593488313258                0
 -0.93446928542107344        1.6166299162432551       -1.9369186507537961                3
   1.0636343131773174        3.0037429044023156       -2.6478562969714403                0
   3.6055107391439378        2.2691494715400040       0.60977165354415774                0
   4.0147141297347844        2.3711520573124290        1.0222378559410572                0
   2.5449210847727954       0.58639484690502286       0.60646131169050932                2
 -0.82993797026574612       -2.0579981175251305       -3.2420861604623497                0
  -1.7604178935289383       0.62892976216971874       -3.4070269460789859                0
 -0.13305331347510219       -1.6103407274931669       0.70387300336733460                2
  -1.7596803978085518        3.1993574206717312       0.64298146404325962                0
   7.4657825753092766E-002  -2.5120702362619340       -2.2739354218356311                3
  0.76284679351374507       -2.3275071545504034      -0.30850872397422791                2
 -0.79786298563703895        4.3263597576878965        1.8131626630201936                0
  -1.5544586372561753      -0.34319361206144094        4.4777325075119734                0
  -1.1402751784771681        1.3787950249388814        1.2183899502269924                2
   1.5218051359988749       0.83432932384312153        3.6669185827486217                0
  -3.0632920330390334       -1.3875829032622278       -1.6214929427951574                3
   1.3493324187584221       -1.9469668972305954        1.9892676919698715                3
  0.37489991402253509       -1.1101073073223233       -7.7841293532401323E-002           2
 -0.36201943643391132        6.4119447488337755E-002  -3.0825854977592826                3
   4.6906243893317878       0.86437367368489504      -0.78131659189239144                0
   4.2718039755709469        1.3003425230272114        2.1759327547624707                0
  -4.5847814460285008        1.8639469216577709      -0.32294638222083449                0
   3.2429404021240771        2.3090351955033839       -1.4078329713083804                0
   2.2460764320567250       0.35038414411246777       -3.4880689647980034                0
   4.1186248045414686        1.0380426258780062       -2.4893825757317245                0
   2.7060605795122683       -2.0540857082232833       -1.1889802291989326                3
  -4.1661173454485834        1.3687398424372077       -1.6642884910106659                0
   1.2546468712389469       -1.2876949296332896       -1.2324963603168726                2
  -1.8894437956623733        4.0609990921802819        1.3323677075095475                0
  -1.6133337630890310       0.12830462306737900        2.6444807951338589                3
  -2.4886617809534073      -0.83687672391533852       -3.6152971605770290                0
  -1.1401369096711278       0.36975261755287647        2.0793139794841409                2
  0.29257550835609436       0.49387780483812094       -3.4088286943733692                0
   1.1848588637076318       -2.7860176330432296       -1.8731563678011298                3
   2.3720631492324173        3.1965774553827941      -0.66946079721674323                0
   2.2208242048509419       0.84769116016104817        2.8302298649214208                0
  -2.4922931473702192       -2.7063870709389448        1.1793484422378242                0
 -0.23968025809153914      -0.88876367080956697        4.2321928334422410                0
  -2.3436433961614966       -2.0336356316693127        1.2094437377527356                3
  -1.0327924834564328       -2.7127723768353462        2.6407702802680433                0
  0.53299958351999521       -1.4198071416467428       0.91517158318310976                2
   2.1168790315277874       -1.3131496473215520        2.7601201739162207                0
   1.1359640257433057        2.4796114605851471       -3.1145817553624511                0
  0.92826755251735449       -1.2322376458905637      -0.88264346122741699                2
 -0.37052503554150462      -0.16603992320597172       -1.1177901504561305                2
   2.7762238937430084       -3.7670708447694778       0.87036009645089507                0
   3.3594629005528986       0.58051504427567124        1.0114590171724558                3
   6.5192175097763538E-002   2.6275162561796606       -1.5837164176627994                3
  -1.3924845121800900       -2.4367618351243436        2.6961545879021287                0
   2.2130301827564836        3.0170573270879686        1.2524547055363655                0
  -1.0212420718744397       -4.0299899014644325        1.1740953451953828                0
  -3.7613329943269491        1.5426771971397102        2.5502619170583785                0
   3.6950476770289242       0.14182359213009477       -2.6751769543625414                0
   2.9467505775392056        2.2789785871282220      -0.53888132562860847                0
 -0.43088041245937347        1.7846568720415235       -1.3803230156190693                2
   2.2934425668790936       -2.6104873931035399        2.2414667787961662                0
  -1.4784192899242043        1.6468585305847228      -0.96832576906308532                2
  -1.9226856739260256      -0.87120974669232965      -0.37843260681256652                2
 -0.70102239260450006        3.5805326863192022       0.14352172845974565                0
 -0.94913552748039365       -2.5262583256699145       -4.0826071449555457                0
   4.1288765938952565       -1.5109358751215041        2.1856751176528633                0
  -4.1360361431725323      -0.41389922145754099        2.1456540632061660                0
 -0.45422106748446822       -2.1000906638801098        3.3147193933837116                0
  -2.4603283079341054       -1.0319184022955596        2.2063086973503232                3
  -3.5216069966554642       -1.4013530244119465       -2.3303786781616509                0
  -3.3390564564615488       -2.5991387059912086      -0.29793925583362579                0
   3.2550083426758647      -0.60943209566175938        3.0265788873657584                0
  0.99042566725984216        2.8302394901402295       0.32723349053412676                2
  -2.2857645922340453       -1.0446999478153884        2.0139680942520499                3
  -1.9076444371603429       -3.2011828129179776       0.81891361856833100                3
  -3.9161307620815933      -0.31509091844782233        1.4886496681720018                0
 -0.13512622797861695       -3.5509216389618814      -0.40836144238710403                3
  -1.9261348480358720        1.9743739697150886        3.9423540467396379                0
   3.2098824274726212        1.8197338934987783        2.5646457332186401                0
  -4.1365549596957862      -0.98352142143994570       -1.6148734022863209                0
   1.2887887447141111        4.3662623525597155        2.0268347230739892                0
  0.57417219970375299       0.55192288011312485        2.6923939352855086                2
  -3.2473582448437810        1.2535082781687379      -0.37233009235933423                3
   1.7147327726706862       -2.2918574861250818      -0.26306932792067528                2
  0.20364071708172560      -0.32427878817543387       -2.6360682537779212                3
  -3.3952305815182626       -1.1141124879941344        3.3575012022629380                0
  -1.7365032178349793       -2.9688774212263525       0.24046016391366720                3
  0.15006375499069691        2.5459195999428630        3.7716875085607171                0
   1.5104656247422099        4.4206067291088402      -0.36309505347162485                0
  -3.2251950376667082       -2.7358849509619176      -0.21779052913188934                0
  -3.5042013041675091E-002  -2.7978476602584124       0.80049050506204367                2
   2.0985974441282451        3.2958913780748844       -2.1297237463295460                0
   2.8153356839902699       -3.4603729192167521      -0.99348444957286119                0
   1.8139079306274652       0.49873247509822249       -2.7579064737074077                3
  0.38197485730051994       0.56738478131592274       0.65122574800625443                2
   1.8726528109982610        3.0499077122658491       -1.9642538810148835                0
   2.6595179177820683      -0.94544139225035906       -2.2380950604565442                3
   1.9920464698225260      -0.30451768077909946        1.8612147634848952                2
   3.9192190533503890        2.3422860144637525        1.0161097929812968                0
   2.0741355442442000      -0.13029300374910235        3.4589300397783518                0
   2.4247840582393110        2.7756412466987967        1.4770754240453243                0
  0.41963741881772876      -0.36365617066621780        4.2918422468937933                0
   1.1533356248401105        1.2739768275059760        1.5425027511082590                2
   1.1550689022988081      -0.40087499655783176       -3.8591318973340094                0
   2.5873966910876334      -0.53891289979219437        3.5714800492860377                0
  -2.3479430866427720       -2.4761324049904943       -2.3792991763912141                0
 -0.67624239716678858        4.3800781387835741        1.8502234597690403                0
   1.3803223823197186        3.0398817243985832       0.50102254375815392                3
   4.0219975658692420       -1.3188421446830034        2.0939080277457833                0
 -0.78872337704524398        2.8671089187264442       -1.2155566480942070                2
  -1.1480312398634851        3.3686325489543378        1.1012324551120400                0
  -2.0971511816605926       -2.1240422758273780       -1.0137274349108338                3
   2.0327065535821021      -0.32783318543806672        1.9588430458679795                3
  -2.8379999892786145       -2.9162312438711524        1.0807261778973043                0
  0.30486317584291101        2.3367625311948359        2.4884540168568492                0
  -1.7820086656138301       -1.2461168970912695        3.3555806567892432                0
  -3.8792220689356327       -1.3485938706435263        1.2986223585903645                0
  -1.4189588627777994       0.58878361247479916        1.7212962987832725                2
  0.52730653434991837        3.8137124851346016        2.8396403463557363                0
  -2.9696453036740422       -2.8751502372324467        1.7035010154359043                0
  -2.0064050587825477       -1.6285030124709010        2.8753115097060800                0
   3.0771128926426172       -2.0735778682865202       0.48117383150383830                3
   3.4828141401521862        1.7493764450773597       -2.1214688476175070                0
   3.1559087941423059       -2.2895962512120605        2.3902031593024731                0
   1.1827596486546099       0.11136974673718214       -2.8154280199669302                3
   1.6269388794898987        2.6488207932561636        3.0853938055224717                0
  -3.8404330494813621      -0.88038977934047580       -2.9315144824795425                0
  -2.0919372723437846        1.0297722602263093       -2.5621240609325469                3
   1.2680958933196962       -3.3757456764578819       -3.0780236143618822                0
  -3.0437981360591948       -1.2174307345412672       -2.5175154418684542                0
   2.6252795523032546       -1.6497871861793101       -2.6087805326096714                0
  -1.7883145296946168        2.1446896716952324       -1.0951729444786906                2
   2.6425568852573633       -1.1693764152005315       -3.5380938765592873                0
   2.7563385153189301        1.9732565642334521        2.0285311085171998                0
  -4.2297661211341619        1.5717852348461747      -0.14498803531751037                0
   1.4910029037855566       -3.4385240217670798       -1.8017517519183457                0
  -9.8450507503002882E-002   2.6747013861313462       -1.1795062408782542                3
 -0.64019015291705728        2.5599586847238243        3.5148714669048786E-002           2
  -9.1876517981290817E-002  -1.8304451624862850       -2.7188001293689013                3
 -0.16018505441024899       -4.0843246178701520        2.8717525326646864                0
   2.5055947760120034       -2.3688157880678773       -3.4565603965893388                0
  0.27527927653864026        3.3660555537790060       0.82024052273482084                3
 -0.92387915356084704      -0.66444198600947857        2.5092948018573225                3
 -0.27022344060242176       -1.0620299261063337       -1.9128735153935850                2
   1.8577351281419396       -2.9909203504212201        2.6988966343924403                0
  -3.4820169815793633       0.37908952683210373        2.1309783938340843                0
   2.7534664655104280       0.82367147319018841        2.3356647975742817                0
  -1.9556123972870409       -1.5528781362809241       -1.5781721193343401                3
   4.0905573568306863        1.5291686682030559       -1.9928823690861464                0
  -2.5296155340038240       -2.4549472145736217E-002 -0.77316939365118742                2
  -1.3473378890193999      -0.10285447817295790        2.6759486598894000                3
  -2.9371814546175301        1.4941202383488417      -0.76103984611108899                3
   3.0905843875370920       -2.6737682358361781        1.9748247205279768                0
  -2.1994185633957386      -0.61706016305834055       -3.4273908846080303                0
 -0.82800634903833270       -3.6979936156421900       -1.6158013488166034                0
 -0.88477500947192311        1.3023403100669384       -3.6362092685885727                0
  0.96018860582262278        2.2508745128288865        3.3215019479393959                0
 -0.65781444543972611        3.4574144403450191        2.8893255512230098                0
   1.1664574034512043        2.6082685287110507       -3.6962579190731049                0
 -0.56817241245880723      -0.20329754566773772        1.8136628787033260                2
  0.59457954717800021        4.0857954788953066        2.3462125379592180                0
   1.0222418163903058        2.6195972459390759       0.39957051631063223                2
   3.9102590410038829       -1.1058926233090460      -0.52989117335528135                0
   2.4301609746180475       0.12231736676767468        4.2595642805099487                0
  -2.5084474845789373        2.7471678308211267      -0.71296251146122813                0
   1.1741032707504928       -3.1186945526860654       -3.7105616694316268                0
 -0.42220988078042865       -2.0493282307870686        2.6766894524917006                3
 -0.55048573063686490       -2.5537445023655891       0.44399609090760350                2
 -0.22809804184362292       -3.3546207076869905        1.8181029474362731                0
   4.4315717695280910       -1.0054353019222617       0.95309459371492267                0
  -2.1247191051952541       0.25756776798516512       -1.2519923038780689E-002           2
  -1.8959319544956088        2.6093584555201232        1.4552648598328233                0
   2.1496570366434753      -0.41808117413893342      -0.58771544136106968                3
  -2.1536694956012070       -4.4507691892795265       0.55863556219264865                0
   3.5569838061928749      -0.38987044245004654       -1.8450483190827072                0
  -3.0540891736745834      -0.89066342683508992        3.6280346638523042                0
  0.47471535392105579       -3.7614476354792714       0.70627606241032481                3
   1.0889054159633815       -1.7125460668466985       0.44646102236583829                2
  0.98876020172610879        1.4599092025309801        3.9465533522889018                0
  -1.2992646940983832        1.2777866492979228      -0.37400647299364209                2
   4.1033111046999693E-002   1.9513831986114383      -0.23757794406265020                2
  0.90010531246662140       -3.9505621278658509       -2.0721301063895226                0
  -1.6729270806536078        1.4213873911648989       -1.9527457770891488                2
  -3.0465858429670334        2.2641758946701884        2.4638263136148453                0
  -1.7412490560673177        2.8526229341514409       -1.1821985640563071                3
   2.2928361105732620       -3.1850246293470263        2.4282631068490446                0
 -0.91286826645955443       -1.3315442972816527        4.2551737837493420                0
  -1.4867572439834476        3.1809939374215901        1.4176470250822604                0
 -0.81658332375809550       -1.6616479493677616       -1.6559311980381608                2
  -1.5441795415244997       -1.1656364286318421       0.38712589535862207                2
   2.7410150482319295        1.7731169937178493      -0.31287673395127058                0
  -1.1901602731086314       0.40183429140597582       0.66998310387134552                2
  -2.1656879526562989        1.9208073080517352        2.9215287580154836                0
 -0.19011851632967591       -2.6588023197837174        1.6777718672528863                3
   4.1411025449633598E-004   3.4769238415174186        3.4440305037423968                0
   2.9056790238246322        1.7299174307845533       0.13245999813079834                0
   1.1049424274824560       -3.4790856833569705       -1.3271852303296328                3
   1.1531457491219044       -1.9906057626940310        2.5732546090148389                3
  -3.0044668377377093       -2.7877952344715595       -2.3673780215904117                0
   1.6064139152877033       -9.6631534397602081E-002  -1.0834479006007314                2
  -2.4988530366681516       -3.0213686823844910       -1.3681528670713305                0
  0.21778160706162453       0.57925133965909481       -3.3357168850488961                3
  -2.2748349956236780        2.5731054623611271      -0.72069666814059019                3
  0.62248739181086421        3.5049151023849845        1.4364758203737438                0
  -2.1289833495393395       -2.3852091329172254       -1.5700666839256883                3
  0.80359284300357103      -0.33220525365322828       -3.6050242977216840                0
  0.85950075648725033        5.6217540986835957E-002   3.2756156101822853                3
  0.62571676913648844       0.90356592321768403        3.2493009162135422                0
  -2.4281785124912858      -0.28193475445732474       0.64211860299110413                2
  -8.7883332744240761E-002   2.0881500979885459       -2.5761250918731093                3
  -3.4147826000116765       -1.3891573017463088      -0.98692849278450012                3
   1.3801075238734484       -2.7542349253781140        3.5051866527646780                0
   3.5790738393552601        2.9894912382587790      -0.18191632814705372                0
  0.96456649480387568      -0.90955938678234816        2.5291611277498305                3
  -2.3225987702608109      -0.29914062703028321        3.4384625009261072                0
   3.5086753731593490        6.1315484344959259E-002  -1.6792503139004111                0
  0.99604297429323196      -0.82979948492720723        3.9913838100619614                0
  -3.5932829580269754       0.91201005037873983      -0.90709334006533027                3
   2.8962420369498432       -1.2126059387810528        1.0176116228103638                3
  -3.2646297686733305       -1.3530661631375551        6.4002349972724915E-003           3
 -0.56017926428467035       -3.4524578321725130       -1.0292719490826130                3
   1.2736211414448917        2.9633632628247142        3.6609350820071995                0
  -2.1240285038948059        1.1823763232678175        2.3317446419969201                3
  0.41675614658743143       -4.0263486350886524      -0.27739823330193758                3
   2.7137290802784264       -2.0299876132048666      -0.54259040160104632                3
 -0.87660762248560786       -2.2568952990695834       -1.3281973358243704                3
 -0.81471950048580766       -2.8039177483879030       -3.6970494547858834                0
  -1.2104781181551516       -3.6157513363286853        1.7635156493633986                0
   4.0905425674282014       0.56076531531289220        1.2368919607251883                0
   9.9878741893917322E-002   2.5894117890857160      -0.44893099693581462                3
  0.83824294386431575       -2.5182371889241040       -1.2192729278467596                2
   2.7705984376370907        1.3024284318089485       0.69610861130058765                3
   7.7466215007007122E-002  -4.2864529509097338       0.98954174201935530                0
   1.4737189305014908       -2.4866353697143495       -2.5607835128903389                0
  0.17258758423849940       -3.4005173575133085        1.7685413337312639                0
   2.0017407299019396        2.4686767393723130        2.3556288960389793                0
  -2.6352054346352816       0.61611038399860263       -3.7470212904736400                0
   3.2492371252737939       0.71401652181521058        1.5109975636005402                0
 -0.33969879150390625        3.4832570119760931        7.7894486021250486E-002           0
  -1.3296541455201805        1.4865774614736438       -2.6948774233460426                3
   1.7549193673767149       -1.6041764430701733        2.6885330700315535                0
  -1.9970037811435759        1.6260595945641398        3.4616334480233490                0
  0.52027589874342084       -2.4279363523237407        1.8917445233091712                2
  -3.3680541557259858       -2.0603331597521901        1.7606337042525411                0
  -1.4217468863353133        3.6147620179690421        2.7928831637836993                0
  -3.2135375309735537        1.7665192508138716        3.3833438064903021E-002           3
   2.2573958407156169       -1.3336908002384007        1.2256654980592430                2
 -0.86461387341842055        2.5659689679741859      -0.88911329396069050                2
   2.7777755842544138        1.2051377212628722       -3.6606177687644958                0
   1.4925849717110395        3.2545927003957331        2.7973175630904734                0
  -3.5896078404039145        1.3662156183272600      -0.30182812595739961                3
  -2.3934980761259794      -0.45945821329951286       0.63748095883056521                2
 -0.16035131411626935        2.2867217659950256       -1.8336134357377887                3
  0.89573486009612679      -0.43760183500126004        2.4620215920731425                2
  -1.4166134200058877       -1.4993106760084629      -0.59882930014282465                2
  -2.7305063954554498       0.38712096167728305       -2.9685652651824057                0
  -2.6374233956448734       -3.1754869082942605      -0.67344322567805648                0
  -3.7545592174865305       0.25139462202787399        1.0530385747551918                0
  -2.1562738134525716       -3.7489682040177286        1.6447268496267498                0
   2.6441992493346334       0.41319937678053975       -2.7429470070637763                0
  -2.6619472773745656        2.2303924593143165        2.5179561157710850                0
  0.96841715974733233        1.0841350117698312        4.7700966731645167                0
  -1.4411172573454678        3.8446909305639565        2.7764164772816002                0
  -1.2574954028241336       -1.4019816997461021        2.6385196810588241                3
  -1.1614774772897363       -2.9040178586728871        1.5481016272678971                3
   1.6141554829664528        4.0269048628397286        1.4122846466489136                0
  -3.3042392833158374        1.0094142844900489       -3.5050370637327433                0
   3.4988773358054459       -1.1050695623271167       -1.6758561972528696                0
 -0.16361968824639916      -0.31595268286764622        4.2935154028236866                0
  0.23699165321886539       -2.8535047057084739        3.6671236064285040                0
   4.3163919704966247       0.48145697684958577       -1.2153380084782839E-002           0
   2.4374027154408395        3.3853521198034286        1.4683448965661228                0
  -1.6175264120101929       -3.8527761469595134       -1.3831323198974133                0
   3.9116169651970267       0.17371626105159521       -1.0797160281799734                0
  -1.5348397591151297       -2.0821944461204112        3.4543052245862782                0
   2.6762808556668460       -3.3090440160594881        2.1550578810274601                0
  -2.6658595679327846       -2.4835691438056529       -1.9128336664289236                0
  -1.3421308621764183        3.7048745760694146       -2.2901052446104586                0
  -3.0806957208551466      -0.81152969738468528       -1.7468288331292570                3
  0.25796415051445365      -0.10584420524537563        2.8679480962455273                2
  -4.2708297679200768      -0.93708985019475222      -0.26054912479594350                0
   3.5136680747382343       0.23905997630208731        3.1651767017319798                0
 -0.44929067138582468       -1.5803262521512806      -0.39624765049666166                2
   2.2907762601971626       -9.9124382250010967E-002  -4.3711643083952367                0
  -2.7758574998006225      -0.60710067395120859       -1.2329433183185756                3
   2.3422131710685790       0.80470272339880466        3.1763525679707527                0
  -2.5697396299801767        2.3800768330693245      -0.65471472917124629                3
  -1.4417180372402072       0.60602784855291247        1.1555626965127885                2
   2.3970304126851261       0.91555888066068292       -4.1615836345590651                0
   1.9215456326492131       0.56888747494667768      -0.89757979847490788                3
  -3.6834559612907469       -1.0528986202552915       0.48618477303534746                0
  -1.4357535378076136       -3.7911634915508330       -1.8739684671163559                0
 -0.25389924878254533        1.7395906033925712        1.5005733212456107                2
   1.7260506772436202        1.9308237102814019       -1.9339924911037087                3
  -6.2671129126101732E-002  -1.9984637596644461       -1.4578702417202294                2
  -1.8591508222743869        5.1049916073679924E-002 -0.56737647159025073                2
  -3.4558749967254698        1.1964882584288716       -2.7381322672590613                0
 -0.78735997201874852        1.1214334471151233       -3.6860756087116897                0
 -0.30798175139352679       -3.6548510752618313      -0.82353062694892287                3
   2.6976372138597071        2.1540458546951413      -0.12508728774264455                0
  -3.5819900082424283        1.0832002246752381       0.10233818320557475                3
 -0.28604245511814952        3.0931516620330513        2.3204884259030223                0
 -0.27117479825392365       -3.5444464581087232        2.8777794749476016                0
   1.9698913441970944       -1.0923565435223281        2.6794476737268269                0
   2.1202726010233164       0.99102966254577041       -1.2738402606919408                2
   1.5797819150611758       -3.7927899556234479        1.6549578215926886                0
  -1.6399604827165604        1.4467925787903368       -3.4144630446098745                0
 -0.74052467476576567        4.1203487268649042       -2.6461184211075306                0
   2.4728735163807869       -3.3882562816143036       0.48163358354941010                0
   1.3613231503404677       -2.9284572019241750       -2.4894307483918965                0
  -1.3413915596902370       -2.4770426726900041       -4.0033346205018461                0
   2.9568101000040770       -2.5335340970195830        1.7451926344074309                0
  0.97876999061554670      -0.93298276653513312       0.72544705355539918                2
   4.2956234258599579        1.4689422445371747        1.7952361865900457                0
  0.57059517828747630        3.8558679074048996       -2.7793475589714944                0
  -3.1560738803818822       -1.3252984499558806       -1.9415085646323860                0
  -1.7770567769184709        2.9325849306769669        2.2142998385243118                0
  -3.4474604786373675        2.9643190302886069       -1.5746849868446589                0
  -2.1651440765708685        1.3501000287942588        1.2864239024929702                3
   3.4533083718270063        3.1309064407832921       0.63229155028238893                0
  -2.0507803955115378       -2.7572939731180668       -3.3190695359371603                0
 -0.85532135795801878       -3.4923090133816004        1.5654937247745693                3
  -1.2343176454305649        1.0849781171418726       0.16605035169050097                2
   1.0195175884291530       -1.5882736793719232       0.69763619918376207                2
   3.1283358065411448        3.3289713948033750      -0.62405928270891309                0
  -3.5231195297092199       0.74311672477051616        1.3871049741283059                0
   3.4927277569659054       0.83082068478688598       -1.0258167120628059                0
   1.3031140714883804        3.8396182539872825       -1.3020683149807155                0
  -3.4674482839182019        1.7907288577407598       -2.7183791901916265                0
  0.26740477187559009      -0.37064868025481701      -0.18724426859989762                2
  -3.1555578811094165      -0.80707154469564557        1.0403451439924538                3
   3.0972714303061366       0.58011808199808002       0.97660467028617859                3
  -1.9685505772940814        2.1324334735982120       -1.3570769084617496                3
   2.7078884490765631      -0.30666386475786567        3.9803806762211025                0
   1.8616916821338236        3.3333668624982238      -0.81053559435531497                0
  0.97066087648272514        3.3752156957052648       -1.6584201832301915                0
   3.2070271810516715       -2.2264562966302037      -0.56595634669065475                0
 -0.74754817411303520       -2.9037204734049737       -2.9622344789095223                0
 -0.22010494256392121       -3.6799591383896768        1.3371277693659067                3
  -1.0320832417346537        2.0406994200311601       -3.2427816139534116                0
   4.0270136529579759       -2.3250221763737500        1.0306371306069195                0
 -0.94752682605758309       0.62170568620786071       -3.1109031545929611                3
  -1.6434333869256079      -0.38483825279399753       -3.4242185740731657                0
  -1.7228073137812316       0.10443809675052762      -0.84886291995644569                2
  -1.5723294089548290        1.9668414816260338        1.3937118090689182                3
  -1.8813295313157141       -3.5309778759256005      -0.95085088862106204                0
  -2.0681784441694617       -1.2960060941986740        4.2597399582155049                0
   1.9505073572508991        3.8501068297773600       0.92786200810223818                0
  -4.6088589960709214      -0.16041298396885395       0.70891059003770351                0
  -1.2237583776004612      -0.57173884706571698        1.0737958690151572                2
  -1.3213136536069214        4.1048959991894662       -2.4626563722267747                0
   1.5958156879059970       -2.8931817482225597      -0.24602808058261871                2
  -2.6985223731026053       -2.0787645992822945        3.2319748774170876                0
   2.6529556210152805        3.8218784960918128       0.31952402787283063                0
   3.5003549349494278       0.24004066828638315       -1.1462461622431874                3
  -4.6551094693131745        4.0776925161480904E-002   1.6115429811179638                0
  0.75734050245955586       -3.8841280457563698       -2.5626816786825657E-002           3
  -3.2708273152820766       -1.8407734110951424       -1.0328597808256745                0
   2.0080712274648249       -3.2754240883514285       0.39425421738997102                3
  0.73194953147321939        2.9658893798477948        1.0705811134539545                3
  0.30218227067962289      -0.17342383740469813       -1.1534142005257308                2
 -0.97612878540530801       0.58558175107464194        3.5894573666155338                0
   3.1240443559363484       -1.8940212950110435      -0.80576629610732198                0
  -2.1528173564001918       -2.2604948561638594        1.9556552870199084                0
   1.4657217729836702        2.0471071684733033        1.3416565116494894                3
  0.33751827431842685      -0.57995842769742012       0.10612282669171691                2
  -3.9552797470241785       0.90963104506954551       -8.8329399004578590E-002           0
   2.5091872503980994       -1.7324140644632280       -2.7250603470019996                0
   2.5604914850555360        1.2885057623498142       -3.5041741118766367                0
   1.6031088307499886E-004   1.4368729339912534        4.3758850032463670                0
   2.2086862451396883        3.8057128083892167      -0.97332863835617900                0
   1.5464704995974898       -4.1228679986670613        1.7082196823321283                0
  0.59944562381133437        4.4849687837995589       0.44101452222093940                0
  -1.1097666062414646        1.7890189774334431E-002  -3.7665652530267835                0
  0.81091131782159209        3.2927873381413519       -5.3863769862800837E-002           0
  -2.1694583492353559        5.4986330214887857E-002  -1.2034735782071948                2
   2.1346925874240696        2.8517723805271089       -1.8664013547822833                0
   1.4952661283314228        2.6740070409141481       0.99857119377702475                3
  -3.9851900236681104       0.69435533834621310       -2.7737436303868890                0
   4.3077089753933251       0.67584191448986530       -1.9267330225557089                0
  -3.4832522249780595      -0.72115211049094796      -0.83895320538431406                3
   3.3783174352720380      -0.11131488718092442       0.98302080295979977                3
   5.2203726954758167E-003  -2.9945331485942006        1.5737146697938442                3
  -2.2507387585937977        2.2876834846101701        2.1504549751989543                0
   1.1270292173139751       -3.7515830248594284       -1.3938379427418113                0
   1.6147277480922639       -1.9526513875462115        4.1087216674350202                0
   2.0235165697522461      -0.68693634122610092        4.2750515625812113                0
   4.1934144939295948       -2.2870599548332393      -0.86119541432708502                0
 -0.72291156742721796        2.7220616862177849        1.4112024079076946                3
   1.7400279082357883       -2.7325295982882380        1.9444133690558374                3
  -3.5491206496953964       -2.9363756463862956       0.82775121554732323                0
  0.46778322663158178       -3.1900150142610073        7.8639525454491377E-002           2
   2.6905473577789962      -0.16547265229746699       -1.1288382881321013                3
   4.0280888648703694        2.6345335599035025      -0.38721028016880155                0
  -1.0769617557525635        2.6102422387339175       0.41646636789664626                3
 -0.97905387170612812       -2.0796762336976826      -0.67302375333383679                3
  -1.9853494968265295       -1.9869267102330923        1.5718503948301077                3
   1.2094730744138360       -2.8800840536132455       0.71815088856965303                2
   1.4156659203581512       -3.8788339821621776       0.36742967553436756                0
 -0.77715325867757201        1.9597890670411289        1.6102080931887031                3
  -2.0781463384628296        3.1279651517979801        1.7310951324179769                0
   2.6031468482688069       -2.9859790368936956        2.5546839227899909                0
  -3.9249504799954593        1.0201182123273611       0.86092879995703697                0
  0.60296571813523769        2.0959255518391728       -3.6544896056875587                0
   1.5928429714404047        1.2288672360591590        4.3461348791606724                0
  -1.0604701586998999        2.8425520984455943        1.3698149938136339                0
   4.7352296579629183       0.39855829672887921       0.76230773236602545                0
   3.9375317469239235        2.7143585658632219       0.41133064310997725                0
  0.40034159785136580        2.1556217689067125       -1.2272563157603145                2
   2.7686232118867338        1.7570376629009843        1.7782557522878051                0
   1.9873864925466478       -4.0570286428555846       0.11294122552499175                0
   1.2754073180258274      -0.25761640630662441       -1.5369219146668911                2
  -2.8551001893356442      -0.61213709414005280      -0.37626860197633505                2
  -3.6009409627877176        1.7232674080878496       0.35576874623075128                0
 -0.74078478850424290       -2.7446880494244397       -3.0733085889369249                0
   1.0697393934242427       -3.7294263951480389        1.4513181685470045                0
   2.6466668630018830        2.4009908083826303       -1.2023050407879055                0
  -1.7889860505238175       -3.9095703023485839        1.2047986523248255                0
   2.6678592804819345      -0.93331824755296111      -0.73955924250185490                2
   2.2659744461998343       -2.2600383567623794        2.3089658888056874                0
  -3.2720989314839244       -3.0871480726636946        1.1343155521899462                0
 -0.40324292844161391       -1.1587147065438330       -2.5741467392072082                2
  0.76234202366322279        1.0874299891293049       0.31434132484719157                2
  -1.7203244147822261       -2.8803578624501824        3.1514910305850208                0
 -0.15740705188363791       -3.0728491349145770       -1.8337424355559051                2
  -1.3059330452233553       -2.0095881237648427      -0.68293477175757289                2
 -0.73855996597558260       0.47535285353660583       -1.2749688047915697                2
   3.8494849740527570       0.69007013225927949       -2.1305359667167068                0
 -0.66542888060212135        1.0050304653123021       -3.3464354323223233                0
 -0.96619145944714546       -2.2968371817842126        1.6480244533158839                2
 -0.11319843586534262       -1.3956540217623115       -3.0617064959369600                3
  -1.7123816115781665        1.7256633122451603       -3.4727444639429450                0
  -3.1186351971700788       -2.1343774464912713       -3.0239939223974943E-002           3
 -0.85016670869663358       -3.3701228746213019       -1.7310847202315927                0
  0.43409700505435467       -2.3878729692660272       -3.1114145764149725                0
 -0.68224452435970306       -2.2229300998151302       -2.6099774986505508                3
   3.9084432856179774       -2.3769517266191542        1.4927234291099012                0
   3.3616374665871263        1.7959870281629264      -0.78761280979961157                0
  -3.9901401591487229       -2.6996043673716486       0.25402325438335538                0
  -1.5156851918436587       -4.0104124206118286       0.16917119035497308                0
  -3.1271617859601974        1.2490078061819077       -1.9737160555087030                0
   1.3089802698232234       -2.1215962432324886       -1.3202640903182328                2
   3.2719167717732489      -0.86364902788773179        3.6319998675026000                0
   3.6808722652494907      -0.80958747072145343      -0.77698481269180775                0
   1.8452208722010255       -2.3436101595871150       -2.4590037739835680                0
  -2.2948487824760377       -1.6134378314018250        2.1814288944005966                3
  -1.6740353498607874       -2.0877269981428981        2.7106165885925293                0
  -2.1055061137303710        1.1313848989084363      -0.87775952182710171                2
  -2.4032261501997709       -3.3372400165535510        2.3643751139752567                0
  -1.5893084532581270      -0.83284467691555619       -2.0937388041056693                2
  0.75080792652443051        2.2510985261760652        3.0992869054898620                0
   3.4105478762649000       0.18214728916063905      -0.60479841195046902                3
   2.3176181619055569       0.12777720810845494       -3.8309417339041829                0
   2.5502990186214447       -1.7001528060063720       0.72132655186578631                2
   1.6120606428012252        1.8062302563339472      -0.67578807240352035                3
   2.8265698486939073       -1.9626040384173393        1.6607798286713660                0
 -0.82496682414785028       -4.1746923234313726E-002   2.3222051467746496                2
   2.5275798002257943        2.7963389200158417       0.38991471752524376                0
  0.72102369274944067       -3.8615569612011313       -2.6132167200557888                0
  -3.0599711276590824       0.23124321131035686        2.5475866510532796                0
   3.4909183229319751       -2.1102971979416907       -1.8291900586336851                0
  0.83006344735622406       -2.4863484269008040        2.2620686772279441                2
   1.9741813163273036      -0.91829428914934397        2.7250038832426071                0
  -1.8657253705896437       -2.4971562018617988       -3.5201906389556825                0
  -1.3123142439872026      -0.31779233599081635       -1.9908713363111019                2
   1.2096229265443981        1.4704358438029885        2.1506551397033036                3
   4.0715351025573909       -1.9432659400627017       -1.2701190030202270                0
  0.72904021246358752       -1.1358518549241126        3.7359003676101565                0
  -3.7719203718006611      -0.54921376751735806       -1.8515077652409673                0
  -1.0250509297475219       -2.4573313491418958       -1.1972173489630222                3
   2.3944925726391375        3.0088698142208159       -1.4796550408937037                0
   2.2594349412247539       -3.8900043233297765       0.80349657218903303                0
   1.5944698732346296        4.5499476883560419        1.1867244169116020                0
 -0.33817917341366410       -2.3484854982234538        1.2925337138585746                2
   3.0463377456180751       0.17991899047046900        1.0834110737778246                3
  0.10333525482565165       -3.3140607061795890       -1.2361657968722284                3
  -2.0788878970779479       -3.2862657052464783       -2.0047171670012176                0
   2.2444234881550074       -3.3204470342025161       -1.4503043028526008                0
   1.5231412416324019      -0.84269055631011724        1.3975856802426279                2
 -0.66017282195389271       -1.6261473717167974        2.8195744892582297                2
   9.1979599092155695E-002  0.35016823792830110       -4.2788471048697829                0
   3.1738520204089582       -2.0986578543670475       -1.6450517135672271                0
  -3.8930090027861297       -2.9192917700856924       0.14628809178248048                0
   2.7565148402936757        2.3226098436862230       -1.5657384740188718                0
   7.5088033918291330E-002 -0.25321938097476959        1.3161373673938215                2
  -2.6865518488921225        1.7459713155403733        1.2226297543384135                3
  -4.8612382193095982       0.14050418976694345       0.11597441742196679                0
  -1.2977103749290109        2.8581470157951117        2.7017615758813918                0
  -1.6614420409314334      -0.32237429870292544       -1.3835016521625221                2
   1.0222875489853323        2.1457256190478802        3.9047580095939338                0
  0.85272171534597874        1.5047998609952629        2.6616512611508369                0
  -1.8329256703145802       -9.1031452175229788E-002   4.6050623105838895                0
   2.4509812984615564        3.2567337853834033        8.5435144137591124E-002           0
 -0.62409891746938229      -0.66908136243000627        3.7975002592429519                0
   1.2317752931267023       -1.5476563596166670        3.7145469314418733                0
  -3.1298113684169948       -2.2181898821145296E-002 -0.57895935140550137                2
   3.7311701010912657      -0.65022383350878954        2.6508962432853878                0
   4.5373174711130559       0.44455514755100012        1.4367289561778307                0
  -1.9245249428786337        4.9616841133683920E-002  -3.2036656863056123                3
   1.0666704154573381        2.3075120360590518        1.3752797362394631                3
  -2.7957711485214531      -0.86935213999822736       0.47709783306345344                3
   3.6688325088471174       -1.7206041235476732       -2.7289373986423016                0
 -0.94503250904381275       0.96319351345300674       -1.9570709299296141                2
  -2.3161720531061292      -0.34083401551470160       -9.5074293203651905E-002           2
  -1.8901176168583333        1.2462402833625674       -1.3989918306469917                2
  -3.9523284812457860      -0.13896251562982798       -1.9322759658098221                0
   4.1374293505214155       -2.4389492743648589       0.67936013452708721                0
 -0.39134498219937086       0.67450139438733459        1.2363635143265128                2
   2.0728958491235971        1.9548485428094864        3.3920728927478194                0
 -0.27100566541776061       0.55364556843414903        2.1557475603185594                2
  -1.7937221913598478       -7.2500449605286121E-002  -4.2306051054038107                0
  -2.5738089485093951       -1.4304426102899015        3.0901059811003506                0
  -2.2743209102191031       0.79589372500777245       -3.1789833121001720                0
   3.2591725746169686       0.75166579568758607       -2.0093469764105976                0
  -1.1753367888741195        3.3689931989647448        2.7414510375820100                0
  0.99344615591689944       -1.7323710746131837      -0.53164942888543010                2
  -3.2216721377335489       -1.7631999775767326        1.8104273825883865                0
   2.8598010749556124        2.4955206830054522       -2.7900625322945416                0
  0.43488080147653818        4.1386463562957942       -1.1811857763677835                0
   2.5345297902822495        1.1159406299702823       -3.4101115912199020                0
  -2.6678783935494721       -2.7803471288643777       0.53497563116252422                0
   1.9683655584231019        1.1499397037550807        3.6976162111386657                0
   3.2394542940892279      -0.41683553950861096       -7.1000936441123486E-002           3
   2.6475149975158274       -2.4088605097495019       -1.6165311099030077                0
  0.64069369342178106        1.1716788588091731        2.0803199335932732                3
  -1.1664857622236013       0.32923872349783778        3.0892397044226527                3
  -1.0902206669561565       -3.8442446687258780        2.7187966858036816                0
  -1.7299347883090377        4.1422558273188770       -1.2095162086188793                0
  -2.6984723331406713       -2.2179673775099218      -0.55197275709360838                3
   1.8901525740511715      -0.96449147677049041        3.5913968551903963                0
   2.1416628593578935        3.9191429037600756       0.12833179673179984                0
  -2.1045643300749362        1.6892917687073350      -0.22502810927107930                2
   1.0497784218750894       -3.4983379207551479        1.1598827876150608                3
 -0.63650823663920164      -0.90174090350046754       -1.5944058005698025                2
  -1.0102309123612940        2.7419994957745075       0.75281202094629407                3
  0.58010423788800836       -1.6906678583472967      -0.94310899265110493                2
  0.92079466674476862        1.3371470826677978       -4.3670743633992970                0
  -1.2603785260580480        4.5677152229472995        1.5504308580420911                0
   1.9710951019078493E-002  -1.3657099963165820       -3.0928078270517290                3
 -0.38150656502693892       -4.5467495149932802      -0.99946720991283655                0
 -0.14612507307901978       -2.6511375629343092        3.8037890451960266                0
  -3.6383796366862953       -1.1192064615897834       0.22998356027528644                3
 -0.64484218833968043       -2.6095829461701214        3.5064712818711996                0
   4.5455884491093457       0.49873056588694453       -1.1016208003275096                0
   2.6633034762926400        2.7941183536313474      -0.58324935147538781                0
  -1.9457979104481637        2.0995870116166770        1.2367413518950343                3
  0.21572931669652462       -2.7764328219927847       -2.8235417464748025                0
   2.0791197149083018       0.77533958945423365        4.2069120705127716                0
  -4.2102394113317132       0.46225748024880886        1.3173662964254618                0
  -1.1073736497201025       0.11371141066774726        2.5602900958620012                3
   1.9285081280395389      -0.83857565652579069       -3.8017786853015423                0
  0.19835868151858449       -4.5597469387575984        1.5843437751755118                0
  -1.6539839794859290        2.3415065044537187       -1.4752947073429823                3
   2.9272664082236588       -1.0760724125429988        3.7296252069063485                0
  -1.4499223907478154       -3.4530742606148124       -2.1781312441453338                0
   1.4815594139508903      -0.39028861094266176       -2.8528733178973198                3
 -0.42565748794004321       -2.1521245385520160       -3.1899670325219631                0
 -0.96640026196837425       -1.9596898928284645E-002  -1.2783342553302646                2
 -0.47504134709015489       0.30620864126831293        1.6019264771603048                2
  -1.7537832772359252        1.3467647694051266       -1.9616891280747950                2
  -1.0817979788407683        2.2123732487671077       -3.3180884015746415                0
   1.2330992892384529        1.5935603459365666       -4.2708949558436871                0
   1.3981819595210254        1.5638094185851514      -0.13729008147493005                2
  0.87119047529995441       -2.5660088029690087       -3.8368206610903144                0
   1.9067284278571606      -0.15851637814193964        3.3821199485100806                0
  -1.5327435103245080        1.3035044400021434       -1.0210483125410974                2
  -1.3101306883618236       -1.2629264243878424       -4.2409524065442383                0
 -0.96715263789519668        4.6187214087694883      -0.99573123967275023                0
   2.4334424058906734        1.8653009971603751       -2.3575128056108952                0
  0.11833528988063335      -0.24377450812608004        4.6595712937414646                0
  -2.8705097665078938        2.3317972756922245      -0.78774203546345234                3
   4.5510690077207983       -1.4116537873633206        1.0330634796991944                0
   1.5455742110498250        1.1411778372712433       -2.9307343019172549                0
  -2.2932703909464180      -0.38085274863988161        3.3776017907075584                0
  -9.3629693146795034E-002  -4.0291202254593372       0.85360602475702763                0
   4.0381713584065437      -0.14916507760062814      -0.11714715044945478                0
  -1.9030460575595498       0.36007673712447286       0.51320368889719248                2
   1.0761470557190478        2.3428936931304634       -1.0029994370415807                3
  -3.8318320573307574       0.90904416050761938       -1.2387248338200152                0
  -2.7280711103230715        3.3911190414801240       -1.8740540300495923                0
   3.1965528405271471        2.7073414763435721       -1.9786743493750691                0
 -0.94751316588371992       0.61411861795932055      -0.50162199884653091                2
  -2.2299908031709492       -1.3133448478765786       -1.2012161803431809                3
  -2.1762216789647937       -1.6571619571186602        2.9516291851177812                0
   1.9058143068104982        1.3653542450629175        1.6506092296913266                2
   2.5726212142035365       -1.9176074024289846        2.1789079695008695                0
 -0.34638025332242250      -0.38894893368706107        2.0237053511664271                2
  -1.5467379777692258       -3.0420045624487102        2.1344629349187016                0
   1.6793333110399544        2.0773857086896896       0.70438289549201727                3
   2.9285574960522354        2.5610744860023260       -1.4361421926878393                0
  -2.1793935447931290E-002  0.97638628678396344        4.1092000040225685                0
  -2.4264552118256688        2.3453026521019638        3.6326537793502212                0
  -2.0498358504846692       0.60226690024137497       0.67367416340857744                2
 -0.52634522551670671       -2.8795599727891386        1.4809567132033408                3
  -1.0751783195883036        2.0620932057499886       -1.2509014969691634                2
   1.8539262795820832       -1.9106964324600995        1.4477159827947617                2
  -2.5529818725772202      -0.76076626544818282        3.6233109654858708                0
   3.0453574564307928       -1.9632184528745711       0.54167776368558407                3
   1.5104641206562519      -0.14877011068165302       -3.2720121764577925                0
  0.27080318890511990       -7.5517036020755768E-002  -3.3341078180819750                3
  -4.6135782799683511        1.7081053345464170       0.82119562895968556                0
   2.8406619559973478       -1.1174605460837483       -2.7945072297006845                0
  -1.9073402392677963        1.9839500682428479        3.2106109405867755                0
   2.1970733162015676       -2.5776556134223938        2.8882598248310387                0
   2.4557090131565928       -3.0333216534927487        2.9461374529637396                0
  -1.2153272726573050        4.5140877063386142        1.2909287796355784                0
  -2.1207887586206198       -2.4206391838379204      -0.74693302623927593                3
 -0.56888391729444265        2.4883822142146528        3.7767920061014593                0
   1.3084711902774870        4.4668673397973180       -1.3669731188565493                0
   1.9770037988200784       -2.0086274528875947        3.6030692956410348                0
  -2.4343416118063033       0.43218113016337156       0.60514079639688134                2
   3.4464828437194228        2.0889610820449889        1.3349709007889032                0
  -1.0351010225713253        1.3634290383197367        1.6189823672175407                2
 -0.56551882298663259       -1.4374268194660544       -3.3372640726156533                3
  -4.2022146913222969       0.57520629372447729        2.2146684466861188                0
   1.7647109227254987        1.4710459089837968        3.3207688131369650                0
  0.21686041494831443       -1.6230840794742107       -1.5245320461690426                2
   2.5684794900007546       -3.6571041494607925       0.83497139858081937                0
  0.11998510919511318       -4.0232761064544320        2.1930988458916545                0
  -1.7286943970248103       -1.8969598086550832      -0.67112903576344252                3
  -1.6239218879491091       -4.1753443144261837        1.6132911713793874                0
  0.18622482661157846        1.1112286546267569       -2.0842607459053397                2
   1.6641892306506634       -3.1187493959441781       -3.1565782637335360                0
   1.2826823838986456      -0.35280583892017603        1.9814387871883810                2
   1.2685731984674931      -0.34774324158206582       0.83021063823252916                2
 -0.10259272763505578      -0.76900987187400460       -2.3858599178493023                2
  -4.3239127844572067E-002  -3.5319633316248655      -0.45707962708547711                3
   3.1354746432043612        2.2857274673879147       0.84392088698223233                0
   1.3700053095817566E-002 -0.95874065766111016       -4.5126396231353283                0
  -1.6923971497453749       0.50879883347079158       -1.8826380791142583                2
   3.3196378010325134       0.67200385965406895       -1.3636191282421350                3
   2.9761406709440053       0.57659477693960071       -3.8730734190903604                0
  -2.8912381804548204       0.84294258849695325        3.0512017873115838                0
   3.4741797624155879       -2.3146275081671774      -0.57308194227516651                0
   1.4596378547139466      -0.13921535806730390        2.6708079245872796                2
   2.0743283163756132        1.6860264819115400        2.9967083525843918                0
   2.6604251819662750        1.9036439317278564        2.6855284650810063                0
 -0.23364022839814425       -1.4502271474339068       -3.5977898212149739                0
  -1.2819553958252072        1.4337420091032982       -1.4378467341884971                2
   2.2447928716428578      -0.73669811245054007       0.55666553555056453                2
   1.2123706587590277      -0.94308807980269194       0.39709358476102352                2
   1.7864698707126081        2.0531156123615801      -0.53725857287645340                2
   3.6478554597124457        2.9175815847702324        1.6973639186471701                0
  0.39168541785329580        3.1036564498208463      -0.41247105458751321                3
  -3.2264478621073067        1.4812947693280876       -1.2160716112703085                3
  -2.7602996747009456       0.65188401611521840       -3.9198552514426410                0
  -1.2420699396170676        4.4156383723020554      -0.46947605442255735                0
  -2.2740717884153128       -1.4339327672496438      -0.21583186695352197                2
  -1.3734635454602540       0.82030039513483644       -2.9536200221627951                3
 -0.31313447048887610       -8.1456233747303486E-002   4.4326628837734461                0
   4.1602539247833192        1.4525224757380784       0.45546202687546611                0
   3.5978212719783187        1.1845141276717186       -2.0751510490663350                0
  -4.1106195142492652        1.6888900240883231        1.1121832136996090                0
  -8.3080041222274303E-002 -0.53255120292305946       -1.5371039393357933                2
 -0.69942349102348089       -2.2496641916222870       -1.5109094697982073                2
   4.6429337165318429        1.6766110737808049        8.7300268933176994E-003           0
   3.7509308732114732       -1.9957047328352928        1.4204671466723084                0
  -3.2076657842844725       -3.3274754765443504        1.7364371055737138                0
  -3.2226637355051935      -0.27652777032926679        2.2170280921272933                0
   1.1844530724920332        2.2391505888663232       -3.1175501481629908                0
   1.8178591644391418        1.4921116828918457        3.9234075136482716                0
 -0.30808008741587400        2.4107303610071540        4.1106513096019626                0
  0.17533330712467432       -2.5214779586531222       -2.9145794268697500                0
   2.6832727156579494       0.54984131362289190       -1.8097904929891229                3
  0.70833240170031786        4.7887042257934809       0.86240672739222646                0
 -0.99528313847258687        4.5591878029517829        1.2373588536866009                0
   2.6331343641504645       -3.6201486620120704      -0.88210390880703926                0
   1.4111432805657387       -4.0605527348816395       -1.2574538867920637                0
 -0.35365772433578968       0.10537666734308004        3.8435687613673508                0
  -1.1917877080850303       -1.8882941291667521       -3.3963882271200418                0
   2.7564607164822519       -2.8753149462863803        1.1238243919797242                0
   3.5333468276076019        1.9883676664903760       -2.4851226154714823                0
  -3.0635129893198609        3.5829282226040959       -1.5189758804626763                0
  -3.6155341658741236       0.62582903308793902       -1.0759041225537658                3
   2.7866460871882737       0.47480009030550718        1.8869490502402186                3
  -1.9487219396978617E-002  -1.1706209345720708       -3.4473956329748034                3
   3.3120796899311244        2.0937441382557154        2.3075517802499235                0
 -0.45754942810162902        3.7429164699278772        2.3470377805642784                0
 -0.41535405907779932       -3.9700844185426831       0.42448876425623894                3
  0.90742933796718717        2.7002557553350925       -1.4984444272704422                3
   1.4397055236622691        3.2637794734910131        2.2029787395149469                0
  0.18797546625137329       -1.6872531943954527        3.7550231930799782                0
   1.1490749940276146        1.3654750725254416       -2.4477977165952325                3
  -3.4683453827165067        1.5765186399221420        1.3735079532489181                0
  -3.9583134930580854        1.1613013339228928        2.3911944986321032                0
   1.1726499162614346       -2.1014910517260432       -3.3600387675687671                0
   3.6232428764924407      -0.82734912401065230       -1.8413306609727442                0
  -3.3780709863640368       -1.9291452458128333       -1.9667787337675691                0
  -4.2873530671931803       0.10830026585608721       -7.4050715193152428E-002           0
  -3.1859516166150570E-002 -0.85291174240410328        3.5759844537824392                3
   3.7987324851565063       -4.8578146379441023E-002  0.95595943741500378                0
   2.4467103392817080        1.4045017166063190        2.7051414363086224                0
  0.11126665398478508        4.6192685002461076        1.5237462031655014                0
   1.1725011118687689      -0.60210056602954865       0.53741654381155968                2
  -3.4441140061244369       -1.2696560821495950      -0.67551730200648308                3
  -2.5643210089765489       -2.7889696252532303      -0.20037068752571940                0
  0.31781596830114722       -1.3942672498524189       -3.0567508656531572E-002           2
 -0.46895026462152600      -0.88787823915481567        2.6330274250358343                3
  -1.6003420436754823      -0.27359322877600789      -0.27686516288667917                2
  -2.1718006883747876        1.5837659174576402        3.8191918283700943E-002           2
  -1.5007741958834231       -1.6286615515127778        1.8215096695348620                2
   1.1373227974399924       0.16686600865796208       0.64344514859840274                2
 -0.80502226250246167       -1.4779207250103354        2.6838360843248665                3
   2.2904614126309752       0.25423708837479353       -3.8220838457345963                0
   2.9089328856207430        3.2420003716833889        1.9335192278958857                0
   1.4955627359449863       -1.9000187376514077        3.1951795471832156                0
  -1.0654093162156641        5.1041767001152039E-002   2.8322007553651929                2
 -0.57933168718591332        4.5814335835166276       0.33312828978523612                0
 -0.28988640988245606       0.93128981068730354       -2.6285377889871597                3
  -5.5075420532375574E-002  -3.3259759028442204        3.6209793179295957                0
   2.5879483902826905        3.8987817545421422       -1.4134861784987152                0
  0.34973870031535625        3.6893382109701633       0.13159040128812194                0
   1.5671900566667318       -3.8396872743032873       0.49860894447192550                0
   2.5531153334304690       -1.9395798398181796       0.26651512598618865                3
  -1.4819380664266646       0.20609783241525292       -3.2935496279969811                3
   1.4974525268189609       -2.8241847432218492        2.9269459680654109                0
   2.2974652587436140       -1.8936873180791736        2.0503079285845160                3
   2.3152133217081428        3.7985457852482796        1.7053374135866761                0
  0.27829057304188609        2.0761110959574580        2.3422092874534428                3
  -2.6256875460967422       -2.1098597114905715       0.79288981622084975                3
  -2.8255062247626483        1.1116143572144210       -2.0210566348396242                3
 -0.87769618956372142       -1.5364509704522789        1.3538931263610721                2
   1.6120704566128552       0.88443299522623420       -2.3565061693079770                3
   3.8237689831294119      -0.96528975991532207      -0.71940187597647309                0
 -0.54183661704882979       -2.5914672599174082        1.3498084479942918                3
   3.1460747448727489        2.5350228208117187        1.6503964504227042                0
   4.0535980369895697E-002 -0.13571517076343298       0.46428294852375984                2
   1.9906414160504937       -1.3648026459850371        3.1162985600531101                0
  0.15695461304858327      -0.43965355260297656       0.53338465513661504                2
   3.8744094595313072        2.9506185045465827       0.63037240412086248                0
   2.9280223371461034        2.7043789532035589       -2.5920703331939876                0
 -0.42591974139213562       0.21692578680813313        3.3137672976590693                3
  -2.4755003280006349       -3.7660773121751845      -0.18639339366927743                0
  -3.0400255997665226        1.2698193057440221        1.8752718693576753                0
   1.8426371435634792        3.8268588180653751       0.14877839945256710                0
  -3.3899599849246442        2.0889192563481629       0.40438336553052068                3
  -2.5761983357369900        1.9980933424085379        1.9517448288388550                0
  -2.6155701326206326        6.4005858730524778E-002  -3.0793968820944428                0
  -1.6298630484379828       -2.0190211548469961       0.56028118822723627                3
 -0.48434419790282845        2.6184834446758032       -3.9484665845520794                0
 -0.11072770925238729      -0.36433853209018707      -0.25081836851313710                2
  -1.7781908065080643        4.2927265563048422        1.0473275440745056                0
  -1.0148123162798584       0.32629189314320683        3.2181083364412189                3
  -2.3132010339759290       0.97121150931343436        3.0824509076774120                0
 -0.36876581842079759        3.4333017910830677       -1.7715581739321351                0
   2.7861887053586543        1.2984995567239821        3.8004103885032237                0
   1.1804230278357863       -3.9501569932326674       -6.4079894218593836E-002           0
   3.0039252084679902        2.2402628650888801        1.7394088022410870                0
   2.3862924799323082        3.2735822722315788        2.2295279731042683                0
   1.3886996731162071       0.97854138351976871       -1.5828461246564984                2
   1.8278836947865784       0.84142991108819842       -4.2517484608106315                0
   2.7476147934794426       0.20924522075802088        1.2704327679239213                3
  -3.4547217213548720       -3.0812428309582174        1.8777219625189900                0
   2.0296272845007479       -1.4542132848873734        1.0773074999451637                3
   2.2689717193134129        1.2755902251228690        2.4049053248018026                0
   3.9580165897496045       0.12079535983502865       0.13979142531752586                0
  -3.0377183179371059       0.96557958051562309        1.5425146650522947                3
   2.5211598514579237      -0.30803348636254668       -1.0929292254149914                2
  -5.0113082397729158E-002   1.6407755180262029      -0.97306833835318685                2
  0.64272665884345770       -3.3275939850136638       -1.2657666299492121                2
   1.7386957816779613        1.0345453396439552       -3.3381218323484063                0
   2.5276705366559327       0.49752868246287107       -2.7704021753743291                0
  -2.2303646686486900       -2.8863611584529281       0.60657546622678638                3
   2.8577045421116054        1.9932004297152162        2.3476691148243845                0
  0.59572860598564148       -2.3398681520484388        1.3312462437897921                2
 -0.56725081754848361       -3.9480124064721167       -2.2988199838437140                0
   3.4445681259967387       0.10604718234390020       -2.4009110382758081                0
   2.1302003553137183       -2.5724175851792097       -1.4447392756119370                3
  0.80394697375595570       -3.3049135189503431      -0.26715538464486599                2
 -0.82185424631461501       -1.9832650083117187       -1.5566149679943919                2
  -2.8494770056568086       -1.6476271417923272      -0.95461828866973519                3
  0.86468811146914959       -4.0789153915829957      -0.57629699818789959                0
   1.5606343839317560        3.9040036010555923        1.4688219944946468                0
  -4.0940756048075855        1.7059539747424424        4.7263454180210829E-002           0
  -1.0600936249829829        3.8431636407040060      -0.13518913881853223                0
  -3.9844395988620818        2.2046631551347673        2.0042546698823571                0
  0.36916695069521666        3.5613035084679723       0.28643510770052671                0
  -1.2627808912657201       -1.4585829456336796        5.4848331492394209E-002           2
  -1.4067194564267993        2.0283176656812429        3.2541858009062707                0
   3.0576573451980948      -0.43955678120255470       -3.0456841667182744                0
   1.9069637334905565       -2.1547574060969055       -2.5698431418277323                0
  -1.2308601359836757        1.7811587662436068       -3.2683762488886714                0
  -3.0895682191476226      -0.92461390420794487        3.1496029230765998                0
   3.2816288294270635       -1.3156107673421502       -2.3801219486631453                0
   1.5171052492223680       -1.3223255705088377       -2.0103911147452891                2
   2.2721195966005325       -1.7052410962060094        1.7587506677955389                3
   2.0856949198059738        4.2794550233520567      -0.96254946431145072                0
   2.4106262903660536       -4.0236948779784143       -1.3848366006277502                0
  -2.6085132081061602        1.3194166077300906       -1.3134260103106499                2
   2.5714124203659594        3.0835323478095233       -2.4824430281296372                0
 -0.77687561279162765       -2.7488697948865592       -4.0751155978068709                0
   2.2905605984851718        2.5064968131482601        2.5672878860495985                0
   4.5414366316981614      -0.62624588143080473      -0.76251107035204768                0
 -0.32478355569764972       -2.3368493723683059        4.3150953575968742                0
  -2.5744557403959334      -0.48671401105821133        2.1460999595001340                3
   1.2909615808166564        1.2457770388573408        1.3448173739016056                2
   2.0929405605420470      -0.58497700374573469        2.4238504399545491                3
  -3.1605252297595143      -0.13453052146360278       -3.6966335400938988                0
 -0.28301759157329798        1.9289293815381825       -1.4015077310614288                2
 -0.84319941001012921       -2.1281100367195904       -1.5991559252142906                3
  -2.7382455812767148        2.1186611684970558        2.1024314733222127                0
   1.5371998026967049      -0.26816843077540398       -2.8460233309306204                3
  -1.8876081542111933        1.4103367249481380       -3.9727659896016121                0
   2.8588715754449368        1.6407132800668478       -2.6791816530749202                0
   2.6154830912128091       -2.2788740391843021        1.7918371758423746                0
  -1.9564905087463558        3.3420061506330967       -1.9840769679285586                0
  0.19856690196320415       -4.4610048644244671E-002 -0.78244589967653155                2
   1.6050170408561826        1.6661435505375266      -0.34891391871497035                2
  -3.0738845211453736       0.20849513588473201       -2.4071776866912842                0
  -3.8821766641922295        1.0994425159879029       0.44594693463295698                0
   3.1561479205265641       0.25948346359655261       -6.6496708896011114E-002           3
   3.9652195549570024       -1.9438924686983228      -0.22365220356732607                0
  -6.0686613433063030E-002   1.6885209409520030       -2.0638800715096295                3
 -0.82261277362704277        1.1463841842487454       -3.4271902916952968                0
  -3.8377324258908629       -1.4753918652422726        2.7428720449097455                0
  -1.2072521005757153        1.4669701713137329       -2.5678213289938867                3
  -3.4753015474416316       -2.4837771733291447       -2.3237594892270863                0
  -3.4309109020978212       0.30909826746210456       -2.5811847602017224                0
   4.7360250912606716       0.92874041525647044       0.72712103370577097                0
   2.5162663729861379       0.20171444630250335       -2.4865146446973085                0
  -3.6157730128616095        1.9322686176747084       -1.3246120978146791                0
  0.89041225844994187      -0.40615500649437308       0.90320913819596171                2
  -1.1359912087209523        4.3599845585413277       -1.9288928527384996                0
  -2.6817761035636067        2.9083825508132577       0.51832398865371943                0
  -2.5597150763496757        1.3831529370509088        4.6512319240719080E-002           2
 -0.47439274843782187        2.6786759984679520        4.0620412724092603                0
   2.1431745728477836       0.25796054629608989       -2.1791368885897100                3
   8.5865014698356390E-002   1.1050206772051752       -2.5959062483161688                2
 -0.35191797418519855       -2.5930281658656895       -4.0901527204550803                0
  -1.2056026817299426        3.0809685960412025        2.6209013815969229                0
   1.7346593039110303        2.2726513165980577       -2.0585812861099839                0
   2.1082265418954194        2.8645735722966492        2.4180246656760573                0
   3.6848255363292992       0.40941100101917982       0.57453256566077471                0
  -2.5182444765232503      -0.65063888207077980       0.66373863723129034                2
  -3.1340682576410472        3.8037523138336837       0.72227266384288669                0
  -1.0936996224336326        2.2832815442234278      -0.43014927068725228                2
  0.70557452272623777        1.7689375788904727       -1.5740824048407376                2
  -2.1198641485534608        1.8966676853597164        3.7327886908315122                0
  0.74522350681945682        2.2474466497078538       -2.6102799037471414                0
  -1.2261273548938334       -2.9647101811133325       -3.7681063800118864                0
  -2.4117194605059922      -0.50546485697850585       0.90421552071347833                3
  -1.1520069092512131       -6.9274690467864275E-002 -0.56808106135576963                2
  -3.4344801004044712      -0.57411183370277286       -3.2065975992009044                0
  -2.8859772719442844E-002   3.2222275855019689       -2.9969755513593554                0
   2.1845344733446836       -5.5209407582879066E-002  -4.2327312077395618                0
  -3.2900773268193007       -1.2606618250720203       0.90410973411053419                3
   2.3112941859290004        1.8989514606073499        2.2147713182494044                0
  -4.9658367177471519      -0.21373616298660636       0.32270638039335608                0
 -0.15366086037829518        4.1113681043498218       0.34694498870521784                0
  0.16232242342084646       -2.1997785777784884       -4.1876250621862710                0
   3.3315715403296053       0.94873755238950253      -0.60595481423661113                3
   1.2518367287702858        3.2474501105025411        1.4940013899467885                0
  -3.3750027068890631       0.82175952848047018       -2.7523728855885565                0
  -1.7817945964634418       0.33162133768200874        1.8577230814844370                3
  -1.4715604344382882        2.9706511134281754       -1.7199840093962848                3
   2.7652662433683872        6.0439207591116428E-002 -0.91384527506306767                2
  0.33695077057927847       0.84216941846534610        3.1546988571062684                3
  -2.6715894485823810        3.0064724641852081        2.1547646494582295                0
  0.65570065053179860       0.47615718096494675        3.2044997881166637                3
  0.92306199716404080       -1.7394761112518609      -0.16617908375337720                2
  0.88798193028196692        4.6529227099381387      -0.67692857002839446                0
  0.71958522079512477        3.3624930446967483      -0.22229751106351614                0
   2.9634819272905588      -0.78585792332887650       -1.6833648970350623                3
  -3.6391762876883149       -2.4762164009734988      -0.88388280943036079                0
   2.6897920668125153       0.16215011011809111        3.0873155873268843                0
  0.87464131880551577        3.3542043413035572      -0.97031447570770979                0
  0.39620467228814960        1.0823112260550261       0.73705706046894193                2
  0.12682327767834067       -2.5547859957441688       -1.3266221107915044                2
  -4.5047858683392406      -0.66695495042949915       -1.2465684488415718                0
   3.3953545172698796       -2.1676407777704298       -2.4925935105420649                0
  -2.8792781499214470      -0.91714485548436642       -1.4733544038608670                3
  -2.6065431325696409       -3.1999334436841309        2.3540473543107510                0
   3.2933913194574416       -1.6190951783210039        2.9267351538874209                0
   7.0899678394198418E-003 -0.22020759526640177        2.3251578165218234                2
 -0.23646433837711811      -0.70235407678410411       -2.5553938467055559E-002           2
   2.5451168022118509       -3.2298846030607820        2.6509400852955878                0
 -0.72769184829667211       0.98676858237013221       -1.7688121553510427                2
 -0.18992315279319882       -3.1361074955202639       -3.4767382894642651                0
  -6.5181392710655928E-002  -3.5414571454748511        1.1821592762134969                3
  -1.1136334086768329      -0.88251795386895537        3.5066123958677053                0
   2.7463068347424269      -0.90243166778236628       -4.4218869879841805E-002           2
  -1.9944855733774602        4.1832140111364424      -0.27013618033379316                0
 -0.58913168497383595        3.4782086894847453       -2.7397335111163557                0
 -0.23886232404038310       -1.4526636549271643       0.41948647471144795                2
  -2.3498846567235887       -1.3134429557248950        4.0622335835359991                0
  -3.1821275874972343       -2.3056705947965384       0.84290599916130304                0
   2.5700837071053684        2.0410334644839168        2.3152750916779041                0
   3.0644807405769825       -2.9425713676027954        1.6205663746222854                0
   1.5925082843750715        2.1267704269848764        4.1129632061347365                0
  -2.3365542502142489       -2.7989987446926534       -1.9984158338047564                0
  0.18308337545022368        4.4724825536832213       0.51989954896271229                0
   1.2105540372431278E-002  -4.0282018762081861       0.81153483828529716                0
   3.1558622745797038       0.76708061154931784        2.1892915992066264                0
  0.15876956749707460       -2.7469544904306531        4.0728115639649332                0
  -3.7047946383245289       -1.0282339924015105        2.3369174473918974                0
   4.0497309016063809        2.1121907467022538       -1.4047120651230216                0
  -1.1111306631937623        2.2360719274729490      -0.22610207088291645                2
  0.81260582432150841        2.5458695087581873        2.3850223678164184                0
  -2.2390917874872684       -3.3629657467827201      -0.74480261886492372                0
  -2.2899518930353224        1.2329571717418730       0.80584906274452806                2
   5.2659383509308100E-002 -0.58941693743690848        1.7894214252009988                2
 -0.20339953480288386        2.9076819540932775       0.38127750623971224                3
 -0.80864460440352559      -0.86668014526367188       -2.4062139168381691                2
   2.2816167538985610       -1.9165765307843685       -1.0269888071343303                2
   4.6279811183921993       -1.8218922498635948      -0.24357704911381006                0
   3.0920902010984719      -0.57462420081719756       -2.7157976175658405                0
   2.0003303769044578       -4.3284271284937859       0.17424355493858457                0
  -2.2474665543995798      -0.12478785822167993        1.1490118270739913                2
  -2.3444431903772056       -1.1418981314636767       -9.5229279249906540E-002           2
  -3.5564978234469891       0.86081263376399875      -0.30100698349997401                3
   3.4949946869164705       -2.0843520574271679        2.2215105500072241                0
   3.2966099819168448        6.4964510966092348E-002  0.31237084651365876                3
   3.9566953480243683        2.0240503642708063        1.5940369851887226                0
  -1.4151766803115606       -3.5665624006651342       -3.1350182509049773                0
   2.9079877375625074       -1.0865113069303334      -0.23151378845795989                3
   3.0355975730344653        1.2116052140481770        1.7801069188863039E-002           3
  -2.5338288722559810        1.5556509885936975      -0.41455555707216263                2
   1.2039023730903864       0.10529452469199896       -3.2236854475922883                0
   1.6081274184398353        1.0856869234703481       -3.6517439200542867                0
  -3.5564548894762993        3.0740970512852073        1.5825489186681807                0
  0.56970347650349140       0.11624684557318687       -2.2426714096218348                2
  0.87888933951035142       0.65333690959960222        1.1714824219234288                2
  0.19142736680805683        2.9026140924543142       -2.4365288089029491                0
  -2.7038204274140298        2.6169403851963580        2.9168117349036038                0
  -2.5352585455402732        1.8206553929485381        1.4120096573606133                3
  -2.6646202453412116       -1.6476379474624991       -2.0453574089333415                3
   2.5131033547222614      -0.13091036817058921      -0.92797958292067051                2
   6.9151958450675011E-003  -3.0537067260593176       -3.9386015594936907                0
  -3.1628280389122665        2.0889498083852232        1.1431387928314507                0
   3.2964488095603883        1.2998846359550953        1.1154425120912492                0
   3.7134602107107639       -2.3181293159723282       0.87219647597521544                0
   2.7338945004157722        2.0979947666637599       -2.3250651871785522                0
  0.18614395521581173       -1.7159073357470334      -0.62269290210679173                2
  -2.2380387759767473       -1.6933854902163148       -4.0697193029336631                0
   4.2312699160538614       0.50798370502889156      -0.32370706787332892                0
   1.2718045455403626       0.12784816790372133       -1.8831927701830864                2
  -1.7142613884061575        3.3287560800090432       -1.1986195738427341                0
  0.39221374783664942       -2.5869298842735589       -3.3017693390138447                0
   2.1620348631404340       0.53882259409874678        1.1185177252627909                2
   1.2730299751274288      -0.28896850533783436       0.30388673534616828                2
  -2.8842086088843644       -1.4873864315450191       -1.5541685465723276                3
 -0.82474027527496219       -3.5300085810013115        1.5924493595957756                3
  -3.1549863470718265       -2.6508610276505351      -0.17265727045014501                0
   2.7530996478162706      -0.70780184352770448       -3.7400261918082833                0
   3.1682095350697637       0.18251157365739346       -3.1637760577723384                0
   1.7130622314289212       -4.1781408083625138        2.0802096184343100                0
  -3.5962102841585875       -2.2422810178250074        1.5077241370454431                0
 -0.65078099025413394       -2.7657553553581238        2.8670143126510084                0
   1.1023173527792096       -1.3422279455699027        4.1095972154289484                0
 -0.40915785823017359       0.31055532861500978      -0.40258194319903851                2
  0.28060194803401828      -0.65793072106316686       -3.7436342891305685                0
 -0.98116722423583269       -3.0121889431029558       -2.1365976985543966                0
  -3.0999880773015320       -2.4846946843899786       -2.3987589660100639                0
   1.9877598271705210       0.88480726350098848       -3.7303105043247342                0
   3.0573509004898369        2.0098374714143574        2.2561573307029903                0
  -1.7981059732846916       -4.0317530231550336       0.64036204945296049                0
   1.0539994109421968E-002   3.3973230421543121       -1.0607214481569827                0
  -1.7311916337348521       -1.9142150972038507        3.6221340904012322                0
  -1.7594312573783100      -0.33920950721949339       -3.2985288649797440                3
   2.3876778408885002        1.4972550189122558       -3.9333338802680373                0
 -0.62384583754464984       -1.1914370674639940       -3.7404158548451960                0
  -2.4901553662493825        2.0447367848828435        2.0639948290772736                0
  0.18708430696278811       -1.8560823076404631        4.6719464007765055E-002           2
   4.5404335367493331       0.69075244711712003      -0.71116526611149311                0
  0.15605696709826589       -4.5279199001379311       -1.0785955493338406                0
  -1.5459317225031555       -3.2383118639700115        2.7555392263457179                0
   3.3405318995937705      -0.64936050446704030        1.3848435552790761                0
  -1.3218587078154087       0.64206401817500591       -4.0403892006725073                0
  0.29796298826113343        2.3534083715640008       -3.9753473177552223                0
  -1.6058521135710180      -0.30114178545773029        4.3254520976915956                0
  -4.1478836908936501        2.0710892789065838       -1.5473795123398304                0
  -1.0782065219245851       0.31930796103551984      -0.86241551674902439                2
 -0.67556471796706319       -2.9889937629923224       -2.1709644654765725                3
  -3.5055808234028518        1.5416506770998240      -0.61188916442915797                0
   1.7415364901535213       -4.0763432625681162        2.0492271916009486                0
  -2.0205448963679373       -3.6772724986076355      -0.86466918932273984                0
  -1.6774839442223310       0.68530868506059051       -4.1131122410297394                0
 -0.65492277964949608        3.7334260996431112E-002  0.33946095965802670                2
  0.98255393560975790        4.5872652530670166        1.2559137586504221                0
  0.97383943619206548        1.3361497293226421       -2.0416423678398132                2
  -1.4623945322819054       -1.6624201601371169        2.9207773017697036                0
 -0.73545962339267135        1.4647486573085189      -0.34239604370668530                2
  0.56528249289840460       -2.4422986572608352        8.1518946681171656E-002           2
   3.1644515646621585       0.62237676233053207      -0.60416068881750107                3
 -0.83562296349555254      -0.56147012859582901       -4.5561305689625442                0
   2.6607206417247653       -3.6017542239278555       -2.0946848811581731                0
  0.20744062028825283      -0.55525108007714152       -4.2363289813511074                0
 -0.70842744782567024       -1.1314780823886395       -3.5598799097351730                0
  -7.4971700087189674E-003  -1.1282786936499178        3.7303053610958159                0
 -0.76507521793246269       0.31477138167247176        4.6652535861358047                0
  -4.0939583932049572      -0.53356103366240859        2.2078733542002738                0
   2.2127919248305261        2.3748545348644257        3.7335371598601341E-002           0
   4.4700188445858657      -0.44250833336263895        2.1009451732970774                0
  0.40574492421001196        2.9820574331097305        3.1583957490511239                0
   2.4722995189949870      -0.39696891792118549       0.12148242909461260                2
  -1.8572302279062569       -2.6746672834269702        2.3849230096675456                0
  -3.3556655608117580      -0.64439380774274468       -2.4247128004208207                0
  -1.2170329410582781        3.7738823588006198        1.8952494300901890                0
   1.1776305502280593       -2.8894411819055676       -2.5184263940900564E-002           3
  0.33152817515656352       -1.4061731076799333       -2.8495093644596636                3
  -2.7411788492463529      -0.39842048892751336       -3.2708039344288409                0
  -7.1003339253365993E-002   1.9024677854031324        3.5037704929709435                0
   3.3416441781446338      -0.71459949715062976       -1.6671679029241204                0
  -4.0746979857794940        6.4276745542883873E-002  -2.7463439572602510                0
   2.0728763472288847        4.1041083564050496      -0.13299293350428343                0
   2.7906887698918581        1.9451406528241932       -1.0853714705444872                0
  -1.6544654336757958      -0.50781965954229236        3.6708175973035395                0
  -3.1784977903589606        2.0800056587904692       -3.2418522774241865                0
  -1.7250520572997630       -1.6707794670946896        1.2497272226028144                2
  -1.2198988324962556       0.42361008701846004       -1.2304446497000754                2
  -3.7789086299017072       0.96287100110203028       0.90098267886787653                0
  0.94962508650496602       -2.7565463841892779       0.68769457284361124                2
   3.0749399866908789       -1.9154308573342860        1.9743919791653752                0
   2.1854100725613534       -1.1728110886178911       -1.9754864531569183                3
   2.9311723937280476        3.8376442389562726       -1.2231039325706661                0
 -0.23616864345967770       -3.8148254179395735       -2.7447360381484032                0
  -4.0277013718150556        1.3619303121231496        2.5801132409833372                0
  -2.4768839008174837        3.6885549570433795       -1.0476512531749904                0
  -2.6170483627356589       0.74188474332913756       -1.9823622214607894                3
  0.22169362055137753       -4.0540233952924609       -1.8716975837014616                0
  0.52183392690494657        1.2577665946446359       -1.6761137288995087                2
   1.4541926840320230       -1.9972507003694773      -0.80823028227314353                2
   1.2377011077478528       -1.6291656973771751       0.13481650501489639                2
   3.5009093466214836       0.97974719712510705       -3.0263370694592595                0
 -0.65706246299669147       -1.6634191386401653      -0.17289489274844527                2
  -2.7123794262297451        2.7808336145244539      -0.66061925608664751                0
   2.1584792854264379        1.7134505300782621       -1.8742376007139683                0
 -0.78633584314957261       -1.7644520779140294       0.78271475387737155                2
  -1.4941530628129840        1.8276499840430915       0.14153282623738050                2
   1.9937946251593530        3.6842384538613260       0.74050114722922444                0
   1.3865769584663212      -0.78785688383504748       -4.5127518079243600                0
  -2.1221320424228907        1.8422534200362861       -1.6011385340243578                2
  -1.5558803826570511        2.8928741207346320        2.8467831364832819                0
   1.9196231756359339        2.0691815530881286       -3.0038885702379048                0
  0.15639903722330928        4.2650670302100480      -0.10270716156810522                0
  -1.5216819616034627       -4.2996360105462372       0.25862418347969651                0
  -2.8382905782200396        2.2526266588829458       0.74887413764372468                3
  -1.0850771097466350        2.0708563621155918        1.0787002625875175                3
  -2.2734779422171414        1.6032272251322865        2.3691736115142703                0
   3.6925608757883310       -3.1932555045932531        1.0771886375732720                0
   3.0916000739671290        3.5807363525964320       -3.1970334239304066E-002           0
  -1.0285036964341998        2.8296380676329136        2.8488835506141186                0
  -3.1809435877948999        2.6804480445571244      -0.21496339235454798                0
  0.45550484443083405       0.93152386834844947        3.1547303427942097                3
  -1.2398012843914330        3.7149215652607381       -1.2320816074497998                0
 -0.57347626425325871        2.3771320562809706       -2.4585249065421522                0
 -0.49762457609176636        4.6287203696556389      -0.55536311585456133                0
   2.2951637930236757      -0.24981234455481172        3.4666826366446912                0
  0.13346634572371840        3.4416857874020934       -3.1753291236236691                0
  -1.2158869695849717       -2.9470186424441636       -1.2071685516275465                3
  -1.0281647229567170        1.1733503313735127       -2.9617061535827816                3
 -0.58249875670298934        2.4729531421326101       -3.5435914993286133                0
   3.0908120330423117        2.9017037060111761        1.9855019007809460                0
  -1.9395342352800071       0.63514524837955832        2.2035094746388495                2
  -1.1154840653762221        2.2994537535123527        3.7466200487688184                0
  0.22849017521366477       -1.2163821724243462        1.8851458304561675                2
  -2.1105937846004963        4.2269263276830316       0.38655118783935905                0
 -0.47698349924758077        2.2026856848970056       -4.4262683787383139                0
   2.4738005083054304       0.46571150887757540        1.8489773175679147                3
  0.72842227295041084        4.3420557049103081       -1.4097900153137743                0
   3.2995171635411680        1.9080887152813375       -1.4991633058525622                0
 -0.84772806847468019       -3.7512530572712421       -2.6542766066268086                0
  -3.7494763615541160      -0.90046317782253027       -2.1777927386574447                0
  -1.3217688933946192       -2.5101067032665014       0.91222500894218683                2
  -2.6319304062053561        3.3961069164797664       -1.8763742432929575                0
  -3.8429307797923684       -2.9394869320094585       0.90660445159301162                0
   2.1368673164397478       -1.8288847059011459E-002   1.7500810464844108                2
  -2.9752066824585199       -6.8319146521389484E-003 -0.32716017449274659                2
   3.2498970767483115       -1.7083263071253896      -0.18855363130569458                3
 -0.52472625626251101       -1.1326587339863181       -4.8278848757036030                0
  -3.7428248836658895       -1.2252067890949547        2.9711070749908686                0
  -2.2440015990287066       0.93856433173641562       0.31686855480074883                2
  -1.8496915954165161        2.9382590739987791      -0.45026759384199977                3
  0.66847135778516531        1.1953098163940012        3.4232523315586150                0
   2.5953255221247673       0.77859045937657356       -1.0869542276486754                3
   3.8711449992842972        2.2787873516790569       0.17060092883184552                0
  -2.2486988897435367       -1.2588030914776027       -3.9473725482821465E-002           2
  -1.0483404248952866      -0.60602600453421474      -0.52036569686606526                2
   1.7344129341654480       0.21790267201140523       -1.1147544346749783                2
 -0.65463598351925611      -0.33562805969268084        3.6953471321612597                0
   3.8520296453498304      -0.22674908861517906        3.1199030694551766                0
  -1.6541521460749209        2.6049402751959860       0.43773518642410636                3
   1.5969395171850920       -4.6762021188624203      -0.20456936676055193                0
   3.4492963668890297       -1.8521325080655515       -2.9748204117640853                0
  -2.4765964597463608       -3.6348543968051672       0.77090864768251777                0
  -3.7588512431830168       -2.3970067012123764      -0.50921066664159298                0
 -0.66361451288685203        3.5164269246160984        3.4397406689822674                0
  0.46970930881798267        3.0777587741613388        1.9961795816197991                0
  -1.1698602698743343        2.6661987393163145        1.4803446386940777                3
   4.2293568747118115       -1.7033906700089574      -0.82632310222834349                0
  0.11580028105527163        1.0482018440961838       -3.7857396854087710                0
   1.8910320312716067        3.5877940058708191        1.5464734286069870                0
   3.7289491295814514       -2.2528283065184951       -2.1415738738141954                0
  -1.0280838096514344       -1.3749627745710313       -3.6417938768863678                0
   3.2738422835245728       -1.2149947253055871        1.0241609113290906                3
  0.97604581154882908       0.27365850051864982        3.9802185911685228                0
   1.9046148890629411        3.6441572848707438       -1.0779196652583778                0
   2.3062098445370793       -1.9405653979629278      -0.21692489739507437                3
  -2.4009598977863789        1.0763988038524985       -3.1453321222215891                0
 -0.43697835411876440        4.1777282860130072        1.6708629345521331                0
   3.4560808818787336       0.96112089231610298       -2.2506085224449635                0
 -0.45642204349860549       -4.5298167970031500E-002 -0.89491362450644374                2
   1.0226711747236550       -2.8521164972335100        2.4332099012099206                0
 -0.67454413743689656       -1.6818473744206131        1.2180892704054713                2
   1.0870773741044104       -9.2961213085800409E-002   2.1096137072890997                2
  -2.0882300357334316        1.0779248271137476       0.10671709896996617                2
   2.2416865918785334        1.4474275964312255        3.4505754755809903                0
 -0.76757762348279357        1.4939457410946488       -1.8688917299732566                2
   1.0003603529185057E-002  -3.0563108786009252        2.0477653667330742                3
   1.6026040120050311        3.3066807198338211       -1.5372038912028074                0
  -1.5800360986031592       -2.3055269778706133        3.4088946739211679                0
  0.43286512373015285        1.0655352380126715       0.15650066547095776                2
 -0.92945192707702518       -3.0670195398852229        1.1015291884541512                2
  -1.2435226584784687        3.9536334597505629       -1.6537761664949358                0
  -3.2661126903258264       -2.0409644208848476        1.6951499017886817                0
   1.0300080920569599        3.8299738010391593        1.1745223170146346                0
 -0.73477558325976133        1.4152801362797618       -3.3500351291149855                0
  -2.6237078686244786       0.89621264254674315        2.2441546316258609                3
  -6.9430686999112368E-002   3.0356040340848267        2.1400375035591424                0
   3.9207807905040681       -2.0288339932449162       -1.3094853842630982                0
 -0.75967859942466021        1.6141858417540789       0.23277869680896401                2
   2.4200278567150235        2.5909806485287845       -2.7496578847058117                0
   3.5619445308111608      -0.65827035810798407       0.70720229530707002                3
  -1.4697935618460178        2.1803335542790592        3.6806588945910335                0
 -0.57231861399486661        2.0627574226818979       -2.0528415124863386                3
   4.3462770339101553       -1.2408357788808644      -0.16736087389290333                0
  -1.9708659010939300       -2.8416638309136033       0.15155717264860868                3
 -0.67671205149963498       0.97314122132956982        1.1862032208591700                2
  -1.7592646973207593       0.58272727997973561        1.3669243548065424                2
  -3.0252114892937243        1.8367265653796494       0.55133359041064978                3
   3.2336561079137027        2.1466841432265937       -2.4392395932227373                0
   1.1276201368309557        2.3380632628686726       -2.4125189473852515                0
  -3.7950623780488968        7.0318276993930340E-003 -0.83811583928763866                3
  0.25813788175582886       -3.4752178192138672       -2.3844395321793854                0
  -2.1094710100442171E-002  -2.9776109266094863       -3.1905104988254607                0
   1.7116342089138925        1.1678652348928154       -3.0857263528741896                0
   3.0330313416197896       -1.6625946387648582      -0.64291137270629406                3
   1.0936712659895420        2.4836020870134234        2.2252372442744672                0
  0.62259047292172909        1.8636896344833076        1.3318038033321500                2
   1.4794441848061979       0.51100311800837517        1.7817342793568969                2
  0.43226178269833326       0.14685197500512004        3.6110490118153393                0
  -3.5227996180765331        2.3790239775553346        1.8712145253084600                0
   1.9480502163060009        1.2839581887237728        2.5298159895464778                0
  -2.4523898982442915       0.35367154749110341        3.2263918826356530                0
  -3.3327646483667195      -0.88072904385626316       0.85635227384045720                3
  -2.0847734552808106       -1.0494012152776122        1.6281541367061436                3
  0.90850363951176405       -2.3345018923282623       -3.1200834503397346                3
   3.3756109140813351       0.77982624294236302       -1.0856440430507064                3
  -3.2762810587882996E-003  -2.9296698793768883        1.6467143967747688                3
   1.0130452597513795       -1.2449903134256601        3.2513917027972639                3
 -0.98849300993606448        4.5718457060866058       -1.7259182222187519                0
   3.4179158695042133      -0.88619960471987724       -2.8374318778514862                0
   5.6341369636356831E-002 -0.52629240090027452       -2.7059362852014601                3
   2.4867611168883741       -3.8123436458408833      -0.48544292338192463                0
   2.8857558779418468       -1.8707929830998182       -3.1707794289104640                0
   1.6306610591709614        3.4340181434527040        2.4547291104681790                0
   2.5076527125202119      -0.12888081371784210      -0.63838600879535079                2
   3.7246727081947029        2.3832165030762553      -0.83921317011117935                0
   1.4052856550551951       -2.3742290027439594        2.9518885631114244                0
  0.93415481271222234       -1.3329724827781320        1.0464807809330523                2
  -2.9762204363942146       0.95195651287212968       -3.2263739383779466                0
  -1.4427511137910187       -3.9986639027483761      -0.45169499702751637                0
   2.3617015499621630        2.0267804269678891        2.2795921447686851                0
  0.60362990945577621       -3.4868875169195235        1.5358344721607864                3
  0.46777664218097925       -3.3243458694778383       0.96401956165209413                3
  -2.0075436239130795        2.5152026209980249       0.14972879784181714                3
  -2.7202796190977097E-002  -2.9263645899482071       -3.0238223937340081                0
   1.9319407292641699        1.0233749239705503        3.8670076197013259                0
  -3.0108391726389527        3.2463846332393587       -6.5615957137197256E-002           0
   1.3922777934931219        3.7914867745712399       -1.8759562610648572                0
  -4.0714602801017463       -1.6303813550621271        1.2644582893699408E-002           0
   1.8828065227717161       -1.2539172661490738        2.5064006936736405                3
  -2.0819516223855317        1.5141921513713896       -1.6146551212295890                3
  -2.7829391183331609       0.20717359147965908       -2.0679019531235099                3
   4.1640456393361092       -1.1017491901293397       0.94278500182554126                0
   3.0273490538820624       -2.5067222304642200E-003  -2.5349288177676499                0
  -1.5064909192733467       0.11076914146542549        4.5768188522197306                0
  -1.6276511899195611        2.8923463891260326       -2.1626675152219832                0
   3.3724211156368256       -2.0241499273106456       -2.6269561750814319                0
  -2.4737182562239468        4.8560900613665581E-002  -1.7817820957861841                2
  -4.8055901471525431       0.94485408626496792        7.8203550074249506E-002           0
 -0.38136253366246819        2.5802236329764128        3.1291748210787773                0
   4.5750418887473643       0.15345919411629438       0.62485677190124989                0
   2.0405146642588079      -0.60807580593973398        4.7517765779048204E-002           2
  -2.9008689569309354       -2.3259020387195051        2.3318561562336981                0
   2.3620396410115063       0.12403718894347548        1.1544457613490522                2
  -3.4737391304224730        3.2905668020248413       0.64935842296108603                0
   3.8121344544924796       -1.7574420594610274        1.9867831841111183                0
  -2.6779939839616418       0.41284188395366073       -3.7045414024032652                0
  -1.2139661423861980      -0.80411751521751285       -2.9771884530782700                3
  -1.2231249432079494       0.63911273377016187        1.3311005639843643                2
  -3.1526342174038291       -3.0349876009859145       0.15643648570403457                0
   3.1393856322392821      -0.12521632248535752      -0.88023496558889747                3
  0.55070100817829370       -3.6407505907118320       -2.1935803489759564                0
  0.22955089807510376        1.4192266855388880       -2.5894844741560519                3
  0.32235589576885104        3.9242708240635693       0.36367896944284439                0
  -1.5725211543031037        1.5912386123090982        3.6780001455917954                0
   3.9481299463659525        1.8755117151886225       -2.2396660828962922                0
  0.84866568213328719        2.4856742960400879       -3.3773225476033986                0
  -1.7208035918883979        1.5455025737173855        4.0990908909589052                0
   7.3393231723457575E-002   4.7237978433258832      -0.57020549196749926                0
 -0.38473386084660888        2.8925792360678315       -2.9191203298978508                0
  -2.4180168332532048       -8.3369771018624306E-002   1.0827185213565826                2
  0.32612811075523496        2.2561904438771307       0.50363363232463598                3
   8.4989981260150671E-002 -0.24285621708258986      -0.84479355253279209                2
 -0.20098326029255986        3.8726814091205597        1.7550831520929933                0
  -1.6716540744528174      -0.13906032312661409       -1.9275481090880930                2
   2.2251366428099573        3.9501552470028400       -1.3584736897610128                0
   3.9707461418583989        2.4913620878942311        1.6590801114216447                0
 -0.31056478386744857        1.8771939701400697       0.65409562550485134                2
   2.2937935823574662       -1.7259938549250364       -2.5083956401795149                0
   2.7648736792616546      -0.17168589867651463       0.35075583960860968                3
   4.0306889149360359       -2.8934904141351581       0.45515757286921144                0
  -1.3359803729690611       -3.5201379726640880       -1.6427054349333048                0
   1.7032731627114117        3.5058731213212013        2.2957792202942073                0
 -0.30000971164554358      -0.92198979109525681       -2.3418845725245774                2
   1.5523446328006685       -2.5990271172486246      -0.60609528794884682                2
   3.4585845982655883        2.5654712226241827E-002   1.6156500880606472                0
  -1.0333899012766778        2.3404138511978090        1.1865161289460957                2
   4.2934256582520902      -0.28832622338086367       -1.7752177012152970                0
  -2.0574813708662987      -0.76755230082198977        1.1677892878651619                2
  -2.3628174909390509        8.6617183405905962E-002  -2.3190794535912573                3
  0.53179354174062610       -1.7935858480632305        1.0056408634409308                2
 -0.53910345071926713        1.7944719991646707        2.3734642961062491                3
  -3.4629988204687834       -1.9620825327001512        1.2540856702253222                0
   4.3621642771176994       0.31827797647565603       0.14653277117758989                0
  -1.8421414610929787        1.6850515385158360        3.0073096533305943                0
  -2.9729721671901643       -1.7897785524837673       -2.5590085680596530                0
  -2.4250103998929262        1.2374633154831827        2.8240777831524611                0
   1.1658646119758487       -3.7255038018338382       0.45896589988842607                3
   2.1822677226737142       0.84373376565054059        2.0636170473881066                3
   1.7595083755441010        2.3719688015989959      -0.67936654668301344                3
  0.86692336481064558        2.7410234091803432        1.0868116281926632                3
   3.2628615270368755        3.0950433062389493       -1.2846954073756933                0
  -2.5794990826398134       -1.6239639907144010        3.2906071748584509                0
  -3.7847252981737256       0.40992346126586199        1.5386517765000463                0
  -4.5875983266159892      -0.18138939281925559      -0.16801683697849512                0
  -1.5311081125400960       -1.3598444382660091      -0.55006738053634763                2
  0.37963342154398561       -2.0319526921957731       -3.2906583207659423                0
  -1.5338523639366031        3.4309488511644304       -3.1668507517315447                0
  0.16364599578082561      -0.29072258854284883        1.6838558390736580                2
   1.0899874451570213       -4.4977234932594001      -0.21697928430512547                0
  -1.0903026186861098       -1.1472934484481812       0.17412987072020769                2
   3.3231535041704774        1.3881397782824934      -0.94033418456092477                0
  0.51892305258661509       -3.9438040531240404        1.5628756792284548                0
  -3.9085387554951012       0.47671620035544038      -0.46439486090093851                3
  -3.7481911038048565      -0.91086769709363580       -1.0791448573581874                0
 -0.74732155771926045       -1.8009251984767616        3.6986887850798666                0
  -1.2730233767069876       -1.8453400745056570      -0.40507455589249730                2
  -2.1269777696579695       -3.8660261873155832       0.80183756072074175                0
  -1.9148874748498201       -2.5899256579577923E-002   2.8661365131847560                3
  -1.2928085238672793        3.0375817138701677       -2.0907237636856735                0
 -0.56106847012415528       -3.8950566668063402E-002   3.4973250376060605                0
   2.5044566299766302       -2.5731631717644632        1.2277355953119695                3
   2.5877015129663050        2.7645015250891447        2.2500981017947197                0
   2.1087886765599251       -1.5805553854443133       0.13780951732769608                2
  -1.9980870257131755      -0.63582010567188263       -2.1549975848756731                2
   3.5876427078619599       0.73681722627952695       -2.9926815675571561                0
   1.7420420283451676        1.3040534174069762        1.0292677790857852                2
  -1.7433165293186903        3.1724652182310820        1.9695972139015794                0
  -2.2681995690800250        2.1452833153307438       0.52647685166448355                2
   1.0370762483216822       0.90295297792181373        1.3557695318013430                2
   1.9663276919163764        2.3049349663779140       -1.5320552326738834                0
   4.2594655044376850      -0.75034257024526596       0.50755666336044669                0
   2.5591430254280567        2.5352842570282519       -2.7597803110256791                0
  -2.3876453586854041      -0.58990272227674723       -1.2494883942417800                2
   3.9403065387159586       0.25567978620529175      -0.39252563845366240                0
  -1.4098576246760786       -3.1754375086165965       0.94446833711117506                2
   3.1147013627924025        2.3344004829414189       -2.4059307971037924                0
   1.3694613915868104      -0.15096786897629499       -1.0515374387614429                2
  -3.1821497692726552       0.25130041176453233        2.4825706682167947                0
   3.9073674823157489      -0.90637554181739688       -1.8870905181393027                0
   3.9021437265910208       -1.7509418004192412        1.3055856083519757                0
  -1.5255048940889537       -3.0606554029509425        1.3021199870854616                3
   4.4652451830916107      -0.11725785909220576      -0.26691574836149812                0
   2.7567192702554166      -0.45187369454652071      -0.70045751985162497                3
  -2.6576032442972064       0.34714316716417670       0.60073935892432928                2
   2.0637016277760267      -0.59548707446083426       -1.0399498837068677                2
   2.8306847158819437        2.1089472318999469        3.3213044516742229E-002           0
   1.7809540242888033       -1.6032978054136038        1.5790278441272676                2
   1.6979596461169422       0.56945345597341657        3.1567867053672671                0
  -1.4374214969575405        1.4716948266141117      -0.55642316117882729                2
  -2.9028910468332469        1.9391127768903971        1.7357034678570926                0
   2.1078686718828976        3.2466212240979075        2.9099147650413215                0
   1.4056957559660077        2.0594987808726728      -0.82522602984681726                3
  -1.0857622581534088        3.4692525817081332        4.0605864487588406E-002           0
   3.3882517553865910        2.4468462262302637       -1.3838823512196541                0
 -0.57559095555916429       -2.7987993531860411       -3.5218999837525189                0
  0.31838483177125454        4.2217542207799852       -2.5146215595304966                0
  -1.6741140559315681       -2.3514114576391876       -4.0883345063775778E-002           2
   1.1845917347818613        2.3131455807015300       -3.8533924473449588                0
  -3.9143393537960947      -0.13342684833332896        1.4185221400111914                0
  -2.7915721153840423        1.4136067056097090      -0.38715481525287032                3
   1.4412979013286531        1.6466656094416976       -1.8591556046158075                3
  0.27538854395970702        2.3387514241039753       -2.1343856886960566                3
   1.6018224880099297       0.14953854959458113       -1.5587367885746062                2
 -0.72729880223050714        1.1199180991388857      -0.31119451858103275                2
   3.0706502893008292       -2.1551272273063660       -1.1908735777251422                0
   7.2251446545124054E-003   2.8311835206113756       0.98686209646984935                3
   1.6651082201860845        3.5650417348369956       0.46364858746528625                0
  -3.4661192377097905        1.3952960050664842       -1.7044546385295689                0
  0.27840922120958567       -2.1317426417954266        4.3160949600860476                0
  -4.3145285989157856       0.82692467840388417        1.9631452835164964                0
   4.1350773326121271        1.1910635395906866        2.2837644116953015                0
  -2.2194710304029286        9.8334173671901226E-002   1.3447220320813358                2
  -2.8720712079666555       0.56874715723097324       -1.7004800587892532                3
  -2.3572246916592121        3.1551266484893858       -1.3002088107168674                0
  -3.5084097180515528        2.3792100441642106       0.74761208146810532                0
  0.31812155852094293       -1.9637868297286332        1.2705418863333762                2
 -0.47558754449710250        1.0250996984541416       -3.7776181893423200                0
  -3.1610312662087381        2.2444565570913255        2.0011430908925831                0
  0.75429497053846717        3.6327121546491981       -2.5434041814878583                0
   2.2431813227012753       0.63246899982914329       -3.2667317450977862                0
   1.3479528483003378       -1.4291455014608800        1.3227917416952550                2
   2.2983889607712626      -0.29633918078616261        4.2069987836293876                0
   3.1522989436052740        1.6703835316002369       -2.5922276708297431                0
  0.79501929925754666      -0.45432867249473929      -0.33775003394111991                2
  -2.7906731376424432       -3.4023183397948742E-002 -0.70113311754539609                2
 -0.53975287824869156       -1.8792517483234406        4.5948122208938003                0
   2.0206438889726996        6.7808560561388731E-002  0.13823678717017174                2
  -3.8739167642779648      -0.25798343587666750       -1.6598943644203246                0
  0.13744740979745984      -0.48307918710634112       -2.8232211759313941                2
   2.3885430628433824       -2.6697329920716584        2.8192159556783736                0
   2.4402953335084021       -1.3967851013876498       -1.1712342826649547                2
   1.2372674536891282       -1.7349981470033526      -0.30456607928499579                2
 -0.89038850506767631        1.1799660953693092        3.0311840237118304                0
   1.9440602441318333        2.5626114197075367        3.4958074288442731                0
  -1.7692506965249777      -0.55108466418460011       -3.8005450344644487                0
   3.3817451703362167      -0.16657675849273801       0.65094282850623131                3
   2.2405624343082309       -2.1942997770383954        1.7806536774151027                3
  -2.7126272534951568        1.0530546284280717        3.0636965623125434                0
  -1.7219518101774156      -0.87238335981965065       -6.9075555074959993E-002           2
  -2.9287598025985062        1.5874789981171489       0.38739801151677966                3
   1.4158701687119901        3.3525654883123934      -0.35542516736313701                0
  -2.5893008965067565      -0.76627958333119750       0.89687626343220472                3
   2.3609139514155686       -1.8041524430736899       -3.9481068612076342                0
   2.8145298408344388       -2.1565340086817741       0.70767161203548312                3
 -0.23521484341472387       0.28671082342043519        2.4776861723512411                3
 -0.49923902377486229       -2.9250990902073681        2.2223347029648721                3
  0.68075051065534353        1.5157934720627964       -1.9226638926193118                3
   1.6337097715586424        3.4854875039309263        1.9230182748287916                0
  -2.4685825523920357       -3.4403662220574915      -0.62265782617032528                0
   1.9624763168394566       -1.3254031934775412       -3.7489424133673310                0
   1.6022191406227648        3.4177274070680141       -1.4706442365422845                0
 -0.46074941754341125       -2.8664664924144745       -1.1131229880265892                2
  -1.6622621798887849      -0.29805138008669019        1.1505511845462024                2
   4.2640453926287591      -0.93632010277360678        2.1966359624639153                0
   2.2556518181227148       -3.5541673959232867        1.6988946334458888                0
   3.3686846657656133        1.2474703369662166       -1.2310874997638166                0
   1.2378169246949255       -1.3569464604370296        4.4022290362045169                0
  0.25415939977392554       -2.0440774271264672       -1.3700189022347331                2
  0.71388357318937778       -4.5731091522611678      -0.45732619240880013                0
   1.1103386501781642        1.0939329466782510      -0.70306024746969342                2
   1.1744331987574697       -1.0122858313843608       -3.9112951140850782                0
   1.4454722404479980        4.0333780623041093        2.2852516453713179                0
   1.1098636733368039        1.9333088980056345       -2.4036852899007499                3
  -2.3484402615576982        2.0261229737661779       -1.5103741548955441                3
  0.50619517453014851        5.5912672542035580E-003 -0.35626692697405815                2
  -3.3087005768902600        2.9725407506339252       0.24639486335217953                0
 -0.40496929083019495       -1.9914762186817825       0.31125623267143965                2
   2.0292045292444527        3.3383530471473932        2.3942710761912167                0
  -4.1441493225283921      -0.51517357351258397       0.39471743861213326                0
   3.7813776126131415        1.0300173098221421        1.8455900764092803                0
  -1.6381407063454390       -3.5122423409484327      -0.91697116149589419                3
  0.58976472588256001        4.8735323711298406       0.80619140295311809                0
  0.61105112312361598      -0.32521078363060951       0.51133382134139538                2
   4.1305715707130730        1.3865013653412461       0.59615201782435179                0
  -2.8936988674104214E-002   3.7092234101146460        2.6430315733887255                0
   3.5185545799322426      -0.13140470720827579        2.7553106681443751                0
  -2.4368694750592113       -3.4084615251049399        1.8404258112423122                0
   2.3047675844281912        3.1481627398170531      -0.57380599202588201                0
  -4.0014451160095632        1.8516025412827730      -0.30430025653913617                0
  -3.1770971277728677       -3.0607574386522174        2.0444104098714888                0
  0.10283215902745724       -4.8000428848899901       0.83598618162795901                0
  0.56492786621674895       -1.0035257111303508        2.1776609239168465                2
  -2.9806010960601270       -1.0419222270138562        2.8586189448833466                0
  -1.6412812354974449       -1.6388544742949307        4.1068264632485807                0
   3.6472831107676029       -2.4850501469336450       0.37174647208303213                0
  -3.4688138286583126       0.55139502277597785        1.9300312548875809                0
 -0.64663913333788514      -0.31254709232598543      -0.41098078479990363                2
  0.17522735055536032       0.28980280738323927       -2.6037395838648081                2
 -0.98133272491395473        1.0003542713820934        2.7963672834448516                3
  -2.9019902879372239        3.2750545907765627       -2.2155836131423712                0
  -3.5045533976517618        2.1063444530591369        2.0168675784952939                0
   2.5668467744253576        1.0061473888345063       -1.5909511595964432                3
   2.1005308534950018       -3.7053568172268569      -0.86537162307649851                0
  0.42864148039370775        3.2805176125839353       -2.8889183397404850                0
   4.5785644254647195      -0.62166040297597647      -0.27044564019888639                0
  -3.4658468305133283       -1.7611193633638322      -0.74442453682422638                0
 -0.31926312251016498       -3.2088103331625462      -0.97852349048480392                3
  -2.7723376336507499       0.26116628199815750        2.0522823370993137                3
  -2.2120044776238501      -0.49776771804317832        1.8413696368224919                2
   1.4031558041460812        1.4341309550218284      -0.74016857892274857                3
  -1.0093224444426596       -3.9561466150917113       0.22085352800786495                3
  -1.2153261573985219        1.5166917606256902        1.3385842158459127                2
  0.73408217867836356       -2.5120051903650165      -0.51692452048882842                2
  0.35681060748174787       0.35009141312912107       -1.3523261761292815                2
  -2.9315241379663348       -1.5168610517866910       0.64199750777333975                3
   3.6434059613384306       -1.6024163598194718        8.0154233146458864E-002           0
   2.1546058007515967       -1.5811243397183716        1.6216340335085988                2
  -1.2016664608381689       -1.8410701584070921       -3.3735087653622031                0
 -0.86294510401785374      -0.80045011127367616       -3.2788883685134351                3
  -3.9920393913052976       0.19996631890535355        1.5422690915875137                0
  -2.1277055679820478       0.57050888659432530       -2.5928852753713727                3
   4.1600363329052925E-003   1.2626096140593290E-002  -3.7386661395430565                0
   2.1144470595754683        2.5591440172865987        1.4343272219412029                0
  -1.9952059909701347       -1.4998609968461096       -3.5737961367703974                0
  -1.5566960675641894        3.1344175152480602        2.8490028018131852                0
   1.4535106252878904        3.6454536253586411      -0.37213299656286836                0
  -2.4443016247823834       -1.3910919590853155      -0.84640648216009140                3
  0.19582359818741679      -0.63338895561173558       -3.8028393057174981                0
   1.1978781828656793       -3.5274162609130144       -1.4894878095947206                0
  -2.9934632196091115       0.46023482689633965        1.8706808425486088                3
   1.2522761756554246       -2.0148747996427119       -2.4264898849651217                3
  -1.3279607705771923      -0.91708264779299498        2.8106333012692630                3
  -1.1790097900666296      -0.20757052348926663       -2.3315484425984323                2
 -0.91906883753836155       -2.7094491035677493      -0.85079122334718704                2
   8.5651534609496593E-002  -3.6328286421485245       -2.0504715130664408                0
   1.1472005280666053       0.13538042549043894       -4.6373330429196358                0
  -3.3511633053421974       -2.9999458347447217        1.5913505619391799                0
   4.2728046816773713       0.75514034833759069        2.3330472689121962                0
 -0.56246377294883132       -1.4409279893152416        2.3844612203538418                2
   3.9948352915234864       -1.0515711549669504        1.7874072003178298                0
   4.3662426644004881        1.3463880657218397        1.8350456468760967                0
   3.1392374844290316       -2.7721647499129176       -1.7914219549857080                0
 -0.68604603642597795       -3.8202628958970308        2.7061384776607156                0
   3.1384637835435569       -2.7138559846207500       -1.4265708462335169                0
  -3.9653743430972099        1.3628562376834452        1.1256539868190885                0
  -1.4218593458645046        1.7177435080520809       -1.6243107919581234                3
  -2.6614421722479165        1.2181262206286192        2.4782275012694299                0
 -0.29388668481260538        3.8304857513867319       0.35092550097033381                0
  -3.4158352250233293       0.57194222928956151       -1.3606802793219686                3
 -0.64010247588157654        1.5685126045718789       -3.3830250753089786                0
  -3.2429482066072524      -0.28489976888522506        2.3706744913943112                0
  -2.5465959077700973      -0.67240220727398992       0.32074265182018280                2
  -3.3877835050225258        1.3063611253164709       -1.7041856935247779                0
   3.2847452885471284       0.23578325519338250       -1.3818367314524949                3
  -1.1133631481789052       -1.4777772547677159        4.3415515497326851                0
 -0.31547006452456117        2.2626151796430349        2.6088268542662263                0
   2.7289461763575673       -2.1416253061033785        3.0656874645501375                0
   2.8295473731122911       -1.9566319743171334        2.1866559074260294                0
  -1.5463116508908570       -7.2657680138945580E-002 -0.16301709925755858                2
 -0.13629250228404999        3.6312729935161769        1.8707391666248441                0
 -0.38277985760942101       -4.5343087473884225        1.9885620591230690                0
   2.0824179565533996      -0.25164894293993711        3.4289581351913512                0
 -0.78288445714861155      -0.84024171810597181       0.71372877806425095                2
  -2.1811855537816882        1.0327689489349723       -2.3447530949488282                2
   1.7932027950882912       -3.2844413025304675       -2.2996047884225845                0
  0.91348853660747409      -0.51356896990910172        3.9832997974008322                0
  0.21943482337519526        4.7281589196063578      -0.15240918146446347                0
  -2.8662596968933940       -3.7473599473014474      -0.54630423896014690                0
   1.3156302692368627        1.3836048217490315       -2.2374690324068069                3
   2.5366138876415789       0.32015493139624596      -0.55356045486405492                2
  -1.1360980640165508        1.0245014098472893        3.5360162123106420                0
  0.24340649135410786       0.43978806817904115       -1.5155554004013538                2
   1.0743430396541953       0.22722169756889343       -1.5365814859978855                2
  -2.5962254707701504       0.89158319169655442        3.9948417362757027                0
   1.7437351215630770       0.20450658397749066       -1.0033083218149841                2
  -1.1279232427477837       -1.2953540333546698       -3.2774504018016160                3
  -2.6496379170566797        3.1594525324180722      -0.32916701398789883                0
   2.9487161943688989       -2.5727296690456569        4.0766804013401270E-002           3
   2.0762193342670798        3.5989658324979246       -1.9696202687919140                0
  -4.0170728322118521      -0.67676332080736756       0.28326236410066485                0
  -1.2039984809234738        4.4975417386740446      -0.81373349297791719                0
  0.60340118594467640      -0.76087132096290588        4.7945107030682266                0
   1.2144703953526914       -1.3023312436416745        1.1040262691676617                2
   2.5730135710909963       -2.5167160504497588       -3.1480221077799797                0
  -2.2587680723518133E-002 -0.83567600697278976       0.34344614250585437                2
  0.32571244053542614        1.6258878633379936       -3.4064754936844110                0
  -1.2795369373634458        3.8600229239091277       0.89548766380175948                0
 -0.61451551038771868        1.3432152406312525        2.4042198085226119                2
   1.4186138333752751       -2.3288253508508205       -3.6085645947605371                0
  -4.1912053572013974        2.2523035272024572       -1.2811830732971430                0
  0.81884401850402355        2.0912343193776906       0.12366920942440629                2
  0.70848784409463406        1.8446909589692950        3.8132126373238862                0
  -7.8540062531828880E-003   1.4132323674857616       -1.6330277896486223                3
  -2.2863691975362599      -0.78552522230893373       -2.9539696779102087                3
  -2.4552157078869641      -0.55615941062569618        2.7908770227804780                0
   2.9158954368904233       0.78068889677524567       -1.0338058229535818                3
  -2.6934223365969956      -0.28826195280998945      -0.55134269176051021                2
   2.3245012550614774       -1.1755338450893760      -0.36933556431904435                2
  0.29734769370406866       -1.8653317168354988        1.8582658143714070                2
   1.1524405470117927        2.9483369644731283      -0.67234611371532083                3
   2.5321874301880598       -1.1770656844601035        3.6921358294785023                0
  -2.1731045376509428        1.5872985450550914       0.61477073002606630                2
   4.1184979863464832       -1.0139549244195223        1.6073497524484992                0
  0.59804235352203250       -4.5167564530856907        1.9433250511065125                0
  -3.7209870992228389        1.3923989026807249       -2.6098160818219185                0
  -1.1545189190655947        2.1531587396748364       -2.3325613490305841                3
 -0.91041829437017441      -0.83265321562066674       -3.0534063954837620                3
   1.7426877305842936       -1.8371464451774955       -2.6841177209280431                3
  -1.2447090283967555        3.5644898819737136      -0.80202336888760328                0
  0.27739747660234571       -4.3466303357854486       -1.6398481000214815                0
   3.1952611240558326       0.16822064993903041       -2.2038209601305425                0
   4.5244983700104058       -1.9825455243699253       0.61021881643682718                0
 -0.74006421724334359        1.5832318016327918        2.8261038195341825                3
   2.9356953385286033       -1.0342232696712017      -0.69288978120312095                3
  0.92511873226612806       0.61009469674900174       -9.4039111863821745E-002           2
  -3.7553451070562005       -4.6928231604397297E-002   5.3310599178075790E-002           3
  -3.9852107246406376       0.10273146675899625        6.6557191312313080E-002           3
  0.20938061643391848       0.51181717542931437        2.2174094594083726                2
  0.97257945919409394        1.9087322149425745        1.3167014415375888                2
  -2.8651076764799654        2.1552490047179163       0.42957974597811699                3
  0.13611165108159184       0.25309241143986583       -4.0613304963335395                0
  -2.9664705181494355      -0.75777195394039154       -2.1041954937390983                3
  0.62416684813797474       -3.2122692465782166       0.65255247987806797                3
   2.8947945567779243        3.3548737922683358      -0.59409605572000146                0
  -4.3294571316801012       -1.6488653980195522      -0.11709954356774688                0
   1.4167187409475446       0.81856861244887114       -2.4871043534949422                3
  -1.3304796861484647        2.7142916200682521        3.2977600907906890                0
 -0.75097173219546676        2.1948147425428033       -4.3262472725473344                0
  -3.8739938242360950        2.5178702804259956        1.5701866801828146                0
  0.74394857278093696       0.42337968712672591        3.3166584093123674                3
   2.6742368936538696       0.86037263274192810       -1.9417998008430004                3
   3.8524016062729061        1.0060500702820718        2.3405305366031826                0
  -2.0423119398765266        3.0895441072061658       -2.6375601859763265                0
   3.4550599916838109        3.3479891973547637      -0.23513496620580554                0
  0.94452565768733621       -1.6188254812732339        1.5321180806495249                2
   3.7856863811612129        1.9637780846096575       0.54420165950432420                0
 -0.65681825159117579       -2.6006084610708058      -0.23884765570983291                2
  -3.3011984638869762      -0.62107943929731846       -2.3341864114627242                0
  -4.6664666198194027       0.23299295920878649      -0.40281032677739859                0
  -1.1063002515584230       -3.2892251969315112        3.4230939438566566                0
 -0.46970958122983575       -3.6524060205556452       -2.6596999913454056                0
  0.34644333878532052       -2.6123951934278011        1.0952976834960282                2
  -3.3530085557140410       -3.3865825948305428      -0.33677735598757863                0
  -3.8576050428673625       0.18177388003095984      -0.70349565707147121                3
  0.59443922480568290        4.4489426445215940        2.0011926372535527                0
   4.8102957941591740       -1.2895100051537156      -0.40815500076860189                0
   3.6109144869260490       -2.7920947759412229        1.3989746919833124                0
   3.4065344044938684       -2.1577991638332605       -2.2974822204560041E-002           0
   7.7202983666211367E-002  -1.7054682015441358       -4.3012038362212479                0
  -1.2614543060772121       -2.0859414036385715        1.2286615092307329                2
   2.7281256974674761       -1.8082747841253877        2.6676918356679380                0
  -1.6906748968176544       -3.5244029643945396       -2.2032494354061782                0
  0.47297753626480699      -0.49597504315897822        4.9456119630485773                0
  0.28734294464811683       -1.9181867642328143       -3.8725498178973794                0
  -3.5001113079488277       -1.0182914370670915       0.29224678641185164                3
   2.0995666505768895        2.9834368196316063       0.33306271536275744                0
  -4.0710729383863509       0.46918023610487580        1.0893658245913684                0
  -1.1927104741334915        1.1828353069722652        1.5508998674340546                2
   1.9143970101140440       -2.1541472105309367       -2.1059685084037483                3
   2.3028245265595615       -3.2925229356624186      -0.40594259742647409                3
 -0.87903209496289492        4.0593470307067037        2.0889470633119345                0
  0.10987382847815752       -1.0169779998250306       -3.2586048473604023                3
   1.0209197993390262       -1.9960969313979149       -2.6251587853766978                2
 -0.34119975054636598       -4.4814328965730965       0.12030200799927115                0
 -0.68391374545171857       -2.0081777172163129        3.9213803783059120                0
   1.3024560292251408        1.2150581460446119        2.2631031530909240                3
  0.59371370356529951       -2.3256881861016154       0.33901874907314777                2
   2.2841618396341801       -2.1790590183809400       -2.9121126327663660                0
   1.9325995282270014       -3.0533756222575903       0.82349537638947368                3
  -1.3937026541680098       0.14869864564388990        2.4458170495927334                3
   7.3638057801872492E-002   1.8117756233550608        1.7296596080996096                3
  0.54421836743131280       -3.9811557461507618        2.2536944807507098                0
  -2.0229146559722722        2.5638074288144708        2.5871921866200864                0
   3.3631780464202166       -1.5706182457506657      -0.68475242238491774                3
   1.5757570229470730       -1.1889658565632999      -0.18837539711967111                2
 -0.46950816409662366       0.66750354133546352       0.92241553822532296                2
   2.3805453139357269        3.0248212767764926        1.4615509402938187                0
  0.96534978365525603       -1.2959766224958003       -3.1637572799809277                3
   1.2953917123377323       -3.6300862836651504        2.9927790421061218                0
  0.82332522841170430      -0.61323299305513501       -1.1921266815625131                2
   3.5948598734103143       0.96832678886130452        2.3897655471228063                0
   1.1397972819395363      -0.32097942661494017       -4.4280115421861410                0
  0.33481042599305511      -0.13765684328973293        4.0745174395851791                0
  -1.7772198165766895        1.2849723617546260      -0.71550481487065554                2
   1.5861028665676713      -0.26624171063303947        2.6347740064375103                3
 -0.99242307944223285        2.7106621931307018        3.7343865167349577                0
  0.58306360151618719        4.4923779391683638       -1.8390484130941331                0
  -9.2573226429522038E-002   2.7679264498874545       0.48735148971900344                3
 -0.52065283525735140        3.8170425943098962       -1.9782303343527019                0
  -2.5493699498474598      -0.54859425406903028        4.1576621006242931                0
  -2.0593720558099449       0.70532428799197078       -7.7191260643303394E-002           2
   3.0384527123533189      -0.62647280516102910       -2.6328328857198358                0
  -3.7984733865596354        2.0216043083928525      -0.20652469946071506                0
   2.0550810568965971        2.1204887120984495        3.6305174650624394                0
  -2.1284253313206136        2.1963104931637645        2.4626788171008229                0
   2.0116179832257330      -0.17204792704433203       -3.1623011920601130                0
  -3.1746131135150790       -2.9032635758630931        1.9313553278334439                0
   2.6853515137918293        1.8231982598081231       0.11502146255224943                3
   1.7837792891077697       0.89883275330066681       -2.5537425559014082                0
  -3.0957020353525877E-002 -0.84168978035449982      -0.58450121898204088                2
  0.23786926409229636       -2.3069329513236880        3.9211989031173289                0
   3.9254969172179699       -1.7808959470130503       -1.6610528901219368                0
   3.6076324433088303       -1.8850061926059425        1.9541410077363253                0
   3.1077957758679986        2.0456154504790902       0.80868931254372001                0
   2.0579569297842681        3.2098799548111856        1.9138055155053735                0
  -1.4431289397180080        4.3309136596508324      -0.42927167844027281                0
  -2.2784584853798151       -2.8446234879083931      -0.63076579244807363                3
  -2.0243662362918258        1.2409208458848298      -0.81949129700660706                2
  -2.9676651675254107       -1.3918819744139910       0.99811635678634048                3
  -1.0048229945823550       -1.9127891515381634       -2.7096324926242232                3
  -1.4302828395739198       0.17462452640756965        4.7371728112921119                0
  -1.9086657697334886       -1.9131831638514996        3.9719440508633852                0
  -2.5677538197487593        2.7342394250445068      -0.70594175020232797                0
   1.5208102832548320       0.80804795492440462        1.3348248647525907                2
  -4.2623996641486883        1.5148713137023151       0.91139234835281968                0
   2.1554167894646525       -1.6560566332191229        3.8710067328065634                0
   3.6137314955703914      -0.49024464329704642      -0.89902408653870225                0
  -1.8455560761503875       -3.9980235905386508       -2.3628796613775194                0
  0.28773114318028092        2.0988371782004833        4.2209963314235210                0
  -2.7655337308533490       0.45402143616229296       0.81140239955857396                2
  -2.2861109673976898       -3.1352920457720757        2.6514347060583532                0
   2.0072064129635692       -2.4949796660803258       -1.2409984413534403                3
   3.1283498043194413      -0.81195609411224723       0.55019146762788296                3
   1.6702411510050297      -0.63374225748702884       -2.1551913325674832                3
   3.4438937576487660      -0.34336001845076680       -3.1894671800546348                0
  -3.3329435670748353       -1.3718517567031085        3.0334247089922428                0
 -0.40981960715726018        1.0858261352404952        2.5195887614972889                2
 -0.96361481584608555       -3.2440787786617875       0.94313258538022637                2
   2.1666043903678656        2.3122337716631591        1.5474581089802086                0
   4.3546375213190913       -2.0942332269623876       0.15494635095819831                0
  -2.3708607209846377       -2.0840490399859846      -0.74091471498832107                3
   3.9346495224162936       0.44122358085587621        2.6589095988310874                0
   1.9161181827075779        2.9990193038247526        2.8764145262539387                0
   3.4961489820852876        3.3101589349098504       0.15970043605193496                0
 -0.80231204628944397      -0.21503413794562221        2.7314434712752700                3
  -3.5047386866062880       -8.4525973070412874E-002  -3.3326334226876497                0
  -4.6912510576657951       0.39287828374654055        1.5952678117901087                0
  0.26072040898725390       -2.8637882717885077       0.23239898029714823                2
  -3.3629685989581048      -0.61737196519970894       -3.3484016126021743                0
 -0.50525285303592682        1.5650898730382323        2.3005326720885932                2
   2.4375486723147333        3.1378897838294506E-002   2.1494488650932908                3
   2.1080346195958555      -0.50791772548109293       -2.8387621766887605                3
  0.80603332724422216        2.1107041509822011       -3.4945328836329281                0
   2.3488410585559905        3.5156687418930233       -2.1396298613399267                0
 -0.20315895788371563        2.5913595058955252       -3.5423813830129802                0
 -0.54590608924627304        1.1996048176661134        3.8339888723567128                0
  -2.4420064897276461       -3.1377693475224078        1.4535608631558716                0
  -1.4268559031188488        2.2208292898721993       -3.4735018969513476                0
  -1.1748447618447244        2.4342107470147312        3.5699162166565657                0
  -3.0779634765349329        3.5830794344656169        3.2464282121509314E-002           0
  0.40773902786895633        1.9700154126621783      -0.59425464831292629                2
   1.6594274458475411       -2.1253761579282582        2.0864802598953247                3
   3.1194863445125520       -3.5376192233525217        2.4945125915110111E-002           0
   2.9559415043331683       0.41786577086895704       -2.4470150796696544                0
 -0.93567947624251246        1.9705821573734283      -0.85779315559193492                2
   1.8817143188789487        3.3445482328534126      -0.11475892504677176                0
 -0.14048713026568294        3.7429943890310824       -1.0674916720017791                0
  -3.5183703550137579       -1.2020360329188406       0.95047626644372940                0
   2.0643695979379117       -2.2627574275247753       0.56024391436949372                3
  -3.6565591488033533       0.41147417388856411       -3.1624352000653744                0
   2.7118794317357242        1.3000185904093087       -1.1015448765829206                3
   7.6131951063871384E-002   1.0181230050511658       -3.7329032015986741                0
  0.21798672387376428        3.3978624804876745       -2.1888570277951658                0
  -3.3309960458427668       -3.2440419448539615       -1.6883960482664406                0
  -1.2885622447356582        1.8136550136841834        2.3016362125054002                3
  -1.6504387697204947       -1.4984640781767666        2.7238596626557410                0
  -3.3671009261161089       0.21788870915770531        1.8610954238101840                0
   8.6011546663939953E-002  0.21517548710107803        4.4389849621802568                0
 -0.33929219702258706        1.6382868494838476        2.0724078640341759E-002           2
 -0.24221783736720681        2.2111020516604185E-002 -0.99622852634638548                2
  -2.1232762443833053        2.2008540504612029       0.32564596273005009                2
  -3.2420047745108604       -2.2257054946385324      -0.12457099743187428                0
   4.0058016427792609       0.21442624973133206      -0.28906054794788361                0
  -2.6403651968576014       -3.6031372821889818       0.27050208300352097                0
  -3.7407663464546204        1.5551446704193950       -1.7284443718381226                0
   2.8945073275826871       -3.1990341632626951      -0.84937977138906717                0
  -2.9053465719334781      -0.11577194556593895        2.5055039860308170                0
   3.5578912496566772        1.6285474714823067        2.3733165953308344                0
  -2.5959041877649724      -0.19480202347040176       -3.0245662806555629                0
  0.16241635894402862        3.8125636801123619       -1.9581301044672728                0
 -0.91993685811758041        1.8380788271315396       -4.0726787992753088                0
  -2.9171854024752975       -3.5391980269923806       0.38881645072251558                0
  -1.2898037675768137       -1.0198937170207500       -3.2571710739284754                3
   1.6911539179272950        1.2609595153480768      -0.97075574565678835                2
  0.12667234055697918       0.93322175787761807       -4.9017855385318398                0
   1.9561483641155064        1.1867221072316170      -0.74596057413145900                2
  -1.4212767779827118        1.6537409229204059      -0.71520641911774874                2
   1.9999826536513865      -0.54419955238699913        2.7264006948098540                3
  -2.3768803919665515       -2.2973870532587171      -0.25454352376982570                3
  -1.4044614578597248       -3.7883649952709675       0.69400994107127190                3
  0.76811385573819280       -3.0614688456989825      -0.74383570346981287                2
  0.23906774353235960        3.7191227683797479        1.3185060280375183                0
  0.88345009367913008        3.6888694460503757       -2.7312012808397412                0
  -2.0694602560251951       -1.0980780585668981       -1.0409864899702370                2
  -2.5240706466138363        1.5929295308887959       -3.1270977621898055                0
   1.2918359250761569       -3.7378287152387202      -0.77463239897042513                3
  -8.9132785797119141E-003   4.1249773115850985        2.6272405986674130                0
 -0.91793748084455729       0.55203183786943555       0.10358408791944385                2
   3.9196336106397212       -4.7091043088585138E-002   2.1148103452287614                0
   1.4453341159969568        2.1751285740174353        2.0265065017156303                3
  -1.2665701587684453       0.62515266472473741       -2.1216747094877064                3
  -1.2963540595956147       -1.5059154294431210       -4.0752063947729766                0
   2.4632956762798131       -3.7910869484767318        1.4889916125684977                0
 -0.81454875646159053      -0.65050518605858088        1.7159502371214330                2
  0.22706650197505951        3.0390742933377624       -3.5556020191870630                0
   3.6971607245504856       -1.3247138052247465        1.4134789467789233                0
   1.0190692078322172        1.4077908359467983        3.8700459431856871                0
   2.9435405181720853       -1.6121302731335163        1.4595642220228910                3
  0.72413157671689987        2.2758377855643630      -0.87365357670933008                3
  -6.9006746634840965E-002   3.2220482290722430       -2.2696287999860942                0
   1.5128575777634978       0.96972811501473188       -2.3808306735008955                3
  -1.0626304149627686        2.2757055005058646       -3.9873504173010588                0
  -1.9046252244152129      -0.44592512305825949       -1.7012291890569031                2
 -0.56105567608028650       -6.4136891160160303E-002 -0.35665305331349373                2
   3.0069947661831975      -0.46062456909567118       -2.1575524285435677                0
   2.5421398528851569       0.65873790998011827        1.6843894333578646                2
  -3.2625784212723374        1.0171913192607462       -3.5920358984731138                0
   2.2367284423671663       -1.4617417962290347       0.83615582669153810                2
  0.71530174929648638        3.3335173386149108       -3.2723572337999940                0
  -1.5547347790561616        2.4694971553981304       -1.7975553940050304                3
  -1.5903500560671091        1.4937529456801713      -0.25399389211088419                2
  -4.4984519807621837      -0.45387531863525510       0.14611972263082862                0
  0.49718009540811181       -4.2374081560410559       -1.8075529462657869                0
  -2.3247761186212301       -1.4165664929896593       0.38806176744401455                2
  -2.8760645072907209E-002 -0.71724493056535721       -1.3212886149995029                2
   1.9037159532308578        1.5578907518647611        3.4533471753820777                0
  0.53176886867731810        1.5929189650341868       -1.2819612841121852                2
  -1.0901882615871727       -5.0682311411947012E-002  0.19584905356168747                2
   2.1826241398230195       -2.1550226444378495      -0.29942505294457078                2
   3.3403730066493154       -1.4153235824778676      -0.80886436393484473                3
 -0.96087238984182477       0.41179708205163479        3.5706330230459571                0
  -4.3979992903769016      -0.34054401330649853       0.57202914729714394                0
   1.5730026247911155       -2.1652727341279387       -2.0105467573739588                3
  -1.6343019902706146        1.2082153419032693        2.7891912753693759                3
  0.73378254426643252        2.3924317094497383        1.3519474328495562                2
  0.81998610403388739        3.8481522840447724        1.6481128055602312                0
  -2.7351089706644416       -2.6789340865798295       -1.8677193718031049                0
 -0.89040072634816170      -0.87147348560392857       -1.3020030315965414                1
  -1.5396934002637863       -1.1068235407583416       -3.5767590906471014                0
 -0.33239189069718122       -1.6004129173234105      -0.84163920721039176                2
  0.44652173295617104       -4.3017210043035448        1.9176623062230647                0
  -7.4893236160278320E-002   3.0563459871336818        1.7464900738559663                0
   4.1582935024052858      -0.24221030995249748        1.6869289078749716                0
   2.3002428561449051        3.8430744153447449       -1.3704426144249737                0
  -4.4073853013105690        1.1676789750345051       0.79649732448160648                0
  0.61044299276545644       0.96056837122887373        4.2480095382779837                0
   1.2916996143758297        3.6253873305395246       0.73771066730841994                0
   1.3120513944886625        2.5420650327578187       0.60557535616680980                3
  -1.3359846337698400        4.1490905918180943        1.6117913182824850                0
 -0.44802785618230700       -2.1683182613924146        2.9007684253156185                3
  -3.5787216434255242        2.4683223385363817       -5.8201516512781382E-002           0
   2.5849655712954700       0.29361436609178782        1.6542663075961173                3
  -1.5406061429530382        3.9302952378056943        2.0728419651277363                0
  -2.1308617619797587        2.5406318367458880        2.2481693397276103                0
  -1.8050419236533344      -0.65637131920084357        4.2051749909296632                0
  -1.8179429392330348        2.9341173544526100       -2.7765958220697939                0
  -1.3510934100486338        8.1151761114597321E-002  -2.8495442355051637                2
  0.75177585938945413        3.2942562852986157       -1.7049289401620626                0
  -3.6962309596128762      -0.39033645763993263        3.2804764783941209                0
   3.3483775169588625        1.1296426411718130       -2.3609904525801539                0
 -0.68763208109885454       -1.4628756931051612        1.9332460337318480                2
  0.48103353939950466        1.4243662240915000      -0.93412156915292144                2
 -0.95012809848412871       -3.2293524057604373       0.81150578334927559                2
   3.9655008935369551       -1.5151318116113544       0.72253728518262506                0
  -2.1884122490882874       -1.5532710915431380       0.44197381939738989                2
  -2.7579607232473791      -0.25238752597942948       -1.1686539254151285                2
   3.2295567216351628       -1.0033410578034818        3.4296216885559261                0
  0.41160354856401682       -3.2998642371967435       -2.0051976246759295                3
   2.0799089339561760        2.3811457213014364        1.3559811282902956                0
 -0.54421515204012394        9.3924191314727068E-002  -4.5478594047017395                0
  -2.4456938263028860E-002  -3.1979676056653261        2.0904768863692880                0
  -3.5606203251518309      -0.93658394413068891       0.80072493292391300                3
  0.66972919972613454       -1.5914350026287138       0.39344917051494122                2
  -3.6129101831465960       -2.1191152557730675       0.55596855934709311                0
   2.0798483397811651        2.2186829685233533       0.15284135937690735                3
  -2.0130248321220279       0.15742718242108822        1.4051395189017057                3
 -0.90769916772842407       -1.2215108238160610       -4.2565671727061272                0
   4.3950445577502251      -0.15450085746124387       -1.2226989166811109                0
  0.40012730285525322        1.9476940063759685       0.90936797205358744                2
  0.68033782532438636        2.9912111605517566        2.2563218325376511                0
   2.4966070149093866        2.1942783030681312       -1.9517510477453470                0
  -3.2432459178380668       -1.8553836806677282       -2.3597257793880999                0
   2.0518441521562636       -1.6059002513065934       -4.2259222618304193                0
  -2.4076105095446110       0.19654654432088137        3.9595840475521982                0
 -0.58463451685383916        1.1275845626369119        3.6982349143363535                0
   2.7377045853063464       -3.3153287158347666       0.47577086603268981                0
  0.55912616429850459        2.9163231351412833       0.89258291991427541                3
 -0.84314760053530335       -3.4391459450125694       -1.2984380032867193                3
  -2.4019440915435553      -0.45127828605473042       -2.3171002487652004                2
   2.0009636809118092       -3.4742619236931205       -2.5672444025985897                0
  -2.9735354683361948       0.68228230345994234      -0.32502034213393927                2
  -2.0016928645782173       0.17517110798507929      -0.40568092372268438                2
   2.1454928861930966      -0.26930699124932289       -3.4698072355240583                0
 -0.87883921572938561        3.5277949809096754        1.9851044914685190                0
   1.1394318472594023       -1.8073891615495086        1.9283862947486341                3
  -1.0592181934043765       -4.2470855475403368       0.50951052689924836                0
   1.8159198877401650        3.4423877927474678       -2.1838428429327905                0
   2.7752553252503276        7.4748648330569267E-003  -3.2312783459201455                0
  -2.1201592381112278        1.7598234675824642       -1.8015953921712935                3
 -0.90221917489543557       -1.6037989826872945        2.2455953597091138                2
  -1.7437052819877863        1.7334536323323846       -2.0997910317964852                3
 -0.73029249208047986       0.72299610590562224       -3.1828884244896472                3
  0.16809998545795679        2.3672154732048512       -2.2743063629604876                3
  0.75060442090034485        2.2190994932316244      -0.56537956465035677                2
   2.1657287329435349       0.21228561410680413      -0.95183163648471236                3
  0.34097803989425302        1.6592033975757658        4.2271827021613717                0
  -1.5068462514318526      -0.35983964800834656        3.6983371223323047                0
  -2.3908129334449768       -3.9171135937795043       -1.6171521693468094                0
   1.8298762664198875      -0.95642822328954935       -3.7187812058255076                0
 -0.87660628836601973       -3.9017357607372105        1.4280229853466153                0
 -0.17446443438529968       -1.8168479367159307       -1.5332192392088473                2
  -2.9475137521512806        3.1016520201228559      -0.35092161502689123                0
   1.2593799387104809        2.0058963843621314       -3.7674352200701833                0
  -2.2641419898718596      -0.55518686072900891       -4.2427424201741815                0
 -0.10684302309527993       0.32989935483783484        4.3308729422278702                0
   2.3576580407097936       -1.1165703670121729        3.9503425359725952E-002           2
  -2.6169367274269462       -1.7616038001142442        2.7705589006654918                0
 -0.52928625373169780        1.2676664930768311        1.6856509912759066                2
  -1.9509365176782012       -3.3695447933860123        1.2140610371716321                0
  0.18596281530335546       0.60927769402042031       -2.4762663268484175                3
  -1.3595395744778216       -4.2632920597679913        7.1151144802570343E-002           0
  -4.2621619068086147E-002  -3.4218436945229769        2.1631562430411577                0
  0.21730490960180759        2.8425182518549263       0.56152517441660166                3
  0.88933009188622236       -1.4857035176828504        2.8016104572452605                2
  -2.0089132152497768        4.0688924212008715      -0.70923052961006761                0
  -1.6806806134991348       -4.0490954718552530        1.8835005909204483                0
   2.2793615492992103       0.32311454880982637       -4.0441120928153396                0
   2.6758134597912431        2.7245320472866297        2.7806931175291538E-002           0
   2.1261352975852787      -0.46804383862763643       -3.1135015445761383                0
  0.59457542607560754       -4.2302028276026249       -2.5662938947789371                0
   2.7721351524814963        3.4705349733121693       -1.2773586926050484                0
  -1.8638603133149445       -2.9464341816492379        2.5758024677634239                0
   4.2242617346346378E-002  -2.5217885547317564        4.2947677941992879                0
 -0.38955982541665435       0.96327236620709300       -3.5466710734181106                0
  -1.0290364734828472E-002  -4.2381951003335416       0.44496472226455808                0
 -0.50142730120569468       -2.2291572182439268       -2.2805331018753350                3
  -2.2991910926066339       0.39454790297895670      -0.47764583490788937                2
  0.82916561048477888       0.24522382533177733        4.7406345815397799                0
  -3.2098390674218535       -3.2979042688384652       0.59331446420401335                0
   2.9801715700887144       -3.4394663292914629       -1.9859961140900850                0
  -2.9865220864303410        8.3469739183783531E-003   1.2408045958727598                3
  -2.9517819848842919       -1.5303090144880116       0.66059996606782079                3
   3.9592354069463909       -2.3448172211647034       0.79346996266394854                0
  -1.2594763096421957        2.2098686755634844       -2.8701502014882863                0
   4.4115779176354408        1.3774833292700350       -1.1104280198924243                0
  -2.0071967365220189       -3.3375987759791315        2.7492703637108207                0
  -2.6821874058805406       -3.4877149830572307        1.0757556976750493                0
  -1.7984145507216454       -2.3533948441036046        1.7166826478205621                3
  -1.1143358214758337       -4.1703601879999042        4.6933514531701803E-002           0
  -1.0185032710433006      -0.56070136604830623       -2.8461107215844095                3
  -2.5059408391825855       -3.6195120285265148      -0.85933296941220760                0
  0.47041610581800342       0.46625797171145678        2.2761983238160610                2
  -3.1733698514290154      -0.14629492769017816        3.3500153734348714                0
  -1.5801717853173614       0.39296117145568132        4.4945182814262807                0
  0.52044603275135159       -3.2224707584828138        1.0500615765340626                3
   2.1560313343070447       -2.8458576626144350       0.70252544712275267                3
   1.1624255171045661       -2.5464766775257885       -3.2260303525254130                0
  -1.3667046581394970       -2.7593576069921255       0.56446191854774952                2
   2.1896873507648706       0.73552544694393873       -1.1547347786836326                2
   1.2006411561742425        1.6860424075275660E-002   2.2471737558953464                2
   1.9498219387605786        1.9246703526005149       -2.5930900662206113                0
   2.2075859294272959        2.1088981488719583       -1.7632295563817024                0
  -1.8181439139880240       -3.5268902219831944       -1.1935381544753909                0
   4.5328961522318423       0.47016068827360868       -1.0755796427838504                0
  0.19214301602914929        4.0232019452378154       -1.8767511402256787                0
  -1.5863569616340101      -0.17436488531529903        1.3750757998786867                2
  -2.6814847369678319        1.3934730202890933       -2.2905136900953948                3
  0.70593913085758686      -0.84649354917928576        3.1331551144830883                3
   2.0625388692133129       0.52898939466103911      -0.91018418781459332                2
  0.75630775652825832       -2.1733811846934259       -3.9146471046842635                0
 -0.53854884812608361       -1.0315889702178538       0.80942121800035238                2
  -2.5674740830436349       -1.4525825902819633        3.9146216260269284                0
   2.3470344161614776      -0.29285542434081435       -3.3811671705916524                0
   2.6549451495520771       -2.0349342445842922      -0.63155003357678652                3
  -1.1331138224340975       0.15097098192200065        2.3553439113311470                3
  0.88874235982075334        1.6966562950983644        3.7387283006682992                0
   1.0599908675067127       -2.2309988946653903        1.6313780331984162                3
  0.13449522666633129      -0.74427039828151464       -4.2146265623159707                0
  -1.0430774162523448      -0.32419800059869885      -0.22503958549350500                2
  -3.4961506165564060       -1.0762086207978427        2.5169003126211464                0
  -1.8485531210899353       -1.8538456829264760       0.55220168083906174                2
  -1.8341673165559769      -0.58369640493765473        3.1097183190286160                0
 -0.34244642127305269        2.1985905105248094        2.4324012524448335                3
  -8.7671668734401464E-002  -2.3206197889521718        1.3185524148866534                2
 -0.27018059277907014       -2.0386678446084261        3.3168295281939209                0
  -2.4992668838240206       -3.6038213269785047       0.27284014271572232                0
  -2.5222844514064491        1.1578606069087982      -0.62762945424765348                3
  -1.7971666529774666E-002 -0.16868015285581350        4.5027821324765682                0
  0.69105248665437102        3.8456148607656360       -1.6132626030594110                0
   2.8852776205167174        3.5176260932348669       0.19405614817515016                0
  0.52650122903287411        2.0129114948213100       -3.3298278995789587                0
   2.8459793422371149        1.6207067179493606       -3.5794941056519747                0
  -2.0481074228882790      -0.99355388665571809        2.8313340758904815                0
   3.3507233625277877       -2.0913093723356724        2.3374097258783877                0
  -9.2192972078919411E-003   3.6199558619409800        3.3749539311975241                0
 -0.47478092135861516        4.3094570282846689       -1.8291507451795042                0
 -0.96026359125971794        1.8433378590270877       -3.2268775324337184                0
   2.4975029681809247        2.9484756966121495        1.1210533767007291                0
 -0.77559183817356825        3.2623951975256205        3.4709387947805226                0
 -0.41105790296569467        2.5856344448402524        1.2110121850855649                3
  -5.7147573679685593E-002  0.43444276787340641       -1.0609669447876513                2
 -0.60363185359165072       -2.2570300637744367        3.8118832465261221                0
  -1.6584688075818121        1.2288601160980761        2.9295777902007103                0
   1.0168472398072481       -3.6005830788053572       -2.8962853015400469                0
   2.6100689778104424       -2.0533254789188504        2.8542141360230744                0
   1.3914397079497576        1.9220435596071184      -0.21525321993976831                2
  -1.3136294530704618       -1.5816693683154881        2.4661614815704525                3
  -4.1300754784606397       0.12450907379388809       0.84197224583476782                0
 -0.79138746019452810       -2.5148318451829255        2.3390691191889346                3
  -1.8408489180728793        1.0016255453228951       -9.6116845961660147E-002           2
   2.6851996663026512       0.52650128025561571       -2.5709140719845891                0
  -1.4111424097791314       -1.2720909435302019        1.0212695784866810                2
  -2.3318296787329018        2.9525643796660006      -0.91055094264447689                0
   1.2055385950952768       0.36301535321399570       0.12076444225385785                2
  0.72464809520170093        4.4557349220849574      -0.94453891506418586                0
  -2.2177324094809592       -1.7087125196121633        1.7531916964799166                3
  -1.4709516102448106       -2.8594152559526265      -0.27376510202884674                3
   1.1093189916573465       -2.3837163206189871       -1.5396632999181747                2
   3.0243609542958438        1.3476469134911895        1.9419124280102551                0
   1.8147203465923667        2.8061782033182681       -1.4666922064498067                0
   1.7128158779814839        1.5543487994000316       -2.0830868463963270                3
   1.5647387946955860       -4.1110643371939659       -1.6024682670831680                0
   1.6478480584919453       -4.3851370178163052        1.1499322182498872                0
   1.5935609862208366       -2.5134997908025980       -2.0778578356839716                3
 -0.54429078707471490       -4.3375339102931321       0.52064339630305767                0
  0.97984181251376867       -4.7673174319788814       -1.1354030668735504                0
   3.6666225944645703       -1.3222106313332915       -7.9671761486679316E-002           3
  0.43934571323916316        4.3253562785685062        1.7315920442342758                0
  -2.6328698871657252       -3.6156623251736164       0.22058206377550960                0
  0.57676798431202769       0.90794008458033204       -4.3657725420780480                0
  -2.9749287921003997       -2.4250156618654728        3.1136665446683764                0
  -1.4414788968861103       0.67202616250142455        2.1087435819208622                2
   1.0873393039219081        3.5493018035776913       -1.7797318310476840                0
   2.0152781251817942       -2.0044195884838700       -3.2765266252681613                0
 -0.37152490112930536        1.5151232178322971       -3.6038153478875756                0
 -0.15931897563859820       0.28489445103332400        2.2371483664028347                2
  -3.0265003023669124        2.6315254811197519       -1.2511728634126484                0
   2.9439470847137272       -1.0175346559844911       -2.8585452469997108                0
  -1.6575553710572422       -4.0095569542609155       0.21853053011000156                0
   1.8687670305371284       -4.0140463970601559E-002  -4.0994419925846159                0
   2.1968869375996292       -2.5917129684239626       -1.2294935178942978                3
   1.4526626979932189       0.57161773787811399        2.1471073222346604                3
  -2.8530788561329246       -2.3459640820510685       -1.6738133830949664                0
   1.5721121663227677        3.7584947259165347        1.3644702616147697                0
   2.0768262958154082       -3.0010340246371925       0.13669244246557355                3
  -5.5410829372704029E-002   1.4283041912131011        4.5636258600279689                0
  -2.5558658316731453        1.8334185518324375        1.6264274832792580                3
  -4.7292551002465189      -0.72635857388377190       -1.0467733326368034                0
   2.3196725151501596      -0.51605791784822941       -2.4524508067406714                3
  -1.6530795465223491       -1.7095415713265538      -0.81662138691172004                2
  -1.2296449276618659        1.3089985726401210       -2.1111311158165336                3
   2.4592612334527075       0.46114402823150158       -4.0852597844786942                0
   1.0904714302159846       -1.0140466480515897       -4.3222674960270524                0
  -3.4888174687512219      -0.84541615331545472       -2.8265358414500952E-002           3
 -0.39379440248012543       0.11776710860431194       -2.1723442920483649                2
  0.14800202101469040        4.0723006008192897        1.2656763964332640                0
  -1.1382977641187608      -0.34684482496231794        1.7845775978639722                3
  -1.9776874152012169       0.96591742709279060        1.5488511417061090E-002           2
  -1.8685093615204096       -1.7527645686641335       -3.7113392446190119                0
 -0.44916548300534487        1.9662671256810427       -4.0774019341915846                0
  -1.0531533416360617        2.3517527757212520      -0.82384913926944137                3
   3.1351302773691714       -1.4636207837611437       -1.4290079288184643                3
   4.3370164581574500        7.9855686053633690E-002  0.52838778821751475                0
 -0.17641169717535377        2.7657930809073150      -0.32468418125063181                3
 -0.25472643086686730       -5.5026602931320667E-002  -6.3562011346220970E-002           2
   1.4755702251568437       0.30448159435763955       -3.4982065064832568                0
   4.0055994642898440      -0.33458853140473366      -0.39772913791239262                0
  0.65467425156384706        1.9275936111807823       -7.5220146682113409E-002           2
  -4.6510493755340576        5.5594549048691988E-002   1.4893228537403047                0
   1.7452276567928493       -4.0192422224208713       -2.2737922519445419                0
   2.0503764483146369       -1.0301435156725347       -1.1122692376375198E-002           3
   4.3336054589599371       -1.8227973417378962      -0.38151892134919763                0
  -1.7121348669752479        3.1260780943557620       0.43228959431871772                0
  -4.0546776168048382       -2.7888262341730297       0.53105854196473956                0
   3.5077084321528673        2.0323761110194027       0.36471221828833222                0
  -2.5407304777763784       -1.5723714698106050        3.1513214088045061                0
  -1.0728068044409156      -0.32266311347484589       -3.0381455621682107                2
  -5.0321500748395920E-002   4.1839924221858382      -0.54229635279625654                0
   3.1374473217874765        3.5272821551188827       -1.6025608428753912                0
  -1.2648883881047368        3.1791964708827436        3.3822245919145644                0
 -0.17151190899312496       -1.3315617991611362        4.0012143063358963                0
  0.44800580013543367       -1.3115618773736060       -1.1071689217351377                2
 -0.21576293045654893       -1.2898287246935070        3.8822335400618613                0
  0.20875384332612157        4.0262141916900873       0.19061507424339652                0
  -3.4551765094511211      -0.14241467928513885       -2.7866516239009798                0
 -0.16002727672457695        3.4172586095519364       -1.9217498134821653                0
   3.4212425281293690        1.3020740309730172        3.2751890551298857                0
   2.7840334060601890       -1.4792689192108810       0.79777316190302372                2
 -0.34865401918068528        3.9393328549340367        1.3654497056268156                0
  -3.6107064085081220        2.3761869012378156      -0.28134499210864305                0
  -3.1228687893599272       0.98740202374756336       -3.5624621389433742                0
   3.0516987410373986       -2.8029575338587165      -0.82495461218059063                0
   1.4900772157125175      -0.64975044457241893       0.14756665565073490                2
   3.2063111197203398       -1.1719322600401938        2.5908318418078125                0
  -1.9417478912509978       -2.6123151811771095        2.8341950336471200                0
  0.34458607668057084       -4.2979100486263633      -0.47297417884692550                0
  -2.8086953749880195        3.5095913033001125      -0.41024759411811829                0
  -2.7751179691404104       -2.9309473675675690       -1.3145848247222602                0
   1.7216312442906201      -0.40923079941421747       -2.5344755267724395                3
 -0.99564309697598219      -0.69302008021622896       -1.2411716277711093                2
   3.2975997845642269       -1.5461835800670087        2.4289157125167549                0
  -2.1026217215694487       -3.9002548810094595        1.4141179597936571                0
   1.9854623824357986       -2.3167099850252271       -3.1961801601573825                0
 -0.46474787406623363        2.8135441616177559        2.3072200920432806                0
   2.1807042672298849       0.61691147973760962      -0.58377224253490567                3
  -2.3445275216363370      -0.67843363620340824        1.9063298800028861                3
  -2.5565326819196343      -0.51803038455545902        2.2826507710851729                3
 -0.26147331809625030      -0.87672914378345013        2.2191870282404125                2
 -0.98933634115383029       -2.1256827679462731       0.80194042762741446                2
  -2.1316176955588162        1.7765667918138206       -3.9872526493854821                0
   1.4505361905321479       -4.7053444245830178      -0.39014119654893875                0
   2.1407242468558252      -0.77240241924300790       -2.8369082044810057                0
  -1.2523834197781980        2.7387583092786372       -3.8516562688164413                0
  0.43169332435354590        3.0203388771042228       -1.0464293090626597                3
  -3.7937803869135678       0.36488565150648355       0.64456392079591751                3
  -7.7167430426925421E-002  0.26144079864025116       -3.5029291594401002                3
 -0.46438783174380660       -1.0470380820333958       -4.0612308261916041                0
   2.5704587413929403        3.2620335952378809       -1.5745366085320711                0
   1.4838811242952943       -4.3141251662746072       -1.9613577798008919                0
   1.4732696674764156        1.0306707816198468       -3.0876790848560631                0
  -2.8006945550441742       -2.3494681995362043      -0.60690144775435328                3
  0.17418761970475316       -3.0305901821702719       -5.8187907561659813E-002           2
  -1.7936522956006229       -9.8608280532062054E-002  -4.4768184330314398                0
   2.2357471031136811       -3.0430052010342479        1.3998686918057501                0
 -0.50297154579311609        1.6462530521675944       0.62071014894172549                2
 -0.13991992222145200       -1.7939991177991033        4.4871288537979126                0
   1.8945417110808194       -2.5964695564471185       -2.1417000470682979                0
   2.4766023643314838        2.1919847279787064       -3.5685551236383617                0
  -2.7310017985291779        1.1408889712765813      -0.71647931355983019                3
 -0.75435357401147485       0.91786609962582588      -0.53854082012549043                2
  0.58651296887546778      -0.74809851124882698        2.7157930424436927                3
  -2.3315620492212474      -0.42994782095775008       0.37431720877066255                2
 -0.39587079314514995       0.51357707241550088       -3.9986831508576870                0
   2.6047872169874609       -3.3682384202256799       -1.0397100215777755                0
  -4.1122604534029961        2.5378718343563378      -0.66768826218321919                0
  -3.9633978484198451       0.50752524053677917       -1.4437564834952354                3
 -0.47496017534285784       0.20841194549575448        1.5593962394632399                2
   2.5399246462620795       -1.3268625922501087        2.2341887978836894                3
  -2.7671032864600420       0.73622557567432523       -3.7671562749892473                0
 -0.29108982067555189       -2.9660252714529634       -3.2193826348520815                0
  -7.4263468850404024E-002   1.8778268573805690       -2.2816749732010067                3
  -1.6228479007259011        3.4684674348682165       -1.0054098186083138                0
 -0.82491541514173150        2.1500724554061890       0.83756176056340337                3
 -0.84584378404542804      -0.83988939877599478        2.3450289084576070                3
   2.2752185654826462       0.64102665521204472       -2.7031189831905067                0
  0.57071868795901537        2.2417256701737642        1.3869772478938103                2
  0.79144307877868414        4.6243206108920276        1.3373431493528187                0
   3.2872130861505866      -0.90677226660773158      -0.50965250469744205                3
 -0.38739797193557024       0.75520653277635574       -4.7291839867830276                0
   1.7444003769196570       -1.5314140380360186       -2.0500168879516423                3
  -1.6316067799925804       -3.4211709257215261       -1.7705927276983857                0
 -0.29924387112259865       -1.1521649034693837       -3.2454053009860218                3
  0.17356254393234849        2.7737003681249917        2.1716015716083348                0
  -1.0396388289518654       -4.0165929985232651       0.87953784503042698                0
  -1.0230870638042688        1.7043029423803091        2.8818100993521512                0
 -0.77270134352147579        1.2807423528283834        4.7041151695884764                0
  -2.5608472176827490       -1.2604018137790263       0.63061463413760066                2
   3.1227624346502125        1.8981246487237513       -2.9042350989766419                0
   1.1940390826202929       -4.5836024777963758      -0.75313268695026636                0
   3.9771252940408885        1.3003039732575417       -1.1998103652149439                0
   3.3679451816715300       -3.4255087841302156       -1.2684943736530840                0
  0.19508272875100374       -1.7865840508602560        3.7110573961399496                0
  -2.8001133538782597        2.6948505593463778        1.1675241799093783                0
   2.5931782671250403      -0.59953975258395076       -3.6287355213426054                0
  -3.5196867166087031       -3.2213020767085254       0.66007387358695269                0
   2.5573062826879323       -1.0345126735046506       0.95964406616985798                3
   4.2693665553815663       -1.2368871201761067        7.7137395273894072E-002           0
  -2.5882120942696929        2.0552308438345790       -2.0154474908486009                3
 -0.69222623482346535       -2.6502996031194925        4.1128164739347994                0
  -1.3006977969780564        2.7260576933622360       -3.8074846426025033                0
   4.1597092151641846       -1.3404891686514020       0.34883461659774184                0
  -2.4423035490326583      -0.89181351242586970       -4.2347030132077634                0
  -1.8719364702701569        2.5634861784055829       -2.6437105354852974                0
   1.5273128543049097       0.50332520389929414        2.1365153463557363                3
  0.19725307822227478        1.0210747248493135        3.1640872219577432                3
   1.8135286751203239       0.72567011928185821       -4.2500362871214747                0
  -4.7677574260160327       0.41667575482279062       -1.0050423280335963                0
   3.5809278674423695        1.6023452603258193        2.0426233136095107                0
  -1.5936982212588191        2.6848730281926692        3.2494963053613901                0
   2.0408539450727403       -1.4372796029783785        2.1764999488368630                3
  -1.1452704481780529      -0.65574235515668988       -1.3417909923009574                2
  -2.1157315070740879       -3.8810180593281984       -1.6674931347370148                0
 -0.28569496935233474        2.5382435414940119E-002  -2.9917340353131294                2
  0.61713524628430605        3.2728643878363073        3.4474289347417653                0
  -1.8772731185890734       -1.1511216126382351       -3.5422549885697663                0
  -1.3034993899054825       -2.2175005893222988        1.6432380210608244                3
   3.2264438248239458        1.1315279966220260       -1.4064098731614649                3
 -0.43850210495293140       -2.9941127495840192       -3.6212699278257787                0
  -2.8167234594002366       -3.1898380350321531       -2.3315834626555443                0
   2.4771253345534205       -1.4846168295480311       -1.3330743601545691                3
   1.7145426291972399       -3.4875836293213069       -1.9546981016173959                0
  -2.8457654267549515        9.5695585478097200E-002 -0.39402417605742812                2
  -2.6788058434613049        1.1959438165649772       -3.5823647538200021                0
  -8.4387420210987329E-002  -2.2310592164285481      -0.30225613620132208                2
 -0.48071065219119191       0.71233386173844337        4.4629063108004630                0
   2.0512584107927978       -2.0151582057587802       -1.5038581239059567                3
  0.66215158673003316        3.3845901070162654        2.0678036287426949                0
   4.4032483408227563       -2.0545834023505449      -0.71026513818651438                0
   1.1915663699619472       0.23415507050231099        3.3657381427474320                3
  0.75272775022312999       -2.9765603877604008       -2.7006821986287832                0
   2.6322928420267999        2.4437385401688516        1.1995126632973552                0
  0.45766042545437813       -3.1152952741831541        2.4620567145757377                0
   1.6236490127630532       0.31699774088338017      -0.75922577176243067                2
  -2.8437197161838412       -1.7409500735811889       -1.4455011975951493                3
   3.4236727049574256       -3.4919632249511778       0.65405094763264060                0
  0.71863069664686918        3.3757728850468993      -0.23060570703819394                0
   2.4881880288012326       0.62743736431002617        4.0623321873135865                0
   2.4459596374072134       0.46945736510679126       -1.2911974359303713                2
   2.4488455150276423       0.39852247107774019       0.39576780050992966                2
  -1.1687866691499949       0.63437845325097442        2.2844500700011849                3
  -2.8216706565581262       -2.0026598428376019       0.87380984332412481                3
   2.6239435002207756        3.0938372155651450        2.6708123320713639                0
   1.1534596607089043       -2.0970362122170627        1.8713013897649944                2
  -1.4390482404269278       -4.1186729096807539        1.3590147253125906                0
  -1.5327014308422804       -2.4834490404464304        1.6716565238311887                3
  -3.2998776016756892       0.63879935536533594        2.2434101253747940                0
  0.13173111015930772       -4.3480209959670901       -1.8432925455272198                0
  -2.7620398160070181        3.1941493856720626      -0.37036086665466428                0
  -1.2275822041556239        2.4654808361083269        3.8516052463091910                0
   3.0670971469953656      -0.50045204581692815       -2.6326599624007940                0
 -0.80977472476661205      -0.91265883762389421       0.46727654291316867                2
   3.9928108989261091       0.36921906284987926        1.7488609184511006                0
   1.6687159356661141       -1.1773201962932944        1.5449708839878440                2
 -0.23225873708724976       -3.5547353071160614       -1.2571473442949355                3
 -0.11916523566469550       -3.5795962205156684       -1.3867191178724170                3
  -2.3935613827779889        1.3412310415878892       -1.5601930255070329                3
  0.59257576242089272       -3.4736205264925957        1.1345863295719028                3
  -2.8476240462623537       -1.4257134054787457       -2.5265062064863741                0
   1.4393754955381155        1.1940437485463917       -3.0554890306666493                0
  -2.9589977138675749       -1.3874108344316483        1.8567472742870450                0
  -2.5851675774902105       -3.1400185986422002       -2.4782291753217578                0
  -1.0469214548356831        1.2703533796593547        3.9040607330389321                0
   1.7865640018135309       -4.3138392688706517        1.7507526022382081                0
 -0.18220117082819343        4.0533138485625386       -1.3914021314121783                0
  -2.3847904964350164       -2.3232868290506303       -3.4432029770687222                0
   1.3885382912121713       -1.7780500417575240        2.5885606999509037                3
 -0.13805493712425232       -3.4151199506595731       -2.9487924207933247                0
 -0.81349573098123074      -0.68957372102886438       -2.0026324875652790                2
   2.4369133519940078      -0.97401978680863976       -1.2567622424103320                2
  -1.2175640230998397      -0.95744437770918012       -2.5671377917751670                2
   1.2598990928381681       -2.0869985083118081        1.7081415024586022                2
 -0.50393112469464540       -1.5219849813729525       -4.0289336163550615                0
   1.6240188293159008        1.0514193703420460        1.1131976218894124                2
  -1.9073744886554778       -1.7927154805511236       -2.8072665375657380                3
  -1.1127056088298559        1.2013154081068933       -1.7106285342015326                2
 -0.49106547376140952        3.6563570308499038        2.0529565494507551                0
  0.14993639662861824       -1.1284752609208226       0.69844075245782733                2
  -3.5559588856995106        1.3643944333307445       -2.8033321443945169                0
   1.8129088403657079       0.45790808508172631      -0.50786606967449188                2
   3.6848691827617586      -0.21780203562229872       0.27322651585564017                0
   3.7232611118815839       0.95477175200358033        2.8890732023864985                0
 -0.19507898949086666       -2.0267925085499883       -1.0285701765678823                2
  -1.5504286414943635       -1.1100880638696253       -3.1157045159488916E-002           2
   4.7083070478402078       0.91651859926059842      -0.33213156042620540                0
  0.60312317917123437      -0.62117163557559252        4.8761404887773097                0
   1.5409427788108587        1.0554632497951388        2.4133136612363160                3
  0.16114578815177083        1.7423807107843459        4.3477215897291899                0
  -2.1905666170641780        1.7165420250967145        3.1002345262095332                0
  0.87629717774689198       -1.1645428230985999        2.6010680478066206                2
   4.3325593369081616        2.1734617487527430       0.62801176682114601                0
   1.5910283429548144       -3.4326193993911147      -0.32285085413604975                2
   1.4091138914227486       -2.7923382539302111      -0.24720964953303337                2
  -4.4153226981870830       -3.9810205344110727E-002   1.7744374298490584                0
   1.6224959958344698        1.9550014659762383        1.5038716048002243                3
  0.38917849538847804       -1.7937701498158276       0.58914051624014974                2
  0.51689717220142484       -1.2549159140326083       -2.2249335283413529                2
  0.75071365805342793       -1.7829060973599553       -2.2993870917707682                2
  -3.0389777501113713       -1.9351746328175068       -3.1426547793671489                0
 -0.50673936260864139       -2.7986766048707068       -4.0283095813356340                0
  -1.9763033674098551        1.5487164631485939       -3.1599072180688381                3
   2.7087879646569490       -1.1676397360861301       -1.9150944426655769                3
 -0.84876794135197997        2.4486139300279319        2.3539155116304755                0
  -1.7266838601790369       -2.1361235110089183       -2.8593930322676897                0
   2.7453996334224939        2.1489519369788468        1.5853878972120583                0
  -1.5899375500157475       -1.2572273635305464       -3.8976885005831718                0
   3.3614659006707370      -0.61986190732568502       0.44091311981901526                3
  -1.6378124407492578       0.10661714244633913        2.1196056460030377                3
  -3.9782614237628877      -0.70874350145459175      -0.92873791698366404                0
 -0.28664975194260478        1.4200595789588988       -1.7858120333403349                2
 -0.33174912678077817        1.3635979872196913       -4.7471666475757957                0
   2.2450320445932448      -0.48775282455608249        1.7069806042127311                2
   1.2807058449834585       -1.6621386329643428        2.3326852684840560                3
 -0.30418076785281301       -2.9148337058722973      -0.49824316287413239                2
  0.92268230160698295       -2.5348370196297765       -1.9366022548638284                3
  0.28247852809727192       0.81606136402115226       -1.5121856518089771                2
   2.8365018451586366        1.0886277793906629       -2.6674578594975173                0
   1.2728291540406644      -0.12844365090131760       -3.1658259476535022                0
   1.9971211208030581        1.1494362982921302      -0.58576656039804220                2
   2.2451302665285766        1.0565180215053260        2.2359776706434786                0
 -0.57492093415930867        2.4482982954941690       -1.1019402090460062                3
  -4.3032409390434623        1.8910549394786358        1.3283826084807515                0
 -0.97504033939912915       -2.2403668542392552        2.9226451204158366                0
  -2.1430563647300005       -2.4674917873926461        3.5217591933906078                0
  -1.1794636189006269        1.3708559563383460       -4.2500631697475910                0
 -0.20646189805120230       -4.2000374873168766       0.89500459609553218                0
   3.4254234586842358       -9.7006768919527531E-003  -3.5795498196966946                0
  0.87395636131986976       -1.0761343804188073        4.4519086740911007                0
  0.65811502048745751       -2.2466022125445306       -1.6994278016500175                2
   4.0775526454672217       -1.2909482466056943       0.16373498830944300                0
  -2.5431447266601026        3.7868161499500275       -1.2078507174737751                0
   2.0952163008041680       0.96125701908022165       0.39853148628026247                2
   1.0889924573712051        2.4194705160334706       0.69892179220914841                3
   1.3672480452805758       0.58775597484782338        3.1423871545121074                3
  -2.2487989161163568        1.6900636372156441       -1.1373178055509925                2
   1.8505341093987226       -1.0964501090347767       0.12543990509584546                2
 -0.26598458411172032       -3.1282442994415760        8.9871184900403023E-002           2
   3.8769610808230937        1.0263801529072225       -2.3183050658553839                0
 -0.87099770782515407      -0.64664594829082489       -3.4417463745921850                3
 -0.63032702775672078        1.3210274092853069        3.4588110423646867                0
  -2.4643193208612502       -3.0054348590783775       -1.8872787477448583                0
  -3.6791308480314910        1.3856097473762929        1.1127782380208373                0
   1.8867631000466645       -2.2169175208546221       -1.4210349414497614                2
 -0.43358513154089451       -3.4057332505472004       0.42670299764722586                2
  -2.8884530067443848      -0.67270756000652909       -2.2912671696394682                3
   1.8901105504482985        2.4761457974091172       -3.8442849507555366                0
   1.9520728592760861       -2.1624343888834119        1.0840965900570154                2
  -2.5454963836818933       -2.3634056793525815        7.6086095068603754E-002           3
  0.95475355861708522       -3.4277031011879444       -1.5123291732743382                3
  -2.2084279917180538        2.4664599215611815        2.1864837105385959                0
  -1.6226615826599300        1.0161756468005478       -4.1832904075272381                0
 -0.85485597839578986       0.70666003273800015        3.0147749022580683                3
   2.9664215352386236        1.4895390905439854       -2.4096504878252745                0
  0.53616217104718089       -2.2412679786793888       -3.4285357990302145                0
  0.29957782709971070       0.95164986327290535       -3.2522986433468759                3
  0.99877810338512063       -3.9093163795769215E-002  -3.5691740480251610                0
 -0.61409203102812171      -0.31364565482363105       0.14436327619478106                2
  -1.6839105775579810        2.8378570312634110       -1.4347748528234661                3
 -0.92893552035093307       -1.4392378949560225        3.5954711213707924                0
   4.4775220728479326       -3.0957541894167662E-002   1.8701172829605639                0
  -1.3586806575767696       -2.3764411313459277        2.3119850154034793                3
  -2.7802815986797214       0.93518873909488320       0.88016894180327654                3
  -2.0630029216408730      -0.98863360472023487        4.1485561034642160                0
  -1.1816073209047318        1.2711800099350512       -1.6981557011604309                3
  -2.8106260299682617       -3.3296359167434275        2.2304533445276320                0
  -1.9045605463907123       -4.2805832903832197      -0.93188226222991943                0
 -0.96157415769994259       0.64166651573032141       -3.8010338204912841                0
  -1.2535503460094333        3.3974010543897748        3.3702648757025599                0
   2.8085808223113418      -0.32717416528612375       -3.8234057161025703                0
  -3.7089359038509429      -0.69701277650892735        3.2467463472858071                0
 -0.71478529833257198       -2.5459712999872863       -2.5170759414322674                3
  0.94888867111876607        3.2891620695590973        1.3741687196306884                0
  -4.2773341434076428        1.2587911821901798        1.5856360993348062                0
  -1.0328877437859774       -3.0647740047425032       -1.0653517884202302                3
   1.1395508958958089        2.7282467461191118       -1.4607369853183627                0
  -2.3274944094009697       -2.0732313441112638       -1.0599314421415329                3
  -1.3627738901413977        3.2857662858441472        2.2046340652741492                0
   2.4902636557817459       -1.8545067450031638        3.5219001956284046                0
 -0.31357458792626858      -0.56977303931489587        2.5964805646799505                2
 -0.21421096054837108      -0.22197758778929710       -1.6896584909409285                2
  -4.6825945982709527       0.65774859394878149      -0.29706829227507114                0
  0.45882757753133774        1.1315861577168107        3.8790933322161436E-002           2
  -4.9624364613555372       0.16719784587621689       0.57468257378786802                0
  -2.3438699124380946        2.3194001871161163       -2.4681424302980304                0
  -1.9372685370035470        2.9630444757640362      -0.16609996790066361                3
  0.25995446601882577        2.2688404819928110        1.8045399500988424                3
  -1.8412274261936545       -2.0055941957980394       -2.6212921389378607                3
  -1.3433823850937188       -4.2625827854499221        1.5730810794048011                0
   2.9710415191948414      -0.83811111748218536       -1.6697888681665063                3
  -3.0791027285158634       -1.7164523014798760       -2.5834729569032788                0
  -1.8360458104871213       -1.1856035026721656       -3.2857979391701519                0
   2.1535739302635193       0.44982278952375054        1.2452132138423622                3
  -1.4457504451274872        1.8642846774309874        2.8151113796047866                0
   2.3979629529640079       0.26896872092038393        4.0317320264875889                0
  -3.8090650923550129E-002 -0.12427957728505135       -4.4671333697624505                0
  0.27327797142788768       -3.4174533002078533       -1.5461968979798257                3
 -0.87084885686635971       -1.1681475932709873       -4.5596105512231588                0
   3.4142773039638996      -0.86524988990277052       -3.2129445555619895                0
 -0.76015253318473697        2.9362057824619114        3.0430737556889653                0
   3.3797719515860081E-002   3.0173940630629659        2.7462666225619614                0
   3.1683840905316174      -0.29636599589139223        1.6426981124095619                0
   1.3577036489732563        3.2430846244096756       -2.3638626397587359                0
 -0.74942461913451552        1.2948378268629313       -4.4250088138505816                0
   3.1768681528046727       -1.6638237750157714       -2.1874919719994068                0
   2.8812209540046751       -1.6496819653548300       -2.9250501771457493                0
  -2.2962551354430616       -1.8933884194120765       -3.3900825912132859                0
   1.2039662664756179        4.5756715210154653        1.1431057658046484                0
 -0.58978284476324916       0.29692392796278000       0.21689692744985223                2
  0.72508503915742040       -3.0024971743114293      -0.11926841922104359                2
  -2.2020101081579924        3.9209830691106617        1.9349390780553222                0
  -3.8533145422115922      -0.77685590600594878       -1.3282500044442713                0
 -0.95870890887454152      -0.91577874030917883        2.4265947192907333                3
  -1.6331463656388223        1.4106635097414255        2.3848554794676602                3
   2.0918821892701089        2.2710404242388904       -2.8007167438045144                0
  0.48962543020024896        2.7227136283181608       -3.0174102424643934                0
  0.34812615253031254       0.42840802576392889       -4.7226287890225649                0
  -1.5469488292001188       -2.5882554100826383      -0.40793580235913396                3
   1.7066073673777282        1.5371721726842225       -3.7499829963780940                0
  -2.3537324066273868       -2.1504888427443802        4.4382819905877113E-002           3
  -2.5811555259861052       -1.1311670998111367      -0.80448301509022713                2
  -2.9033114272169769      -0.86239869939163327      -0.58111068792641163                2
  -1.0576636320911348        2.2410847409628332       0.87144190212711692                2
  0.95777238719165325       -1.4189675101079047      -0.87673118570819497                2
   2.0745768747292459       -3.6268841382116079       -2.0414868090301752                0
 -0.18323594471439719       -2.7509725396521389       -1.0740293562412262                2
 -0.75693920487537980      -0.62056005699560046       -1.0114907077513635                2
   2.0215537771582603       -2.4176074331626296       -1.5894202818162739                2
  -2.2633333131670952       0.90139447944238782       -2.9598983074538410                3
   1.0366178443655372        2.5230293441563845        2.7029524021781981                0
 -0.45032952446490526       -3.7532289675436914       -2.0671449950896204                0
   1.9425903516821563        1.8343895510770380       -2.1318422583863139                0
  -2.2853037342429161        3.1074053072370589       0.93637460842728615                0
  -2.5944806425832212       -1.0996452020481229        2.5382586172781885                0
  -3.0508303875103593        1.5168702066875994       -1.0849120514467359                3
   1.3248048909008503      -0.92773911776021123       -4.5870370441116393                0
   2.8971782629378140       -2.3375102388672531        3.1168329273350537                0
 -0.13999385060742497      -0.12962188106030226       -2.3983656382188201                2
  -2.1691221487708390        4.3852800223976374       0.64905318431556225                0
 -0.65181264420971274       -3.3550396095961332       -2.6486603729426861                0
 -0.41412541409954429       -1.7458290979266167        4.6568520832806826                0
  0.79665214288979769        2.7717094426043332        2.4656432867050171                0
 -0.80634672427549958        2.8010227833874524       -3.8343666470609605                0
  0.57558869943022728       -2.4598781368695199       -4.2353314347565174E-002           2
  -3.4328562044538558       -2.5726851448416710        1.4086420531384647                0
  0.32784075709059834       -3.7954319408163428        2.5588572677224874                0
 -0.51357589894905686        1.9932074169628322        2.0234821969643235                3
   2.3119012755341828      -0.74359220685437322       0.68202952621504664                2
  0.37959219189360738        1.5172929945401847        4.4096354441717267                0
   3.0794970062561333      -0.95733095891773701       -1.6577102593146265                3
   1.1619027890264988       0.80370077630504966        2.3930197651498020                3
   2.4884963757358491       -2.7725706924684346        2.6870787143707275                0
  0.49780309665948153       -1.7205178621225059       -3.3318601897917688                3
   1.4261662098579109        2.9312614724040031       -3.5250274837017059                0
 -0.67461617989465594        4.4982321816496551       0.39662351366132498                0
 -0.49991036765277386       0.11104048928245902        2.8059776546433568                3
   1.0054116137325764E-002  -1.6842835862189531        2.8150694351643324                3
  0.41630893014371395        2.2968903905712068        2.9080210253596306                0
  -2.0267887809313834        4.1972620086744428        1.2195528834126890                0
   1.7811481910757720        2.9420314822345972E-002 -0.13489878503605723                2
  -3.3052196307107806        1.4931418187916279        1.4436500612646341                0
   2.9056502180173993       0.19787496421486139        2.0093563129194081                0
  -1.9340785336680710       -2.2454060055315495       -2.5585865974426270                0
  -3.4855259303003550        1.4078431855887175       -2.7051355503499508                0
  -2.5686078844591975        1.0789511492475867       0.59088016627356410                2
   1.3675055443309247        2.7052103495225310       0.85196263855323195                3
   3.5456669842824340        2.9784445324912667      -0.24398085195571184                0
  -1.8671573186293244       0.41009053820744157       0.18732491647824645                2
   3.4162283898331225        1.4456435688771307        2.4971293332055211                0
  -4.3027399759739637       -1.1874953866936266       -1.9964424124918878                0
  -2.5102476007305086       0.23543591843917966      -0.44430489419028163                2
  0.84454397670924664       0.19623351283371449        1.0508893895894289                2
 -0.52728593116626143       -3.0688195070251822        3.1749199307523668                0
  -1.1438110494054854        1.3243925292044878      -0.94371371204033494                2
   4.2575895925983787        1.6002690978348255        6.7256570328027010E-002           0
  0.34549236064776778       -4.1229488817043602        1.4524968247860670                0
   1.3435313315130770       -2.5743204005993903        4.0216028131544590                0
  0.86472830502316356       -2.0826658909209073       0.11114093009382486                2
   2.4864985537715256        2.6963201048783958       0.80054550664499402                0
   2.1192398830316961        2.6838508038781583        3.2658841763623059                0
 -0.70588876726105809        2.2286479966714978        2.4666740139946342                3
  -4.2505963542498648        1.9576438772492111        8.0034148413687944E-002           0
  -1.8512073764577508       -4.4787844037637115      -0.72734837653115392                0
  -4.3238275684416294E-002   2.9254296771250665        3.8898956449702382                0
  -1.8729375675320625        1.7274496564641595        1.2732304143719375                3
  -1.3725844188593328        1.7981567047536373      -0.51715833833441138                2
  -1.6275946726091206       -1.3827080419287086       -4.4034708151593804                0
  -3.6590402713045478        1.3752173073589802      -0.16725573688745499                0
   1.8577388906851411      -0.23184714373201132        3.6345227342098951                0
   2.9259048844687641       0.25975094642490149        2.4896360025741160                0
  -2.8611021279357374        2.3835682799108326        1.7087541078217328                0
  -1.6145051433704793       0.75113270198926330       -4.2687636916525662                0
  0.10470800334587693        3.8490619510412216        1.7840546066872776                0
  -1.5784204867668450      -0.26336717652156949       -4.3927433923818171                0
  -3.8170321425423026       -1.8401035759598017       -1.8496386706829071                0
  0.25978828780353069        3.4761774726212025       -1.5375712979584932                0
  -6.1975263524800539E-002  -1.4134515286423266       -4.7081781527958810                0
   2.6389976684004068       -3.1420986982993782       0.72686458006501198                0
  -1.6312889684922993       0.74604230932891369       0.39448318770155311                2
  -1.6442049760371447        3.8778753182850778      -0.65040076617151499                0
   8.2373693585395813E-002   4.1468288912437856       -2.2565873968414962                0
  -1.1711150570772588      -0.26521160500124097        3.3540202653966844                3
   1.6952497791498899        1.1644808226265013        2.7970096515491605                0
   2.5267938035540283        2.2981129353865981      -0.29698642436414957                0
  -2.2206339519470930        3.6184222158044577       0.68364193895831704                0
  -4.8022883734665811      -0.25533950654789805       -1.0635252180509269                0
  -4.0434477617964149        1.2740123248659074      -0.48794747097417712                0
   2.9249097849242389       -3.0362729262560606        2.5257459096610546                0
   4.6622648672200739       -1.2003978411667049       -1.1390976002439857                0
 -0.55336096556857228      -0.73939392575994134       -4.8955473932437599                0
  -1.9946067966520786        2.3486805474385619       -2.9535933514125645                0
   2.4814204801805317       0.13010313035920262       -2.5388475158251822                3
   1.5891974512487650      -0.34899369813501835        2.7727823541499674                3
  0.60424231225624681       0.96574007999151945       -3.7276869709603488                0
  -2.0516500296071172       0.43324864469468594       -4.1346347308717668                0
  -2.2030280553735793        2.9459933633916080        1.9345492939464748                0
  0.10570924263447523       -2.1865380578674376       -3.1327821896411479                0
  -1.4558899356052279       0.15692004002630711        4.6457036165520549                0
  0.55705740582197905        4.7139030508697033        1.1681489134207368                0
  -2.0699326810427010        4.4006263557821512       0.15896440250799060                0
   2.1776595804840326       -4.1604101168923080      -0.84848918952047825                0
  0.84730462636798620        2.1379247098229825        3.0331343668513000                0
 -0.82542621996253729       -4.1778422333300114        1.5255382191389799                0
   2.0901133702136576       -2.3597070341929793        2.1656314213760197                0
  -1.3215986639261246        4.2470946675166488      -0.52407281007617712                0
  0.65359441796317697        1.2700145808048546      -0.78115588519722223                2
   4.6905393851920962       0.85147076984867454       -1.1975371511653066                0
  0.13533924706280231       0.80352731747552752       0.45765852555632591                2
   3.5726786195300519        2.7927229669876397      -0.58476970531046391                0
  -2.5891213933937252       0.50850920611992478       -2.6507027493789792                3
  -3.9414111105725169       -1.0100603965111077      -0.58944269316270947                0
  -1.9564902409911156        2.8164228447712958        1.8960292753763497                0
  -2.4543948564678431        3.8335083331912756      -0.99697818281129003                0
  -1.7918445589020848        4.0162477525882423       -2.0407326193526387                0
   1.8424913287162781E-003   1.7745319311507046       -4.0417279349640012                0
  -2.2762495139613748       -2.1490244776941836        3.2119635911658406                0
   2.1050629159435630       -4.1575238830409944      -0.21606328431516886                0
  0.50086520845070481       0.85939548909664154        4.3209702102467418                0
  0.86894842330366373        2.0742667932063341       0.15527243027463555                2
   3.1457009492442012       -1.8417143588885665       0.29324924340471625                3
   2.3882546299137175      -0.37375795422121882        1.7879172344692051                2
  -1.0009885975159705       -2.9709661751985550       -2.6881533465348184                0
  -1.9119318993762136       -3.5568375932052732       0.53605760680511594                0
  -2.4522148980759084       -1.7896888940595090        2.6563219237141311                0
   2.6061709271743894       -2.7030727895908058        3.2147559220902622                0
 -0.29357395134866238       -1.8823662656359375       -2.7522072708234191                3
  -1.4541697781533003        2.3679459374397993       -3.9809584175236523                0
   2.5041695754043758       -1.4271963061764836        3.1186093809083104                0
   1.9245439022779465       -1.1421550158411264       -1.0301384283229709                2
   2.6130873500369489       0.37617075722664595       0.20744607551023364                3
  -4.3725170637480915        1.9078408717177808       0.68260628497228026                0
  -1.7094886419363320       -1.7595405131578445        3.6009531165473163                0
   2.1298593422397971        3.6516190995462239      -0.49373867921531200                0
  -1.1974366777576506       -3.8975435425527394      -0.83724076393991709                0
 -0.87317535188049078       -2.4723718361929059       0.28797392500564456                2
 -0.54417975014075637        2.7754842210561037        3.0289178527891636                0
  -1.1720594950020313        2.5763419992290437        2.3330285260453820                0
   1.9448933470994234        1.3408641540445387       -1.0211281524971128                3
  -1.0749367391690612        2.3751584254205227       -2.9580902797169983                0
 -0.91560780303552747        2.9988906392827630       -3.7081822264008224                0
  -1.2175736180506647        2.6071922294795513       -1.0233189724385738                3
  -2.6272974419407547        2.7890908019617200       -3.1386591121554375                0
  -4.6979112992994487       0.76140835648402572       -1.5305755869485438                0
  0.97000516252592206        2.7680232375860214       0.81579309189692140                3
  -1.3031918625347316        2.7972147893160582        3.2726614107377827                0
   1.5711691230535507E-003  -6.7261604126542807E-002 -0.10399079415947199                2
  -1.1717987433075905      -0.34425859106704593       -2.5225733290426433                2
   2.8203676058910787       -2.0040803588926792       -2.4027381557971239                0
  0.99199719959869981        1.2990674725733697      -0.92045132070779800                2
  -1.1673423135653138       -4.0132458508014679        2.0217307424172759                0
   2.0688463957048953        3.3369342680089176       -2.4033834226429462                0
   4.0928016579709947       0.87239349028095603        1.3927863864228129                0
   2.4012574320659041        2.7904394688084722        1.9380961521528661                0
  -1.5031752246432006       -4.4926518481224775      -0.58402616064995527                0
  0.49992515472695231       0.37476608064025640       -2.4673373182304204                3
  -1.2310304027050734       0.15075923874974251       -3.9219225454144180                0
   3.0639748205430806       -2.2634790372103453        2.8281120955944061                0
  0.32720250077545643       -1.4241889258846641       -1.5207061567343771                2
  0.91518455417826772       0.82172177033498883        3.6373681714758277                0
  -2.6631717244163156       -1.3149016490206122       -4.0182717028073967                0
   1.7074399930424988        2.9260388249531388       0.76764660654589534                0
  -2.5528642628341913       -3.4788510273210704       0.46468967571854591                0
   2.5535165215842426       0.54828319465741515      -0.61275512678548694                2
  0.91276534600183368       0.43347350088879466       -3.3111136709339917                3
   1.9860183796845376      -0.24725392227992415        3.5094144893810153                0
   3.4251921460963786       -1.0308179445564747        2.7427350822836161                0
 -0.89789818041026592        1.9952786364592612        3.8489658921025693                0
 -0.28482063673436642      -0.92682653339579701       -4.3436140939593315                0
  -1.8534600012935698        4.0702814608812332      -0.50404511159285903                0
   2.3618397791869938        3.6969516472890973       0.39119358640164137                0
  0.75423881178721786       -3.7361066788434982E-002   4.6241856273263693                0
   1.6857628128491342        3.1358580570667982        1.4024313003756106                0
   1.4009820716455579       -3.5371124744415283       -2.3408676171675324                0
  -1.8701535882428288       0.44969388516619802        2.0112697849981487                2
   2.0427047763951123        3.5031443298794329       -1.3377597020007670                0
  -2.7309266291558743        1.7748272465541959       0.13047066750004888                2
  -2.1685513574630022       -3.4789147204719484        2.0327828219160438                0
  -2.2234630142338574       -1.1712044943124056E-002 -0.14284681063145399                2
  -1.8643625290133059       -3.4628870338201523        2.9286859300918877                0
   2.1118323109112680       0.41935345856472850        3.8839494995772839                0
 -0.16571875428780913        1.2757053901441395       -1.4289498492144048                2
  -4.7480599093250930        1.4138534921221435      -0.53806343348696828                0
  0.84430683637037873        1.3814315735362470      -0.94030624022707343                2
   1.2189157819375396        2.9231743398122489       -3.6229243851266801                0
  -2.5620833365246654      -0.99299019901081920        3.1042041070759296                0
   4.3520426657050848       0.55314817000180483      -0.64069272950291634                0
  0.30955025693401694       -1.0279011772945523       -1.9031335320323706                2
  0.77153375139459968      -0.54777065757662058       -3.4524810709990561                0
   1.9163323310203850        2.2883042925968766       -2.4880340602248907                0
  0.85849320283159614       -1.3157123583368957        2.8880237159319222                2
  -2.2763714427128434      -0.26765916962176561       -1.6796714626252651                2
  -2.9807026428170502       -2.0009269728325307      -0.19587874179705977                3
   2.1551668248139322       -1.0497690946795046        3.8548146351240575                0
   1.3904994935728610        3.7234623008407652        1.1964875552803278                0
 -0.42826805962249637      -0.90939242858439684        1.7345259757712483                2
  -4.0786992944777012       -2.0111588598228991       0.71137415245175362                0
  -3.4468258195556700       -1.8801048188470304       -8.6214935872703791E-002           0
 -0.47640208620578051       -1.5315057709813118        1.2471273797564209                2
   1.1189204105176032        2.4628937803208828       0.65547959879040718                3
   4.3691979302093387        1.8696962366811931       -1.1059324047528207                0
  -4.2825672775506973        1.0207814350724220        2.1004660567268729                0
  -1.0146144125610590        4.5294544962234795       0.68334972485899925                0
   2.9590593487955630       0.35769517533481121       -1.9577797502279282E-003           2
  0.99636771483346820       -1.1400534142740071        3.4160876949317753                3
  -3.9172326913103461        2.9291247716173530      -0.93936043791472912                0
  -1.4419152028858662        1.2098023528233171        1.8413391523063183                3
  -1.4375323196873069        1.7430262267589569       -3.9619598630815744                0
  -3.3104830351658165       -1.9073990499600768       -2.0376806659623981                0
   3.1228522490710020      -0.77820053789764643       -1.3647242635488510                3
  -1.5008911676704884      -0.31065762741491199      -0.98548707319423556                2
  -3.4784452011808753      -0.82045247778296471       -2.0707942498847842                0
  0.65506673185154796      -0.14286084566265345       -4.3134592054411769                0
 -0.85272980388253927        4.0033139544539154      -0.39215635973960161                0
 -0.66967337625101209       -4.6176940691657364       -1.1718412092886865                0
  -3.2402109308168292        1.4309260970912874       0.92848970321938396                3
  -2.3092233133502305       0.83889685105532408       -1.9338689232245088                2
  0.52708131261169910        2.8523612930439413        3.8471353938803077                0
  -1.9925027526915073       -3.7956153484992683       -1.0212661605328321                0
  -4.1500782035291195        2.1788741275668144       0.39706745650619268                0
 -0.46706947730854154        2.2876768023706973       -1.8623291957192123                3
  0.33452025149017572        1.9550516968593001       0.81696687499061227                2
   2.7962646167725325        4.2463508434593678E-002  0.98199012456461787                2
   1.7265096097253263       -2.3568847798742354       -2.3356010764837265                3
  -1.6741771250963211       -3.2195628876797855       0.31444759573787451                3
 -0.52012349478900433       -2.0104036317206919        3.0553650204092264                3
  -2.6266533834859729       -4.0016339300200343       -1.0858347080647945                0
 -0.78037681989371777       -1.7647333350032568       -4.1859004972502589                0
  -1.5342526254244149        3.9077742630615830        2.4503475776873529                0
   1.2038680724799633        1.7673597089014947       -2.1705546765588224                3
 -0.39897019509226084       0.61696023214608431       -2.3798861377872527                2
   2.8278011805377901       -2.4625546322204173        2.1924153272993863                0
  -1.5946308220736682       -9.1064912267029285E-002   4.0807376336306334                0
  -3.6397778918035328       -2.9233456589281559E-002  -1.2512698979116976                3
   1.9057448976673186        3.8199481554329395        1.9644384132698178                0
  -1.5680414438247681        3.3585042064078152       -2.4877896090038121                0
   2.9465514165349305      -0.30178971355780959        3.9717217441648245E-002           3
  0.58441126020625234       -1.5127414301969111      -0.52703479304909706                2
   2.9965287027880549       -2.9789260006509721       -1.8975444510579109                0
  -1.0895167058333755        1.5113208466209471       -1.5052447794005275                3
   1.7020776192657650        3.0789755890145898        1.8109910935163498                0
  0.14112300006672740      -0.63321388559415936       -9.8240934312343597E-003           2
   1.3947195722721517       -1.1898007127456367       -2.8314421093091369                3
  0.72983447695150971       -1.3237115531228483       -1.6521252202801406                2
  -2.4716634862124920       -2.2754797944799066       -2.9219470033422112                0
  -1.2798895942978561       -2.8159156162291765       -2.0411656028591096                3
  -2.0558798057027161       -1.3805750734172761       -3.6399638559669256                0
  -2.2407021583057940        1.1009877012111247      -0.93625247478485107                3
  -1.8587223486974835        1.5272792126052082      -0.74883385794237256                2
 -0.42839091969653964       -3.3263071672990918        1.8488414329476655                3
 -0.35043025622144341      -0.10306880809366703       -2.9878831421956420                2
  0.70084699429571629       -3.1005413271486759        1.3999553886242211                3
  0.80040957545861602        1.2694484461098909      -0.78433634713292122                2
   3.7252287589944899        1.3271941780112684       -2.3285793722607195                0
   2.0083606196567416        2.2993023786693811        3.1819099886342883                0
   2.3338122409768403      -0.50045283976942301       -2.7523076185025275                0
 -0.44776371214538813       -1.6563214850611985      -0.55185350123792887                2
  -1.9479093910194933       -2.4236714653670788       0.23548367898911238                2
  -1.8761448049917817        2.4966204259544611        1.9765632902272046                0
  -2.4099796940572560       -1.4589532697573304        1.3527589454315603                3
  -1.1577449413016438        1.8238706770353019        3.4503887407481670                0
   2.3994804034009576       -2.1386288781650364       -2.9869823786430061                0
 -0.75369073776528239        4.2559432680718601        2.1777401259168983                0
   1.5158099471591413        1.8578602839261293       -1.9483311404474080                3
  0.78586957883089781        1.7805577185936272       -1.1289860401302576                2
   3.8350369990803301       -1.6929141618311405        1.8559182505123317                0
  -1.1865053651854396       -1.1614634213037789       -4.3000087956897914                0
  0.61171035282313824        2.8189279627986252        3.0007361457683146                0
   1.4408011804334819        1.4962213952094316       -4.1899786517024040                0
  -2.5126027944497764       -6.3073360361158848E-002  -3.7339559919200838                0
   3.5106022446416318       -3.1269786786288023      -0.57636354351416230                0
  -2.3611966148018837        2.2048266534693539        1.4600430708378553                3
  0.68965770071372390       -2.1066081314347684       -1.7121098353527486                2
   4.2658667080104351       0.88863949291408062        1.8362990743480623                0
  0.85943763144314289      -0.24615370901301503      -0.19908716669306159                2
  -4.4262499408796430        1.6803670115768909        1.5637308638542891                0
  -2.4582747998647392        1.2907772953622043       -3.9582235063426197                0
 -0.40415080264210701      -0.44684619177132845        4.2911689472384751                0
  -2.7674774103797972      -0.25720327394083142       -4.3513025157153606E-002           2
   3.3267383230850101      -0.21451629931107163        2.0377422450110316                0
  -1.4787970087490976       -3.6123017501085997      -0.60344120254740119                0
  0.93495007371529937        4.2019352596253157       0.25675637880340219                0
  0.62947351485490799        2.6404087734408677        3.1406370783224702                0
   1.2631060509011149       -3.9960529445670545        1.5510693634860218                0
  0.14162939740344882       -2.2366220760159194        2.8939421125687659                3
  -1.3457542029209435      -0.34462032141163945        2.6149995252490044                3
   2.8226445731706917        1.3637570198625326        3.0540171498432755                0
   2.6926720095798373       -3.7459224998019636        1.6814158600755036                0
   1.2490321649238467        2.0064373710192740        2.4401172017678618                0
  -2.1437259553931653        3.3060016925446689        1.0262788413092494                0
   3.1728742318227887       -2.9533434216864407       -1.7146110162138939                0
   1.3964916020631790       -1.4405654976144433       -3.8891052245162427                0
   3.4379850444383919        2.2620194847695529      -0.15849742572754622                0
   2.5112819601781666        1.1677216715179384        3.0066989012993872                0
  0.86051528574898839        2.2045162809081376        3.5124523332342505                0
  0.57353656040504575        3.4009782364591956       -1.6990213585086167                0
  -1.0714691760949790       -3.7231618375517428        3.0777588486671448                0
  -1.9298817310482264      -0.34708596067503095       0.56325921555981040                2
 -0.11179110268130898       -1.9810524350032210       -1.1999238771386445                2
  -1.3401788636110723       -2.9458800400607288       0.74405177496373653                2
   1.0969171975739300       -4.0486874827183783       -2.5792904477566481                0
   1.5498492098413408      -0.14555679867044091        1.2997396779246628                2
 -0.65396884223446250        3.7338701053522527       -2.1622103359550238                0
  0.74142301687970757       -3.4157832246273756       -2.1804421534761786                0
  -3.3374078525230289        1.5112817496992648       0.47111360821872950                3
  0.15069336630403996       -1.0356432315893471        3.0448064394295216                3
   2.3320085159502923        3.2660942873917520      -0.17817030660808086                0
   1.6514211101457477       -1.9735216279514134        2.2376242675818503                3
  -3.0660322937183082      -0.62308683991432190        2.6935811107978225                0
  0.31608368968591094       -4.7486033313907683        1.2177031673491001                0
   2.1768469945527613       0.55025045992806554       -1.5740394964814186                2
  -3.1197386630810797       -1.6290888958610594       -1.9704309618100524                0
 -0.41525647277012467        1.9642447261139750      -0.25044692447409034                2
  -1.3263429771177471      -0.54372462444007397        3.6906635388731956                0
  -1.5169834042899311        1.9218433927744627       -1.9279305799864233                3
  0.40745620150119066        1.6675988328643143        3.1623224029317498                0
  -1.5751501871272922       -3.0322908307425678       -7.8744378406554461E-002           3
   1.8432712135836482      -0.79135938081890345       0.99806282902136445                2
   1.6540030203759670        3.3540240908041596        1.0159047134220600                0
 -0.16500066965818405       -3.9707969431765378       0.45113556552678347                3
  -1.4245779323391616       0.59527054661884904       0.90439030434936285                2
  -2.4603190179914236        2.9791706311516464        1.6309688612818718                0
   4.0396686876192689      -0.81865667365491390       0.18633912550285459                0
  -4.2065341863781214       0.74520082212984562       0.90781340142711997                0
  0.48332177102565765       -2.5599986570887268       -2.9827179410494864                0
  0.38069634465500712      -0.79742742236703634       -4.7008190304040909E-002           2
   3.2443744363263249       -3.3500949456356466       -1.6912775742821395                0
   1.6721409233286977       0.80615674844011664        3.6131896055303514                0
 -0.34191419370472431        3.4047873714007437       0.67105033900588751                0
   2.5191719667054713       0.56888283230364323        2.2331893513910472                3
  -1.5745061472989619       -3.4760300186462700       0.22508901776745915                3
  -3.1422363338060677       0.61616069171577692        2.9302134970203042                0
   1.9503461616113782       -3.5758039075881243        2.3693025577813387                0
  -2.9876769147813320       -1.2552955956198275       -3.7362077855505049                0
  -1.0686008003540337       -2.6152518205344677        3.5830865520983934                0
  0.39757458958774805       0.75854757102206349       0.39601521566510201                2
  0.27798880590125918        1.7874362738803029       -2.5912813353352249                3
   1.2052751146256924       -1.4044758374802768       -1.6499893902800977                2
  -4.6082109329290688       0.85594868985936046       -1.5653422847390175                0
  -4.5908622979186475       0.21500802366062999       0.40009450633078814                0
 -0.47727732453495264        2.1482087345793843        2.7534947032108903                0
 -0.24446409661322832       -1.2683905451558530        1.4932220382615924                2
  -3.2232385687530041        2.3041644459590316        1.7291020997799933                0
  -2.9943349957466125        1.8863343354314566      -0.66359703894704580                3
  -1.1506765079684556        1.9448647764511406        4.2787127592600882                0
   1.5040463046170771        3.7689791317097843        2.0391233684495091                0
   3.1660778913646936       -1.1866542068310082       -2.9030496720224619                0
 -0.26465058326721191       0.25357626145705581        1.3746193749830127                2
  -4.0448651905171573        2.6120491372421384       -1.0295030637644231                0
  -3.2888382021337748      -0.82246955484151840       -1.0050861537456512                3
  -2.8989613638259470        2.2366922488436103       -1.8052718997932971                0
  -2.2722856025211513       -3.5936714941635728       -2.3221199540421367                0
  -2.8380577499046922        2.8271358623169363      -0.43478725943714380                0
  0.86264238459989429        2.4420079216361046       -1.7115903738886118                3
  -3.3993543079122901      -0.18443634267896414        1.3050748105160892                3
  -1.1183823551982641       0.58463656110689044        4.8150243610143661                0
   2.6877006096765399        2.8005118761211634       -2.9861058713868260                0
   2.4187894887290895      -0.26404382195323706        4.2552909837104380                0
   2.6446605823002756      -0.29191574780270457       0.62638650648295879                3
   1.2647623312659562       -7.8369397670030594E-003  -2.5662802206352353                3
   3.3880218211561441        1.2407882884144783       0.32882319996133447                0
   1.4154384238645434      -0.47409579157829285       0.99978552665561438                2
  -2.2282613394781947       -1.8435661098919809        3.7286232458427548                0
  -1.1070461734198034       -1.9701253087259829      -0.32960233744233847                2
  -2.5399352470412850        1.8737412919290364        1.0312542738392949                3
  -1.2154635041952133      -0.58368836762383580      -0.36135713569819927                2
   3.8434355519711971        2.2793064336292446        1.2065739324316382                0
 -0.53924004547297955       -2.4354033591225743        4.3122118501923978                0
  -1.1338439001701772        3.6193161970004439       -1.0135212843306363                0
   1.4808509312570095       -4.4539892626926303       0.55135569768026471                0
   3.0885806283913553      -0.11599299963563681        3.6757894093170762                0
   3.1526330346241593      -0.64772105310112238       0.92852702597156167                3
 -0.80727800726890564        3.7121836980804801       -2.0192360784858465                0
  -1.2921783071942627       -3.3581988140940666       -1.6659284359775484                0
  -1.6107159946113825      -0.24745025904849172      -0.41927804239094257                2
  -4.4451162358745933       0.13399092480540276      -0.80075914971530437                0
  -4.2230028193444014E-002 -0.25536754401400685        2.2301905392669141                2
  -3.1941453274339437       -2.2290866728872061       -2.2905610408633947                0
   3.0115191126242280        1.3806627155281603       0.43470971751958132                0
  -1.4084837608970702        1.8795813550241292        1.7176203872077167                2
   2.6550781656987965       -1.4269813196733594       -2.6567764813080430                0
  -2.6116531318984926      -0.71393156656995416        2.8807126311585307                0
  -1.9718686747364700      -0.24597548181191087       -1.8802437535487115                2
  -1.6227134573273361      -0.19604753702878952       -1.1726479930803180                2
  -1.7996498220600188        1.1792144388891757       -1.3122073747217655                3
 -0.53279501385986805       0.70957565912976861       -3.3547071414068341                3
   2.8446850902400911       -1.2680286704562604       -1.0467846947722137                3
  -1.2739666528068483       -2.9781569121405482       -3.7898942176252604                0
   2.5021188496612012       -3.7761521292850375       0.59974019182845950                0
  -2.4911048891954124        2.6697251596488059        3.3548869960941374                0
  0.50542893353849649       -2.0649175741709769      -0.26390591403469443                2
  -3.4587003733031452       -8.5187405347824097E-002   3.2661479455418885                0
 -0.42493808548897505       -2.3726370814256370        2.1662379312328994                3
   1.4862367231398821      -0.50352693768218160        1.4481303794309497                2
  -1.9401752878911793       -2.7611200977116823       -2.6138177211396396                0
  0.76802874449640512       -3.9634266938082874        1.6039928700774908                0
  -2.0416133711114526        2.9888355545699596        1.1454824707470834                0
   1.1335560656152666      -0.48554692184552550        3.6988709284923971                0
   1.4026030455715954       0.80809498438611627        4.4995469972491264                0
   3.2327980012632906        1.2565506948158145        1.9545201584696770                0
  -1.1318460712209344      -0.69937183521687984        3.4251274960115552                0
  -1.3672441174276173        1.0730254068039358       0.91324717039242387                2
   1.0760115925222635       -2.0104358880780637       -1.8878410221077502                2
   1.5563812921755016      -0.70169961312785745      -0.98579913144931197                2
   1.7050121049396694       0.32428733073174953        4.0375987812876701                0
  0.47049032058566809       -2.4842894985340536        3.2724783895537257                0
  0.86145949317142367        2.4740794301033020        2.3610459966585040                0
   2.8451897366903722      -0.36039673956111073       0.21708907559514046                2
   3.3542025997303426        2.4299956858158112       -1.8899270822294056                0
  0.47581853112205863       -4.5223843585699797       -1.0964297619648278                0
   3.2778139156289399        1.5830885781906545       0.49923605751246214                0
  -3.3139489614404738      -0.15329693444073200        1.0799670754931867                3
   3.4697190904989839        2.6467929244972765       -2.3590231803245842                0
   2.8627776145003736        1.2207863316871226       0.83473112666979432                3
 -0.70066187763586640       0.70256924955174327        3.8316822005435824                0
   1.6018991125747561      -0.18566200509667397        4.2826532176695764                0
   2.5860859593376517        3.1249971664510667       -2.1112066390924156                0
 -0.75084097450599074       0.37929412676021457      -0.11116555426269770                2
  -1.8711428740061820       -2.0926958811469376      -0.65881873946636915                2
  -2.2758287098258734      -0.66968437051400542       -2.9114553565159440                3
   1.3183235866017640      -0.51738654728978872        3.6192359402775764E-003           2
  -3.6806355719454587        1.9433040730655193       -2.4206691444851458                0
   1.9308540620841086      -0.60123694362118840       0.49682047916576266                2
   2.5559618510305882        2.5383954937569797        2.3335792194120586                0
  -2.2808122565038502        2.3639283608645201E-002  -1.1083148000761867                2
 -0.74626314220950007      -0.34460622584447265        1.7576210177503526                2
  0.24484735447913408      -0.88905343320220709       0.41055407375097275                2
   1.2075594207271934        1.5026796027086675       -3.0464035714976490                0
   2.3106960882432759        2.7316980878822505        3.2447175169363618                0
   1.9809621805325150       -3.0185463302768767      -0.89975630631670356                3
 -0.70254470687359571       -1.3020398234948516       -2.2498405375517905                2
  -1.8332967069000006        2.4438819778151810       -5.3958331700414419E-002           3
  -1.1351413442753255        3.9683532505296171       -1.8299894733354449                0
 -0.62326343730092049        1.7220890312455595      -0.42675519594922662                2
  -1.5921761794015765      -0.91859477106481791        2.6286165369674563                3
   2.9039289918728173        4.9368685577064753E-002  -2.2278541186824441                0
  0.13861387502402067        2.7692662109620869        1.5193320089019835                3
   2.6112088537774980       0.67072823410853744       -1.0120005812495947                2
   7.8252286184579134E-002 -0.44672267278656363       0.55623505963012576                2
 -0.76487222220748663        2.2974572540260851       -1.4454259769991040                3
  -2.4108831235207617      -0.49169980455189943       0.56691844714805484                2
   1.4361256058327854       0.89541463414207101        4.1780806728638709                0
  0.73040786664932966        2.9460473218932748        1.9924422679468989                0
   1.9318547332659364        1.1626850324682891       -1.7642112588509917                3
  -2.0574364461936057       0.49944453639909625       0.36231175297871232                2
   3.3186073740944266       -2.0895371609367430        1.5966765512712300                0
  -1.1319799581542611        2.9291221685707569       -3.2695504231378436                0
   1.4928090688772500      -0.65300979418680072       0.98712677136063576                2
   3.5008424171246588        1.8608834827318788       -2.6404263242147863                0
 -0.69703949149698019        1.8416874972172081       -2.9316898598335683                3
  -3.2090808358043432       -1.9946875795722008       -3.2243786938488483                0
  -1.5114270383492112       0.16962843714281917       -1.1208429327234626                2
   3.6556754331104457        1.0883855167776346       -1.6914311936125159                0
 -0.13577253790572286       0.38788777077570558        3.1088846712373197                3
   2.3583900183439255       -1.6411306941881776       -3.8349865190684795                0
   1.8593424349091947        1.6321670729666948       -2.9723181552253664                0
  0.64563280902802944       -3.8008228666149080       -2.7754732198081911                0
  -1.3308378448709846       -1.2538978387601674        2.4017139314673841                3
 -0.54930320475250483        1.1089071654714644       -1.6924064559862018                2
   3.7497250805608928      -0.87148971622809768        1.7585464427247643                0
   4.3046017782762647       0.83507867529988289      -0.85281535284593701                0
  -3.3779944665730000       -1.3367489562369883        3.1112040323205292                0
  -2.1833452815189958        3.1319243717007339        3.0368842789903283                0
 -0.87900441838428378       -1.3942337036132812        2.9687451920472085                3
  -1.4860126492567360        2.7928088884800673        9.8724474664777517E-002           3
  -1.0687980591319501        2.5164246628992260       -3.7901277886703610                0
  0.36117568612098694        4.2855093698017299       0.46522689051926136                0
  0.84110336843878031       -1.6931913956068456      -0.61888338532298803                2
   1.5052450494840741       0.38115398027002811       -2.9269139259122312                0
 -0.96509355120360851      -0.63383021857589483       0.64250941621139646                2
  -3.6775307473726571       -2.6441295514814556       0.77867580810561776                0
 -0.36627191351726651       -1.0011152294464409       -3.5597304836846888                0
  -1.8951756251044571       -3.7533018179237843       -1.9792172755114734                0
  0.89812187943607569       -1.2335278559476137        3.3577889273874462                3
   3.1682252325117588        1.2036534841172397      -0.28167072916403413                0
   1.4967337623238564      -0.97645046887919307        3.7876155762933195                0
  -3.2751596858724952        2.7666556509211659        2.3878786410205066                0
  -2.4719809135422111       0.40015540085732937       0.50649242708459496                2
   3.2517297379672527        2.3180963518097997       -2.1441544732078910                0
  -1.8778587435372174       -2.8241045679897070        3.5028907144442201                0
  0.20639482187107205        1.1171846021898091        1.8506979267112911                2
  -1.1526356521062553        2.6972689898684621        1.4484633225947618                3
  -1.7118198261596262       -1.7284446489065886       -2.2372340410947800                3
  -1.5418345225043595        4.4662954052910209       0.27692273724824190                0
  0.32704499084502459       -3.2203814364038408       -2.5903831562027335                0
  -1.1856518569402397        3.9809706853702664       0.81738467793911695                0
   3.0552930594421923       0.10459243087098002        2.8411840903572738                0
  -1.1806174949742854       0.34206206910312176      -0.26877510128542781                2
   1.2661648727953434        3.6301759211346507      -0.80938493600115180                0
  -8.8063878938555717E-002   2.6776142278686166       0.82381303887814283                3
  -2.6393136940896511        2.0755849336273968       -1.4827154786325991                3
  -2.3025221144780517      -0.67461594473570585        2.9267576546408236                0
   1.9042674219235778       -1.7341018631123006       -3.4445611271075904                0
   2.8674344345927238       -2.1549886162392795       -1.3323225150816143                3
  -2.6813812297768891       -1.2623418821021914        1.9786627497524023                3
  -3.1836568797007203       0.28651177184656262        3.4055484808050096                0
  -2.9722933517768979       -1.4885597792454064      -0.18130348762497306                2
  -1.4067334914579988       -1.2983936094678938       0.99494767840951681                2
  0.20682819420471787       -4.1566084278747439       -1.2621935503557324                0
  -3.3662254409864545       -1.7175655299797654       0.11157960630953312                3
   2.5988744781352580        1.6535274730995297       -2.4957631365396082                0
  0.35586200887337327       -3.1376374745741487        1.6272992058657110                3
   4.1999254608526826       -2.3779902397654951      -0.69555530324578285                0
   1.9271412864327431       -1.4226956665515900       -4.0917807328514755                0
  -1.9324153242632747        1.6985535901039839        1.4957022829912603                3
  -1.8793907971121371        3.3097160793840885      -0.55505860829725862                3
   3.6327159754000604       -3.1905022659339011       0.24910223437473178                0
   1.8682742584496737      -0.19549413351342082      -0.52937244763597846                2
  -1.8878560187295079        6.9761325139552355E-002  -3.8775613415054977                0
   1.4183289557695389      -0.15439874259755015        3.9013917464762926                0
   3.6563056753948331       0.44124923646450043      -0.53853675024583936                0
  0.95095115946605802        4.4407579512335360        1.7610462033189833                0
   3.3876256365329027      -0.36674209171906114        1.4022186119109392                0
   3.4992373548448086E-002  -2.8523171436972916       0.78300831373780966                2
  -1.3688921486027539        2.0855313818901777        3.5675148968584836                0
   1.0570831736549735        2.3797080176882446        2.4374764133244753                0
  -2.4878430599346757       -2.9391500889323652        2.7521815826185048                0
  -2.5192943029105663      -0.80369269708171487       -2.4801037320867181                3
   3.3057748619467020        1.2783403508365154E-003   3.7327431212179363                0
  0.69050769554451108        2.1419531991705298        4.3250349792651832                0
  -3.2067552674561739E-002 -0.54130489006638527        2.6953642256557941                2
  0.28451554710045457       -2.6263883826322854       -1.7111737118102610                2
 -0.12649682583287358       -1.1287174513563514        4.5139339333400130                0
   3.0609910865314305       -2.4439304927363992        2.0415575802326202                0
   2.1081932401284575        2.0934613374993205       -2.8338500787504017                0
  0.45451060635969043        2.6586148352362216       -3.0780250160023570                0
   1.8690153956413269E-002  0.72305481880903244       -1.3994398456998169                2
  0.32855835510417819       0.52200361620634794        3.6967709567397833                0
  0.78285828465595841        4.8452860978432000       0.33570948755368590                0
   1.5110696223564446        2.4343365803360939        3.5229620360769331                0
  -3.5132298991084099       -1.6209645150229335       -7.1165035478770733E-003           3
  -2.1922386880032718       -3.6855104891583323       -2.3725656932219863                0
  -2.0768784638494253       0.12147990521043539       -2.3981057270430028                3
  -4.3787361960858107        1.5845719515345991       0.89146737242117524                0
  0.55457595968618989        1.1839393083937466        2.4413927271962166                3
  -2.3117302777245641      -0.97874632570892572        4.0474843699485064                0
   1.1328024696558714       -4.4220224814489484        1.1521924752742052                0
   6.9171050563454628E-002 -0.43017155723646283        4.4580441340804100                0
   2.5638576806522906       0.16325628617778420       -1.2935909535735846                2
  -3.4158455277793109       -2.2588043357245624       -2.6934089814312756                0
   3.1066393735818565       -3.0952291563153267E-002  -3.3585048280656338                0
 -0.47815040918067098        2.6582919526845217E-002  -2.1768673928454518                2
  -2.0502402912825346E-002   2.6477657048963010       0.30954344430938363                3
   2.2208780609071255        3.3038167376071215        1.6474042134359479                0
  -3.8384752161800861       -1.3618003157898784        1.7179866880178452                0
  -1.1960050533525646       -2.2146906889975071        1.6687220381572843                3
   1.7683031596243382       -1.1781713808886707       0.61155562056228518                2
   2.1958595793694258      -0.22749542491510510       0.49798641353845596                2
  0.69402058608829975        1.5578455221839249       0.28709721984341741                2
  -3.5660124523565173       -2.1003101114183664       -2.6889567170292139                0
  -1.0070284991525114        1.9674625596962869        4.3522797245532274                0
 -0.54643859853968024       -4.4207968749105930      -0.77676584478467703                0
  -1.3976144301705062        3.2248161383904517        1.7887256108224392E-002           0
  -1.0738766565918922       0.66941997967660427       0.39771009935066104                2
  -1.0272423666901886       -2.9331735125742853        3.6011292529292405                0
 -0.37336885696277022       0.35906384931877255       0.86742338957265019                2
   2.1081157866865396       -2.1545309200882912        1.8150130775757134                3
  -1.8132376158609986       -3.1219849688932300       -2.6221501990221441                0
  0.18527646316215396        3.5814852942712605       -2.2642474784515798                0
  0.99516499321907759       0.23021579254418612       0.39220198523253202                2
  -2.9097646032460034       -2.2387341596186161E-002 -0.77716151950880885                2
  -3.9205382345244288      -0.62608826206997037        2.4515469372272491                0
  -1.9616800197400153       0.31805065926164389        1.4106098259799182                2
   2.7178198867477477        1.5594136575236917       0.90426170499995351                3
   2.8159013180993497       -3.5400501405820251        1.8169374647550285                0
   3.6001857835799456        3.2209377968683839      -0.67100656684488058                0
  0.59575331397354603      -0.65645035123452544        2.8637469932436943                3
   1.0055968794040382       -3.9661215408705175       -3.3363385591655970E-002           3
  -2.0423349086195230       -4.2465315107256174       -1.4254520251415670                0
  -2.7268961118534207       -3.1788928341120481        2.5658519915305078                0
  -2.3093447857536376      -0.84034657338634133        3.2978547713719308                0
   3.3723606984131038       -2.5973036722280085       -1.5884776017628610                0
   3.4915402182377875       0.30394806526601315        2.3475663969293237                0
  -2.9519244050607085       -2.3125199950300157       -2.1447129547595978                0
   1.5383482701145113       0.88632055325433612       -1.5736916102468967                3
   2.9746125102974474       0.93308229930698872       -2.6521272840909660                0
 -0.84611069178208709        3.3990269806236029        1.5464524715207517                0
   1.2549667456187308      -0.36394675262272358        2.8957032063044608                2
  0.76859810389578342        2.8166319848969579        3.0388881266117096                0
 -0.54626635741442442      -0.38284938316792250       -2.9699519765563309                3
  -4.4768354110419750        1.4905199059285223        1.4483192167244852                0
  -3.4239987493492663        2.3170233075506985        1.9465843564830720                0
  -3.6221290216781199      -0.81139822024852037        2.6552521041594446                0
   2.3823693650774658       -2.7277970011346042      -0.11494780657812953                3
 -0.52118605701252818        2.7702864911407232        2.3653800599277020E-003           3
 -0.37705799564719200        1.7550210747867823       -2.0396661362610757                3
   2.8245495725423098      -0.62153391307219863        2.4460743321105838                0
  0.45923516852781177       -3.9654755685478449       -5.1617228891700506E-002           3
  -1.3094178424216807        2.7777012577280402        3.5741095826961100                0
   1.9271312886849046      -0.10850415332242846       -1.1092531541362405                2
   1.3592795096337795       -3.4497701330110431       -3.1437959405593574                0
  -1.3003912474960089       0.58810465969145298       -2.9709643940441310                3
  -4.2990820226259530        1.3709360291250050       -1.9251902587711811                0
  -3.3711595926433802       0.13007454806938767      -0.24064390221610665                2
 -0.33100872067734599        3.4801740362308919       -3.4220281685702503                0
   4.2247694358229637        1.3685556012205780        1.6136809135787189                0
  -1.4585613692179322        1.2193563464097679       0.57091555790975690                2
   2.1708114282228053       -2.4674531840719283       -3.2662705797702074                0
  -1.2895742943510413       0.43409002944827080       -3.9559366996400058                0
  -1.2820282368920743      -0.93587661627680063        1.0938429646193981                2
  -2.9350903257727623       0.12823369121178985       -1.5778541844338179                3
   1.2513385852798820        3.8342937757261097       -1.9004823477007449                0
   2.2614251170307398       -2.9991836636327207       0.97051352262496948                0
   2.2260339977219701       0.67612165119498968      -0.25785649195313454                2
   1.6369313630275428       -2.6289628841914237       -3.8786294963210821                0
  -4.6020464110188186       0.69939463865011930       0.45314016751945019                0
  -3.8967470265924931       0.18402457470074296        3.1201052060350776                0
 -0.75333656975999475        2.1312487870454788       0.41959681548178196                2
   2.6110975397750735        3.7685932312160730       -1.5794013906270266                0
  0.19054984441027045        3.3077754988335073       0.14260584954172373                0
  -3.6572245787829161       -2.5336646847426891      -0.95806220779195428                0
   1.1762206885032356       -1.5112134697847068       -1.1821786081418395                2
  0.35650328267365694        3.3518754574470222        3.0158984474837780                0
 -0.36481167189776897       -2.6382582518272102       -1.7979836603626609                3
 -0.11346880113705993       -4.1820835438556969        2.3497186368331313                0
  -2.0766288018785417       -3.6931366822682321       -2.2058811248280108                0
  0.72441318305209279        4.1128360619768500        1.5713358134962618                0
 -0.95834117615595460       -1.4200851367786527        3.2740839896723628                3
   1.7231193976476789       -2.3883127863518894      -0.11668773135170341                2
  -2.4871206213720143       -1.6443498455919325        1.6282613109797239                3
   1.5374374715611339        2.5968232774175704       -1.0208677221089602                3
   1.3649754738435149        2.7387506468221545       -1.2148279300890863                0
  -2.6889917720109224       -2.7380232769064605        1.8533450015820563                0
   3.0871805013157427       -2.7357299462892115        1.4450573013164103                0
   1.0537914931774139E-003  -3.4733795630745590        2.1959321713075042                0
 -0.11272555915638804       -3.6750164558179677       -1.4539536857046187                0
  -2.1389856818132102        2.1847562259063125       -3.2381976605392992                0
  -1.6860507172532380        1.0947223426774144       -4.2950470419600606                0
  -3.5966160637326539       -1.3684402150101960        2.6754954387433827                0
   3.1392729096114635       -2.4913183203898370       -1.1853124853223562                0
  -3.3724879636429250       -2.0358130545355380       -2.3515090229921043                0
  -1.4708225685171783        1.2146390997804701       -2.2057241760194302                2
  -1.3059301744215190        5.2080417517572641E-002   2.6477718749083579                3
   3.0474397353827953E-002  0.82336510764434934      -0.10653054108843207                2
 -0.97959596198052168        4.1817570570856333        1.4531734422780573                0
  -1.4100386970676482       -1.3068976229988039        3.2126090396195650                0
  0.21896255435422063       -3.1217113137245178       -3.2877122750505805                0
  -3.7757709878496826       -2.8476649452932179        1.5713788615539670                0
 -0.96881934208795428        3.9026508014649153        1.1058967350982130                0
 -0.95859995111823082        1.5050437836907804        3.2359405304305255                0
   2.1983838127925992       -2.6994623476639390       -2.3911284282803535                0
 -0.62099813716486096      -0.55847709998488426        4.7045099269598722                0
   2.3537307255901396       0.83869170863181353        2.1532863867469132                3
  -2.9031073208898306        4.3147576507180929E-002   3.9774179062806070                0
   2.7937022317200899       -2.8374653728678823       -1.4090249687433243                0
   3.9968522475101054        1.5338144474662840        1.5090402285568416                0
  -1.1007809126749635       -1.6836377582512796      -0.77310913009569049                2
 -0.16774875344708562        3.4778378112241626       -1.2562503106892109E-002           0
  0.29689687071368098       -1.4401904703117907      -0.25898561347275972                2
   2.4854964623227715      -0.91337743215262890        2.1087748184800148                3
   3.2843677047640085        1.5634819865226746E-002  -2.0404196879826486                0
  -1.2344731902703643        2.8240290493704379       -3.2027510716579854                0
   4.2666555661708117       -1.9027235824614763      -0.27649737196043134                0
  -4.2766401288099587        1.5720016905106604      -0.85984524106606841                0
  -1.6719353711232543       -2.5325959222391248       -3.0209773522801697                0
  -2.6587505475617945        2.2585318307392299        2.4892037408426404                0
   2.5023944769054651       -2.0061600068584085        3.5688570491038263                0
  -3.1665639439597726       0.59130049543455243        5.9988494031131268E-002           3
   9.4940559938549995E-003 -0.18409100128337741        3.3483857265673578                3
   2.7334486134350300       -1.4023553882725537        1.4954398106783628                3
  -2.1275205770507455        1.6407337062992156        3.8777727959677577                0
   1.8115132441744208        3.8026380771771073        1.4787931065075099                0
   2.4467811337672174      -0.12570748571306467       -1.8884116970002651                3
  -3.8565387949347496       -1.0888114455156028       -2.5593140558339655                0
  -1.3069580984301865       -2.6509187184274197        1.8129662913270295                3
   4.0987717406824231        2.5318488129414618       0.97155641065910459                0
  0.57700218399986625       -2.9893536749295890        3.3094771089963615                0
  -9.9345885682851076E-002   3.0538315116427839        2.1199706429615617                0
   2.1433467324823141        2.8355188225395977        2.2166015557013452                0
  -3.7152927555143833        1.7547825630754232      -0.66451175371184945                0
  -1.5853175194934011       -1.5769019187428057       -3.2789724762551486                0
  0.99255504785105586       -2.2339406888931990       -2.2407724312506616                2
  -1.7503697169013321      -0.60053150635212660       0.59336202219128609                2
   4.8084701877087355        1.1480390094220638E-002 -0.45410497346892953                0
 -0.34067231463268399       -3.3271743869408965       -2.4730115663260221                0
  -3.0400543054565787        3.6969962576404214      -0.97129453206434846                0
   3.8334792340174317       0.22635472472757101       -3.0411283974535763                0
  -2.8143968502990901        3.4788915561512113       -1.2640742561779916                0
  0.51418015733361244       -3.3647671993821859      -0.27210503816604614                3
 -0.57454522233456373        2.4388680025003850        4.2786728567443788                0
  -3.0642600683495402        2.4351317225955427       -2.7467295806854963                0
 -0.61747270170599222       -1.1265371600165963       -2.2746675927191973                2
  -1.7698050313629210        3.6207767389714718       0.43683799915015697                0
  -4.6303500421345234E-002  -3.0070050759240985        1.8007474066689610                3
  0.26557733304798603        1.1583848786540329       0.31206641811877489                2
   1.5039605461061001       0.35000880248844624      -0.55572534678503871                2
   1.8896908895112574       -3.1397027103230357        1.4063028618693352                0
  -2.9499791213311255       -2.0175924850627780       0.62663850840181112                3
   1.4788538985885680       -1.5609526797197759      -0.76982415514066815                2
  -1.0784238041378558       -1.3825765368528664       -3.6890930798836052                0
 -0.17607519868761301       -3.9086780231446028        2.1607621456496418                0
   1.1256328690797091      -0.66277915146201849      -0.82002969225868583                2
 -0.23485636105760932       -3.4262147289700806        1.9330158806405962                0
  -2.7302907686680555      -0.51213864469900727       -3.5121922194957733                0
  -1.8413913855329156       -2.7428411017172039       -2.7560416772030294                0
  0.24401884991675615       -1.9609037693589926        1.4931386895477772                2
   2.9729231912642717       -3.4841564856469631       0.24120312882587314                0
   2.9115899233147502        2.6009315205737948      -0.72208903729915619                0
  0.62541296007111669       -3.2027325197122991       -3.0828660330735147                0
  -1.0419258731417358        3.6834406061097980        3.0750546441413462                0
  -3.2308653159998357      -0.80170366447418928       -2.8952400735579431                0
  -6.5453771967440844E-002 -0.87172913365066051       -3.9098393311724067                0
   3.3772944961674511        2.0514237671159208       -1.9836993864737451                0
  -2.6527369813993573        2.1015093405731022       0.34526372095569968                3
 -0.48224559286609292       0.37439625710248947        3.8631563028320670                0
   1.6580970492213964        1.1759973200969398       -4.0846220334060490                0
  -2.7344205579720438        2.9059162852354348       -2.8694916237145662                0
 -0.12119545135647058        2.4788749404251575        3.8472628896124661                0
 -0.45565395383164287        3.5223659640178084       0.83346249070018530                0
  -1.3999626762233675       -1.7364311125129461       -3.4695374127477407                0
  -8.2166672218590975E-002  -2.2206544457003474      -0.25422692531719804                2
   2.7462352160364389       -2.9739038692787290        1.0858267778530717                0
   2.9507334716618061        3.5425286833196878      -0.52408116403967142                0
   4.9008919112384319       0.24971939157694578      -0.83565432112663984                0
  -3.9295735280029476        1.6296510258689523       -1.0706354281865060                0
  -1.5328781283460557       -1.1388914776034653       0.56691428646445274                2
  0.88652555597946048        3.9286362659186125      -0.33616270637139678                0
  0.37851409520953894       -4.7391552873887122       0.71537511888891459                0
  0.37990859709680080       -1.1617594421841204        2.9188456642441452                3
  -4.4076216151006520       -6.1139045283198357E-002  -1.5608053025789559                0
   3.2223560265265405      -0.20008399849757552        2.4241145537234843                0
  -3.5852261330001056      -0.13291969429701567       -1.1725394451059401                3
   2.4888711259700358        3.3018924179486930       -1.5708580496720970                0
  0.71897427085787058        2.0934626716189086      -0.57911935728043318                2
  0.81182085676118731       -1.5811900608241558       -2.6627217791974545                3
  -3.0287527409382164       -2.3838483449071646        1.5194990835152566                0
  -1.8324298923835158       -2.5570778618566692       -2.6612942013889551                0
  0.58291748166084290       0.23720702156424522       -3.4590365923941135                0
   3.8083125487901270        1.3908196822740138      -0.87229409953579307                0
  0.99040944594889879        3.6938588297925889      -0.44756176415830851                0
  -3.7010361533612013       0.68243731744587421        2.9398769000545144                0
   2.1684573823586106       -1.3032777025364339        1.6241707908920944                2
   2.8793772519566119       -2.8168683731928468        1.9115259987302125                0
   3.6823590425774455       0.65941868117079139       -1.8172346916981041                0
   3.2057602284476161        1.5208884258754551       0.97157864598557353                0
   3.2797398837283254      -0.16469871625304222       -3.2610339834354818                0
  0.69001375930383801        2.0398615417070687       -2.7495899586938322                0
 -0.96550006419420242        2.4420690303668380       -4.0324195218272507                0
   3.2415108382701874        2.1437923447228968       0.96853286493569613                0
   1.6963128093630075        3.3348520379513502       -2.0287974411621690                0
   1.5837631188333035      -0.34820237196981907       -3.2905066874809563                0
   4.3949738610535860E-002  -4.9053986975923181      -0.54028963204473257                0
  -2.4447653465904295        1.1681059817783535        3.2101072161458433                0
  -4.0594067983329296       -2.1758329146541655        1.5429524402134120                0
  0.24485842557623982      -0.50953894620761275       -4.4103507045656443                0
   2.1883443719707429       -3.3023110753856599       -2.6884547108784318                0
  0.96777911996468902        2.6191789098083973        3.3177842036820948                0
  0.18478539772331715       -3.5361178475432098        3.0832909932360053                0
 -0.30969171784818172       -1.9714610255323350       -1.8692932208068669                2
  -1.4104807376861572       -1.8245258717797697       -4.2374952230602503                0
   1.5739591442979872       0.72041690349578857      -0.94616363057866693                2
   1.6718446672894061      -0.85578413680195808       -3.0674812057986856                0
  -3.0734230577945709       -1.5704217622987926       -5.6001786142587662E-002           3
 -0.56679633213207126      -0.41029755258932710        2.5530112325213850                2
 -0.86779773468151689        2.0097142807208002        3.1619010912254453                0
  -1.0208658501505852       -2.0908339554443955        4.0914962347596884                0
  0.47484437702223659        2.9199097468517721       0.56727173272520304                3
  -3.8592965737916529        1.6682003461755812      -0.78202304895967245                0
  0.88607494952157140       -1.0436688619665802        2.3267330764792860                2
 -0.34234990598633885       -3.6801778222434223        1.3293188787065446                3
 -0.36703299032524228      -0.69784262683242559       -3.5043438267894089                0
  -4.7023194679059088      -0.29780573211610317      -0.94870469765737653                0
  0.45845908112823963        1.2490461813285947       -1.9559482811018825                2
  -3.2428899966180325       0.38019786356016994        3.7862972868606448                0
  0.78391294693574309       -2.8983036195859313       -3.9108852064236999                0
  -2.6054685004055500E-002  0.87692792527377605       0.64312089467421174                2
 -0.77978282934054732       -3.3888959186151624       -3.1037012836895883                0
  -1.0799206444062293       -1.6939131869003177       -2.2361910855397582                3
  -1.0597582487389445      -0.48452773829922080      -0.95889918273314834                2
   1.9807098410092294        1.0541250999085605        3.9461462735198438                0
   3.2468584110029042      -0.23134544258937240      -0.67401712061837316                3
 -0.39126146817579865        4.4174906122498214       -1.9098315970040858                0
  -2.8328598313964903      -0.61636804603040218        3.4541674586944282                0
   6.4199098851531744E-002   2.0102021307684481        3.9806482777930796                0
   2.5736196292564273       -1.1760928574949503      -0.49450332298874855                2
   3.4653983497992158        1.3392840209417045       -1.1305711208842695                0
   2.5970822595991194        1.6108765313401818       -1.9349708477966487                0
   1.2750979769043624       -3.4569148486480117       0.47471262048929930                3
 -0.15225467039272189        1.2567825242877007      -0.72925261687487364                2
  -1.6622763755731285       0.90808676090091467        2.8770657558925450                3
  0.93525205738842487       -1.0628368309698999       -1.6615383187308908                2
 -0.27180324308574200        2.3075455054640770        1.2190355709753931                3
  -2.7965005580335855       -1.1836659559048712      -0.42775073321536183                2
   2.7606711024418473       -3.2807052554562688        1.0109053039923310                0
  -2.8531290497630835       0.21050336072221398       -2.4006891041062772                3
   1.9389304565265775      -0.33785047940909863       -1.7652494320645928                3
  -1.8599036778323352        2.0855193957686424       0.12376763857901096                2
  -1.5583664504811168       0.79134066123515368       0.34515538252890110                2
   1.7500337446108460       -3.9385259221307933        1.9285150151699781                0
   4.4117291597649455      -0.27707803761586547      -0.94082218827679753                0
 -0.28313190909102559       -9.1578660067170858E-002 -0.98239756422117352                2
 -0.86327902972698212        4.4023948395624757       0.47669282183051109                0
   3.3422695007175207        2.0872933999635279        1.8029459542594850                0
  -2.2118569281883538       -1.9775597937405109       -3.9010632596910000                0
 -0.11031857691705227        3.3557424880564213      -0.24651077343150973                0
  0.63772919122129679       -4.4974839314818382       -1.9066433794796467                0
  0.99829103564843535       0.46321319183334708       -1.0983304819092155                2
   1.2799885985441506        4.5807847450487316      -0.47008340945467353                0
   1.0426964866928756       -1.6664751968346536        4.2886711121536791                0
   2.6145269698463380        2.6523369154892862        2.1606910112313926                0
 -0.46627327101305127        1.1641298723407090        1.5671851369552314                2
   1.7354333656840026       -2.7318320632912219      -0.53602050291374326                2
  0.18268879037350416       -1.2533693620935082       -3.2180409529246390                2
   1.7365453788079321       0.12816136237233877       0.34709668718278408                2
 -0.71924995630979538       -2.7921997243538499       0.51598187768831849                2
  -1.5882561425678432        4.0526863001286983       0.49180899513885379                0
  -2.5985429133288562        2.4631136353127658        3.3801770093850791                0
 -0.48768288921564817        1.7312020203098655       -2.9222274245694280                3
 -0.65550195751711726        3.8207568391226232      -0.87371422443538904                0
   1.6124448855407536        1.0779430833645165        4.2365687596611679                0
  -1.0458558495156467       -3.0576917994767427       -2.3361147404648364                0
  -1.4394195051863790       -3.1075462372973561      -0.55231580510735512                3
  0.61089059570804238      -0.26140726637095213        1.9413801981136203                2
  -1.8563898187130690        3.9274896448478103       0.58185194851830602                0
 -0.22417606087401509       0.98969995975494385        3.3529032277874649                0
  -4.5473751518875360        1.7989090969786048       0.80404898850247264                0
  0.72237570770084858       -2.0960780186578631       -1.6580285085365176                2
   2.6354446914047003       -1.7967264400795102       0.35822740755975246                3
  -2.5127176288515329      -0.45866132946684957       0.21821445086970925                2
   1.6098426957614720        8.1317604053765535E-002  -3.3266665157862008                0
  -2.9508067527785897      -0.89155666064471006        2.2010594862513244                0
  -1.3566098315641284        9.6476364415138960E-002  -1.4408381539396942                2
  -2.1644100616686046       -1.7834899527952075        1.4909158041700721                3
   3.3179721632041037        2.9368070932105184        1.7106337961740792                0
   2.0855350140482187       -2.9215261270292103       0.12089926516637206                3
 -0.65823364770039916      -0.56483639869838953      -0.86788086453452706                2
   1.9177299668081105       0.98454626975581050      -0.71430381387472153                3
   1.7364057595841587       -1.7225893097929657        2.1674838126637042                3
   1.8127633584663272        1.5132260811515152       -4.2631935817189515                0
  -2.4411167018115520       -4.0324766281992197       -1.0192828415893018                0
  0.84863821743056178       -2.0583439827896655       -2.8137108287774026                3
   1.5420070779509842        4.0424960060045123       0.43791562085971236                0
  -2.1422948129475117        4.3283884017728269       -1.4290572144091129E-002           0
  0.75067135039716959       -4.2368578864261508       -2.0447576395235956                0
   3.2712559774518013      -0.16578312963247299       -2.1734117693267763                0
   1.6869250289164484       -2.9448222951032221        1.8088098429143429                0
  -1.6291169077157974        2.2853072336874902       -3.7666796869598329                0
  -3.9910912164486945        1.7375050368718803        2.2596549941226840                0
   2.2509018564596772        1.0552923427894711       -2.5383300590328872                0
  -2.6737872790545225      -0.31961527187377214        3.4126887586899102                0
   9.5288245938718319E-002   2.5291281822137535       0.53746095160022378                3
   2.8162497817538679        1.9060407113283873      -0.26427821721881628                0
  0.27334550395607948        2.4817840289324522       -4.1814843029715121                0
  -4.0587299666367471        1.5920569305308163       0.89165553217753768                0
  -4.0839454950764775        2.2291694767773151E-003 -0.60149163007736206                0
  -2.0244372170418501      -0.15796484891325235        9.6703411545604467E-002           2
 -0.41077741654589772        1.0027370695024729       -2.3407022887840867                3
   1.0837517958134413      -0.67854038905352354      -0.64363570651039481                2
  0.62403211602941155       -3.6592360865324736        2.1484110527671874                0
  -1.1014075879938900       -4.4303047261200845      -0.60489400988444686                0
  -1.8199754017405212      -0.31556714326143265        3.2705639488995075                0
   1.1479292833246291        3.2787827425636351        2.2247521718963981                0
 -0.68508952856063843        4.4521303474903107        1.1418219166807830                0
   2.3412301414646208        1.8221994186751544       -1.3467951561324298                3
  -2.4651678185909986       -2.3456626245751977       -2.9008747939951718                0
   1.7886307043954730      -0.44641982065513730      -0.58397425105795264                2
  -3.6920896195806563        2.6163594587706029       0.34344108775258064                0
   8.2218060269951820E-002   4.3759748991578817       -2.2482303669676185                0
  0.91556011233478785      -0.20910428138449788       -4.0378716960549355                0
  -1.8099538097158074      -0.62563752755522728        4.3292538379319012                0
 -0.15367328189313412        1.4219448156654835      -0.74079759418964386                2
  -1.6145628690719604      -0.43237190227955580        3.4705321420915425                0
  -7.0666475221514702E-002  -2.8441988653503358       -1.8062846106477082                3
  0.75456720078364015       -2.5930713908746839       -2.9233586974442005E-003           2
 -0.85837722290307283       -3.6037213727831841        2.2217729478143156                0
 -0.75469147646799684        3.7157874228432775      -0.30280453851446509                0
  0.30076493509113789       0.41616823757067323      -0.12650339165702462                2
  -2.1656413841992617       0.86233410751447082      -0.39283620193600655                2
 -0.71436966303735971        2.3145865090191364       -3.5019359621219337                0
  -3.7788728578016162      -0.70610043359920382       0.45298051554709673                0
   1.3757508154958487        1.3417688640765846       0.95425863983109593                2
 -0.22861801087856293       0.34902568440884352        2.4071598006412387                2
   3.2501863315701485E-002   2.5200591003522277        2.1925503341481090                0
   2.6225706585682929       -2.5621026428416371       0.92781527433544397                0
  0.33912191865965724       -2.3281194060109556        2.4441435304470360                3
   1.8047496001236141        2.2271541203372180       -2.7584164938889444                0
  -4.3506126897409558        1.8692697025835514        1.4956310787238181                0
  -2.2211143071763217      -0.81313664326444268        2.5630174996331334                3
   3.2525064260698855       -3.2464846340008080        1.5893420507200062                0
  -1.8996574892662466        4.3905551079660654      -0.11710784863680601                0
  -2.1412270748987794      -0.64965788275003433       -1.4631327008828521                2
   2.8034537960775197       -2.6309085381217301        1.0257388814352453                0
   4.4704439025372267       0.83730274345725775       0.54998358711600304                0
   2.5669818348251283      -0.44164648279547691        1.8444829666987062                3
  -4.0295487269759178E-003  -3.1478108232840896       0.10578255867585540                2
   1.5795830381102860       -2.8622022643685341       -3.6583423754200339                0
  -1.1055042594671249        1.6234382870607078        9.6198150422424078E-002           2
  0.71627974044531584        1.4891521888785064        2.9888866073451936                0
  -1.6541198734194040        3.2180442591197789       0.46848927158862352                0
   2.0039910427294672       -1.0346847865730524        3.5788600798696280E-002           2
   2.9653527238406241        1.4496265747584403       -3.5789483645930886                0
 -0.21198181668296456        1.4247392304241657      -0.40722451638430357                2
   1.9795114290900528       -1.7262497288174927        3.3301674714311957                0
  -1.1536571569740772        2.6428837818093598       -3.6085787229239941                0
  -1.1593141267076135       -3.0703577166423202      -0.35307695157825947                3
  0.61678048223257065       -1.3489436311647296        4.4462577113881707                0
 -0.74449823005124927       -2.9878559336066246       -1.9563216180540621                3
  -1.3273419509641826        1.4235639455728233        2.8640390210784972                0
   2.9140402073971927        1.0565613000653684       -1.3154688454233110                3
  -1.3980439701117575       -2.2605529730208218       -3.0148950451985002                0
   1.1555683636106551       -2.5393078336492181      -0.31307943630963564                2
   3.2754436531104147        2.2501691617071629       0.49279162660241127                0
 -0.47942011151462793       0.10092451702803373        4.0219119237735868                0
  0.47728541307151318        1.0799979581497610       -3.2359991595149040                3
 -0.41311308974400163       -2.9343402013182640       -3.8261887896806002                0
  -3.7331725074909627        2.8226923895999789       -1.1437281267717481                0
  -3.4535955288447440       -1.1479505663737655      -0.61741414712741971                3
  0.91490610968321562       0.23761800723150373       0.74415028095245361                2
  -1.6224944312125444       -2.1039395034313202        1.0912970686331391                2
 -0.28029577573761344        2.4817786179482937       0.51390388747677207                2
  -2.7146237739361823        2.3572711274027824       -2.7489732392132282                0
  -4.4598559779115021        1.3836735300719738      -0.33896690467372537                0
 -0.23789743194356561        4.1314686601981521        2.5555116124451160                0
 -0.96594761125743389        3.5822478798218071        2.6851037028245628                0
  -1.0288775945082307       -1.3113671890459955      -0.84764979081228375                2
   2.8357034572400153        3.7521907803602517      -0.39931494509801269                0
   1.3611482689157128      -0.13876213692128658       -3.4016576083377004                0
  -2.4605455994606018        3.8478794391267002      -0.82699233433231711                0
   1.0336116515100002        1.0932685714215040       -3.9666219823993742                0
  0.24897473165765405       -4.0214998321607709       -2.3535094805993140                0
   2.6537731476128101       0.26917938841506839        3.9943577372469008                0
  -1.0115312971174717       -1.6978995525278151       -1.0112869041040540                2
   3.9495358429849148        6.5868408419191837E-002   1.0217043571174145                0
  -1.9875894905999303       -1.9802545593120158      -0.56515683652833104                2
  0.55656285025179386       -3.3515585260465741        1.9181055319495499                0
   3.7383272824808955       -1.1798167135566473       -1.2106035905890167                0
 -0.20926924888044596       -2.8475813870318234       -3.3955650846473873                0
   4.7291788295842707       0.26344994781538844        1.4125856198370457                0
  0.13940152246505022       -3.0160705093294382        2.3053273186087608                0
   1.8540893611498177       0.13930999673902988        1.9692623242735863                3
  -2.4611227004788816       -1.7568997503258288        1.5977710695005953                3
  0.41560069890692830        3.4761386108584702       0.10404829168692231                0
  -1.8643897771835327        2.0970361470244825       -3.6807965626940131                0
  0.58267232496291399        1.2196877412497997        3.6087557626888156                0
  -2.2835675976239145       -1.1652569426223636        3.1379749998450279E-004           2
  -1.5621890197508037      -0.61821206472814083       -2.4037217465229332                2
  -1.3671179465018213       0.60238488018512726       -3.7104062386788428                0
   2.3253746656700969        1.8280068901367486       -1.4357854425907135                0
   1.9708234979771078       -2.2855163947679102       -2.5412765750661492                0
   3.0848477967083454        2.7174317603930831       0.79359839670360088                0
  -3.7934895977377892      -0.13038156786933541        1.1973944888450205                0
  -3.4906955366022885      -0.75280388118699193        3.3443772559985518                0
  -1.9323909888044000      -0.90819696197286248       -3.6119596101343632                0
   1.6357334377244115       -1.7512945248745382        1.0848774132318795                2
  -3.9029488200321794        3.0108493450097740       0.69590829778462648                0
  -1.3619862124323845       -1.0738428612239659        3.3641032455489039                0
  -2.9463612940162420       -2.6250873506069183       -1.7482691654004157                0
 -0.15582800609990954        2.9277499229647219       -2.8034699941053987                0
  -2.9002104513347149        1.7700558388605714        2.5351635762490332                0
   2.0980522152967751       -3.9277465990744531        2.2369206347502768                0
  -2.2255938290618360        2.4440425983630121        1.8899759813211858                0
  -1.6696713957935572        3.2559286244213581       -2.9447226133197546                0
  -1.9752609869465232       0.90815868694335222       -1.5284100826829672                3
  0.94751873519271612       -2.0724932872690260       0.65672900294885039                2
  -1.7412293842062354       -1.6825390863232315       -1.7877649376168847                2
  -2.4377346993423998        1.2085134699009359        2.3006265377625823                3
  -4.3801336479373276      -0.34259744687005877        1.2973096733912826                0
   4.0565172396600246       -1.4588778093457222       -1.1904471623711288                0
  0.56916361674666405        2.3977133445441723       -2.1730986912734807                3
   2.1717458800412714       -4.2790026008151472      -0.27676359051838517                0
   4.0229203621856868       0.39487296016886830       0.50084332004189491                0
   2.4564874009229243       -2.1496851183474064        2.0253803301602602                0
   4.3990233517251909       0.23045400390401483       -5.8566709049046040E-003           0
 -0.73097333312034607      -0.38528156699612737        2.8723998297937214                2
  0.60433056438341737      -0.32302879728376865       -1.9429568434134126                2
  0.24800156010314822        2.4571528262458742        1.6561494232155383                2
   2.3353119008243084        2.6456948556005955       -2.6342598558403552                0
   2.8648121654987335        1.8659321242012084       -3.5218191402964294                0
   1.1533337272703648       -2.9477808275260031       -1.8989539914764464                3
  -2.3614482861012220        9.2085087671875954E-002 -0.43134272564202547                2
   1.9826006074436009      -0.84724622545763850      -0.79210661584511399                2
   3.9791665552183986        1.4128857036121190        1.7423874582163990                0
   2.0879601989872754       -3.8871912541799247       0.69550246931612492                0
  -3.0388016067445278       -2.0440229820087552       -2.0119804725982249                0
  0.77969827456399798      -0.74145505204796791        1.0448493552394211                2
   2.0180926285684109      -0.50390738761052489      -0.26697717141360044                2
   1.8017200310714543        1.0706586996093392        3.4322663117200136                0
   4.0500388806685805      -0.26286225067451596       -1.0851688450202346                0
  -1.5263759926892817      -0.72498977417126298        2.1449438249692321                2
   1.3411294971592724        3.5396513389423490       0.82003298448398709                0
  -4.2714580451138318       0.35066802520304918        2.1149678900837898                0
  -1.8944538244977593      -0.27253776090219617        1.5260986913926899                2
  -3.6062484025023878       0.16047598794102669      -0.85602791514247656                3
   4.2132807429879904        1.0246002255007625       -1.1563047301024199E-002           0
 -0.13958217110484838      -0.75955993030220270       -3.3520617499016225                3
   1.3731410028412938       0.26250099996104836       0.82800241420045495                2
   2.3907987587153912       -1.6615980514325202        2.6734825619496405                0
  0.34670470049604774       0.71010352112352848        1.0379568440839648                2
  -1.9495914061553776        1.5509471972472966       -1.1952902912162244                2
   1.5860806545242667        1.5887118643149734        4.1760361706838012                0
  -3.2548459665849805      -0.84433323703706264       0.61739064287394285                3
  -2.3830464878119528        2.9550457745790482       0.69696020102128386                3
   1.0966760781593621        4.3449432542547584        1.1231523286551237                0
  0.65813287161290646       -2.7977330307476223        1.3725779741071165                2
  0.46748722670599818        4.2416604235768318       0.87674426147714257                0
   1.3547413982450962E-003 -0.33945538336411119       -1.9860456790775061                2
  -1.9017440942116082      -0.25544498348608613       -1.4688395429402590                2
   4.2635081708431244      -0.94475789461284876        1.3479723827913404                0
  0.12668072478845716      -0.59987982269376516        1.1306758085265756                2
  -3.9733171137049794        1.6544612753205001       0.87818647036328912                0
   4.3140525720082223        1.7384285456500947       -1.6112592327408493                0
  -7.8037416096776724E-002   1.2030352815054357       -4.0250918059609830                0
  -1.7036948725581169       -2.7667566016316414       -1.2905134353786707E-002           3
 -0.27132492512464523      -0.46556493500247598        4.5233336766250432                0
  -3.6466102534905076       -2.8041388513520360       0.21930086193606257                0
  -1.7944884998723865      -0.75592089677229524       -2.5598201202228665                3
   2.1755675715394318       0.14468980254605412       -2.3172637028619647                3
   2.0318207843229175        3.6404931452125311E-002   2.1781442430801690                2
 -0.16597473295405507       -2.5782964890822768       -1.9385635363869369                3
  -2.8792560915462673        1.8924615648575127       -2.5591191323474050                0
   2.8249174263328314       0.70876297075301409       -2.1895991661585867                0
   2.9682345525361598        1.5252608805894852       -1.7357318522408605                0
  0.96330349566414952        2.1408777148462832       -1.2938081752508879                3
  -3.9120741863735020        1.1569180525839329       0.86113041033968329                0
   2.3977491771802306       0.90166141744703054        1.7736402689479291                3
  -1.9683977682143450       0.52092527737841010       -1.9060411048121750                2
  0.61769273132085800       -1.3549012923613191        2.5738316890783608                2
   3.2306354260072112       -2.1190908201970160       -5.1594397518783808E-002           3
  -3.7697921763174236       0.72861066088080406       0.63544766511768103                0
  -3.6164774512872100       -1.5688263601623476        2.4102583504281938                0
  0.21227382589131594        1.7760590719990432      -0.94786789035424590                2
   3.0246878438629210       -3.6468196264468133        1.2103382288478315                0
  -3.1459411233663559        2.2608705749735236        2.5037998054176569                0
  -1.8778350134380162       -2.0962019846774638        2.0566755160689354                3
  -3.5881646652705967       -1.3549316488206387      -0.33655903069302440                3
   3.9660949562676251        1.8708446435630322        1.6866465704515576                0
   2.3896846594288945       0.39556162897497416      -0.25255843531340361                2
  -3.3508531423285604       -2.0884996536187828       -2.6178293209522963                0
  -1.5157232945784926      -0.85511310026049614        4.5004596048966050                0
  -1.4539816253818572       -3.9416475920006633       -2.6768485363572836                0
  -3.3457597414962947        2.5201120460405946        1.2783894967287779                0
  -1.6528511396609247       0.96447407500818372        3.0999984638765454                0
  -2.2414729301817715       -2.2993866214528680        1.7654572147876024E-002           3
   2.8794559813104570       -1.3179361587390304       0.66765235271304846                3
 -0.65765296341851354       -2.4033712549135089       -3.0727293551899493                0
 -0.95925988396629691       0.78113933326676488        1.5672787884250283                2
  -3.8588413409888744        1.5297302603721619        2.4126764922402799                0
   1.5532943862490356        2.3018753714859486       -2.6626584911718965                0
  -1.8434513709507883        4.1947228368371725      -0.96151684178039432                0
  -3.7100746948271990       -2.6570072746835649       -1.8170298775658011                0
   3.4915087046101689        2.2879699012264609        2.2205065842717886                0
   2.3594849929213524        2.4242213787510991        2.6946895802393556                0
 -0.41071939980611205       0.36328084766864777      -0.45946106547489762                2
  -1.6868304344825447       0.28520850231871009       -4.4773547281511128                0
  -1.8630760558880866       0.57040455285459757        1.8230996374040842                2
 -0.11179118650034070       -1.2586190900765359        3.9615019946359098                0
   2.0006002183072269       -2.9323556832969189        3.3313155686482787                0
  -1.2756184721365571       -1.7179139517247677       0.74182623531669378                2
  -7.9799955710768700E-003 -0.53868326358497143        2.7398200426250696                2
   1.9505539909005165       -2.1705841971561313        1.7985425866208971                3
  0.61110094422474504      -0.33055942272767425       -4.9403244117274880                0
  -2.2194778197444975       -1.4596992917358875      -0.90635211439803243                3
 -0.45097088208422065       -2.3464371962472796        3.1239753938280046                0
   1.0985963512212038        3.7205426231957972       -1.1546931788325310                0
  -1.7352367658168077       0.14263666002079844        2.3706629429943860                3
  -1.2983308243565261        4.7762130224145949      -0.49991701496765018                0
  0.73555540293455124        3.4580137068405747        3.5343453008681536                0
 -0.87117874529212713       -2.7200828958302736       -2.4899351364001632                0
   2.5031110737472773        1.6531093837693334        3.7088061845861375                0
  -2.8475750703364611        3.1331887212581933       -1.0248828609474003                0
   4.3061122647486627      -0.44533145846799016        1.8253992544487119                0
   2.6427316013723612       -3.0336735886521637       -1.8791846185922623                0
   2.5537770381197333        4.6464924234896898E-002  0.94832502538338304                3
   1.1144000198692083        3.9984869281761348       0.68472480867058039                0
   1.2084617116488516       0.95400300342589617       -3.8537249877117574                0
   4.1381350765004754       -1.2173931696452200      -0.10281010996550322                0
  -1.8218345730565488      -0.42195646092295647       0.72473272681236267                2
  -1.3960117404349148        1.6372589464299381        2.1653853985480964                3
   2.9957200679928064        1.4492712728679180       0.76828991295769811                0
 -0.98226378904655576      -0.49190184799954295       0.78906736336648464                2
  -1.1870735697448254        4.5389797794632614       -1.6979321138933301                0
  -7.0385690778493881E-002  -1.9685649429447949       -2.1037280978634953                3
   9.0062939561903477E-002  -1.6136629204265773       0.92371037928387523                2
  -1.7365528224036098       -3.2267210120335221        2.6130161713808775E-002           3
 -0.45692664803937078       -1.5931601286865771       -2.8202661569230258                3
   1.4085587114095688       -1.6730987257324159       -3.3784674154594541                0
  -1.6211723582819104      -0.39774680044502020        1.9076174753718078                2
   2.4728270014747977        1.9108988717198372       -1.3851876673288643                0
  -1.5345522435382009        1.6879644803702831      -0.12723632855340838                2
  -2.2007953445427120        2.3483008518815041        3.5469614597968757                0
   1.0167176905088127        3.2756222295574844       -1.5356083749793470                0
  0.82612994592636824       -2.2037970367819071        1.9836904807016253                2
   4.7319964994676411       0.39034673478454351       -1.3734266092069447                0
  -2.3584216483868659        1.7590795480646193        1.5819346718490124                3
   2.2071366175077856       -1.0067780292592943      -0.59283887967467308                2
   4.4606013246811926        1.5732046682387590      -0.39600262884050608                0
  -3.5548014938831329        2.5911117368377745       -2.0226472825743258                0
  -4.4351768097840250       0.21488680969923735        2.1588019328191876                0
  0.74071940965950489       -2.5573510467074811       -2.6455279323272407                3
   1.5016772761009634        1.6467194585129619       -1.3043765467591584                2
  -1.6171365580521524       -3.0055179260671139        1.6766461008228362                0
  -2.0430131256580353       0.78178446972742677       -2.1283985511399806                2
  0.17545694950968027       -4.0822370909154415       0.74376122793182731                0
   9.0261176228523254E-003  -1.9717261265031993       -1.5249188360758126                2
  -2.0360125834122300        3.6342610791325569       0.18806466367095709                0
  -1.0107583808712661        3.8776068156585097       -1.2624899880029261                0
   3.3255728753283620       -2.8748609218746424       -1.4778467826545238                0
  -1.9520083721727133        1.4471141668036580        2.8790436033159494                0
 -0.75004037236794829        1.0047238925471902        4.5218294789083302                0
  -2.1585170179605484      -0.52911791251972318       -4.2011461150832474                0
   1.8436279403977096       -2.9141847183927894        2.9566931468434632                0
   1.9810637575574219        3.1983795482665300        2.9935463028959930                0
 -0.10857348795980215       -1.1095826257951558       -2.7413881733082235                2
  -2.8161065769381821       0.27448481414467096        2.9959161626175046                0
   1.9914996880106628        3.9641067315824330        2.2570657799951732                0
  0.19296511076390743       -1.1798118008300662       -2.8024755162186921                2
  -3.0648057162761688       0.44364388799294829       -1.3886344875209033                2
  0.93724660808220506       -1.1034591565839946        2.0208596251904964E-002           2
 -0.76115882955491543        3.7469977932050824      -0.83602138096466660                0
   2.1030742977745831        2.4318614765070379       0.34551748307421803                0
  -2.5713265920057893        1.0241144034080207       -1.9710450991988182                3
   2.0136290183290839       0.30512744095176458       -1.0312148276716471                2
